{"numgrasp": 548, "translation_d": 5.563791783372061e-09, "rotation_d": 5.284587834503741e-05, "width_d": 0.0029325604431999553}