{"numgrasp": 584, "translation_d": 6.025815238266742e-09, "rotation_d": 6.286705967280929e-05, "width_d": 0.00407290055217004}