{"numgrasp": 561, "translation_d": 5.773446730531604e-09, "rotation_d": 6.310488080023204e-05, "width_d": 0.004243468298742574}