{"numgrasp": 571, "translation_d": 5.941987304574571e-09, "rotation_d": 6.242720647768857e-05, "width_d": 0.004425749462663171}