{"numgrasp": 537, "translation_d": 5.372169520092103e-09, "rotation_d": 5.754544940970324e-05, "width_d": 0.004954716456179711}