{"numgrasp": 539, "translation_d": 5.742484806405991e-09, "rotation_d": 5.829456495670468e-05, "width_d": 0.004479604841071993}