{"numgrasp": 546, "translation_d": 5.5203510486907925e-09, "rotation_d": 5.8821585929421726e-05, "width_d": 0.00422705608112554}