{"numgrasp": 538, "translation_d": 5.5203074747384024e-09, "rotation_d": 6.036379523755808e-05, "width_d": 0.004011261379379463}