{"numgrasp": 551, "translation_d": 5.453106460007681e-09, "rotation_d": 6.140721883141239e-05, "width_d": 0.0034456195400913024}