{"numgrasp": 615, "translation_d": 7.649518283383962e-09, "rotation_d": 5.345273257271753e-05, "width_d": 0.0041319407533974535}