{"numgrasp": 574, "translation_d": 5.472558834248983e-09, "rotation_d": 5.3465660971839806e-05, "width_d": 0.003095620326454952}