{"numgrasp": 573, "translation_d": 5.542943831460435e-09, "rotation_d": 5.149055017057971e-05, "width_d": 0.003617784695564848}