{"numgrasp": 472, "translation_d": 5.1022784810729845e-09, "rotation_d": 3.662863721941216e-05, "width_d": 0.005362168920076556}