{"numgrasp": 449, "translation_d": 5.022686356853404e-09, "rotation_d": 3.569379187822515e-05, "width_d": 0.005426741262979428}