{"numgrasp": 542, "translation_d": 5.20167346497184e-09, "rotation_d": 3.7147044594237396e-05, "width_d": 0.003817883602069187}