{"numgrasp": 565, "translation_d": 5.027376545716766e-09, "rotation_d": 3.760385469572935e-05, "width_d": 0.0033981981790139498}