{"numgrasp": 561, "translation_d": 5.259153389712117e-09, "rotation_d": 3.786165427690619e-05, "width_d": 0.0030787767421845747}