{"numgrasp": 568, "translation_d": 5.312923084863079e-09, "rotation_d": 3.6740980628164626e-05, "width_d": 0.003016086032445937}