{"numgrasp": 573, "translation_d": 7.995970485318285e-09, "rotation_d": 5.39668435377198e-05, "width_d": 0.004405841757979705}