{"numgrasp": 587, "translation_d": 5.290661798525834e-09, "rotation_d": 3.584713584021393e-05, "width_d": 0.0029206353488632343}