{"numgrasp": 498, "translation_d": 4.718218098719565e-09, "rotation_d": 3.819303287914674e-05, "width_d": 0.002965568828923526}