{"numgrasp": 530, "translation_d": 4.909920807585474e-09, "rotation_d": 3.514282739503412e-05, "width_d": 0.0031309989164468033}