{"numgrasp": 541, "translation_d": 5.064002444065359e-09, "rotation_d": 3.3225911457949135e-05, "width_d": 0.003573303307841808}