{"numgrasp": 506, "translation_d": 4.8708702511131e-09, "rotation_d": 3.36184414560818e-05, "width_d": 0.003950165155786851}