{"numgrasp": 498, "translation_d": 5.239697257647509e-09, "rotation_d": 3.464508435367484e-05, "width_d": 0.0044753220190866284}