{"numgrasp": 462, "translation_d": 5.2718267321252426e-09, "rotation_d": 3.598374374649987e-05, "width_d": 0.005676643475278613}