{"numgrasp": 425, "translation_d": 5.182509277264154e-09, "rotation_d": 4.2373562170030846e-05, "width_d": 0.004582661751732818}