{"numgrasp": 419, "translation_d": 5.360558790674544e-09, "rotation_d": 4.3962200089710395e-05, "width_d": 0.0036451665017447547}