{"numgrasp": 474, "translation_d": 5.306517205954068e-09, "rotation_d": 4.3449490815476597e-05, "width_d": 0.0038851387157378937}