{"numgrasp": 491, "translation_d": 5.020808666549258e-09, "rotation_d": 4.394030756514487e-05, "width_d": 0.003788103988579051}