{"numgrasp": 473, "translation_d": 5.3628208341384815e-09, "rotation_d": 4.474955459699524e-05, "width_d": 0.003228295317033661}