{"numgrasp": 492, "translation_d": 5.490436944928479e-09, "rotation_d": 4.591648063727194e-05, "width_d": 0.0031218110066351325}