{"numgrasp": 455, "translation_d": 5.0985897083029004e-09, "rotation_d": 4.9453325330166956e-05, "width_d": 0.0029414584255055064}