{"numgrasp": 451, "translation_d": 5.068815842323659e-09, "rotation_d": 5.7592034438730425e-05, "width_d": 0.003003200670932873}