{"numgrasp": 454, "translation_d": 5.2217293944783685e-09, "rotation_d": 5.540127242191423e-05, "width_d": 0.0036301063477719355}