{"numgrasp": 463, "translation_d": 5.40139125298021e-09, "rotation_d": 5.32800858492823e-05, "width_d": 0.0038378973416538114}