{"numgrasp": 451, "translation_d": 5.362766153800785e-09, "rotation_d": 5.1678683825806577e-05, "width_d": 0.004111442562589527}