{"numgrasp": 409, "translation_d": 4.804850441072933e-09, "rotation_d": 5.1032733535697145e-05, "width_d": 0.004362585889807088}