{"numgrasp": 395, "translation_d": 4.948468608602925e-09, "rotation_d": 5.6440171481579304e-05, "width_d": 0.004562410862188293}