{"numgrasp": 423, "translation_d": 5.0987654072113915e-09, "rotation_d": 5.746214208957143e-05, "width_d": 0.004380464602384883}