{"numgrasp": 415, "translation_d": 4.994670111258404e-09, "rotation_d": 5.954843471871937e-05, "width_d": 0.003959933039607382}