{"numgrasp": 410, "translation_d": 5.06474721625693e-09, "rotation_d": 5.9675166481110175e-05, "width_d": 0.0034066224236455334}