{"numgrasp": 425, "translation_d": 4.700489146472696e-09, "rotation_d": 5.990943706318963e-05, "width_d": 0.003433914351008944}