{"numgrasp": 418, "translation_d": 5.029587360557423e-09, "rotation_d": 6.010872691971443e-05, "width_d": 0.0034159363121803923}