{"numgrasp": 371, "translation_d": 5.092432130526983e-09, "rotation_d": 5.719749891620003e-05, "width_d": 0.003229282777581209}