{"numgrasp": 355, "translation_d": 5.153617817270199e-09, "rotation_d": 5.544574727411965e-05, "width_d": 0.003573817899315868}