{"numgrasp": 379, "translation_d": 4.977519025956911e-09, "rotation_d": 5.624531180547079e-05, "width_d": 0.0036785368341735432}