{"numgrasp": 378, "translation_d": 4.817673008841855e-09, "rotation_d": 5.670161649841759e-05, "width_d": 0.00401801344389122}