{"numgrasp": 391, "translation_d": 4.963509044046312e-09, "rotation_d": 5.741914988288353e-05, "width_d": 0.004100592171476271}