{"numgrasp": 397, "translation_d": 4.97764037651824e-09, "rotation_d": 5.6008599977654394e-05, "width_d": 0.005021143398734213}