{"numgrasp": 617, "translation_d": 7.555873090780641e-09, "rotation_d": 4.704799258251083e-05, "width_d": 0.0039951454817657075}