{"numgrasp": 344, "translation_d": 5.148559938134163e-09, "rotation_d": 4.546281625296991e-05, "width_d": 0.00368193848878159}