{"numgrasp": 337, "translation_d": 5.0695156894282376e-09, "rotation_d": 4.5133941501075734e-05, "width_d": 0.003418636535674395}