{"numgrasp": 360, "translation_d": 5.190963158935479e-09, "rotation_d": 4.217414945285993e-05, "width_d": 0.0033948883838094625}