{"numgrasp": 352, "translation_d": 5.0312526887975434e-09, "rotation_d": 4.4542500859841436e-05, "width_d": 0.0035834202339771336}