{"numgrasp": 364, "translation_d": 5.14499116233142e-09, "rotation_d": 4.345955303218437e-05, "width_d": 0.003918800068724459}