{"numgrasp": 355, "translation_d": 4.7734279416969015e-09, "rotation_d": 4.429586686314759e-05, "width_d": 0.0042534187940249804}