{"numgrasp": 364, "translation_d": 4.741194279381537e-09, "rotation_d": 4.5261965013897926e-05, "width_d": 0.004829773207755552}