{"numgrasp": 594, "translation_d": 7.034566443638405e-09, "rotation_d": 4.8601723460276825e-05, "width_d": 0.003737223171264779}