{"numgrasp": 549, "translation_d": 7.183969749799108e-09, "rotation_d": 5.041706978207986e-05, "width_d": 0.003593521454304684}