{"numgrasp": 477, "translation_d": 6.833440611675551e-09, "rotation_d": 5.403001296784157e-05, "width_d": 0.003643108203740862}