{"numgrasp": 542, "translation_d": 6.9310250549613175e-09, "rotation_d": 6.128503683007316e-05, "width_d": 0.0035622610021768934}