{"numgrasp": 622, "translation_d": 7.332959913685714e-09, "rotation_d": 3.918867131239833e-05, "width_d": 0.0037307916061707406}