{"numgrasp": 622, "translation_d": 7.577418744115951e-09, "rotation_d": 3.914817997045513e-05, "width_d": 0.003957589235884629}