{"numgrasp": 623, "translation_d": 7.463558150991962e-09, "rotation_d": 3.883706070677967e-05, "width_d": 0.003964689419047236}