{"numgrasp": 593, "translation_d": 7.203547000887985e-09, "rotation_d": 4.040628625293097e-05, "width_d": 0.004141467303632531}