{"numgrasp": 573, "translation_d": 6.839480121703863e-09, "rotation_d": 5.623549582731366e-05, "width_d": 0.003475725098549284}