{"numgrasp": 623, "translation_d": 7.004328319265134e-09, "rotation_d": 3.925052052698e-05, "width_d": 0.0038259527395682964}