{"numgrasp": 563, "translation_d": 6.760674943288424e-09, "rotation_d": 3.7162092864623944e-05, "width_d": 0.0034581241331185005}