{"numgrasp": 400, "translation_d": 6.605752442144195e-09, "rotation_d": 4.089404159019681e-05, "width_d": 0.003515888569847556}