{"numgrasp": 380, "translation_d": 6.150011944656651e-09, "rotation_d": 3.997897068339181e-05, "width_d": 0.003716916844074157}