{"numgrasp": 398, "translation_d": 6.494440966703353e-09, "rotation_d": 4.4801612831476267e-05, "width_d": 0.003527091435979547}