{"numgrasp": 560, "translation_d": 6.521961377452121e-09, "rotation_d": 4.369121215098975e-05, "width_d": 0.003443095343379876}