{"numgrasp": 607, "translation_d": 7.472188515410493e-09, "rotation_d": 5.574373592441367e-05, "width_d": 0.003667228500153105}