{"numgrasp": 573, "translation_d": 6.7173585188592845e-09, "rotation_d": 5.1085923613987595e-05, "width_d": 0.004224817362528758}