{"numgrasp": 590, "translation_d": 6.771890850323735e-09, "rotation_d": 5.208632493980154e-05, "width_d": 0.004359519762567794}