{"numgrasp": 559, "translation_d": 6.086806077190542e-09, "rotation_d": 6.051763279401898e-05, "width_d": 0.004755896544227258}