{"numgrasp": 556, "translation_d": 6.3269678725175436e-09, "rotation_d": 5.940898626177317e-05, "width_d": 0.0046037971044461294}