{"numgrasp": 564, "translation_d": 6.4444462930980245e-09, "rotation_d": 5.9726903589596304e-05, "width_d": 0.004436239224291643}