{"numgrasp": 558, "translation_d": 6.2241988112438864e-09, "rotation_d": 5.971873448671605e-05, "width_d": 0.004195179682046571}