{"numgrasp": 586, "translation_d": 6.314315433970667e-09, "rotation_d": 5.91682456681336e-05, "width_d": 0.004043587408863191}