{"numgrasp": 603, "translation_d": 6.399252726437964e-09, "rotation_d": 5.807385794382849e-05, "width_d": 0.0038474174141393223}