{"numgrasp": 563, "translation_d": 6.238266597177123e-09, "rotation_d": 5.7436983091006574e-05, "width_d": 0.003595483028260444}