{"numgrasp": 567, "translation_d": 6.293192173488538e-09, "rotation_d": 5.441962702657449e-05, "width_d": 0.003560172031636539}