{"numgrasp": 494, "translation_d": 6.461861219917876e-09, "rotation_d": 5.2034091530557036e-05, "width_d": 0.003190718320253152}