{"numgrasp": 505, "translation_d": 5.988581972292553e-09, "rotation_d": 5.820530239875264e-05, "width_d": 0.003241070778761381}