{"numgrasp": 535, "translation_d": 6.0117812475502724e-09, "rotation_d": 6.076757609856136e-05, "width_d": 0.0032832185716638817}