{"numgrasp": 553, "translation_d": 5.745020270973224e-09, "rotation_d": 6.239257169574773e-05, "width_d": 0.0034443807507483788}