{"numgrasp": 583, "translation_d": 5.989957982218906e-09, "rotation_d": 6.339661756048517e-05, "width_d": 0.003769774717433167}