{"numgrasp": 576, "translation_d": 5.916357087853103e-09, "rotation_d": 6.251315347058366e-05, "width_d": 0.003960510182925536}