{"numgrasp": 365, "translation_d": 5.606232272925355e-09, "rotation_d": 4.130197083912751e-05, "width_d": 0.0036471727693254737}