{"numgrasp": 389, "translation_d": 5.0033859245530184e-09, "rotation_d": 5.181410989104842e-05, "width_d": 0.004673752480646611}