{"numgrasp": 368, "translation_d": 5.3638054137340496e-09, "rotation_d": 5.315818517237714e-05, "width_d": 0.005197208753690052}