{"numgrasp": 381, "translation_d": 5.083153302334093e-09, "rotation_d": 5.2206855425248534e-05, "width_d": 0.00497446297948555}