{"numgrasp": 373, "translation_d": 5.223539066602111e-09, "rotation_d": 4.828562208825254e-05, "width_d": 0.0048821283781940285}