{"numgrasp": 377, "translation_d": 5.00282561925432e-09, "rotation_d": 4.8044697071368214e-05, "width_d": 0.004516856063915758}