{"numgrasp": 384, "translation_d": 5.310835571740409e-09, "rotation_d": 4.767358666355399e-05, "width_d": 0.004404948440988972}