{"numgrasp": 403, "translation_d": 5.160779690997245e-09, "rotation_d": 4.902459675663039e-05, "width_d": 0.004097216699696844}