{"numgrasp": 389, "translation_d": 5.218972125892749e-09, "rotation_d": 4.770520340147707e-05, "width_d": 0.004096688726939633}