{"numgrasp": 408, "translation_d": 5.360050169739592e-09, "rotation_d": 9.865333147169004e-05, "width_d": 0.00402203586976252}