{"numgrasp": 400, "translation_d": 5.511991112288165e-09, "rotation_d": 3.955616253476508e-05, "width_d": 0.0032315938351695477}