{"numgrasp": 366, "translation_d": 5.2192889134830305e-09, "rotation_d": 4.144930006965072e-05, "width_d": 0.003382076339522647}