{"numgrasp": 375, "translation_d": 5.4164636607416335e-09, "rotation_d": 4.035059817448073e-05, "width_d": 0.0035378551106970088}