{"numgrasp": 384, "translation_d": 5.1209575530571956e-09, "rotation_d": 4.308871969809529e-05, "width_d": 0.004165408539196758}