{"numgrasp": 383, "translation_d": 5.201192008115201e-09, "rotation_d": 4.301102395986331e-05, "width_d": 0.004287731686228239}