{"numgrasp": 345, "translation_d": 4.917093749568138e-09, "rotation_d": 4.188120638079104e-05, "width_d": 0.004954238425798824}