{"numgrasp": 384, "translation_d": 5.086190995412143e-09, "rotation_d": 4.207543322800992e-05, "width_d": 0.004411682433075119}