{"numgrasp": 391, "translation_d": 5.151663867060206e-09, "rotation_d": 4.1325898521149325e-05, "width_d": 0.0037969734486158315}