{"numgrasp": 401, "translation_d": 5.099979368575428e-09, "rotation_d": 4.1747574040572874e-05, "width_d": 0.003989452703556333}