{"numgrasp": 401, "translation_d": 5.33331313762999e-09, "rotation_d": 4.28334231709902e-05, "width_d": 0.0037153874849819683}