{"numgrasp": 410, "translation_d": 5.131077828933372e-09, "rotation_d": 4.334954588235775e-05, "width_d": 0.0037923279074504445}