{"numgrasp": 392, "translation_d": 5.479330651650208e-09, "rotation_d": 4.304652781019269e-05, "width_d": 0.0036876445223989686}