{"numgrasp": 384, "translation_d": 5.610245166942867e-09, "rotation_d": 4.497510795874038e-05, "width_d": 0.003212963846184694}