{"numgrasp": 404, "translation_d": 5.088543926538607e-09, "rotation_d": 5.109192142808076e-05, "width_d": 0.003815753257380964}