{"numgrasp": 401, "translation_d": 5.353864602648835e-09, "rotation_d": 4.969390151977073e-05, "width_d": 0.0037343061173981725}