{"numgrasp": 403, "translation_d": 5.038721897883234e-09, "rotation_d": 4.688499706080884e-05, "width_d": 0.0045448422491680286}