{"numgrasp": 366, "translation_d": 5.3183937548193054e-09, "rotation_d": 4.5996223957145294e-05, "width_d": 0.004055797816048334}