{"numgrasp": 361, "translation_d": 5.162639579346486e-09, "rotation_d": 4.9853589408953656e-05, "width_d": 0.004748427118162752}