{"numgrasp": 382, "translation_d": 5.947052850949624e-09, "rotation_d": 5.054311068274044e-05, "width_d": 0.005664824378318395}