{"numgrasp": 416, "translation_d": 5.54201514005378e-09, "rotation_d": 5.859579415485655e-05, "width_d": 0.0038651547580443734}