{"numgrasp": 401, "translation_d": 5.867338419534718e-09, "rotation_d": 5.650722106830842e-05, "width_d": 0.0038333886731167603}