{"numgrasp": 412, "translation_d": 5.84375819634996e-09, "rotation_d": 5.729402133709367e-05, "width_d": 0.004062061864126642}