{"numgrasp": 407, "translation_d": 5.676586659100829e-09, "rotation_d": 5.661529760483038e-05, "width_d": 0.004155641640086103}