{"numgrasp": 377, "translation_d": 5.274480396184987e-09, "rotation_d": 5.565979796948425e-05, "width_d": 0.0043350662253066625}