{"numgrasp": 364, "translation_d": 5.1836356509932685e-09, "rotation_d": 5.562623039082269e-05, "width_d": 0.0044895613129242095}