{"numgrasp": 398, "translation_d": 5.881501349544874e-09, "rotation_d": 5.012981517232611e-05, "width_d": 0.005171507563185578}