{"numgrasp": 374, "translation_d": 5.465783466766592e-09, "rotation_d": 5.742736574840829e-05, "width_d": 0.004357275215735574}