{"numgrasp": 367, "translation_d": 6.1358905147467065e-09, "rotation_d": 4.8393824141847285e-05, "width_d": 0.004248899714408882}