{"numgrasp": 386, "translation_d": 5.864402086407378e-09, "rotation_d": 5.1532404846774296e-05, "width_d": 0.004347727832268244}