{"numgrasp": 387, "translation_d": 5.761386608139136e-09, "rotation_d": 5.460160488177391e-05, "width_d": 0.004524765818389544}