{"numgrasp": 387, "translation_d": 5.6831121460279255e-09, "rotation_d": 5.565741788306972e-05, "width_d": 0.00425565781332446}