{"numgrasp": 352, "translation_d": 5.3306473286932774e-09, "rotation_d": 5.611781557167495e-05, "width_d": 0.004581907496944694}