{"numgrasp": 365, "translation_d": 5.337597566898139e-09, "rotation_d": 5.6430995011731e-05, "width_d": 0.004363793954482596}