{"numgrasp": 354, "translation_d": 5.276310917328557e-09, "rotation_d": 5.678992657846085e-05, "width_d": 0.0047114844485583165}