{"numgrasp": 347, "translation_d": 5.217514735498281e-09, "rotation_d": 5.773833230149506e-05, "width_d": 0.004748418867008951}