{"numgrasp": 366, "translation_d": 5.334624299311365e-09, "rotation_d": 5.3975154455442784e-05, "width_d": 0.005026106623337037}