{"numgrasp": 396, "translation_d": 5.757467385712144e-09, "rotation_d": 4.8799561977292675e-05, "width_d": 0.004728059990265584}