{"numgrasp": 382, "translation_d": 5.618352818356706e-09, "rotation_d": 5.2740883213654434e-05, "width_d": 0.004534273383630794}