{"numgrasp": 375, "translation_d": 5.469647856944947e-09, "rotation_d": 5.2286846149538423e-05, "width_d": 0.004608513278930108}