{"numgrasp": 370, "translation_d": 5.967961600680792e-09, "rotation_d": 5.064714702986222e-05, "width_d": 0.004575306597538265}