{"numgrasp": 364, "translation_d": 6.2415968513991175e-09, "rotation_d": 4.8838788110432006e-05, "width_d": 0.004266477947503702}