{"numgrasp": 368, "translation_d": 6.146717411572904e-09, "rotation_d": 4.757794987046599e-05, "width_d": 0.0047802520041642085}