{"numgrasp": 352, "translation_d": 6.253008131062746e-09, "rotation_d": 4.577270372146646e-05, "width_d": 0.004456678312776287}