{"numgrasp": 368, "translation_d": 5.957082795145868e-09, "rotation_d": 4.689840717003755e-05, "width_d": 0.004646953207279661}