{"numgrasp": 380, "translation_d": 5.7097750878544986e-09, "rotation_d": 4.9168192326962645e-05, "width_d": 0.0045248480560787716}