{"numgrasp": 351, "translation_d": 5.385551579196275e-09, "rotation_d": 5.060796229361914e-05, "width_d": 0.004795714569148924}