{"numgrasp": 357, "translation_d": 5.3662581396278965e-09, "rotation_d": 5.036309621271479e-05, "width_d": 0.005015466437097965}