{"numgrasp": 358, "translation_d": 6.006645066917226e-09, "rotation_d": 4.3006214645877686e-05, "width_d": 0.004129957195857162}