{"numgrasp": 364, "translation_d": 5.711455601299568e-09, "rotation_d": 4.682946615943423e-05, "width_d": 0.003926910143213328}