{"numgrasp": 366, "translation_d": 5.789736420615256e-09, "rotation_d": 4.2364239479105935e-05, "width_d": 0.003924394259805718}