{"numgrasp": 368, "translation_d": 5.8210341339097735e-09, "rotation_d": 4.1663556265895255e-05, "width_d": 0.0042023752393461405}