{"numgrasp": 379, "translation_d": 6.145518717817973e-09, "rotation_d": 4.373701437813202e-05, "width_d": 0.004295947824667152}