{"numgrasp": 378, "translation_d": 5.983485223237352e-09, "rotation_d": 4.5716444175693846e-05, "width_d": 0.00421017999068195}