{"numgrasp": 383, "translation_d": 5.646358040820412e-09, "rotation_d": 4.927320040359662e-05, "width_d": 0.004547369461948847}