{"numgrasp": 395, "translation_d": 5.689702760652703e-09, "rotation_d": 5.1053837262467006e-05, "width_d": 0.004929809118636543}