{"numgrasp": 387, "translation_d": 5.6192533020629564e-09, "rotation_d": 5.280703487668766e-05, "width_d": 0.0051868393619767545}