{"numgrasp": 384, "translation_d": 5.593394172091895e-09, "rotation_d": 5.549569143192355e-05, "width_d": 0.0057576477293697055}