{"numgrasp": 366, "translation_d": 5.748120046859874e-09, "rotation_d": 5.591068024083666e-05, "width_d": 0.005821603276665151}