{"numgrasp": 364, "translation_d": 5.590983283355523e-09, "rotation_d": 5.583614179878597e-05, "width_d": 0.005580447280094842}