{"numgrasp": 387, "translation_d": 5.816078851938876e-09, "rotation_d": 5.524764979870569e-05, "width_d": 0.0053582678828699186}