{"numgrasp": 391, "translation_d": 5.60945429544388e-09, "rotation_d": 5.476861083640911e-05, "width_d": 0.004631852597024215}