{"numgrasp": 385, "translation_d": 5.467046244764332e-09, "rotation_d": 5.409433581883254e-05, "width_d": 0.004646026932213265}