{"numgrasp": 367, "translation_d": 5.599756498410553e-09, "rotation_d": 5.3377713300003686e-05, "width_d": 0.004665296976355962}