{"numgrasp": 374, "translation_d": 5.806155029097282e-09, "rotation_d": 4.9714315933730205e-05, "width_d": 0.004317160767831401}