{"numgrasp": 367, "translation_d": 5.736151546384126e-09, "rotation_d": 5.1233477450940074e-05, "width_d": 0.003888681287059041}