{"numgrasp": 389, "translation_d": 5.4394552683378186e-09, "rotation_d": 5.584085485030709e-05, "width_d": 0.0039102716130144065}