{"numgrasp": 384, "translation_d": 5.482809212473001e-09, "rotation_d": 5.621515130424081e-05, "width_d": 0.004422269408617466}