{"numgrasp": 389, "translation_d": 5.443192875502109e-09, "rotation_d": 5.65556084402939e-05, "width_d": 0.004643231562476455}