{"numgrasp": 369, "translation_d": 5.4558661869212154e-09, "rotation_d": 5.733388195901725e-05, "width_d": 0.004905138150654227}