{"numgrasp": 358, "translation_d": 5.352229924556966e-09, "rotation_d": 5.648331253499648e-05, "width_d": 0.005449905353350257}