{"numgrasp": 377, "translation_d": 5.487427235792353e-09, "rotation_d": 5.6258812226009834e-05, "width_d": 0.004648308838763953}