{"numgrasp": 393, "translation_d": 5.232884578604791e-09, "rotation_d": 5.6475669037762606e-05, "width_d": 0.004247940886358254}