{"numgrasp": 399, "translation_d": 5.562071806773464e-09, "rotation_d": 5.7953077635633246e-05, "width_d": 0.004152059972753653}