{"numgrasp": 400, "translation_d": 5.476907262134115e-09, "rotation_d": 5.8483668505998065e-05, "width_d": 0.004220095865511524}