{"numgrasp": 416, "translation_d": 5.11527038379152e-09, "rotation_d": 5.4288603478986495e-05, "width_d": 0.004347441751661203}