{"numgrasp": 174, "translation_d": 5.778164213649248e-09, "rotation_d": 5.222766701431242e-05, "width_d": 0.0032367916944426047}