{"numgrasp": 155, "translation_d": 6.005343308900135e-09, "rotation_d": 5.08080720741812e-05, "width_d": 0.003663538016201458}