{"numgrasp": 173, "translation_d": 5.212099627879595e-09, "rotation_d": 5.1070238346298994e-05, "width_d": 0.0037178370822536755}