{"numgrasp": 161, "translation_d": 4.826500176747815e-09, "rotation_d": 5.1646925802885316e-05, "width_d": 0.0038739860861711412}