{"numgrasp": 211, "translation_d": 7.858855983704352e-09, "rotation_d": 4.8433696410326374e-05, "width_d": 0.0029213322750086526}