{"numgrasp": 165, "translation_d": 5.6228750716536164e-09, "rotation_d": 5.4080746502225585e-05, "width_d": 0.00230191710412907}