{"numgrasp": 156, "translation_d": 5.064044295433751e-09, "rotation_d": 5.322358702770755e-05, "width_d": 0.0023997588841997357}