{"numgrasp": 198, "translation_d": 5.296545948406132e-09, "rotation_d": 5.490795399481282e-05, "width_d": 0.002631357140844624}