{"numgrasp": 172, "translation_d": 5.11630535322921e-09, "rotation_d": 5.3115755637835394e-05, "width_d": 0.0025830781763569806}