{"numgrasp": 195, "translation_d": 4.795853794451076e-09, "rotation_d": 5.150545775913761e-05, "width_d": 0.0030898557545502}