{"numgrasp": 200, "translation_d": 4.695597298166693e-09, "rotation_d": 5.004468257842851e-05, "width_d": 0.0032600971763762946}