{"numgrasp": 170, "translation_d": 4.930156404440527e-09, "rotation_d": 5.614912841563299e-05, "width_d": 0.0031462604513371167}