{"numgrasp": 134, "translation_d": 4.281758198891892e-09, "rotation_d": 5.1375978950083176e-05, "width_d": 0.00441997400598614}