{"numgrasp": 114, "translation_d": 4.081659577652583e-09, "rotation_d": 5.0351308176830774e-05, "width_d": 0.0045482844742276785}