{"numgrasp": 132, "translation_d": 3.84770342264531e-09, "rotation_d": 5.052688295769655e-05, "width_d": 0.004349169675901423}