{"numgrasp": 132, "translation_d": 3.5516619391720767e-09, "rotation_d": 5.067994542395475e-05, "width_d": 0.004109806787475209}