{"numgrasp": 186, "translation_d": 4.362036106661487e-09, "rotation_d": 5.115121615945421e-05, "width_d": 0.0034049977998677258}