{"numgrasp": 176, "translation_d": 4.507366677948664e-09, "rotation_d": 4.781553090855012e-05, "width_d": 0.0028069557338001277}