{"numgrasp": 213, "translation_d": 4.085078140540078e-09, "rotation_d": 4.7257271690153656e-05, "width_d": 0.0026565679514062813}