{"numgrasp": 155, "translation_d": 4.1309229934979304e-09, "rotation_d": 4.653168323669205e-05, "width_d": 0.00322798386743194}