{"numgrasp": 173, "translation_d": 3.814617924977332e-09, "rotation_d": 4.549467533828931e-05, "width_d": 0.003952565900321433}