{"numgrasp": 144, "translation_d": 7.463498867159574e-09, "rotation_d": 4.981506133769324e-05, "width_d": 0.0033473319550110267}