{"numgrasp": 177, "translation_d": 3.703835856700096e-09, "rotation_d": 4.5846081541813755e-05, "width_d": 0.004125992032163138}