{"numgrasp": 139, "translation_d": 3.663319252413903e-09, "rotation_d": 5.0889658595310226e-05, "width_d": 0.00583882703144697}