{"numgrasp": 111, "translation_d": 3.4531738783557464e-09, "rotation_d": 5.0187988841397774e-05, "width_d": 0.005863541685857255}