{"numgrasp": 121, "translation_d": 3.614483471002473e-09, "rotation_d": 5.178698181983666e-05, "width_d": 0.006467657288089993}