{"numgrasp": 101, "translation_d": 3.687330374826068e-09, "rotation_d": 4.930519581635265e-05, "width_d": 0.005310459912542894}