{"numgrasp": 112, "translation_d": 3.695754144989884e-09, "rotation_d": 4.966180229031065e-05, "width_d": 0.00535892114852472}