{"numgrasp": 127, "translation_d": 3.7583079690336875e-09, "rotation_d": 5.035275121842961e-05, "width_d": 0.00444913107846002}