{"numgrasp": 122, "translation_d": 4.146532137609974e-09, "rotation_d": 4.697009164105422e-05, "width_d": 0.002360704999793563}