{"numgrasp": 101, "translation_d": 4.124676465949914e-09, "rotation_d": 4.87745554611591e-05, "width_d": 0.002478673203970895}