{"numgrasp": 169, "translation_d": 7.308654971484714e-09, "rotation_d": 4.667214031093476e-05, "width_d": 0.0033654292403755854}