{"numgrasp": 128, "translation_d": 3.6784869729141653e-09, "rotation_d": 5.014955164274743e-05, "width_d": 0.005338992254251785}