{"numgrasp": 108, "translation_d": 3.807510692278669e-09, "rotation_d": 4.8640538359884764e-05, "width_d": 0.0029319921266035367}