{"numgrasp": 111, "translation_d": 3.998539242734688e-09, "rotation_d": 5.261071754130233e-05, "width_d": 0.002244566040904827}