{"numgrasp": 200, "translation_d": 7.757872235197572e-09, "rotation_d": 4.844218234458664e-05, "width_d": 0.0029984465778569083}