{"numgrasp": 110, "translation_d": 3.792122623102935e-09, "rotation_d": 5.554731224010948e-05, "width_d": 0.0028021337575964713}