{"numgrasp": 198, "translation_d": 8.270414460004415e-09, "rotation_d": 4.852927068074652e-05, "width_d": 0.0030827571485037264}