{"numgrasp": 103, "translation_d": 3.5682305770537062e-09, "rotation_d": 5.586565050115748e-05, "width_d": 0.004124111360169876}