{"numgrasp": 105, "translation_d": 3.4361974203037505e-09, "rotation_d": 5.6331100765745825e-05, "width_d": 0.004273455198833115}