{"numgrasp": 108, "translation_d": 3.5412135155967215e-09, "rotation_d": 5.678211728434642e-05, "width_d": 0.003876342898766435}