{"numgrasp": 102, "translation_d": 3.793119281757605e-09, "rotation_d": 5.8008747776844634e-05, "width_d": 0.00355376759593986}