{"numgrasp": 96, "translation_d": 3.884782896808421e-09, "rotation_d": 5.728793375899181e-05, "width_d": 0.002735561297023931}