{"numgrasp": 103, "translation_d": 3.944701773185982e-09, "rotation_d": 5.755527336051023e-05, "width_d": 0.0027017869618456286}