{"numgrasp": 106, "translation_d": 3.868494917970107e-09, "rotation_d": 5.6890016499253236e-05, "width_d": 0.00257112988775228}