{"numgrasp": 88, "translation_d": 5.074555306661971e-09, "rotation_d": 4.904181175443167e-05, "width_d": 0.0032271643262969814}