{"numgrasp": 92, "translation_d": 4.734055801900237e-09, "rotation_d": 4.53024615014585e-05, "width_d": 0.0032404847060130155}