{"numgrasp": 83, "translation_d": 4.673916715753174e-09, "rotation_d": 4.5675797835441036e-05, "width_d": 0.0029373541776203794}