{"numgrasp": 210, "translation_d": 7.361321553292229e-09, "rotation_d": 4.927157006596019e-05, "width_d": 0.0025048903696066726}