{"numgrasp": 113, "translation_d": 3.747732646471546e-09, "rotation_d": 5.450843124698607e-05, "width_d": 0.00388083796768772}