{"numgrasp": 215, "translation_d": 7.320083249278641e-09, "rotation_d": 5.124806182882816e-05, "width_d": 0.0020951144539321283}