{"numgrasp": 195, "translation_d": 6.795561987589897e-09, "rotation_d": 4.879436367601825e-05, "width_d": 0.0025070810781393756}