{"numgrasp": 194, "translation_d": 7.131366504564341e-09, "rotation_d": 4.7781210766939785e-05, "width_d": 0.0026514762823939995}