{"numgrasp": 202, "translation_d": 7.433127689695458e-09, "rotation_d": 5.3243224183787804e-05, "width_d": 0.002119651440268324}