{"numgrasp": 188, "translation_d": 6.875961287419814e-09, "rotation_d": 4.736816093809341e-05, "width_d": 0.0031321470388672905}