{"numgrasp": 179, "translation_d": 7.238057934192547e-09, "rotation_d": 4.655652057299932e-05, "width_d": 0.0034734853142078534}