{"numgrasp": 192, "translation_d": 6.797832286162011e-09, "rotation_d": 4.556964185420904e-05, "width_d": 0.0029083547366523586}