{"numgrasp": 212, "translation_d": 6.4143797482629495e-09, "rotation_d": 4.488769364649898e-05, "width_d": 0.0023892106462957375}