{"numgrasp": 164, "translation_d": 6.953548288125982e-09, "rotation_d": 4.5319052145724795e-05, "width_d": 0.002309770458365378}