{"numgrasp": 192, "translation_d": 6.384485191167952e-09, "rotation_d": 4.6702456126475235e-05, "width_d": 0.0023908477202263453}