{"numgrasp": 177, "translation_d": 6.4147320130746124e-09, "rotation_d": 4.7853617090640554e-05, "width_d": 0.0027230504387626814}