{"numgrasp": 176, "translation_d": 6.595671114576758e-09, "rotation_d": 4.706948443524789e-05, "width_d": 0.00297581344697054}