{"numgrasp": 178, "translation_d": 6.435889884956239e-09, "rotation_d": 4.775465299539982e-05, "width_d": 0.003093643474921285}