{"numgrasp": 175, "translation_d": 6.414371612645885e-09, "rotation_d": 4.823086656082995e-05, "width_d": 0.00322482473390961}