{"numgrasp": 168, "translation_d": 5.982438494509257e-09, "rotation_d": 4.9602085522088445e-05, "width_d": 0.003798101522529837}