{"numgrasp": 180, "translation_d": 6.035449518571492e-09, "rotation_d": 5.037118500281175e-05, "width_d": 0.00397405146072256}