{"numgrasp": 163, "translation_d": 6.041558470304893e-09, "rotation_d": 4.9272572660126376e-05, "width_d": 0.003649174725030122}