{"numgrasp": 165, "translation_d": 5.862759331203077e-09, "rotation_d": 5.0851389363069576e-05, "width_d": 0.003546369450123901}