{"numgrasp": 179, "translation_d": 6.0521584842024e-09, "rotation_d": 5.0953111279168346e-05, "width_d": 0.0032936661743989976}