{"numgrasp": 194, "translation_d": 5.937037894901476e-09, "rotation_d": 5.582131566862886e-05, "width_d": 0.002675451079616194}