{"numgrasp": 163, "translation_d": 5.691683086470045e-09, "rotation_d": 5.2682922343536394e-05, "width_d": 0.0026055767403369142}