{"numgrasp": 168, "translation_d": 5.7866347259440535e-09, "rotation_d": 5.231642681923778e-05, "width_d": 0.002808971171069619}