{"numgrasp": 175, "translation_d": 5.731361166572402e-09, "rotation_d": 5.17396991494496e-05, "width_d": 0.0025986145391868076}