{"numgrasp": 197, "translation_d": 5.44243605489018e-09, "rotation_d": 5.3709384809001385e-05, "width_d": 0.003060885206324028}