{"numgrasp": 276, "translation_d": 5.769729016873983e-09, "rotation_d": 5.861783071758393e-05, "width_d": 0.0040664250625708186}