{"numgrasp": 273, "translation_d": 5.750292524149316e-09, "rotation_d": 6.110887134984071e-05, "width_d": 0.006502229598512595}