{"numgrasp": 254, "translation_d": 5.536388815992468e-09, "rotation_d": 2.3157902817743384e-05, "width_d": 0.002894189419976563}