{"numgrasp": 281, "translation_d": 5.992977456671836e-09, "rotation_d": 4.335235744572592e-05, "width_d": 0.004948296991956631}