{"numgrasp": 282, "translation_d": 5.743044600122845e-09, "rotation_d": 4.1822287958392354e-05, "width_d": 0.004715378180154038}