{"numgrasp": 281, "translation_d": 5.501031288651905e-09, "rotation_d": 4.6251820137968445e-05, "width_d": 0.0016887527358873773}