{"numgrasp": 290, "translation_d": 5.249900137292823e-09, "rotation_d": 2.4822950032198947e-05, "width_d": 0.0019498050603769818}