{"numgrasp": 278, "translation_d": 5.226194973726057e-09, "rotation_d": 2.4799200943238073e-05, "width_d": 0.0019039601887327056}