{"numgrasp": 289, "translation_d": 5.6847972526836775e-09, "rotation_d": 2.548496895048239e-05, "width_d": 0.0034993724322998705}