{"numgrasp": 268, "translation_d": 5.333245183082172e-09, "rotation_d": 2.542756697221518e-05, "width_d": 0.003995037029586354}