{"numgrasp": 288, "translation_d": 5.31041813735544e-09, "rotation_d": 2.6596516661835494e-05, "width_d": 0.004326942335008999}