{"numgrasp": 258, "translation_d": 4.705981357800386e-09, "rotation_d": 3.5901259627816324e-05, "width_d": 0.007322623504057409}