{"numgrasp": 267, "translation_d": 4.9608648486966624e-09, "rotation_d": 3.4723646996826767e-05, "width_d": 0.006238215146453951}