{"numgrasp": 221, "translation_d": 5.416212683046019e-09, "rotation_d": 2.658518877859969e-05, "width_d": 0.0028082540383746572}