{"numgrasp": 286, "translation_d": 5.0745015435733235e-09, "rotation_d": 3.3570820522509264e-05, "width_d": 0.005159104311462187}