{"numgrasp": 287, "translation_d": 4.739380783276287e-09, "rotation_d": 3.3085833829809255e-05, "width_d": 0.003456112020714185}