{"numgrasp": 282, "translation_d": 5.1792907788888615e-09, "rotation_d": 3.531921683589508e-05, "width_d": 0.002961107495151669}