{"numgrasp": 286, "translation_d": 5.2656737254048135e-09, "rotation_d": 4.0040136938818035e-05, "width_d": 0.0018537344622171288}