{"numgrasp": 281, "translation_d": 5.37038202580648e-09, "rotation_d": 5.8500130545160354e-05, "width_d": 0.001894011188483062}