{"numgrasp": 285, "translation_d": 5.293228117618164e-09, "rotation_d": 5.5880483773358145e-05, "width_d": 0.002113245017117428}