{"numgrasp": 286, "translation_d": 5.28936116569367e-09, "rotation_d": 5.4906974685551906e-05, "width_d": 0.00260411179899983}