{"numgrasp": 270, "translation_d": 4.964551248510132e-09, "rotation_d": 5.106428012709396e-05, "width_d": 0.0038588202472726696}