{"numgrasp": 291, "translation_d": 4.795090225823931e-09, "rotation_d": 6.47671391273551e-05, "width_d": 0.005803402873406024}