{"numgrasp": 290, "translation_d": 5.186898104883471e-09, "rotation_d": 6.499475846613225e-05, "width_d": 0.005415422400164358}