{"numgrasp": 280, "translation_d": 4.775468138765709e-09, "rotation_d": 6.455647270980522e-05, "width_d": 0.005152275319036196}