{"numgrasp": 298, "translation_d": 5.051913822920694e-09, "rotation_d": 6.399428529696837e-05, "width_d": 0.00493316910507081}