{"numgrasp": 246, "translation_d": 5.482565205383313e-09, "rotation_d": 3.5764799775186506e-05, "width_d": 0.0030759155761613853}