{"numgrasp": 273, "translation_d": 5.067889707552128e-09, "rotation_d": 6.36419613755333e-05, "width_d": 0.004514531988874796}