{"numgrasp": 280, "translation_d": 4.84237915771187e-09, "rotation_d": 6.373041886507209e-05, "width_d": 0.004140857868219789}