{"numgrasp": 290, "translation_d": 5.1294080450008076e-09, "rotation_d": 6.392838502013851e-05, "width_d": 0.0036950567186462362}