{"numgrasp": 285, "translation_d": 5.287971986606085e-09, "rotation_d": 6.38388707104024e-05, "width_d": 0.0034531807164203112}