{"numgrasp": 280, "translation_d": 5.146492386024513e-09, "rotation_d": 6.462252105714772e-05, "width_d": 0.003141681659132377}