{"numgrasp": 241, "translation_d": 5.512585351770559e-09, "rotation_d": 3.5387019013613626e-05, "width_d": 0.00320692340452089}