{"numgrasp": 291, "translation_d": 5.613414144659636e-09, "rotation_d": 6.671138526172577e-05, "width_d": 0.0023990935285350162}