{"numgrasp": 281, "translation_d": 5.432019074580542e-09, "rotation_d": 6.740850650669526e-05, "width_d": 0.002400775411007403}