{"numgrasp": 299, "translation_d": 5.360629891634763e-09, "rotation_d": 6.669867676884137e-05, "width_d": 0.0035500690646858794}