{"numgrasp": 301, "translation_d": 5.3094441546963865e-09, "rotation_d": 6.747010847778551e-05, "width_d": 0.0038724948847322594}