{"numgrasp": 293, "translation_d": 5.341885874651825e-09, "rotation_d": 6.662655727678625e-05, "width_d": 0.003968437441256958}