{"numgrasp": 321, "translation_d": 4.847389512243529e-09, "rotation_d": 6.633383351283288e-05, "width_d": 0.004744711132180126}