{"numgrasp": 307, "translation_d": 4.836455022265163e-09, "rotation_d": 5.997349178740461e-05, "width_d": 0.004634942977197731}