{"numgrasp": 321, "translation_d": 4.986995100795681e-09, "rotation_d": 6.132902239237059e-05, "width_d": 0.0037757593289039952}