{"numgrasp": 244, "translation_d": 5.515565260158383e-09, "rotation_d": 3.45614976215964e-05, "width_d": 0.0027695943582629243}