{"numgrasp": 252, "translation_d": 5.495310452278958e-09, "rotation_d": 3.9391837480683424e-05, "width_d": 0.002461463271559499}