{"numgrasp": 315, "translation_d": 5.3793396225927465e-09, "rotation_d": 6.155690156716498e-05, "width_d": 0.0027688896279159333}