{"numgrasp": 283, "translation_d": 5.534903036587771e-09, "rotation_d": 5.704993095900077e-05, "width_d": 0.002162172952114233}