{"numgrasp": 295, "translation_d": 5.546623001492375e-09, "rotation_d": 4.4864360283222685e-05, "width_d": 0.001848923762655238}