{"numgrasp": 293, "translation_d": 5.383243978633598e-09, "rotation_d": 3.810391191804882e-05, "width_d": 0.0019039550812354616}