{"numgrasp": 328, "translation_d": 5.175898368405963e-09, "rotation_d": 4.642333648735107e-05, "width_d": 0.0021593449610329365}