{"numgrasp": 342, "translation_d": 5.418164815988115e-09, "rotation_d": 4.736280930490163e-05, "width_d": 0.0023056656311652886}