{"numgrasp": 320, "translation_d": 5.512966786238884e-09, "rotation_d": 4.825526857914538e-05, "width_d": 0.0024591088931093497}