{"numgrasp": 267, "translation_d": 5.497660304078417e-09, "rotation_d": 3.131332020825425e-05, "width_d": 0.0024750205678699677}