{"numgrasp": 336, "translation_d": 5.217554677803003e-09, "rotation_d": 5.132011102612205e-05, "width_d": 0.0030594384220242405}