{"numgrasp": 315, "translation_d": 4.8594237355823024e-09, "rotation_d": 5.089987353351314e-05, "width_d": 0.00355863562286998}