{"numgrasp": 321, "translation_d": 4.857486668542567e-09, "rotation_d": 4.9808908739278354e-05, "width_d": 0.0034991568869257423}