{"numgrasp": 314, "translation_d": 4.9646620149538074e-09, "rotation_d": 3.8617474257544104e-05, "width_d": 0.0030845901977739117}