{"numgrasp": 330, "translation_d": 5.383077136000547e-09, "rotation_d": 3.7938728352622194e-05, "width_d": 0.002946269341775525}