{"numgrasp": 340, "translation_d": 5.62024179737247e-09, "rotation_d": 3.7235507835784294e-05, "width_d": 0.002794477723933988}