{"numgrasp": 334, "translation_d": 5.5698631485306954e-09, "rotation_d": 3.180327902056841e-05, "width_d": 0.002135812011316068}