{"numgrasp": 341, "translation_d": 5.525558853828357e-09, "rotation_d": 3.0234299547617812e-05, "width_d": 0.0020407988961747368}