{"numgrasp": 297, "translation_d": 5.439526304097686e-09, "rotation_d": 2.4651392099168358e-05, "width_d": 0.0019505861776375824}