{"numgrasp": 291, "translation_d": 5.598050083769818e-09, "rotation_d": 2.993424400043001e-05, "width_d": 0.0019513878290851594}