{"numgrasp": 322, "translation_d": 5.5140399807181884e-09, "rotation_d": 2.5306543487049406e-05, "width_d": 0.002242881194822533}