{"numgrasp": 329, "translation_d": 5.871510774260649e-09, "rotation_d": 2.2613855155591066e-05, "width_d": 0.0024358101619228385}