{"numgrasp": 332, "translation_d": 5.287662508175152e-09, "rotation_d": 2.404104571334204e-05, "width_d": 0.002415504076939864}