{"numgrasp": 256, "translation_d": 5.253034471797187e-09, "rotation_d": 2.3351940305189527e-05, "width_d": 0.0020289732763402713}