{"numgrasp": 242, "translation_d": 5.6539634067493004e-09, "rotation_d": 2.6931425368175745e-05, "width_d": 0.002248226876541465}