{"numgrasp": 288, "translation_d": 5.076019773322724e-09, "rotation_d": 3.512130887977983e-05, "width_d": 0.0016985284859253426}