{"numgrasp": 269, "translation_d": 5.197490267230822e-09, "rotation_d": 4.0193603925088696e-05, "width_d": 0.0019749163985828848}