{"numgrasp": 298, "translation_d": 5.027465930693809e-09, "rotation_d": 4.2756287407545905e-05, "width_d": 0.0022054999302704658}