{"numgrasp": 265, "translation_d": 5.268634455433887e-09, "rotation_d": 4.757021134407979e-05, "width_d": 0.003293634212773303}