{"numgrasp": 261, "translation_d": 5.531746801578005e-09, "rotation_d": 2.7499526655306404e-05, "width_d": 0.002590775112705984}