{"numgrasp": 307, "translation_d": 5.156433580626851e-09, "rotation_d": 5.728938304541773e-05, "width_d": 0.002841610511554007}