{"numgrasp": 264, "translation_d": 5.356671932610935e-09, "rotation_d": 4.588884870367729e-05, "width_d": 0.0017701686188976828}