{"numgrasp": 253, "translation_d": 5.674443084666091e-09, "rotation_d": 2.6645331017271543e-05, "width_d": 0.0025150536965181077}