{"numgrasp": 262, "translation_d": 5.456015594696324e-09, "rotation_d": 5.60131238405288e-05, "width_d": 0.0016202088898484204}