{"numgrasp": 262, "translation_d": 5.2238744386650976e-09, "rotation_d": 6.310528132099783e-05, "width_d": 0.0017573334444411397}