{"numgrasp": 301, "translation_d": 5.330536011991465e-09, "rotation_d": 6.55513367438908e-05, "width_d": 0.001861973676248037}