{"numgrasp": 300, "translation_d": 5.2559160428452845e-09, "rotation_d": 6.576200394937831e-05, "width_d": 0.0027293653683397212}