{"numgrasp": 307, "translation_d": 5.147712172816093e-09, "rotation_d": 6.537841341057854e-05, "width_d": 0.003033387523437455}