{"numgrasp": 296, "translation_d": 5.465541512110804e-09, "rotation_d": 6.373146300641728e-05, "width_d": 0.003831648825666872}