{"numgrasp": 295, "translation_d": 5.092838456300329e-09, "rotation_d": 6.598273498997469e-05, "width_d": 0.0048834148061414565}