{"numgrasp": 300, "translation_d": 5.4137411222451315e-09, "rotation_d": 6.667615630280137e-05, "width_d": 0.003151492056009943}