{"numgrasp": 281, "translation_d": 5.477010787704609e-09, "rotation_d": 6.76514838436328e-05, "width_d": 0.002107578353717681}