{"numgrasp": 276, "translation_d": 5.204174520165116e-09, "rotation_d": 6.823019173391218e-05, "width_d": 0.0016749466845683246}