{"numgrasp": 251, "translation_d": 5.374791363525633e-09, "rotation_d": 2.210739694679945e-05, "width_d": 0.0026281884685092154}