{"numgrasp": 278, "translation_d": 5.289622070198132e-09, "rotation_d": 6.668719113027412e-05, "width_d": 0.0016520040023570693}