{"numgrasp": 271, "translation_d": 5.408916895687322e-09, "rotation_d": 6.161843170524003e-05, "width_d": 0.0018760311941250813}