{"numgrasp": 282, "translation_d": 5.636326781285924e-09, "rotation_d": 5.7532838206296185e-05, "width_d": 0.003584987939559821}