{"numgrasp": 273, "translation_d": 5.6063556213537675e-09, "rotation_d": 5.856662635580727e-05, "width_d": 0.0037936728378544105}