{"numgrasp": 144, "translation_d": 4.936025454466906e-09, "rotation_d": 4.427378224095768e-05, "width_d": 0.004440859952772478}