{"numgrasp": 149, "translation_d": 4.727442800971024e-09, "rotation_d": 4.469618143771679e-05, "width_d": 0.004968786364206392}