{"numgrasp": 166, "translation_d": 5.079155466053758e-09, "rotation_d": 4.620005064537375e-05, "width_d": 0.00472560325782297}