{"numgrasp": 163, "translation_d": 4.687402527273043e-09, "rotation_d": 4.676660726849728e-05, "width_d": 0.00477000793440389}