{"numgrasp": 168, "translation_d": 5.092566855093251e-09, "rotation_d": 4.773742226752808e-05, "width_d": 0.004311978466348509}