{"numgrasp": 170, "translation_d": 4.67776266290967e-09, "rotation_d": 5.378698943850897e-05, "width_d": 0.003459274893982916}