{"numgrasp": 163, "translation_d": 4.976718113913313e-09, "rotation_d": 5.352188926469317e-05, "width_d": 0.0038012035968269424}