{"numgrasp": 154, "translation_d": 5.000904903887462e-09, "rotation_d": 5.216227376745903e-05, "width_d": 0.0037724117306180667}