{"numgrasp": 157, "translation_d": 4.7575140168016935e-09, "rotation_d": 5.373420635447276e-05, "width_d": 0.003995230948061272}