{"numgrasp": 150, "translation_d": 4.995774307589842e-09, "rotation_d": 5.3520420051311004e-05, "width_d": 0.004152725071258109}