{"numgrasp": 152, "translation_d": 4.662514433066112e-09, "rotation_d": 5.182012035411551e-05, "width_d": 0.0044326624768457395}