{"numgrasp": 127, "translation_d": 4.559944540711478e-09, "rotation_d": 5.857777333542822e-05, "width_d": 0.004349171057785842}