{"numgrasp": 143, "translation_d": 7.240563045183056e-09, "rotation_d": 5.2627566592086185e-05, "width_d": 0.003844621137578463}