{"numgrasp": 122, "translation_d": 5.2138663241602615e-09, "rotation_d": 5.870047601883799e-05, "width_d": 0.004248869431612827}