{"numgrasp": 125, "translation_d": 4.463205114829393e-09, "rotation_d": 5.866403155200614e-05, "width_d": 0.0039046672146070306}