{"numgrasp": 122, "translation_d": 4.829464975144557e-09, "rotation_d": 5.7799451398021846e-05, "width_d": 0.003979689265318875}