{"numgrasp": 137, "translation_d": 5.095689950488651e-09, "rotation_d": 5.603629674271055e-05, "width_d": 0.0035709551307776333}