{"numgrasp": 137, "translation_d": 5.082128178122303e-09, "rotation_d": 5.536708643791774e-05, "width_d": 0.003882277715620033}