{"numgrasp": 122, "translation_d": 5.412300977133766e-09, "rotation_d": 5.4492694526686236e-05, "width_d": 0.003624450275351376}