{"numgrasp": 117, "translation_d": 5.01948076741197e-09, "rotation_d": 5.3060356388171954e-05, "width_d": 0.004169194147224754}