{"numgrasp": 116, "translation_d": 5.033750064465512e-09, "rotation_d": 7.378781347773637e-05, "width_d": 0.004049021266368226}