{"numgrasp": 110, "translation_d": 5.3168387604845685e-09, "rotation_d": 5.8149908727302996e-05, "width_d": 0.004465078564773219}