{"numgrasp": 118, "translation_d": 4.763941099990729e-09, "rotation_d": 5.782837490569085e-05, "width_d": 0.0048406796939093584}