{"numgrasp": 117, "translation_d": 5.096450175799165e-09, "rotation_d": 5.8638839308585424e-05, "width_d": 0.004426350328143161}