{"numgrasp": 107, "translation_d": 4.779836179634473e-09, "rotation_d": 5.83569753776122e-05, "width_d": 0.005025198850806694}