{"numgrasp": 106, "translation_d": 4.638430273521804e-09, "rotation_d": 5.867708886225247e-05, "width_d": 0.004722331074151913}