{"numgrasp": 110, "translation_d": 3.851376290682309e-09, "rotation_d": 4.8906289623943876e-05, "width_d": 0.004984907755053363}