{"numgrasp": 136, "translation_d": 5.890278517921142e-09, "rotation_d": 5.182183166531554e-05, "width_d": 0.003976628743608765}