{"numgrasp": 103, "translation_d": 4.491043199554487e-09, "rotation_d": 4.8951558826612466e-05, "width_d": 0.004345053997528726}