{"numgrasp": 102, "translation_d": 4.446218212567841e-09, "rotation_d": 4.885039356038883e-05, "width_d": 0.0042819784193077}