{"numgrasp": 97, "translation_d": 4.781393486713286e-09, "rotation_d": 4.3761005231095766e-05, "width_d": 0.00381498708575718}