{"numgrasp": 93, "translation_d": 4.67935028077814e-09, "rotation_d": 4.433827882665998e-05, "width_d": 0.0041417170679079966}