{"numgrasp": 107, "translation_d": 4.200891877224576e-09, "rotation_d": 4.5552614694737867e-05, "width_d": 0.005391831350646279}