{"numgrasp": 85, "translation_d": 4.544748347543282e-09, "rotation_d": 4.349595186920498e-05, "width_d": 0.0051152075980934455}