{"numgrasp": 78, "translation_d": 4.660947246377193e-09, "rotation_d": 4.38480279360284e-05, "width_d": 0.004382387242522503}