{"numgrasp": 84, "translation_d": 4.619853299246094e-09, "rotation_d": 4.300019704455852e-05, "width_d": 0.004435123474166674}