{"numgrasp": 94, "translation_d": 4.784257966767985e-09, "rotation_d": 4.210119682376272e-05, "width_d": 0.004156708532761133}