{"numgrasp": 92, "translation_d": 4.733542045962817e-09, "rotation_d": 4.216706835040389e-05, "width_d": 0.004477510811812051}