{"numgrasp": 148, "translation_d": 6.504672644285613e-09, "rotation_d": 5.153274655092543e-05, "width_d": 0.0037038830356060375}