{"numgrasp": 98, "translation_d": 5.465027784661792e-09, "rotation_d": 4.454937145881617e-05, "width_d": 0.004054163545338563}