{"numgrasp": 93, "translation_d": 5.215760199647175e-09, "rotation_d": 4.8063221557927194e-05, "width_d": 0.0041877926214359895}