{"numgrasp": 97, "translation_d": 4.7681027557660955e-09, "rotation_d": 4.3164912185719275e-05, "width_d": 0.004165214913594929}