{"numgrasp": 85, "translation_d": 5.3575886734489e-09, "rotation_d": 4.4372215641926714e-05, "width_d": 0.004443941359151838}