{"numgrasp": 86, "translation_d": 4.9595633968370136e-09, "rotation_d": 4.4772804105219575e-05, "width_d": 0.0052755416223869405}