{"numgrasp": 95, "translation_d": 4.789775354981488e-09, "rotation_d": 4.5327466510579185e-05, "width_d": 0.005192727349255275}