{"numgrasp": 85, "translation_d": 5.27432601821225e-09, "rotation_d": 4.6985534030471386e-05, "width_d": 0.005414309234534059}