{"numgrasp": 91, "translation_d": 5.092554378022023e-09, "rotation_d": 4.748391124433729e-05, "width_d": 0.005407438109314616}