{"numgrasp": 95, "translation_d": 4.524063837528926e-09, "rotation_d": 4.694500555814499e-05, "width_d": 0.005039482632854457}