{"numgrasp": 152, "translation_d": 6.741336525417569e-09, "rotation_d": 5.3528233469257293e-05, "width_d": 0.003553450643455262}