{"numgrasp": 92, "translation_d": 5.542146919717578e-09, "rotation_d": 4.719449014232534e-05, "width_d": 0.004907669659718606}