{"numgrasp": 98, "translation_d": 5.429399968986821e-09, "rotation_d": 4.7061605314130616e-05, "width_d": 0.004655108549497639}