{"numgrasp": 105, "translation_d": 5.576588058637447e-09, "rotation_d": 4.864325994977033e-05, "width_d": 0.004449591976497609}