{"numgrasp": 96, "translation_d": 4.938941495695962e-09, "rotation_d": 5.021330449658158e-05, "width_d": 0.004294730720785724}