{"numgrasp": 106, "translation_d": 6.080275431012652e-09, "rotation_d": 5.427121145298817e-05, "width_d": 0.0040442388461499916}