{"numgrasp": 90, "translation_d": 6.0834300669609e-09, "rotation_d": 5.228262154974273e-05, "width_d": 0.003925375857198558}