{"numgrasp": 105, "translation_d": 5.979179722734708e-09, "rotation_d": 5.297964702209417e-05, "width_d": 0.004332127320352699}