{"numgrasp": 91, "translation_d": 5.591158258271869e-09, "rotation_d": 5.0346287618332866e-05, "width_d": 0.0045290825564015145}