{"numgrasp": 94, "translation_d": 6.115954137796874e-09, "rotation_d": 4.895498146944524e-05, "width_d": 0.004404909429475777}