{"numgrasp": 86, "translation_d": 6.074160277797148e-09, "rotation_d": 4.8048433193626733e-05, "width_d": 0.004884546910093584}