{"numgrasp": 143, "translation_d": 6.687144904532631e-09, "rotation_d": 5.446236592059789e-05, "width_d": 0.0036995125276641674}