{"numgrasp": 142, "translation_d": 7.122843217428843e-09, "rotation_d": 5.4040051734330454e-05, "width_d": 0.003049618022909795}