{"numgrasp": 139, "translation_d": 6.83619899954946e-09, "rotation_d": 5.528647434465598e-05, "width_d": 0.0032080549374077145}