{"numgrasp": 136, "translation_d": 7.021967368164909e-09, "rotation_d": 5.467447650247666e-05, "width_d": 0.003146882027622988}