{"numgrasp": 149, "translation_d": 6.92755774995454e-09, "rotation_d": 5.410678927806896e-05, "width_d": 0.0032276793659362273}