{"numgrasp": 147, "translation_d": 6.219476986190307e-09, "rotation_d": 5.274173654826925e-05, "width_d": 0.0032352493892265316}