{"numgrasp": 146, "translation_d": 6.353716383050824e-09, "rotation_d": 5.259026849692308e-05, "width_d": 0.003317504191722266}