{"numgrasp": 140, "translation_d": 6.725096132129519e-09, "rotation_d": 5.42148310786939e-05, "width_d": 0.0033568367599323863}