{"numgrasp": 137, "translation_d": 6.150570490126929e-09, "rotation_d": 5.1953306187589716e-05, "width_d": 0.004095089751310918}