{"numgrasp": 134, "translation_d": 6.097208864765348e-09, "rotation_d": 5.014521530793519e-05, "width_d": 0.004037721527527534}