{"numgrasp": 135, "translation_d": 6.079732413741743e-09, "rotation_d": 5.0804807894998964e-05, "width_d": 0.004070541496062504}