{"numgrasp": 140, "translation_d": 7.1640567876088936e-09, "rotation_d": 5.3487210563019045e-05, "width_d": 0.003146934648958518}