{"numgrasp": 153, "translation_d": 5.992733516494068e-09, "rotation_d": 5.2572999385761684e-05, "width_d": 0.003564927519019903}