{"numgrasp": 147, "translation_d": 6.4788895002927524e-09, "rotation_d": 5.025507223095801e-05, "width_d": 0.0035434544306710432}