{"numgrasp": 143, "translation_d": 6.75181890534483e-09, "rotation_d": 5.129707402306413e-05, "width_d": 0.0033507314431658313}