{"numgrasp": 146, "translation_d": 6.67306703900071e-09, "rotation_d": 5.147426873904964e-05, "width_d": 0.003477051552733567}