{"numgrasp": 145, "translation_d": 6.861834372862667e-09, "rotation_d": 5.282317229908511e-05, "width_d": 0.0031150291118240674}