{"numgrasp": 145, "translation_d": 7.1247152242668085e-09, "rotation_d": 5.452005458833019e-05, "width_d": 0.003532560542580593}