{"numgrasp": 142, "translation_d": 6.235197362684826e-09, "rotation_d": 5.035919148324676e-05, "width_d": 0.0035658215234361376}