{"numgrasp": 158, "translation_d": 5.738542071257565e-09, "rotation_d": 4.980621776051468e-05, "width_d": 0.003698569917215095}