{"numgrasp": 152, "translation_d": 5.91005558344875e-09, "rotation_d": 4.951582633584692e-05, "width_d": 0.003905186851788039}