{"numgrasp": 151, "translation_d": 5.660527870432883e-09, "rotation_d": 4.8726612795776065e-05, "width_d": 0.004023072594829707}