{"numgrasp": 145, "translation_d": 5.563102799318648e-09, "rotation_d": 4.885821439421817e-05, "width_d": 0.0044713328983274426}