{"numgrasp": 150, "translation_d": 7.263840771440667e-09, "rotation_d": 5.298354837429921e-05, "width_d": 0.003523090235264094}