{"numgrasp": 166, "translation_d": 5.135969374501561e-09, "rotation_d": 4.514111915507962e-05, "width_d": 0.00435521586243817}