{"numgrasp": 167, "translation_d": 5.362518257946921e-09, "rotation_d": 4.546798573540361e-05, "width_d": 0.0045870633554465174}