{"numgrasp": 166, "translation_d": 5.032776326591681e-09, "rotation_d": 4.514842875050897e-05, "width_d": 0.004680112559284229}