{"numgrasp": 143, "translation_d": 7.113516723267411e-09, "rotation_d": 5.393741764659086e-05, "width_d": 0.003515667637087638}