{"numgrasp": 430, "translation_d": 6.413717712897925e-09, "rotation_d": 5.334364020968784e-05, "width_d": 0.004072884038108076}