{"numgrasp": 446, "translation_d": 6.252263012389121e-09, "rotation_d": 5.223955702014055e-05, "width_d": 0.004496599569663547}