{"numgrasp": 456, "translation_d": 6.221120308414336e-09, "rotation_d": 5.188406103683067e-05, "width_d": 0.0049667843463252126}