{"numgrasp": 490, "translation_d": 6.3268747221001574e-09, "rotation_d": 5.0696813152755475e-05, "width_d": 0.005386170031049029}