{"numgrasp": 481, "translation_d": 6.542119096665827e-09, "rotation_d": 5.172143889184104e-05, "width_d": 0.005057288661406447}