{"numgrasp": 493, "translation_d": 6.47046114407562e-09, "rotation_d": 5.275506008892088e-05, "width_d": 0.004805129416769294}