{"numgrasp": 478, "translation_d": 6.337038375372224e-09, "rotation_d": 5.3492943447962815e-05, "width_d": 0.00473770451355955}