{"numgrasp": 453, "translation_d": 6.241759781663857e-09, "rotation_d": 5.41098266183686e-05, "width_d": 0.004123224213185945}