{"numgrasp": 352, "translation_d": 6.278478405149031e-09, "rotation_d": 5.301680993824599e-05, "width_d": 0.002462853512672189}