{"numgrasp": 341, "translation_d": 6.244888246622648e-09, "rotation_d": 5.39933132864452e-05, "width_d": 0.002658702861524272}