{"numgrasp": 359, "translation_d": 6.0306868433765595e-09, "rotation_d": 5.3309616479560835e-05, "width_d": 0.0026700164468917765}