{"numgrasp": 369, "translation_d": 6.21033257816118e-09, "rotation_d": 5.3756412656421144e-05, "width_d": 0.0028876471537479433}