{"numgrasp": 470, "translation_d": 6.320413541178213e-09, "rotation_d": 5.237752455107274e-05, "width_d": 0.0049003581629025895}