{"numgrasp": 365, "translation_d": 6.081312170203022e-09, "rotation_d": 5.061822866750328e-05, "width_d": 0.0027609773136561128}