{"numgrasp": 371, "translation_d": 6.194129241875298e-09, "rotation_d": 4.974797648029329e-05, "width_d": 0.0021590171073248145}