{"numgrasp": 425, "translation_d": 5.814862830273742e-09, "rotation_d": 4.8882267498063336e-05, "width_d": 0.0022517431870952087}