{"numgrasp": 438, "translation_d": 5.835700142162771e-09, "rotation_d": 4.83805561825473e-05, "width_d": 0.0025387985979072156}