{"numgrasp": 427, "translation_d": 5.899559188347456e-09, "rotation_d": 4.869777219597207e-05, "width_d": 0.0023429297320155962}