{"numgrasp": 424, "translation_d": 6.116955573282428e-09, "rotation_d": 4.9152104762282e-05, "width_d": 0.0030109878428225224}