{"numgrasp": 449, "translation_d": 5.936331043169913e-09, "rotation_d": 5.017912471863148e-05, "width_d": 0.0038648844978907814}