{"numgrasp": 414, "translation_d": 5.811469604583894e-09, "rotation_d": 4.897685385443376e-05, "width_d": 0.004698633095797319}