{"numgrasp": 411, "translation_d": 5.673135561087376e-09, "rotation_d": 5.312449488520186e-05, "width_d": 0.005865062337122289}