{"numgrasp": 366, "translation_d": 5.226862223474777e-09, "rotation_d": 4.867447712025934e-05, "width_d": 0.00572795234866321}