{"numgrasp": 411, "translation_d": 5.348463069385926e-09, "rotation_d": 4.891460778558592e-05, "width_d": 0.005149050019539247}