{"numgrasp": 464, "translation_d": 5.750115857171568e-09, "rotation_d": 4.9126991911885857e-05, "width_d": 0.004395453528996065}