{"numgrasp": 421, "translation_d": 5.6747976488892895e-09, "rotation_d": 4.868632610318789e-05, "width_d": 0.003301662028429729}