{"numgrasp": 466, "translation_d": 5.812874870013964e-09, "rotation_d": 4.735037670157831e-05, "width_d": 0.002932081109898765}