{"numgrasp": 453, "translation_d": 5.772920624550002e-09, "rotation_d": 4.732476282885342e-05, "width_d": 0.0027068612549629163}