{"numgrasp": 449, "translation_d": 5.20995688493673e-09, "rotation_d": 4.965180477308023e-05, "width_d": 0.00230616173905145}