{"numgrasp": 442, "translation_d": 5.844590551961994e-09, "rotation_d": 4.9223758847677e-05, "width_d": 0.0035844781114058428}