{"numgrasp": 511, "translation_d": 6.454275052659978e-09, "rotation_d": 5.0170433158519126e-05, "width_d": 0.005836608969123353}