{"numgrasp": 432, "translation_d": 5.721833272644351e-09, "rotation_d": 4.8637859566637285e-05, "width_d": 0.004618037423621912}