{"numgrasp": 420, "translation_d": 5.459616520429726e-09, "rotation_d": 4.9762557445257776e-05, "width_d": 0.005461984764654203}