{"numgrasp": 406, "translation_d": 5.304761213314646e-09, "rotation_d": 5.7466839289316914e-05, "width_d": 0.0058374039197126235}