{"numgrasp": 419, "translation_d": 5.485900776173759e-09, "rotation_d": 5.167491868185104e-05, "width_d": 0.0060738566313811694}