{"numgrasp": 334, "translation_d": 6.222066392267112e-09, "rotation_d": 5.449300309811619e-05, "width_d": 0.0027981570247344154}