{"numgrasp": 455, "translation_d": 5.7411128267530736e-09, "rotation_d": 5.0653173886963304e-05, "width_d": 0.004121648404825067}