{"numgrasp": 465, "translation_d": 5.518213561963809e-09, "rotation_d": 5.120532591192168e-05, "width_d": 0.0036767494457108345}