{"numgrasp": 479, "translation_d": 5.55048330019941e-09, "rotation_d": 5.121815778160323e-05, "width_d": 0.0035007936072565084}