{"numgrasp": 476, "translation_d": 5.464891920907494e-09, "rotation_d": 5.109572187179591e-05, "width_d": 0.0032603970811359005}