{"numgrasp": 452, "translation_d": 5.078545963103128e-09, "rotation_d": 5.104626249705096e-05, "width_d": 0.0029029503868535805}