{"numgrasp": 448, "translation_d": 4.940975411292241e-09, "rotation_d": 5.177799227652923e-05, "width_d": 0.0025423201730715096}