{"numgrasp": 406, "translation_d": 5.214193805825301e-09, "rotation_d": 5.3505478018823563e-05, "width_d": 0.0028053712859959605}