{"numgrasp": 413, "translation_d": 5.536218192538495e-09, "rotation_d": 5.215018883860292e-05, "width_d": 0.004567022302506882}