{"numgrasp": 443, "translation_d": 5.419492669678257e-09, "rotation_d": 5.236861336863108e-05, "width_d": 0.004816410921412056}