{"numgrasp": 407, "translation_d": 5.416925282946527e-09, "rotation_d": 5.19420621079741e-05, "width_d": 0.005442207581133465}