{"numgrasp": 404, "translation_d": 5.691629029761156e-09, "rotation_d": 5.07939553689931e-05, "width_d": 0.005634388378328679}