{"numgrasp": 419, "translation_d": 5.313341001495752e-09, "rotation_d": 5.120748060609465e-05, "width_d": 0.00631642037067063}