{"numgrasp": 407, "translation_d": 5.111232047834921e-09, "rotation_d": 5.478101007997621e-05, "width_d": 0.005697812194029033}