{"numgrasp": 445, "translation_d": 5.1468567741891016e-09, "rotation_d": 5.4300102409039926e-05, "width_d": 0.004504051764543441}