{"numgrasp": 376, "translation_d": 5.309658352258747e-09, "rotation_d": 5.396318357171466e-05, "width_d": 0.003785560838657955}