{"numgrasp": 404, "translation_d": 5.1769509130644565e-09, "rotation_d": 5.3094717226461555e-05, "width_d": 0.0035939475602060436}