{"numgrasp": 441, "translation_d": 5.112459730889979e-09, "rotation_d": 5.3949637342360645e-05, "width_d": 0.0036880628049108283}