{"numgrasp": 426, "translation_d": 4.796425812787085e-09, "rotation_d": 5.4058821986142614e-05, "width_d": 0.0031733294563722446}