{"numgrasp": 510, "translation_d": 6.461007301762973e-09, "rotation_d": 5.268013946120242e-05, "width_d": 0.004085209017242003}