{"numgrasp": 412, "translation_d": 4.696025202618544e-09, "rotation_d": 5.159352917020183e-05, "width_d": 0.006475907553801634}