{"numgrasp": 416, "translation_d": 4.688132146937063e-09, "rotation_d": 9.868420858490646e-05, "width_d": 0.006813880595767903}