{"numgrasp": 472, "translation_d": 6.510002476504944e-09, "rotation_d": 5.347626786768727e-05, "width_d": 0.0038715644094994596}