{"numgrasp": 467, "translation_d": 6.260623562517905e-09, "rotation_d": 5.370903984868233e-05, "width_d": 0.003607998557824728}