{"numgrasp": 387, "translation_d": 6.57015559247486e-09, "rotation_d": 5.222481545766452e-05, "width_d": 0.002442928907765647}