{"numgrasp": 482, "translation_d": 6.697022842722342e-09, "rotation_d": 4.970729507039828e-05, "width_d": 0.004856299731880129}