{"numgrasp": 482, "translation_d": 6.645319431762514e-09, "rotation_d": 5.7355415623030853e-05, "width_d": 0.0051498555580363784}