{"numgrasp": 472, "translation_d": 6.6556878442686326e-09, "rotation_d": 4.896791865019189e-05, "width_d": 0.003918139972264389}