{"numgrasp": 434, "translation_d": 6.810098860711496e-09, "rotation_d": 5.123310943018004e-05, "width_d": 0.0027740921300258904}