{"numgrasp": 459, "translation_d": 6.159206742353367e-09, "rotation_d": 5.4306147855291824e-05, "width_d": 0.00397572756523644}