{"numgrasp": 399, "translation_d": 6.6435663963726605e-09, "rotation_d": 5.237756264261696e-05, "width_d": 0.0025274780262016113}