{"numgrasp": 471, "translation_d": 6.758792756624287e-09, "rotation_d": 4.798545517056719e-05, "width_d": 0.0029634139633945063}