{"numgrasp": 469, "translation_d": 6.727185041090129e-09, "rotation_d": 4.7530952922077374e-05, "width_d": 0.003357802552516049}