{"numgrasp": 476, "translation_d": 6.779248371228324e-09, "rotation_d": 4.728544076508667e-05, "width_d": 0.0034467604363117225}