{"numgrasp": 472, "translation_d": 6.815444339958899e-09, "rotation_d": 4.7657808767217315e-05, "width_d": 0.003911227466181626}