{"numgrasp": 474, "translation_d": 6.252328873757714e-09, "rotation_d": 5.407603128611195e-05, "width_d": 0.004238232934498106}