{"numgrasp": 486, "translation_d": 6.707019840865577e-09, "rotation_d": 4.731809744811327e-05, "width_d": 0.004023242237611046}