{"numgrasp": 498, "translation_d": 7.0301747711042306e-09, "rotation_d": 4.6698954847358644e-05, "width_d": 0.004919674970507727}