{"numgrasp": 480, "translation_d": 7.0841796849775375e-09, "rotation_d": 4.661308918577925e-05, "width_d": 0.005571860281013214}