{"numgrasp": 464, "translation_d": 6.826384049176294e-09, "rotation_d": 4.968488505605356e-05, "width_d": 0.005439408329901293}