{"numgrasp": 432, "translation_d": 7.0124783601694855e-09, "rotation_d": 4.892452475985206e-05, "width_d": 0.0027751967639075446}