{"numgrasp": 393, "translation_d": 6.434073751217306e-09, "rotation_d": 4.869200605177224e-05, "width_d": 0.002580642287573553}