{"numgrasp": 403, "translation_d": 6.05264135528345e-09, "rotation_d": 5.250420494609153e-05, "width_d": 0.0029729460123768432}