{"numgrasp": 408, "translation_d": 6.46657385974309e-09, "rotation_d": 5.225163293518711e-05, "width_d": 0.0029243235845991342}