{"numgrasp": 415, "translation_d": 6.272204662595553e-09, "rotation_d": 5.297510723274889e-05, "width_d": 0.003748025545553644}