{"numgrasp": 423, "translation_d": 6.170346058284811e-09, "rotation_d": 5.282630300227023e-05, "width_d": 0.003910350472495213}