{"numgrasp": 514, "translation_d": 6.411606393037074e-09, "rotation_d": 5.3884765344492305e-05, "width_d": 0.005052295502803399}