{"numgrasp": 280, "translation_d": 5.692303531437066e-09, "rotation_d": 3.55605414411928e-05, "width_d": 0.002387614558728988}