{"numgrasp": 336, "translation_d": 5.473183638496086e-09, "rotation_d": 4.949938936339837e-05, "width_d": 0.0032363099383333647}