{"numgrasp": 319, "translation_d": 5.265666242881785e-09, "rotation_d": 4.687966388167614e-05, "width_d": 0.0036869658044212006}