{"numgrasp": 301, "translation_d": 5.297759490845432e-09, "rotation_d": 4.196096759154277e-05, "width_d": 0.003247890355864372}