{"numgrasp": 315, "translation_d": 5.356686056565389e-09, "rotation_d": 3.8800236619464387e-05, "width_d": 0.003330982168449758}