{"numgrasp": 476, "translation_d": 6.506095804330886e-09, "rotation_d": 2.939166049812247e-05, "width_d": 0.004248956609306017}