{"numgrasp": 335, "translation_d": 5.71292890539769e-09, "rotation_d": 4.0284137683232405e-05, "width_d": 0.003215370122641116}