{"numgrasp": 326, "translation_d": 5.447567825172625e-09, "rotation_d": 4.1050889316730895e-05, "width_d": 0.002778070802417142}