{"numgrasp": 321, "translation_d": 5.94556562228194e-09, "rotation_d": 4.394829319416626e-05, "width_d": 0.002545848108843178}