{"numgrasp": 486, "translation_d": 6.18217867465509e-09, "rotation_d": 3.0608358600311015e-05, "width_d": 0.004616393064968941}