{"numgrasp": 296, "translation_d": 5.5271909674565435e-09, "rotation_d": 3.452799037075402e-05, "width_d": 0.002431719883370773}