{"numgrasp": 328, "translation_d": 5.25623475045072e-09, "rotation_d": 3.443836481531115e-05, "width_d": 0.002431705724514967}