{"numgrasp": 301, "translation_d": 5.072599843793044e-09, "rotation_d": 3.6174655618738135e-05, "width_d": 0.002953121012544632}