{"numgrasp": 306, "translation_d": 4.851024400306943e-09, "rotation_d": 3.924542014074549e-05, "width_d": 0.002949290825291082}