{"numgrasp": 311, "translation_d": 4.720073548919454e-09, "rotation_d": 3.9071943494191316e-05, "width_d": 0.0029437674290923787}