{"numgrasp": 488, "translation_d": 6.2376256910649745e-09, "rotation_d": 3.295908944600297e-05, "width_d": 0.004757622434424211}