{"numgrasp": 324, "translation_d": 4.997757954540659e-09, "rotation_d": 4.08866118202307e-05, "width_d": 0.002739197282672986}