{"numgrasp": 321, "translation_d": 4.779776209873816e-09, "rotation_d": 4.201444063902224e-05, "width_d": 0.0025482039896469657}