{"numgrasp": 302, "translation_d": 5.162984615103624e-09, "rotation_d": 4.3419952360389496e-05, "width_d": 0.0024875964245798256}