{"numgrasp": 311, "translation_d": 4.932956864475671e-09, "rotation_d": 4.313411994376574e-05, "width_d": 0.0024876289720006917}