{"numgrasp": 315, "translation_d": 5.2453406514690705e-09, "rotation_d": 4.627416410779183e-05, "width_d": 0.0024080851530759364}