{"numgrasp": 317, "translation_d": 5.121385471922335e-09, "rotation_d": 5.992595444798701e-05, "width_d": 0.0022738762102193608}