{"numgrasp": 319, "translation_d": 5.0368744836604445e-09, "rotation_d": 5.762835900189639e-05, "width_d": 0.0022425272833760616}