{"numgrasp": 322, "translation_d": 5.038426867579378e-09, "rotation_d": 5.443180491910864e-05, "width_d": 0.002461925905274816}