{"numgrasp": 330, "translation_d": 4.947583174874107e-09, "rotation_d": 5.083791816599785e-05, "width_d": 0.0028899174018192546}