{"numgrasp": 516, "translation_d": 6.229817096319323e-09, "rotation_d": 3.1723378726853854e-05, "width_d": 0.004972131015727803}