{"numgrasp": 303, "translation_d": 4.702702077265148e-09, "rotation_d": 4.93803144422887e-05, "width_d": 0.0031590382414642764}