{"numgrasp": 324, "translation_d": 4.6897817874853555e-09, "rotation_d": 4.894668632601831e-05, "width_d": 0.0033289055619964533}