{"numgrasp": 315, "translation_d": 4.918171272315994e-09, "rotation_d": 4.7083754812657056e-05, "width_d": 0.0033702340481355027}