{"numgrasp": 334, "translation_d": 5.282072778523062e-09, "rotation_d": 6.1012701939135565e-05, "width_d": 0.0028117352724346006}