{"numgrasp": 334, "translation_d": 5.149579758498905e-09, "rotation_d": 6.195779732263727e-05, "width_d": 0.0029818953361102677}