{"numgrasp": 354, "translation_d": 5.219567857600148e-09, "rotation_d": 6.22277469689947e-05, "width_d": 0.0033483753456825115}