{"numgrasp": 373, "translation_d": 4.686847950048525e-09, "rotation_d": 6.288479828381277e-05, "width_d": 0.0040647338993636106}