{"numgrasp": 373, "translation_d": 5.022560385703079e-09, "rotation_d": 6.100559171184974e-05, "width_d": 0.0050222986474479266}