{"numgrasp": 377, "translation_d": 6.197993381194748e-09, "rotation_d": 4.0079461961358375e-05, "width_d": 0.00294902016991884}