{"numgrasp": 363, "translation_d": 5.077110545601388e-09, "rotation_d": 5.8788100305674486e-05, "width_d": 0.003836230948618192}