{"numgrasp": 370, "translation_d": 5.208415994019927e-09, "rotation_d": 5.677900599775821e-05, "width_d": 0.003267877390355124}