{"numgrasp": 397, "translation_d": 5.110523939407155e-09, "rotation_d": 5.47978205543845e-05, "width_d": 0.0029578721211509103}