{"numgrasp": 388, "translation_d": 5.1486257220331345e-09, "rotation_d": 4.872369462430662e-05, "width_d": 0.002597848679213703}