{"numgrasp": 389, "translation_d": 5.0590176057374925e-09, "rotation_d": 4.906464887422963e-05, "width_d": 0.0036169982132452858}