{"numgrasp": 400, "translation_d": 5.1939270519109005e-09, "rotation_d": 5.189099116826777e-05, "width_d": 0.00444757353190896}