{"numgrasp": 381, "translation_d": 5.090917410732053e-09, "rotation_d": 5.200306307653074e-05, "width_d": 0.005041882661086986}