{"numgrasp": 422, "translation_d": 4.9228603904646645e-09, "rotation_d": 5.346319652925401e-05, "width_d": 0.006019639386004823}