{"numgrasp": 429, "translation_d": 4.797865038431809e-09, "rotation_d": 4.247666408887621e-05, "width_d": 0.00539781935294494}