{"numgrasp": 500, "translation_d": 6.847707995000003e-09, "rotation_d": 3.424001622286479e-05, "width_d": 0.004347965532412935}