{"numgrasp": 412, "translation_d": 4.9620586573291185e-09, "rotation_d": 3.9707770702122867e-05, "width_d": 0.0041864369442236}