{"numgrasp": 422, "translation_d": 4.932910755610485e-09, "rotation_d": 3.848953805766086e-05, "width_d": 0.004039971046746231}