{"numgrasp": 410, "translation_d": 4.967845925479645e-09, "rotation_d": 3.8055315510360894e-05, "width_d": 0.003722491833088041}