{"numgrasp": 361, "translation_d": 5.291675699313761e-09, "rotation_d": 3.4746124038500475e-05, "width_d": 0.0026895637937319134}