{"numgrasp": 477, "translation_d": 6.577922135094668e-09, "rotation_d": 3.2727351762059964e-05, "width_d": 0.003918574518686127}