{"numgrasp": 395, "translation_d": 5.1546025906751255e-09, "rotation_d": 3.28270201020719e-05, "width_d": 0.0029612422979333752}