{"numgrasp": 417, "translation_d": 5.349216152961092e-09, "rotation_d": 3.376608149149518e-05, "width_d": 0.003176587470117633}