{"numgrasp": 416, "translation_d": 5.068673886082532e-09, "rotation_d": 3.491114976166852e-05, "width_d": 0.003945754352968474}