{"numgrasp": 445, "translation_d": 5.220659858473097e-09, "rotation_d": 3.366170470135639e-05, "width_d": 0.005400327288963353}