{"numgrasp": 471, "translation_d": 4.728723927731977e-09, "rotation_d": 3.411453201076366e-05, "width_d": 0.005808150890522146}