{"numgrasp": 369, "translation_d": 6.479095276633644e-09, "rotation_d": 2.7938318077752247e-05, "width_d": 0.0030760439294686705}