{"numgrasp": 378, "translation_d": 6.461946206520024e-09, "rotation_d": 2.713357752016717e-05, "width_d": 0.0027635008016673106}