{"numgrasp": 382, "translation_d": 6.522169891529553e-09, "rotation_d": 3.747774088539619e-05, "width_d": 0.0031551593646080467}