{"numgrasp": 461, "translation_d": 6.69083419775875e-09, "rotation_d": 4.5375438787154165e-05, "width_d": 0.0040635028544839455}