{"numgrasp": 475, "translation_d": 6.4603369317415045e-09, "rotation_d": 4.792299591123087e-05, "width_d": 0.004701095683101524}