{"numgrasp": 439, "translation_d": 6.644046276062014e-09, "rotation_d": 5.707803867293106e-05, "width_d": 0.00584220337066132}