{"numgrasp": 459, "translation_d": 6.324169780110196e-09, "rotation_d": 5.926741636042796e-05, "width_d": 0.005607607079484063}