{"numgrasp": 457, "translation_d": 6.575676343924445e-09, "rotation_d": 5.8153621428993764e-05, "width_d": 0.00510636988988154}