{"numgrasp": 474, "translation_d": 6.483009953331769e-09, "rotation_d": 5.872053935499805e-05, "width_d": 0.005106578129202172}