{"numgrasp": 386, "translation_d": 6.33166349955138e-09, "rotation_d": 5.368953251677001e-05, "width_d": 0.003481177537923833}