{"numgrasp": 389, "translation_d": 6.319242620596115e-09, "rotation_d": 4.814553820784261e-05, "width_d": 0.0029244489858638346}