{"numgrasp": 391, "translation_d": 6.066979745840974e-09, "rotation_d": 6.0261100864564874e-05, "width_d": 0.0029413249362044555}