{"numgrasp": 444, "translation_d": 6.2115758006127134e-09, "rotation_d": 6.324797379388723e-05, "width_d": 0.004918553768231221}