{"numgrasp": 427, "translation_d": 6.493797571712635e-09, "rotation_d": 6.248625441359039e-05, "width_d": 0.005102886771725918}