{"numgrasp": 428, "translation_d": 6.717248710830651e-09, "rotation_d": 6.0437715641566485e-05, "width_d": 0.0053660723542397135}