{"numgrasp": 424, "translation_d": 6.428432941998832e-09, "rotation_d": 5.858976495654262e-05, "width_d": 0.005821933242761396}