{"numgrasp": 341, "translation_d": 5.692055936992126e-09, "rotation_d": 5.514904078951857e-05, "width_d": 0.004289965094117332}