{"numgrasp": 374, "translation_d": 5.6661773095010705e-09, "rotation_d": 6.423475908284539e-05, "width_d": 0.002900698587190923}