{"numgrasp": 363, "translation_d": 5.780069587288856e-09, "rotation_d": 6.042626722037005e-05, "width_d": 0.0026243671430109146}