{"numgrasp": 336, "translation_d": 5.555271313217707e-09, "rotation_d": 5.608387277370123e-05, "width_d": 0.002942076715902648}