{"numgrasp": 248, "translation_d": 6.437106754398834e-09, "rotation_d": 4.898295773703421e-05, "width_d": 0.0025239680857948106}