{"numgrasp": 239, "translation_d": 6.980625184877246e-09, "rotation_d": 4.8224617614834374e-05, "width_d": 0.0027889861112045914}