{"numgrasp": 221, "translation_d": 6.393438337546007e-09, "rotation_d": 4.8515103692082514e-05, "width_d": 0.003539624373843388}