{"numgrasp": 215, "translation_d": 5.962296212635481e-09, "rotation_d": 5.559495239985955e-05, "width_d": 0.003639132862927575}