{"numgrasp": 244, "translation_d": 5.8506480779059265e-09, "rotation_d": 5.5510902946156825e-05, "width_d": 0.0032805522650250223}