{"numgrasp": 260, "translation_d": 6.149811099514472e-09, "rotation_d": 5.537677111746672e-05, "width_d": 0.002618828982472424}