{"numgrasp": 261, "translation_d": 6.0533870536338266e-09, "rotation_d": 5.5764519402811204e-05, "width_d": 0.0023985065555845245}