{"numgrasp": 247, "translation_d": 6.012156270031409e-09, "rotation_d": 5.3887138247937574e-05, "width_d": 0.0020625383359750443}