{"numgrasp": 242, "translation_d": 7.593569272797448e-09, "rotation_d": 5.7610943813797975e-05, "width_d": 0.003342937647958505}