{"numgrasp": 275, "translation_d": 5.27173985830151e-09, "rotation_d": 5.918080084642626e-05, "width_d": 0.0018600978149541244}