{"numgrasp": 253, "translation_d": 5.067247023814984e-09, "rotation_d": 6.00564676309783e-05, "width_d": 0.002981521253159892}