{"numgrasp": 245, "translation_d": 7.105621798928902e-09, "rotation_d": 5.6431274815837386e-05, "width_d": 0.0037457978062752162}