{"numgrasp": 244, "translation_d": 5.299048970316215e-09, "rotation_d": 6.0358269629047713e-05, "width_d": 0.00349815879698703}