{"numgrasp": 240, "translation_d": 5.617098534100468e-09, "rotation_d": 5.9869338383947035e-05, "width_d": 0.0037911433349656753}