{"numgrasp": 215, "translation_d": 5.177559706244982e-09, "rotation_d": 6.021036542114163e-05, "width_d": 0.0041331507559923255}