{"numgrasp": 246, "translation_d": 5.294062430736624e-09, "rotation_d": 5.780674900201282e-05, "width_d": 0.00443495922799151}