{"numgrasp": 255, "translation_d": 5.064842584025195e-09, "rotation_d": 5.796414576244057e-05, "width_d": 0.0038033209537719137}