{"numgrasp": 270, "translation_d": 5.428456701785503e-09, "rotation_d": 5.8213404018381284e-05, "width_d": 0.003414489258920216}