{"numgrasp": 274, "translation_d": 5.369574579281937e-09, "rotation_d": 5.75294288628739e-05, "width_d": 0.0028147297086939024}