{"numgrasp": 260, "translation_d": 5.195480144404126e-09, "rotation_d": 5.711310757240484e-05, "width_d": 0.00217507729301861}