{"numgrasp": 260, "translation_d": 4.995311943445141e-09, "rotation_d": 5.669722063631476e-05, "width_d": 0.0019441034208101703}