{"numgrasp": 251, "translation_d": 4.648816045135982e-09, "rotation_d": 5.161593679527975e-05, "width_d": 0.0035037641973560277}