{"numgrasp": 252, "translation_d": 4.760123659622878e-09, "rotation_d": 5.122219039987218e-05, "width_d": 0.0037284738588599354}