{"numgrasp": 208, "translation_d": 4.359458356410707e-09, "rotation_d": 5.094606455823924e-05, "width_d": 0.005181199032795871}