{"numgrasp": 226, "translation_d": 6.761242731300547e-09, "rotation_d": 5.3029792399733465e-05, "width_d": 0.003505709289586345}