{"numgrasp": 224, "translation_d": 4.381166146719414e-09, "rotation_d": 4.518279879996519e-05, "width_d": 0.004804761190899482}