{"numgrasp": 223, "translation_d": 4.474599228197824e-09, "rotation_d": 4.521632517214496e-05, "width_d": 0.004842636262940174}