{"numgrasp": 227, "translation_d": 4.62024695734253e-09, "rotation_d": 4.522813202748496e-05, "width_d": 0.004804192838864134}