{"numgrasp": 222, "translation_d": 4.3152240448383445e-09, "rotation_d": 4.5794011853426575e-05, "width_d": 0.004676227880131557}