{"numgrasp": 227, "translation_d": 4.330079650778913e-09, "rotation_d": 4.518959865741425e-05, "width_d": 0.0048574460709234525}