{"numgrasp": 224, "translation_d": 4.437572797644309e-09, "rotation_d": 4.541925795260933e-05, "width_d": 0.004809784165991219}