{"numgrasp": 224, "translation_d": 4.59558204401623e-09, "rotation_d": 4.587482115395718e-05, "width_d": 0.0047241053479554936}