{"numgrasp": 221, "translation_d": 4.526154389228209e-09, "rotation_d": 4.563953758182738e-05, "width_d": 0.004684013959038383}