{"numgrasp": 222, "translation_d": 4.634368264251964e-09, "rotation_d": 4.6098214028658936e-05, "width_d": 0.0046451323825026656}