{"numgrasp": 226, "translation_d": 4.36183799269446e-09, "rotation_d": 4.528815475902749e-05, "width_d": 0.0047340124525358605}