{"numgrasp": 226, "translation_d": 4.407418941276884e-09, "rotation_d": 4.539721759760663e-05, "width_d": 0.004876734772782083}