{"numgrasp": 223, "translation_d": 4.411528277155457e-09, "rotation_d": 4.5497366317983544e-05, "width_d": 0.004816897753607582}