{"numgrasp": 224, "translation_d": 4.3873341909947515e-09, "rotation_d": 4.561266648477729e-05, "width_d": 0.004850863125961641}