{"numgrasp": 244, "translation_d": 7.4284289676158805e-09, "rotation_d": 5.46155103457097e-05, "width_d": 0.0032055106645448275}