{"numgrasp": 250, "translation_d": 7.72599424602554e-09, "rotation_d": 5.18711902600844e-05, "width_d": 0.0025050241623078146}