{"numgrasp": 221, "translation_d": 4.405575441209181e-09, "rotation_d": 4.496687301492534e-05, "width_d": 0.004822530249925196}