{"numgrasp": 221, "translation_d": 4.483602621158066e-09, "rotation_d": 4.57146990739221e-05, "width_d": 0.0046820831240540145}