{"numgrasp": 225, "translation_d": 4.474262973902611e-09, "rotation_d": 4.552948728967711e-05, "width_d": 0.004799294917773123}