{"numgrasp": 223, "translation_d": 4.2360905640037084e-09, "rotation_d": 4.5489216494055706e-05, "width_d": 0.004820060121268549}