{"numgrasp": 221, "translation_d": 4.088575280784742e-09, "rotation_d": 4.5689690697916215e-05, "width_d": 0.004681776458672011}