{"numgrasp": 222, "translation_d": 4.433753527463593e-09, "rotation_d": 4.562686616411049e-05, "width_d": 0.004675438624434783}