{"numgrasp": 227, "translation_d": 4.562477269221907e-09, "rotation_d": 4.51783211019264e-05, "width_d": 0.004981378404996085}