{"numgrasp": 226, "translation_d": 4.441185811807991e-09, "rotation_d": 4.52819077009522e-05, "width_d": 0.004816912181654837}