{"numgrasp": 250, "translation_d": 7.796281883136823e-09, "rotation_d": 5.724799159546183e-05, "width_d": 0.002970791042348652}