{"numgrasp": 221, "translation_d": 4.3674410953203674e-09, "rotation_d": 4.6122037217211846e-05, "width_d": 0.004501210901117794}