{"numgrasp": 224, "translation_d": 4.487386387682504e-09, "rotation_d": 4.55052306051215e-05, "width_d": 0.004809383534318419}