{"numgrasp": 226, "translation_d": 4.525523351277568e-09, "rotation_d": 4.535230245315234e-05, "width_d": 0.004786845826283986}