{"numgrasp": 224, "translation_d": 4.286111838705005e-09, "rotation_d": 4.535079140517411e-05, "width_d": 0.004804950639374578}