{"numgrasp": 224, "translation_d": 4.63971035713755e-09, "rotation_d": 4.589992852066933e-05, "width_d": 0.004662189018582323}