{"numgrasp": 221, "translation_d": 4.327500766029506e-09, "rotation_d": 4.5651082902941206e-05, "width_d": 0.004589742100560465}