{"numgrasp": 222, "translation_d": 4.356245995260919e-09, "rotation_d": 4.5449886685993134e-05, "width_d": 0.004822577140760584}