{"numgrasp": 227, "translation_d": 4.38889060478877e-09, "rotation_d": 4.547796122110184e-05, "width_d": 0.004776145608909055}