{"numgrasp": 268, "translation_d": 8.096036057585495e-09, "rotation_d": 5.751660971005545e-05, "width_d": 0.0022899617328019754}