{"numgrasp": 261, "translation_d": 7.743855169301891e-09, "rotation_d": 5.413902119259536e-05, "width_d": 0.0024293570275368066}