{"numgrasp": 244, "translation_d": 7.271991228701357e-09, "rotation_d": 5.924599681977551e-05, "width_d": 0.001996848161854031}