{"numgrasp": 268, "translation_d": 7.53762004652167e-09, "rotation_d": 5.858248044336581e-05, "width_d": 0.0020481636790149024}