{"numgrasp": 255, "translation_d": 7.941550630895631e-09, "rotation_d": 5.6855860811959884e-05, "width_d": 0.0022080816798921783}