{"numgrasp": 265, "translation_d": 7.59973896311035e-09, "rotation_d": 5.5931660852770216e-05, "width_d": 0.002436410121903939}