{"numgrasp": 246, "translation_d": 7.501054052699625e-09, "rotation_d": 5.364109159013933e-05, "width_d": 0.002493894077847821}