{"numgrasp": 263, "translation_d": 7.490680508318674e-09, "rotation_d": 5.5563883394227625e-05, "width_d": 0.0025466328632220295}