{"numgrasp": 249, "translation_d": 7.545461200904352e-09, "rotation_d": 5.065709133931002e-05, "width_d": 0.0030478064036702623}