{"numgrasp": 228, "translation_d": 7.569671976075694e-09, "rotation_d": 5.1869762327856976e-05, "width_d": 0.002966888854745958}