{"numgrasp": 235, "translation_d": 7.689159626962122e-09, "rotation_d": 4.902067284898311e-05, "width_d": 0.003165806877721062}