{"numgrasp": 222, "translation_d": 7.111563657436461e-09, "rotation_d": 4.45082525891406e-05, "width_d": 0.003218853397749571}