{"numgrasp": 237, "translation_d": 7.752003018060701e-09, "rotation_d": 4.384059862707957e-05, "width_d": 0.0029035666478657526}