{"numgrasp": 243, "translation_d": 7.766251764292668e-09, "rotation_d": 4.633199959348342e-05, "width_d": 0.002268376510470357}