{"numgrasp": 263, "translation_d": 7.957440044028094e-09, "rotation_d": 5.7413405138734715e-05, "width_d": 0.0027459731661759394}