{"numgrasp": 259, "translation_d": 7.132968810871168e-09, "rotation_d": 4.759105092437687e-05, "width_d": 0.00198114485774918}