{"numgrasp": 265, "translation_d": 7.095236181946253e-09, "rotation_d": 4.53731470826633e-05, "width_d": 0.0018528868788282023}