{"numgrasp": 266, "translation_d": 7.251059120200891e-09, "rotation_d": 4.1164713603266194e-05, "width_d": 0.002035757829991158}