{"numgrasp": 255, "translation_d": 7.170193841119238e-09, "rotation_d": 4.195596533670421e-05, "width_d": 0.0021398621195766656}