{"numgrasp": 242, "translation_d": 6.963036891452334e-09, "rotation_d": 4.1726199912690467e-05, "width_d": 0.002307438807432494}