{"numgrasp": 237, "translation_d": 7.231189914840647e-09, "rotation_d": 4.1693751913655954e-05, "width_d": 0.002459063251735946}