{"numgrasp": 228, "translation_d": 6.757259828426141e-09, "rotation_d": 4.165178081281249e-05, "width_d": 0.0025279531484226014}