{"numgrasp": 223, "translation_d": 6.9043719572812594e-09, "rotation_d": 4.1696297256671984e-05, "width_d": 0.002607537998418406}