{"numgrasp": 238, "translation_d": 6.765418803557198e-09, "rotation_d": 4.3131699807811706e-05, "width_d": 0.002625359163491805}