{"numgrasp": 266, "translation_d": 7.790318903967916e-09, "rotation_d": 5.7923794901948275e-05, "width_d": 0.0029677993004899907}