{"numgrasp": 264, "translation_d": 7.009196586773784e-09, "rotation_d": 4.074716059571949e-05, "width_d": 0.0019571854954302287}