{"numgrasp": 262, "translation_d": 6.968219390310363e-09, "rotation_d": 4.0502037806942126e-05, "width_d": 0.001874371474581465}