{"numgrasp": 225, "translation_d": 6.2528525903374104e-09, "rotation_d": 4.3114302381959404e-05, "width_d": 0.0018316040100237008}