{"numgrasp": 234, "translation_d": 6.4132658351031146e-09, "rotation_d": 4.407838674259828e-05, "width_d": 0.0017478290109742486}