{"numgrasp": 251, "translation_d": 6.606615957594384e-09, "rotation_d": 4.815936686821256e-05, "width_d": 0.002462483177686624}