{"numgrasp": 363, "translation_d": 6.426005909437689e-09, "rotation_d": 5.0006918075041156e-05, "width_d": 0.002510492469239135}