{"numgrasp": 350, "translation_d": 5.88568825934983e-09, "rotation_d": 5.313232568340947e-05, "width_d": 0.004323141831270275}