{"numgrasp": 341, "translation_d": 6.305579115094283e-09, "rotation_d": 5.287070394878988e-05, "width_d": 0.004362327285549063}