{"numgrasp": 353, "translation_d": 6.015518742268595e-09, "rotation_d": 5.438461827138083e-05, "width_d": 0.004668060842163257}