{"numgrasp": 343, "translation_d": 5.9263138260724686e-09, "rotation_d": 5.4644129388216904e-05, "width_d": 0.00446491489608059}