{"numgrasp": 361, "translation_d": 5.944019267459142e-09, "rotation_d": 5.437833091482714e-05, "width_d": 0.0038556335944911232}