{"numgrasp": 352, "translation_d": 5.99645236251769e-09, "rotation_d": 5.522688004680305e-05, "width_d": 0.002681552800261419}