{"numgrasp": 286, "translation_d": 6.161436178357619e-09, "rotation_d": 5.2380951760181324e-05, "width_d": 0.003260806371633009}