{"numgrasp": 336, "translation_d": 6.249715342923091e-09, "rotation_d": 5.577670160705004e-05, "width_d": 0.0024914580371512302}