{"numgrasp": 315, "translation_d": 5.792548610201554e-09, "rotation_d": 4.728563477100743e-05, "width_d": 0.002470499554845345}