{"numgrasp": 355, "translation_d": 6.219528755690827e-09, "rotation_d": 5.060307926567695e-05, "width_d": 0.002765094514906988}