{"numgrasp": 304, "translation_d": 6.029480287224373e-09, "rotation_d": 4.9991270727142645e-05, "width_d": 0.004259521119066462}