{"numgrasp": 321, "translation_d": 5.858131273326853e-09, "rotation_d": 5.1407441071302025e-05, "width_d": 0.004539045306751078}