{"numgrasp": 261, "translation_d": 6.1741961914169995e-09, "rotation_d": 5.179212555557267e-05, "width_d": 0.003482677904983319}