{"numgrasp": 357, "translation_d": 5.659413294873335e-09, "rotation_d": 4.306709771418685e-05, "width_d": 0.0028614673331771004}