{"numgrasp": 353, "translation_d": 5.8145733820985145e-09, "rotation_d": 4.279835673424292e-05, "width_d": 0.0023758084546909946}