{"numgrasp": 374, "translation_d": 5.527933542267872e-09, "rotation_d": 4.336480520701991e-05, "width_d": 0.0028593597889076112}