{"numgrasp": 347, "translation_d": 5.549664960403917e-09, "rotation_d": 4.4032659448332165e-05, "width_d": 0.0029589181460079566}