{"numgrasp": 353, "translation_d": 5.325354647418508e-09, "rotation_d": 4.3748109535384495e-05, "width_d": 0.003648689107935842}