{"numgrasp": 367, "translation_d": 5.386961928716342e-09, "rotation_d": 4.38336493300852e-05, "width_d": 0.004317112657162791}