{"numgrasp": 333, "translation_d": 5.510679205043158e-09, "rotation_d": 4.7785120726321956e-05, "width_d": 0.0036604177592444082}