{"numgrasp": 333, "translation_d": 5.633708821707495e-09, "rotation_d": 4.791417468249456e-05, "width_d": 0.0031839597934261183}