{"numgrasp": 341, "translation_d": 5.713326949978571e-09, "rotation_d": 4.8188956042221674e-05, "width_d": 0.0030784716666206516}