{"numgrasp": 335, "translation_d": 5.943892777245357e-09, "rotation_d": 4.967029098757509e-05, "width_d": 0.0027987097583686183}