{"numgrasp": 258, "translation_d": 5.8282433329904054e-09, "rotation_d": 4.7718524053449866e-05, "width_d": 0.003702234271704179}