{"numgrasp": 323, "translation_d": 5.99222584593646e-09, "rotation_d": 5.7458741389505226e-05, "width_d": 0.002505721339982018}