{"numgrasp": 335, "translation_d": 5.950672689775304e-09, "rotation_d": 5.36894743033953e-05, "width_d": 0.0032925277894898333}