{"numgrasp": 337, "translation_d": 5.71192728725468e-09, "rotation_d": 5.2489181032605436e-05, "width_d": 0.0029483143499749926}