{"numgrasp": 324, "translation_d": 6.003589534398217e-09, "rotation_d": 5.1654556828656166e-05, "width_d": 0.0030211181688540355}