{"numgrasp": 353, "translation_d": 5.7361463719269926e-09, "rotation_d": 5.011177540889252e-05, "width_d": 0.003917532545462194}