{"numgrasp": 316, "translation_d": 5.78886325178414e-09, "rotation_d": 4.941812722776012e-05, "width_d": 0.0037588196341478038}