{"numgrasp": 329, "translation_d": 5.5414885845335804e-09, "rotation_d": 4.923950201284567e-05, "width_d": 0.004660459902051368}