{"numgrasp": 346, "translation_d": 5.67029327920919e-09, "rotation_d": 5.6965873071130414e-05, "width_d": 0.002439153630436328}