{"numgrasp": 354, "translation_d": 5.6525128466210595e-09, "rotation_d": 5.468228860205476e-05, "width_d": 0.0024704188649544542}