{"numgrasp": 357, "translation_d": 5.7045258688070215e-09, "rotation_d": 5.62606349107555e-05, "width_d": 0.0028928879407440966}