{"numgrasp": 327, "translation_d": 5.924698919351177e-09, "rotation_d": 5.414097280163942e-05, "width_d": 0.0033874533006151915}