{"numgrasp": 325, "translation_d": 5.606541778926818e-09, "rotation_d": 5.3315480213112554e-05, "width_d": 0.00430302607698699}