{"numgrasp": 325, "translation_d": 5.664759459208381e-09, "rotation_d": 5.25173803395004e-05, "width_d": 0.004801877206953328}