{"numgrasp": 321, "translation_d": 5.329741047329005e-09, "rotation_d": 5.1518913476125745e-05, "width_d": 0.004739732706547827}