{"numgrasp": 352, "translation_d": 5.930998703593432e-09, "rotation_d": 5.171745619778516e-05, "width_d": 0.002827851025048632}