{"numgrasp": 346, "translation_d": 5.856569385067813e-09, "rotation_d": 4.6776589051066416e-05, "width_d": 0.0024784257568553495}