{"numgrasp": 332, "translation_d": 5.882538282479922e-09, "rotation_d": 0.0001173935685942596, "width_d": 0.0034133003705554377}