{"numgrasp": 329, "translation_d": 6.049016845575083e-09, "rotation_d": 5.036385223005402e-05, "width_d": 0.003860557576443523}