{"numgrasp": 333, "translation_d": 5.8560967434488824e-09, "rotation_d": 5.016560734477142e-05, "width_d": 0.004443095142430974}