{"numgrasp": 327, "translation_d": 5.364697457603281e-09, "rotation_d": 5.1185895828172024e-05, "width_d": 0.004472622089426367}