{"numgrasp": 313, "translation_d": 6.606298936346876e-09, "rotation_d": 5.024085599440705e-05, "width_d": 0.002482808605763339}