{"numgrasp": 311, "translation_d": 6.538700108729373e-09, "rotation_d": 5.543481154817167e-05, "width_d": 0.002407398291867095}