{"numgrasp": 327, "translation_d": 6.365034303495479e-09, "rotation_d": 4.847908322244665e-05, "width_d": 0.0023013165046914382}