{"numgrasp": 269, "translation_d": 5.941954805210728e-09, "rotation_d": 4.3110593359039846e-05, "width_d": 0.0034313869903688046}