{"numgrasp": 275, "translation_d": 6.218224471937478e-09, "rotation_d": 4.3669965326331645e-05, "width_d": 0.003766224850404416}