{"numgrasp": 275, "translation_d": 5.755626600182532e-09, "rotation_d": 4.5659040572996275e-05, "width_d": 0.003767322955802033}