{"numgrasp": 313, "translation_d": 6.060956345615935e-09, "rotation_d": 4.292209481013686e-05, "width_d": 0.003809542613127762}