{"numgrasp": 297, "translation_d": 5.924189363650525e-09, "rotation_d": 4.4001711385356026e-05, "width_d": 0.0033652484517052612}