{"numgrasp": 278, "translation_d": 5.691335778668221e-09, "rotation_d": 4.343115224126578e-05, "width_d": 0.0033603001583385307}