{"numgrasp": 322, "translation_d": 6.185936518846004e-09, "rotation_d": 4.290021325510801e-05, "width_d": 0.002512882572937859}