{"numgrasp": 335, "translation_d": 6.227226294597671e-09, "rotation_d": 4.5630936409771164e-05, "width_d": 0.002544049743983218}