{"numgrasp": 347, "translation_d": 5.699546248519363e-09, "rotation_d": 4.6454708976016485e-05, "width_d": 0.0030521900746042956}