{"numgrasp": 343, "translation_d": 6.075355027429046e-09, "rotation_d": 4.677172529800122e-05, "width_d": 0.0029580447340431526}