{"numgrasp": 342, "translation_d": 6.048736613299021e-09, "rotation_d": 4.6893821895880984e-05, "width_d": 0.003182072035126416}