{"numgrasp": 317, "translation_d": 5.909346052946427e-09, "rotation_d": 4.800097219624629e-05, "width_d": 0.0035784291149018057}