{"numgrasp": 331, "translation_d": 6.268933964589178e-09, "rotation_d": 5.2378484181045896e-05, "width_d": 0.004311458234545241}