{"numgrasp": 354, "translation_d": 6.1318147489476265e-09, "rotation_d": 5.2178622735928424e-05, "width_d": 0.003774116888910385}