{"numgrasp": 342, "translation_d": 6.017156719117457e-09, "rotation_d": 5.296590094614073e-05, "width_d": 0.003711792731725727}