{"numgrasp": 359, "translation_d": 5.76534780837685e-09, "rotation_d": 5.29566053737289e-05, "width_d": 0.003270796986346569}