{"numgrasp": 356, "translation_d": 6.09365489256218e-09, "rotation_d": 5.2158112868974466e-05, "width_d": 0.003110123006883174}