{"numgrasp": 360, "translation_d": 5.928032294063086e-09, "rotation_d": 5.171524527292403e-05, "width_d": 0.0031417576405294505}