{"numgrasp": 360, "translation_d": 5.9810962955898725e-09, "rotation_d": 5.5436581461685545e-05, "width_d": 0.0023377400327298}