{"numgrasp": 333, "translation_d": 6.092238559049567e-09, "rotation_d": 5.496993602569351e-05, "width_d": 0.002641774202138808}