{"numgrasp": 316, "translation_d": 6.23874658645956e-09, "rotation_d": 5.393984645694689e-05, "width_d": 0.0034375108787635705}