{"numgrasp": 259, "translation_d": 5.7126669731114265e-09, "rotation_d": 5.0874073306939784e-05, "width_d": 0.004256251996662636}