{"numgrasp": 271, "translation_d": 5.93192610725173e-09, "rotation_d": 5.114239955235371e-05, "width_d": 0.004453622873945722}