{"numgrasp": 280, "translation_d": 6.1583249539833914e-09, "rotation_d": 5.0788959037708835e-05, "width_d": 0.004339721898218756}