{"numgrasp": 355, "translation_d": 7.985346635447582e-09, "rotation_d": 5.0814987170707556e-05, "width_d": 0.0038246742062957345}