{"numgrasp": 297, "translation_d": 6.1671343340876594e-09, "rotation_d": 5.1934076578475604e-05, "width_d": 0.003534283816401549}