{"numgrasp": 311, "translation_d": 6.405425910303865e-09, "rotation_d": 5.154739133341501e-05, "width_d": 0.0035319273606481245}