{"numgrasp": 288, "translation_d": 6.5939129551989895e-09, "rotation_d": 5.230138093423313e-05, "width_d": 0.0034914679264593383}