{"numgrasp": 313, "translation_d": 5.912873683446327e-09, "rotation_d": 5.317010481744493e-05, "width_d": 0.0032806341886191634}