{"numgrasp": 278, "translation_d": 6.034527430161847e-09, "rotation_d": 5.301653846694234e-05, "width_d": 0.0034610215657105816}