{"numgrasp": 290, "translation_d": 5.660122983622853e-09, "rotation_d": 5.017875604534092e-05, "width_d": 0.0036630643610024035}