{"numgrasp": 277, "translation_d": 5.49620349125888e-09, "rotation_d": 4.807872162853006e-05, "width_d": 0.003184940069615594}