{"numgrasp": 281, "translation_d": 5.279717651977176e-09, "rotation_d": 4.732514606494351e-05, "width_d": 0.003204756999309076}