{"numgrasp": 278, "translation_d": 5.358197077095843e-09, "rotation_d": 4.730931692944594e-05, "width_d": 0.003475903509935292}