{"numgrasp": 256, "translation_d": 5.233595683640791e-09, "rotation_d": 4.643396536213108e-05, "width_d": 0.0037982925187144004}