{"numgrasp": 270, "translation_d": 5.066971350808703e-09, "rotation_d": 4.52370808939381e-05, "width_d": 0.0033569033599671295}