{"numgrasp": 273, "translation_d": 5.3524049061378015e-09, "rotation_d": 4.8720850666047485e-05, "width_d": 0.0033325353925177997}