{"numgrasp": 294, "translation_d": 5.424154648464635e-09, "rotation_d": 4.790520291589947e-05, "width_d": 0.003323104309137525}