{"numgrasp": 257, "translation_d": 5.53847339848389e-09, "rotation_d": 4.624004128289626e-05, "width_d": 0.0031818487893262113}