{"numgrasp": 255, "translation_d": 5.389575037029951e-09, "rotation_d": 4.5368335101641934e-05, "width_d": 0.0028204105583200007}