{"numgrasp": 175, "translation_d": 5.164824270183384e-09, "rotation_d": 4.9635950764640874e-05, "width_d": 0.0035242581963138113}