{"numgrasp": 330, "translation_d": 7.352948902535853e-09, "rotation_d": 5.0728123823230064e-05, "width_d": 0.003825985388864945}