{"numgrasp": 248, "translation_d": 5.456682949781489e-09, "rotation_d": 5.3490667899137877e-05, "width_d": 0.003548518700863937}