{"numgrasp": 227, "translation_d": 5.378122428625111e-09, "rotation_d": 5.467711588649875e-05, "width_d": 0.003933853755438539}