{"numgrasp": 258, "translation_d": 4.9975249578301515e-09, "rotation_d": 5.353116716657516e-05, "width_d": 0.0037477257629788137}