{"numgrasp": 290, "translation_d": 5.2343808763670724e-09, "rotation_d": 5.301198754154526e-05, "width_d": 0.003753492814996209}