{"numgrasp": 299, "translation_d": 4.9824577798686224e-09, "rotation_d": 5.176660316523966e-05, "width_d": 0.003767193038737926}