{"numgrasp": 339, "translation_d": 7.199191872959952e-09, "rotation_d": 5.07016931422273e-05, "width_d": 0.0038905072831707526}