{"numgrasp": 272, "translation_d": 5.072724636891496e-09, "rotation_d": 5.3095282707809845e-05, "width_d": 0.004033106517035938}