{"numgrasp": 253, "translation_d": 4.9481142247652555e-09, "rotation_d": 5.366570034616464e-05, "width_d": 0.004113779625655835}