{"numgrasp": 203, "translation_d": 5.208514780857864e-09, "rotation_d": 5.2799546794708206e-05, "width_d": 0.003863074327930972}