{"numgrasp": 226, "translation_d": 5.215449290231219e-09, "rotation_d": 5.546536303194499e-05, "width_d": 0.004554428406536436}