{"numgrasp": 219, "translation_d": 5.1769947407149446e-09, "rotation_d": 5.6053834179688324e-05, "width_d": 0.004101042375068298}