{"numgrasp": 226, "translation_d": 4.859226955801789e-09, "rotation_d": 5.641718402610868e-05, "width_d": 0.004404958739851378}