{"numgrasp": 211, "translation_d": 5.41845325036083e-09, "rotation_d": 5.6777665972348485e-05, "width_d": 0.004503317467585987}