{"numgrasp": 223, "translation_d": 5.516173590432439e-09, "rotation_d": 5.611813337301998e-05, "width_d": 0.004210939072878827}