{"numgrasp": 195, "translation_d": 5.288408416095884e-09, "rotation_d": 5.5212797412874703e-05, "width_d": 0.004066869291616046}