{"numgrasp": 170, "translation_d": 5.099454026933774e-09, "rotation_d": 5.340408082150152e-05, "width_d": 0.004000537856912779}