{"numgrasp": 337, "translation_d": 7.571942405032398e-09, "rotation_d": 4.955624249421365e-05, "width_d": 0.003815444424387115}