{"numgrasp": 179, "translation_d": 5.228410411409079e-09, "rotation_d": 5.115305954803294e-05, "width_d": 0.004100225556614228}