{"numgrasp": 188, "translation_d": 5.3897394117789984e-09, "rotation_d": 5.309984994027092e-05, "width_d": 0.0039106779501071635}