{"numgrasp": 198, "translation_d": 5.1786212090708126e-09, "rotation_d": 5.262451638119352e-05, "width_d": 0.003942847268427121}