{"numgrasp": 194, "translation_d": 4.874355637002788e-09, "rotation_d": 5.40422855039129e-05, "width_d": 0.004617052148612105}