{"numgrasp": 184, "translation_d": 4.9936386893371255e-09, "rotation_d": 5.5450961640369195e-05, "width_d": 0.004585562760129692}