{"numgrasp": 186, "translation_d": 5.530093272005029e-09, "rotation_d": 5.57306879663545e-05, "width_d": 0.004561592867886306}