{"numgrasp": 184, "translation_d": 4.77747323649644e-09, "rotation_d": 5.241808462169289e-05, "width_d": 0.004859027164311058}