{"numgrasp": 190, "translation_d": 5.262169962430275e-09, "rotation_d": 5.3142061170441285e-05, "width_d": 0.00477552572602714}