{"numgrasp": 183, "translation_d": 5.102815826235712e-09, "rotation_d": 5.210807459734198e-05, "width_d": 0.004711960023035671}