{"numgrasp": 189, "translation_d": 5.488806739958541e-09, "rotation_d": 5.064656463699967e-05, "width_d": 0.004421886215496951}