{"numgrasp": 182, "translation_d": 5.240864095669108e-09, "rotation_d": 4.925266739843621e-05, "width_d": 0.0043058012688032}