{"numgrasp": 190, "translation_d": 5.0968352458676105e-09, "rotation_d": 4.79908311173984e-05, "width_d": 0.004387340808620869}