{"numgrasp": 211, "translation_d": 5.091876631822742e-09, "rotation_d": 4.639838233992991e-05, "width_d": 0.004080415215928847}