{"numgrasp": 212, "translation_d": 5.040485231507303e-09, "rotation_d": 4.59050382387889e-05, "width_d": 0.004417960608251051}