{"numgrasp": 204, "translation_d": 4.762472049014283e-09, "rotation_d": 4.622087678497071e-05, "width_d": 0.0042803093778371205}