{"numgrasp": 195, "translation_d": 4.966703035908095e-09, "rotation_d": 4.648578902360044e-05, "width_d": 0.004280170004773857}