{"numgrasp": 193, "translation_d": 4.8914770479142406e-09, "rotation_d": 4.8221797658986075e-05, "width_d": 0.004440794412507943}