{"numgrasp": 193, "translation_d": 4.831205232659941e-09, "rotation_d": 4.779643980316835e-05, "width_d": 0.004411865209516172}