{"numgrasp": 194, "translation_d": 4.975734887502004e-09, "rotation_d": 4.8296979223008445e-05, "width_d": 0.004736600127609284}