{"numgrasp": 277, "translation_d": 7.07556896531174e-09, "rotation_d": 4.460101276086181e-05, "width_d": 0.003959207756567079}