{"numgrasp": 270, "translation_d": 7.25138181333938e-09, "rotation_d": 4.426379906076051e-05, "width_d": 0.0038426529794350953}