{"numgrasp": 233, "translation_d": 6.690574188167227e-09, "rotation_d": 4.233988492702491e-05, "width_d": 0.003792126317670869}