{"numgrasp": 265, "translation_d": 6.342621212767877e-09, "rotation_d": 4.187276309996267e-05, "width_d": 0.0036907775729755074}