{"numgrasp": 267, "translation_d": 6.612784675675581e-09, "rotation_d": 4.212123507265876e-05, "width_d": 0.0035383613419370055}