{"numgrasp": 336, "translation_d": 6.746800727087182e-09, "rotation_d": 4.662407589149782e-05, "width_d": 0.0035886206982100577}