{"numgrasp": 331, "translation_d": 7.193969877179467e-09, "rotation_d": 4.9004595441820755e-05, "width_d": 0.003461347249382253}