{"numgrasp": 295, "translation_d": 6.891516045219742e-09, "rotation_d": 5.1625110443975174e-05, "width_d": 0.0037816748718875488}