{"numgrasp": 301, "translation_d": 6.908919578667364e-09, "rotation_d": 5.11923284497207e-05, "width_d": 0.003857138198245021}