{"numgrasp": 360, "translation_d": 7.064723721056288e-09, "rotation_d": 5.031553058508572e-05, "width_d": 0.0034367593634149363}