{"numgrasp": 345, "translation_d": 6.530673467668454e-09, "rotation_d": 4.982743982968525e-05, "width_d": 0.0033779432469418255}