{"numgrasp": 348, "translation_d": 6.838654125289572e-09, "rotation_d": 5.029253030954553e-05, "width_d": 0.0032069389586243395}