{"numgrasp": 316, "translation_d": 6.556434102034575e-09, "rotation_d": 4.6971590597760396e-05, "width_d": 0.0033446830328581227}