{"numgrasp": 303, "translation_d": 6.454726629544527e-09, "rotation_d": 4.5539102594607837e-05, "width_d": 0.003307556950621655}