{"numgrasp": 280, "translation_d": 6.583251781704725e-09, "rotation_d": 4.2688063877005324e-05, "width_d": 0.0035791980595002064}