{"numgrasp": 321, "translation_d": 6.3127277388644144e-09, "rotation_d": 4.978919668984372e-05, "width_d": 0.003254243965720541}