{"numgrasp": 356, "translation_d": 6.619603297031405e-09, "rotation_d": 5.1622451423561334e-05, "width_d": 0.0035034015835028348}