{"numgrasp": 324, "translation_d": 6.377538825147694e-09, "rotation_d": 5.16151114752578e-05, "width_d": 0.0033528598665481016}