{"numgrasp": 304, "translation_d": 6.188720803080231e-09, "rotation_d": 5.286362820330664e-05, "width_d": 0.0031963922799023835}