{"numgrasp": 302, "translation_d": 6.5574744064546254e-09, "rotation_d": 5.209324524737494e-05, "width_d": 0.0031159907615263753}