{"numgrasp": 311, "translation_d": 7.90657878736836e-09, "rotation_d": 4.880137169924206e-05, "width_d": 0.0040250088072229595}