{"numgrasp": 307, "translation_d": 6.1371671053304934e-09, "rotation_d": 5.4790887844126874e-05, "width_d": 0.0031695134752311466}