{"numgrasp": 308, "translation_d": 6.086883037810154e-09, "rotation_d": 5.5521861333424384e-05, "width_d": 0.003223088915342972}