{"numgrasp": 314, "translation_d": 6.3106066774207145e-09, "rotation_d": 4.947731516914954e-05, "width_d": 0.0020712666711210884}