{"numgrasp": 339, "translation_d": 6.338529049771772e-09, "rotation_d": 5.516009329999928e-05, "width_d": 0.002989933452568008}