{"numgrasp": 339, "translation_d": 5.890245531436573e-09, "rotation_d": 5.3339385375438e-05, "width_d": 0.0030342078812878206}