{"numgrasp": 346, "translation_d": 5.77370971553653e-09, "rotation_d": 5.29017800261681e-05, "width_d": 0.0029753754702503527}