{"numgrasp": 338, "translation_d": 5.7873723301054935e-09, "rotation_d": 5.348816839315995e-05, "width_d": 0.0029675239708765824}