{"numgrasp": 330, "translation_d": 6.49558321428834e-09, "rotation_d": 5.14301121737509e-05, "width_d": 0.004025017462837752}