{"numgrasp": 330, "translation_d": 6.2547002201758814e-09, "rotation_d": 5.243278568380943e-05, "width_d": 0.002849133062926561}