{"numgrasp": 294, "translation_d": 6.223276120142527e-09, "rotation_d": 5.438054568643347e-05, "width_d": 0.0021761893917505454}