{"numgrasp": 293, "translation_d": 5.67281974183558e-09, "rotation_d": 4.900693107965236e-05, "width_d": 0.0021437780497141705}