{"numgrasp": 334, "translation_d": 5.8239001675527116e-09, "rotation_d": 4.74996462429433e-05, "width_d": 0.0024747860742626955}