{"numgrasp": 317, "translation_d": 6.514006437277414e-09, "rotation_d": 5.142227546164776e-05, "width_d": 0.0040683170300319345}