{"numgrasp": 335, "translation_d": 5.728135321507428e-09, "rotation_d": 4.796796700632623e-05, "width_d": 0.002677586226961552}