{"numgrasp": 329, "translation_d": 5.618543165862522e-09, "rotation_d": 4.71057130602551e-05, "width_d": 0.0031597997001452265}