{"numgrasp": 363, "translation_d": 5.477425747743955e-09, "rotation_d": 4.632667542938979e-05, "width_d": 0.0037643133270567953}