{"numgrasp": 341, "translation_d": 5.3832366471600394e-09, "rotation_d": 4.457732471500223e-05, "width_d": 0.0033032706901951108}