{"numgrasp": 316, "translation_d": 5.50958881630011e-09, "rotation_d": 4.533614746903954e-05, "width_d": 0.002692193432339366}