{"numgrasp": 335, "translation_d": 5.613200694972921e-09, "rotation_d": 4.4193699345398935e-05, "width_d": 0.002809147149042337}