{"numgrasp": 323, "translation_d": 5.370581721285672e-09, "rotation_d": 4.516830609579677e-05, "width_d": 0.0024811966173020486}