{"numgrasp": 333, "translation_d": 5.350652314255709e-09, "rotation_d": 4.521851564353956e-05, "width_d": 0.001986638955525265}