{"numgrasp": 276, "translation_d": 6.479351383653791e-09, "rotation_d": 5.041524756664384e-05, "width_d": 0.0043042253506171335}