{"numgrasp": 304, "translation_d": 5.1287232055288755e-09, "rotation_d": 4.8755295715526776e-05, "width_d": 0.001996133360602504}