{"numgrasp": 330, "translation_d": 5.018542630979322e-09, "rotation_d": 4.720938678644972e-05, "width_d": 0.0025167741660204503}