{"numgrasp": 286, "translation_d": 6.404388674951009e-09, "rotation_d": 4.965738646656423e-05, "width_d": 0.004647041100386967}