{"numgrasp": 352, "translation_d": 5.3514098213778685e-09, "rotation_d": 4.6640638379459125e-05, "width_d": 0.0033411616289729137}