{"numgrasp": 339, "translation_d": 4.8366873425250246e-09, "rotation_d": 7.80614460358835e-05, "width_d": 0.00422705754150729}