{"numgrasp": 303, "translation_d": 6.304146017153878e-09, "rotation_d": 4.648221281432436e-05, "width_d": 0.00437517998360935}