{"numgrasp": 357, "translation_d": 5.076660348961663e-09, "rotation_d": 5.2368398913922285e-05, "width_d": 0.0022233147802697105}