{"numgrasp": 325, "translation_d": 4.961350940656908e-09, "rotation_d": 5.315364477841523e-05, "width_d": 0.002062448751906907}