{"numgrasp": 317, "translation_d": 4.790212574536243e-09, "rotation_d": 5.454187761548518e-05, "width_d": 0.0020669181481191624}