{"numgrasp": 345, "translation_d": 4.996764528406578e-09, "rotation_d": 5.156947592635808e-05, "width_d": 0.0038352915295639094}