{"numgrasp": 339, "translation_d": 4.8151545364562195e-09, "rotation_d": 5.1760563084376156e-05, "width_d": 0.004641711656216491}