{"numgrasp": 333, "translation_d": 4.419043956339441e-09, "rotation_d": 5.25181224096853e-05, "width_d": 0.00519754466417858}