{"numgrasp": 346, "translation_d": 4.514700479811708e-09, "rotation_d": 5.3367785850635846e-05, "width_d": 0.004721639147047373}