{"numgrasp": 345, "translation_d": 4.672045205707238e-09, "rotation_d": 5.437964395490546e-05, "width_d": 0.004243830337168592}