{"numgrasp": 326, "translation_d": 6.651591450426172e-09, "rotation_d": 4.750094974339303e-05, "width_d": 0.003961264412066101}