{"numgrasp": 327, "translation_d": 4.918402510992237e-09, "rotation_d": 5.507262778541612e-05, "width_d": 0.0029159088331486838}