{"numgrasp": 336, "translation_d": 4.8191163987860205e-09, "rotation_d": 5.472813576739527e-05, "width_d": 0.0026122506680455043}