{"numgrasp": 329, "translation_d": 4.603532296667859e-09, "rotation_d": 5.543527627158481e-05, "width_d": 0.0024794139095017263}