{"numgrasp": 298, "translation_d": 4.542315438226514e-09, "rotation_d": 5.32077973598701e-05, "width_d": 0.0024334737134742595}