{"numgrasp": 320, "translation_d": 4.496592864794232e-09, "rotation_d": 5.1878761468565184e-05, "width_d": 0.003279350421151354}