{"numgrasp": 343, "translation_d": 4.507183484100886e-09, "rotation_d": 5.38119882287705e-05, "width_d": 0.00420789342349285}