{"numgrasp": 300, "translation_d": 4.71876289628909e-09, "rotation_d": 5.38818745116736e-05, "width_d": 0.0047609204779693855}