{"numgrasp": 308, "translation_d": 4.5715975291944756e-09, "rotation_d": 4.9760507137167856e-05, "width_d": 0.003697022725448171}