{"numgrasp": 318, "translation_d": 4.2249547107582434e-09, "rotation_d": 4.821528766191544e-05, "width_d": 0.003139249664189496}