{"numgrasp": 279, "translation_d": 4.8988589430490535e-09, "rotation_d": 4.658678750843052e-05, "width_d": 0.0025090928575587997}