{"numgrasp": 293, "translation_d": 4.660192072727743e-09, "rotation_d": 4.695376228213026e-05, "width_d": 0.0028691040589451876}