{"numgrasp": 297, "translation_d": 4.583015071250007e-09, "rotation_d": 4.6528602269459584e-05, "width_d": 0.0029109389292011944}