{"numgrasp": 278, "translation_d": 4.418519541265262e-09, "rotation_d": 4.71565194716279e-05, "width_d": 0.0031107391517509893}