{"numgrasp": 323, "translation_d": 6.9358140189766775e-09, "rotation_d": 4.93853140865568e-05, "width_d": 0.003425577155158725}