{"numgrasp": 318, "translation_d": 4.355714228554372e-09, "rotation_d": 4.689701785250243e-05, "width_d": 0.004105475091852402}