{"numgrasp": 323, "translation_d": 4.38809225061216e-09, "rotation_d": 4.6504225528998086e-05, "width_d": 0.004076182637991024}