{"numgrasp": 320, "translation_d": 6.672059186710111e-09, "rotation_d": 5.228225901099872e-05, "width_d": 0.0031621590026100596}