{"numgrasp": 314, "translation_d": 6.8200730005873836e-09, "rotation_d": 5.05340172993072e-05, "width_d": 0.00275545908840728}