{"numgrasp": 340, "translation_d": 6.655209589917588e-09, "rotation_d": 4.8059176587424433e-05, "width_d": 0.0029407616437429384}