{"numgrasp": 342, "translation_d": 6.199973415348307e-09, "rotation_d": 4.7007769482584705e-05, "width_d": 0.003922325863697242}