{"numgrasp": 349, "translation_d": 6.299497816357427e-09, "rotation_d": 4.7085469739125175e-05, "width_d": 0.0035493968702204294}