{"numgrasp": 329, "translation_d": 6.436873567298091e-09, "rotation_d": 4.5868788669008114e-05, "width_d": 0.003480504026747749}