{"numgrasp": 352, "translation_d": 6.350985511478371e-09, "rotation_d": 4.584933710898247e-05, "width_d": 0.003187265583089473}