{"numgrasp": 325, "translation_d": 6.135854678335521e-09, "rotation_d": 4.6312769348949266e-05, "width_d": 0.003052062021314905}