{"numgrasp": 323, "translation_d": 6.349894512199054e-09, "rotation_d": 4.5823547088277436e-05, "width_d": 0.0026194173820321743}