{"numgrasp": 364, "translation_d": 6.113762350483578e-09, "rotation_d": 5.040079297148792e-05, "width_d": 0.0035081768231625403}