{"numgrasp": 337, "translation_d": 6.0830802480412724e-09, "rotation_d": 5.583244263978713e-05, "width_d": 0.003666803817636932}