{"numgrasp": 341, "translation_d": 6.305832469232183e-09, "rotation_d": 5.5306943154240344e-05, "width_d": 0.0031995712186039652}