{"numgrasp": 339, "translation_d": 6.568861749840301e-09, "rotation_d": 5.404353134799102e-05, "width_d": 0.002834045219916764}