{"numgrasp": 342, "translation_d": 6.133056324373735e-09, "rotation_d": 5.266007694024496e-05, "width_d": 0.0026878589428055463}