{"numgrasp": 325, "translation_d": 6.367230859061815e-09, "rotation_d": 5.1485068275424274e-05, "width_d": 0.002584695485899308}