{"numgrasp": 308, "translation_d": 6.47087977877452e-09, "rotation_d": 5.032437480207396e-05, "width_d": 0.0022493070762420525}