{"numgrasp": 279, "translation_d": 6.19567802522536e-09, "rotation_d": 5.462052116096512e-05, "width_d": 0.0024760496465288458}