{"numgrasp": 317, "translation_d": 6.150460130166379e-09, "rotation_d": 5.587136469592917e-05, "width_d": 0.0023400616803876863}