{"numgrasp": 315, "translation_d": 6.237543361405376e-09, "rotation_d": 5.500137561626054e-05, "width_d": 0.002355753419669739}