{"numgrasp": 318, "translation_d": 6.343035320445779e-09, "rotation_d": 5.6209154425937515e-05, "width_d": 0.00257781438177943}