{"numgrasp": 326, "translation_d": 6.291809057679254e-09, "rotation_d": 5.593955416477177e-05, "width_d": 0.0027307711741041685}