{"numgrasp": 326, "translation_d": 6.84552033762496e-09, "rotation_d": 5.1827563716022494e-05, "width_d": 0.003659067980340301}