{"numgrasp": 224, "translation_d": 6.434537023137284e-09, "rotation_d": 5.731365790082135e-05, "width_d": 0.004096499076285198}