{"numgrasp": 207, "translation_d": 6.122024750604818e-09, "rotation_d": 3.860047371873685e-05, "width_d": 0.004858611393861496}