{"numgrasp": 210, "translation_d": 6.046718748380723e-09, "rotation_d": 4.011515178260166e-05, "width_d": 0.005651180750672714}