{"numgrasp": 237, "translation_d": 6.0139152806279665e-09, "rotation_d": 5.078663782663385e-05, "width_d": 0.0043559388019690694}