{"numgrasp": 207, "translation_d": 5.924254433545728e-09, "rotation_d": 4.9088127832655616e-05, "width_d": 0.004297941608368297}