{"numgrasp": 215, "translation_d": 6.052608876127796e-09, "rotation_d": 4.902192425000752e-05, "width_d": 0.003996392868417328}