{"numgrasp": 227, "translation_d": 6.259164440473989e-09, "rotation_d": 4.883752893620135e-05, "width_d": 0.004125962185961097}