{"numgrasp": 214, "translation_d": 6.305089229582037e-09, "rotation_d": 4.6864061716973306e-05, "width_d": 0.003777635789563132}