{"numgrasp": 217, "translation_d": 6.05956020146598e-09, "rotation_d": 4.6452394463942984e-05, "width_d": 0.003977355605109479}