{"numgrasp": 228, "translation_d": 5.740730955941232e-09, "rotation_d": 5.59935290254528e-05, "width_d": 0.0036037445951841744}