{"numgrasp": 219, "translation_d": 6.1530664949165395e-09, "rotation_d": 7.730844118556608e-05, "width_d": 0.004047908837456513}