{"numgrasp": 233, "translation_d": 5.900819951300667e-09, "rotation_d": 4.973063927179613e-05, "width_d": 0.004338881516207678}