{"numgrasp": 201, "translation_d": 6.087143686632818e-09, "rotation_d": 5.650467385777903e-05, "width_d": 0.004534799840423212}