{"numgrasp": 195, "translation_d": 5.790866670557684e-09, "rotation_d": 5.779076828977225e-05, "width_d": 0.005251870015391213}