{"numgrasp": 194, "translation_d": 6.137799362965924e-09, "rotation_d": 5.6274602910950965e-05, "width_d": 0.004707709568995126}