{"numgrasp": 197, "translation_d": 5.625360330611571e-09, "rotation_d": 6.07457058948783e-05, "width_d": 0.00428459724087875}