{"numgrasp": 234, "translation_d": 6.390738785691453e-09, "rotation_d": 6.05523942054985e-05, "width_d": 0.004253184834648351}