{"numgrasp": 229, "translation_d": 5.836647165444251e-09, "rotation_d": 5.341861968337307e-05, "width_d": 0.0036859116475707024}