{"numgrasp": 218, "translation_d": 6.000266885332548e-09, "rotation_d": 5.7785810863936146e-05, "width_d": 0.0037911205772277108}