{"numgrasp": 225, "translation_d": 5.885477959474172e-09, "rotation_d": 5.799962253453944e-05, "width_d": 0.004685390226203511}