{"numgrasp": 214, "translation_d": 5.711715529070038e-09, "rotation_d": 5.810772124188587e-05, "width_d": 0.004629745977140431}