{"numgrasp": 206, "translation_d": 5.9777185450537506e-09, "rotation_d": 5.759127968595141e-05, "width_d": 0.0045322002816276016}