{"numgrasp": 199, "translation_d": 5.434986197714847e-09, "rotation_d": 5.542018303652901e-05, "width_d": 0.0042913273201619145}