{"numgrasp": 214, "translation_d": 5.3101049155893415e-09, "rotation_d": 5.121591605820671e-05, "width_d": 0.004217186311899533}