{"numgrasp": 214, "translation_d": 5.915070087478153e-09, "rotation_d": 4.926716584264003e-05, "width_d": 0.0040817208838930625}