{"numgrasp": 211, "translation_d": 5.67661452395068e-09, "rotation_d": 4.86299039438661e-05, "width_d": 0.004252496030193605}