{"numgrasp": 219, "translation_d": 5.581038689534711e-09, "rotation_d": 3.613502832082019e-05, "width_d": 0.004218430686015044}