{"numgrasp": 213, "translation_d": 5.274308958833189e-09, "rotation_d": 3.816904315826736e-05, "width_d": 0.003467681108351267}