{"numgrasp": 209, "translation_d": 5.436366330940915e-09, "rotation_d": 4.398978781310814e-05, "width_d": 0.004044191870030679}