{"numgrasp": 210, "translation_d": 5.204699932983098e-09, "rotation_d": 4.386598012393829e-05, "width_d": 0.004273917171197208}