{"numgrasp": 210, "translation_d": 5.251182499071058e-09, "rotation_d": 4.2444787514710936e-05, "width_d": 0.004109285644020058}