{"numgrasp": 218, "translation_d": 5.468890222872717e-09, "rotation_d": 3.767712115239182e-05, "width_d": 0.0038474965159228064}