{"numgrasp": 209, "translation_d": 5.358906621997431e-09, "rotation_d": 3.652737743994093e-05, "width_d": 0.0037493560504346228}