{"numgrasp": 216, "translation_d": 5.516983717859265e-09, "rotation_d": 4.2886010037809535e-05, "width_d": 0.003462305892519283}