{"numgrasp": 191, "translation_d": 5.458676175784332e-09, "rotation_d": 5.348135818934604e-05, "width_d": 0.0035728472219497534}