{"numgrasp": 198, "translation_d": 5.214527623504898e-09, "rotation_d": 4.901971050130246e-05, "width_d": 0.003698564144140715}