{"numgrasp": 198, "translation_d": 5.422458688852938e-09, "rotation_d": 4.526566789400836e-05, "width_d": 0.0034318169529260847}