{"numgrasp": 216, "translation_d": 5.525388736057784e-09, "rotation_d": 4.214487556491521e-05, "width_d": 0.004193797922748061}