{"numgrasp": 237, "translation_d": 6.139003863939545e-09, "rotation_d": 5.578092586409648e-05, "width_d": 0.00419550667269234}