{"numgrasp": 215, "translation_d": 5.499990116936701e-09, "rotation_d": 4.176493138347958e-05, "width_d": 0.004279209525795131}