{"numgrasp": 206, "translation_d": 4.7791237060109725e-09, "rotation_d": 4.2009528951701874e-05, "width_d": 0.004068858616663308}