{"numgrasp": 205, "translation_d": 5.1946099205007005e-09, "rotation_d": 4.3047052820164824e-05, "width_d": 0.004057907095437507}