{"numgrasp": 194, "translation_d": 5.286460825543161e-09, "rotation_d": 4.915789011600661e-05, "width_d": 0.0037784532189137584}