{"numgrasp": 195, "translation_d": 4.973484880761895e-09, "rotation_d": 4.864162585052367e-05, "width_d": 0.003910158216597584}