{"numgrasp": 194, "translation_d": 5.4019460700262944e-09, "rotation_d": 4.9247411235830915e-05, "width_d": 0.0035174155236414985}