{"numgrasp": 234, "translation_d": 6.252184111916433e-09, "rotation_d": 5.580300951998885e-05, "width_d": 0.004266322706417092}