{"numgrasp": 205, "translation_d": 5.348095722506534e-09, "rotation_d": 4.90274787664253e-05, "width_d": 0.003961442088433258}