{"numgrasp": 208, "translation_d": 5.4130662657437094e-09, "rotation_d": 4.975329085973952e-05, "width_d": 0.00373375109820801}