{"numgrasp": 208, "translation_d": 5.2702037440601035e-09, "rotation_d": 5.075843476397759e-05, "width_d": 0.003944138764770098}