{"numgrasp": 201, "translation_d": 5.257943180274414e-09, "rotation_d": 5.063930679218321e-05, "width_d": 0.0037757801278680944}