{"numgrasp": 186, "translation_d": 5.30969509159214e-09, "rotation_d": 5.784180852639978e-05, "width_d": 0.0034159567919691903}