{"numgrasp": 199, "translation_d": 5.515559829965219e-09, "rotation_d": 6.199314679332527e-05, "width_d": 0.0035631779988587967}