{"numgrasp": 190, "translation_d": 5.250669835857166e-09, "rotation_d": 6.113581218882298e-05, "width_d": 0.0037156723335827284}