{"numgrasp": 194, "translation_d": 5.1064218916833136e-09, "rotation_d": 7.407893022629952e-05, "width_d": 0.0037297204652027953}