{"numgrasp": 187, "translation_d": 5.414110830532363e-09, "rotation_d": 5.774358655732063e-05, "width_d": 0.0038776184024091934}