{"numgrasp": 193, "translation_d": 4.920891459489878e-09, "rotation_d": 5.493676454147224e-05, "width_d": 0.004290509554265787}