{"numgrasp": 248, "translation_d": 6.069247377533235e-09, "rotation_d": 5.451692233881168e-05, "width_d": 0.004374798047712979}