{"numgrasp": 249, "translation_d": 6.3653287259037994e-09, "rotation_d": 5.3666869457662216e-05, "width_d": 0.004374416868246769}