{"numgrasp": 246, "translation_d": 5.947137716182247e-09, "rotation_d": 4.56370293378552e-05, "width_d": 0.00394668413169158}