{"numgrasp": 249, "translation_d": 6.068881989492856e-09, "rotation_d": 5.736394805180543e-05, "width_d": 0.004157594251523677}