{"numgrasp": 252, "translation_d": 6.08097201520179e-09, "rotation_d": 5.8075545794008766e-05, "width_d": 0.004313491892473353}