{"numgrasp": 251, "translation_d": 5.918850063098699e-09, "rotation_d": 5.808301666449892e-05, "width_d": 0.004338161586069976}