{"numgrasp": 241, "translation_d": 5.73500690095949e-09, "rotation_d": 5.8129166650097956e-05, "width_d": 0.004276441540574815}