{"numgrasp": 236, "translation_d": 5.867442499193084e-09, "rotation_d": 5.7052164436886866e-05, "width_d": 0.004234715640163201}