{"numgrasp": 235, "translation_d": 5.996581537995678e-09, "rotation_d": 5.591644491828399e-05, "width_d": 0.004681873114724451}