{"numgrasp": 212, "translation_d": 5.709025021765585e-09, "rotation_d": 5.3318316294211776e-05, "width_d": 0.004811448294951637}