{"numgrasp": 221, "translation_d": 5.931518415133078e-09, "rotation_d": 5.3501726946267154e-05, "width_d": 0.004905337323102647}