{"numgrasp": 252, "translation_d": 5.9063870787978565e-09, "rotation_d": 4.73841862877564e-05, "width_d": 0.004115478902123588}