{"numgrasp": 217, "translation_d": 5.948470356836937e-09, "rotation_d": 5.418145138922002e-05, "width_d": 0.0044769912169251025}