{"numgrasp": 222, "translation_d": 6.267743181770076e-09, "rotation_d": 5.4361557250788194e-05, "width_d": 0.004191170606042554}