{"numgrasp": 224, "translation_d": 5.955192885719972e-09, "rotation_d": 5.773891000104698e-05, "width_d": 0.004207193326799173}