{"numgrasp": 248, "translation_d": 5.834300975279832e-09, "rotation_d": 4.8846711887703605e-05, "width_d": 0.00420061265035956}