{"numgrasp": 229, "translation_d": 5.496737595951668e-09, "rotation_d": 5.993775262082574e-05, "width_d": 0.004200668829309822}