{"numgrasp": 227, "translation_d": 6.4057241398434895e-09, "rotation_d": 5.001894419636063e-05, "width_d": 0.004584212836973258}