{"numgrasp": 238, "translation_d": 5.817518529317146e-09, "rotation_d": 4.942554038340432e-05, "width_d": 0.004088778781910482}