{"numgrasp": 219, "translation_d": 5.990036816881649e-09, "rotation_d": 4.5692406565527754e-05, "width_d": 0.0046423523905589105}