{"numgrasp": 194, "translation_d": 6.193892090328228e-09, "rotation_d": 3.850236511026626e-05, "width_d": 0.004392353759805123}