{"numgrasp": 211, "translation_d": 6.046521602251109e-09, "rotation_d": 4.012803391954339e-05, "width_d": 0.004251403944226049}