{"numgrasp": 230, "translation_d": 6.420675410183152e-09, "rotation_d": 4.1257616466728794e-05, "width_d": 0.004385884980183636}