{"numgrasp": 224, "translation_d": 6.133697613446749e-09, "rotation_d": 4.561006116876122e-05, "width_d": 0.0042442406139155155}