{"numgrasp": 221, "translation_d": 6.335632955638702e-09, "rotation_d": 3.922322256804552e-05, "width_d": 0.004879124887254415}