{"numgrasp": 267, "translation_d": 6.338229519758625e-09, "rotation_d": 4.616096831585235e-05, "width_d": 0.0038036976785200778}