{"numgrasp": 289, "translation_d": 6.63254178674622e-09, "rotation_d": 5.511646024272052e-05, "width_d": 0.00549451285880914}