{"numgrasp": 312, "translation_d": 6.37051655593837e-09, "rotation_d": 5.5538265178754093e-05, "width_d": 0.006467989432525927}