{"numgrasp": 318, "translation_d": 6.73300645853645e-09, "rotation_d": 4.795357862413077e-05, "width_d": 0.004399818753461861}