{"numgrasp": 300, "translation_d": 6.5576399478003085e-09, "rotation_d": 5.340121884186814e-05, "width_d": 0.0049701440451879525}