{"numgrasp": 277, "translation_d": 6.618299499360643e-09, "rotation_d": 5.383930859944492e-05, "width_d": 0.0043729035481094415}