{"numgrasp": 285, "translation_d": 6.281942422453617e-09, "rotation_d": 5.4777439737493774e-05, "width_d": 0.003627748152283362}