{"numgrasp": 321, "translation_d": 6.40693973795989e-09, "rotation_d": 4.6382610859840214e-05, "width_d": 0.005783535665666595}