{"numgrasp": 304, "translation_d": 5.6972036230301195e-09, "rotation_d": 4.6967425858126946e-05, "width_d": 0.0061940082009866735}