{"numgrasp": 301, "translation_d": 5.560624936421038e-09, "rotation_d": 4.704260607201663e-05, "width_d": 0.006856105035302785}