{"numgrasp": 302, "translation_d": 5.225996999200307e-09, "rotation_d": 4.1759023109075855e-05, "width_d": 0.006923622323893193}