{"numgrasp": 309, "translation_d": 6.146342430591768e-09, "rotation_d": 4.258103810419489e-05, "width_d": 0.005971130656488556}