{"numgrasp": 324, "translation_d": 6.13813720126216e-09, "rotation_d": 4.0801222245050005e-05, "width_d": 0.00492070997097526}