{"numgrasp": 305, "translation_d": 6.126797415197778e-09, "rotation_d": 4.125752703462574e-05, "width_d": 0.004682409690387446}