{"numgrasp": 302, "translation_d": 6.472686107977095e-09, "rotation_d": 4.129595248745113e-05, "width_d": 0.004314713412956608}