{"numgrasp": 302, "translation_d": 6.441989126840957e-09, "rotation_d": 3.941362745829675e-05, "width_d": 0.003875454039080816}