{"numgrasp": 314, "translation_d": 6.457602173816767e-09, "rotation_d": 4.666993513195861e-05, "width_d": 0.004533145323044706}