{"numgrasp": 307, "translation_d": 5.646604050511289e-09, "rotation_d": 4.676760338928279e-05, "width_d": 0.003781825300355204}