{"numgrasp": 326, "translation_d": 5.780062668185103e-09, "rotation_d": 4.572211176323641e-05, "width_d": 0.005108336505493633}