{"numgrasp": 318, "translation_d": 5.671982210332834e-09, "rotation_d": 4.533757860477339e-05, "width_d": 0.005253769869279045}