{"numgrasp": 275, "translation_d": 5.163762579169164e-09, "rotation_d": 4.786688852732821e-05, "width_d": 0.006507886714836582}