{"numgrasp": 279, "translation_d": 4.962318755971285e-09, "rotation_d": 5.253029374340901e-05, "width_d": 0.006759091372367074}