{"numgrasp": 340, "translation_d": 5.083233415940806e-09, "rotation_d": 5.162239471610805e-05, "width_d": 0.004811258113883402}