{"numgrasp": 351, "translation_d": 5.209811272654221e-09, "rotation_d": 5.4312485768803455e-05, "width_d": 0.0039939680249217934}