{"numgrasp": 343, "translation_d": 5.187322199282673e-09, "rotation_d": 5.4152121141580693e-05, "width_d": 0.0039531024855429964}