{"numgrasp": 342, "translation_d": 5.443271461680993e-09, "rotation_d": 5.519749133776973e-05, "width_d": 0.00393580149903716}