{"numgrasp": 345, "translation_d": 5.020261909816331e-09, "rotation_d": 5.742648981159955e-05, "width_d": 0.003407135346245278}