{"numgrasp": 349, "translation_d": 5.1534155863954846e-09, "rotation_d": 5.750915830054199e-05, "width_d": 0.0035187867535927926}