{"numgrasp": 321, "translation_d": 4.792021621846612e-09, "rotation_d": 5.365234068060357e-05, "width_d": 0.005998172713663565}