{"numgrasp": 313, "translation_d": 4.6600884708704535e-09, "rotation_d": 5.289597722350299e-05, "width_d": 0.006570474923496413}