{"numgrasp": 337, "translation_d": 4.885674223213247e-09, "rotation_d": 5.3837835742124275e-05, "width_d": 0.005225327195984553}