{"numgrasp": 323, "translation_d": 5.11779322079106e-09, "rotation_d": 6.150287336400596e-05, "width_d": 0.004176439606878186}