{"numgrasp": 362, "translation_d": 4.808265492775127e-09, "rotation_d": 4.979183660330901e-05, "width_d": 0.0036072885733705647}