{"numgrasp": 332, "translation_d": 4.8452457047394755e-09, "rotation_d": 5.149355504108254e-05, "width_d": 0.0043536826005324105}