{"numgrasp": 324, "translation_d": 4.825394463568149e-09, "rotation_d": 5.3405722723325794e-05, "width_d": 0.004519599554194832}