{"numgrasp": 319, "translation_d": 6.84001294598102e-09, "rotation_d": 4.778895604613781e-05, "width_d": 0.0043244173635522635}