{"numgrasp": 323, "translation_d": 4.677295277370644e-09, "rotation_d": 5.250428809704425e-05, "width_d": 0.004921178500667108}