{"numgrasp": 324, "translation_d": 4.676104756897861e-09, "rotation_d": 5.2761003677537026e-05, "width_d": 0.005284556937630314}