{"numgrasp": 343, "translation_d": 4.736588727595024e-09, "rotation_d": 5.314035229746135e-05, "width_d": 0.00553009498682924}