{"numgrasp": 310, "translation_d": 4.914623638396688e-09, "rotation_d": 5.100216794516169e-05, "width_d": 0.006229848028213044}