{"numgrasp": 336, "translation_d": 4.5065371750028e-09, "rotation_d": 5.186718307569368e-05, "width_d": 0.005209273898348762}