{"numgrasp": 325, "translation_d": 5.04656361812208e-09, "rotation_d": 4.877042248640099e-05, "width_d": 0.003967868665641243}