{"numgrasp": 319, "translation_d": 4.99040035246497e-09, "rotation_d": 4.807893650401859e-05, "width_d": 0.0037855912751350424}