{"numgrasp": 314, "translation_d": 5.140567163576559e-09, "rotation_d": 4.644611900746662e-05, "width_d": 0.003572548957695056}