{"numgrasp": 326, "translation_d": 6.7364519223941375e-09, "rotation_d": 4.838902160099841e-05, "width_d": 0.0037252198343184365}