{"numgrasp": 322, "translation_d": 4.980563354340011e-09, "rotation_d": 4.477860337920322e-05, "width_d": 0.003908916525241784}