{"numgrasp": 295, "translation_d": 5.1442729681120035e-09, "rotation_d": 4.8193357146361846e-05, "width_d": 0.00375459254489101}