{"numgrasp": 303, "translation_d": 5.200635612528075e-09, "rotation_d": 4.8914383708280386e-05, "width_d": 0.00414712794438752}