{"numgrasp": 292, "translation_d": 4.859562733732717e-09, "rotation_d": 5.0080310564482214e-05, "width_d": 0.004539387959599266}