{"numgrasp": 319, "translation_d": 4.620875503186551e-09, "rotation_d": 4.904574268649944e-05, "width_d": 0.004890538436958216}