{"numgrasp": 328, "translation_d": 6.759245862736603e-09, "rotation_d": 4.7708447954460924e-05, "width_d": 0.003926412255036479}