{"numgrasp": 339, "translation_d": 6.610151561681224e-09, "rotation_d": 4.985024577386214e-05, "width_d": 0.0038497810500530026}