{"numgrasp": 326, "translation_d": 6.6048920885953885e-09, "rotation_d": 4.8642394681669304e-05, "width_d": 0.003646041459126066}