{"numgrasp": 344, "translation_d": 6.611247968069693e-09, "rotation_d": 4.846421668423769e-05, "width_d": 0.00352945193905134}