{"numgrasp": 331, "translation_d": 6.505714218944041e-09, "rotation_d": 5.2372373796380424e-05, "width_d": 0.00370138468230497}