{"numgrasp": 333, "translation_d": 6.751362613673175e-09, "rotation_d": 4.961445634667405e-05, "width_d": 0.0034725248501819013}