{"numgrasp": 339, "translation_d": 7.166881005344483e-09, "rotation_d": 4.8454385978912976e-05, "width_d": 0.003710118885593466}