{"numgrasp": 326, "translation_d": 6.997053255597349e-09, "rotation_d": 4.824887033118129e-05, "width_d": 0.004227444345688128}