{"numgrasp": 303, "translation_d": 6.7735830018494404e-09, "rotation_d": 4.87124336222873e-05, "width_d": 0.0039019538396996727}