{"numgrasp": 331, "translation_d": 6.70232411939334e-09, "rotation_d": 4.81690917903236e-05, "width_d": 0.004223907481903815}