{"numgrasp": 306, "translation_d": 6.569188812334523e-09, "rotation_d": 4.8228398337050356e-05, "width_d": 0.004440173831785038}