{"numgrasp": 299, "translation_d": 6.404570529401766e-09, "rotation_d": 4.864914290080838e-05, "width_d": 0.0044580375830998095}