{"numgrasp": 302, "translation_d": 6.966792731214042e-09, "rotation_d": 4.810692775135294e-05, "width_d": 0.0042231681596954255}