{"numgrasp": 314, "translation_d": 6.823374193160058e-09, "rotation_d": 4.732236839466947e-05, "width_d": 0.0036139134983319133}