{"numgrasp": 334, "translation_d": 6.7562566967871074e-09, "rotation_d": 4.540054501786763e-05, "width_d": 0.0034300860194123794}