{"numgrasp": 320, "translation_d": 6.817182263080661e-09, "rotation_d": 5.078320945280108e-05, "width_d": 0.0039623071441091005}