{"numgrasp": 315, "translation_d": 6.8226609129443504e-09, "rotation_d": 5.147400883242188e-05, "width_d": 0.004156065996989251}