{"numgrasp": 311, "translation_d": 7.153051726134613e-09, "rotation_d": 5.226494404310568e-05, "width_d": 0.004496530302019342}