{"numgrasp": 313, "translation_d": 7.213895861891359e-09, "rotation_d": 5.2600822518697e-05, "width_d": 0.004521696257900429}