{"numgrasp": 297, "translation_d": 6.8179200694340985e-09, "rotation_d": 5.2795141217043435e-05, "width_d": 0.004911861965214281}