{"numgrasp": 293, "translation_d": 6.630900894068815e-09, "rotation_d": 5.3931065757417804e-05, "width_d": 0.004432326221558141}