{"numgrasp": 316, "translation_d": 7.040039711734524e-09, "rotation_d": 5.3463686167616195e-05, "width_d": 0.003404767017800491}