{"numgrasp": 301, "translation_d": 6.547398216363052e-09, "rotation_d": 5.792692736930992e-05, "width_d": 0.003329880684770621}