{"numgrasp": 311, "translation_d": 6.5918626881283415e-09, "rotation_d": 4.847142000032993e-05, "width_d": 0.004215634525921938}