{"numgrasp": 323, "translation_d": 5.5880294657901976e-09, "rotation_d": 5.760207138889588e-05, "width_d": 0.004338393636856483}