{"numgrasp": 337, "translation_d": 5.56502954015668e-09, "rotation_d": 5.7403995809651236e-05, "width_d": 0.0052106337030232526}