{"numgrasp": 317, "translation_d": 5.589859091626197e-09, "rotation_d": 5.016064515410098e-05, "width_d": 0.00572633713655145}