{"numgrasp": 327, "translation_d": 5.9231348224220104e-09, "rotation_d": 4.799895918291763e-05, "width_d": 0.002415600412912289}