{"numgrasp": 304, "translation_d": 5.697554195483189e-09, "rotation_d": 3.9770031181632174e-05, "width_d": 0.0015675616915887636}