{"numgrasp": 307, "translation_d": 5.908610057885815e-09, "rotation_d": 4.9680934384804215e-05, "width_d": 0.00208193920059147}