{"numgrasp": 313, "translation_d": 5.834529730859204e-09, "rotation_d": 3.883323092937379e-05, "width_d": 0.0021913577254778853}