{"numgrasp": 325, "translation_d": 5.882773719659804e-09, "rotation_d": 3.8590958200036624e-05, "width_d": 0.0024028615371966557}