{"numgrasp": 331, "translation_d": 5.439213100836785e-09, "rotation_d": 3.8036215105186253e-05, "width_d": 0.003634638626671793}