{"numgrasp": 347, "translation_d": 5.779321533162185e-09, "rotation_d": 3.81261504281963e-05, "width_d": 0.004028653022170599}