{"numgrasp": 308, "translation_d": 5.9609391730955536e-09, "rotation_d": 3.9597927917595335e-05, "width_d": 0.0015068890563984503}