{"numgrasp": 340, "translation_d": 5.349075406579511e-09, "rotation_d": 3.9744306787105374e-05, "width_d": 0.005486203804444805}