{"numgrasp": 323, "translation_d": 5.126040952691434e-09, "rotation_d": 4.103327695736354e-05, "width_d": 0.006363707906912265}