{"numgrasp": 328, "translation_d": 5.4598758610167015e-09, "rotation_d": 4.274521815333267e-05, "width_d": 0.004919751998623958}