{"numgrasp": 336, "translation_d": 5.613322002860585e-09, "rotation_d": 4.186793816327399e-05, "width_d": 0.004301722428765834}