{"numgrasp": 340, "translation_d": 5.939745025874358e-09, "rotation_d": 4.324078071097633e-05, "width_d": 0.0036664194472484026}