{"numgrasp": 298, "translation_d": 6.087475098197332e-09, "rotation_d": 3.97778771955173e-05, "width_d": 0.0018703574451336222}