{"numgrasp": 346, "translation_d": 5.815687840915064e-09, "rotation_d": 5.454606801132175e-05, "width_d": 0.0027094395191654777}