{"numgrasp": 339, "translation_d": 5.354197705169701e-09, "rotation_d": 5.435848763592092e-05, "width_d": 0.002958220961422734}