{"numgrasp": 336, "translation_d": 5.382085062496255e-09, "rotation_d": 5.3802933948271236e-05, "width_d": 0.003290481696897373}