{"numgrasp": 334, "translation_d": 5.541575921778854e-09, "rotation_d": 5.4966620448682e-05, "width_d": 0.004069515623315735}