{"numgrasp": 320, "translation_d": 5.4193193882836505e-09, "rotation_d": 5.571227668147872e-05, "width_d": 0.005394924192038248}