{"numgrasp": 311, "translation_d": 5.4645167543291865e-09, "rotation_d": 5.561969787303229e-05, "width_d": 0.0057562161220865325}