{"numgrasp": 318, "translation_d": 5.048404490678297e-09, "rotation_d": 5.770966165422109e-05, "width_d": 0.006358046917619956}