{"numgrasp": 309, "translation_d": 5.305657197704781e-09, "rotation_d": 6.275319624977259e-05, "width_d": 0.005754029556815136}