{"numgrasp": 342, "translation_d": 5.351266282291649e-09, "rotation_d": 6.247709509484174e-05, "width_d": 0.005211260465468823}