{"numgrasp": 339, "translation_d": 5.170999278562953e-09, "rotation_d": 6.154168838837396e-05, "width_d": 0.005000934755253271}