{"numgrasp": 337, "translation_d": 5.215922927696734e-09, "rotation_d": 6.197210586599251e-05, "width_d": 0.004472470134630901}