{"numgrasp": 323, "translation_d": 5.4680078201336106e-09, "rotation_d": 6.150263506504376e-05, "width_d": 0.004155595900916079}