{"numgrasp": 340, "translation_d": 5.729124340388804e-09, "rotation_d": 6.178648678786657e-05, "width_d": 0.0031860230267352313}