{"numgrasp": 344, "translation_d": 5.769406583580497e-09, "rotation_d": 5.87267712975286e-05, "width_d": 0.002211466064856042}