{"numgrasp": 328, "translation_d": 5.461224441402853e-09, "rotation_d": 6.146474086394434e-05, "width_d": 0.0032499164635284203}