{"numgrasp": 319, "translation_d": 5.712791926025923e-09, "rotation_d": 6.103162806975613e-05, "width_d": 0.004196183584006561}