{"numgrasp": 300, "translation_d": 5.261657119999372e-09, "rotation_d": 6.081326437027397e-05, "width_d": 0.005383739479597689}