{"numgrasp": 297, "translation_d": 5.1899311205652925e-09, "rotation_d": 5.2317779682588316e-05, "width_d": 0.004490456932439003}