{"numgrasp": 292, "translation_d": 5.186238910573209e-09, "rotation_d": 5.241840413839647e-05, "width_d": 0.004544396337571986}