{"numgrasp": 312, "translation_d": 5.422506459188703e-09, "rotation_d": 5.26961528950295e-05, "width_d": 0.00418469148126892}