{"numgrasp": 306, "translation_d": 6.2226260947424306e-09, "rotation_d": 3.925052933305424e-05, "width_d": 0.0020837561847307376}