{"numgrasp": 323, "translation_d": 5.327360606451758e-09, "rotation_d": 5.417274205210515e-05, "width_d": 0.0031727822156859303}