{"numgrasp": 339, "translation_d": 5.296586982527207e-09, "rotation_d": 5.23292092656743e-05, "width_d": 0.0024996938239256624}