{"numgrasp": 332, "translation_d": 5.299582532959829e-09, "rotation_d": 5.09012788383618e-05, "width_d": 0.002376849459131206}