{"numgrasp": 331, "translation_d": 5.448466199208608e-09, "rotation_d": 4.913431096753393e-05, "width_d": 0.0021329296577751104}