{"numgrasp": 304, "translation_d": 5.653871148153971e-09, "rotation_d": 3.6889911391704326e-05, "width_d": 0.0017207698801316887}