{"numgrasp": 309, "translation_d": 5.291031655542317e-09, "rotation_d": 4.183489769978822e-05, "width_d": 0.0019194412959311906}