{"numgrasp": 319, "translation_d": 5.263760406197134e-09, "rotation_d": 4.465592871926109e-05, "width_d": 0.002439270768465898}