{"numgrasp": 316, "translation_d": 5.009958366860141e-09, "rotation_d": 4.3942274064239694e-05, "width_d": 0.003445980361472799}