{"numgrasp": 312, "translation_d": 5.158644005933552e-09, "rotation_d": 3.904605780124491e-05, "width_d": 0.002319767708978399}