{"numgrasp": 296, "translation_d": 5.0651898349454215e-09, "rotation_d": 3.582645042914159e-05, "width_d": 0.0023954899917710106}