{"numgrasp": 295, "translation_d": 5.459276595547268e-09, "rotation_d": 3.5762966431076395e-05, "width_d": 0.0019980312087151584}