{"numgrasp": 296, "translation_d": 5.488148232969106e-09, "rotation_d": 3.36520646272202e-05, "width_d": 0.0016007401490473164}