{"numgrasp": 301, "translation_d": 5.4781130244720854e-09, "rotation_d": 3.456686309787862e-05, "width_d": 0.0014674404014227915}