{"numgrasp": 294, "translation_d": 5.44967885967692e-09, "rotation_d": 3.4259957916172225e-05, "width_d": 0.0017650708780632264}