{"numgrasp": 303, "translation_d": 5.475325616156568e-09, "rotation_d": 3.426775099143298e-05, "width_d": 0.0016240811583602373}