{"numgrasp": 288, "translation_d": 5.283401451785162e-09, "rotation_d": 3.420480420078126e-05, "width_d": 0.0019138812619947786}