{"numgrasp": 291, "translation_d": 5.228179081133246e-09, "rotation_d": 3.319232045130838e-05, "width_d": 0.0018482838837987055}