{"numgrasp": 282, "translation_d": 5.015022092035568e-09, "rotation_d": 3.369253421261733e-05, "width_d": 0.0022979612913016593}