{"numgrasp": 336, "translation_d": 6.182850453029781e-09, "rotation_d": 3.816510187913841e-05, "width_d": 0.0016069028200575801}