{"numgrasp": 326, "translation_d": 6.166313158313884e-09, "rotation_d": 3.7785167365797726e-05, "width_d": 0.0015752431407246392}