{"numgrasp": 310, "translation_d": 6.320310436916312e-09, "rotation_d": 4.233776008206148e-05, "width_d": 0.0017603601126430321}