{"numgrasp": 307, "translation_d": 6.349041879814514e-09, "rotation_d": 4.228835444449956e-05, "width_d": 0.001867063019678983}