{"numgrasp": 315, "translation_d": 6.505364551917763e-09, "rotation_d": 4.300447856039662e-05, "width_d": 0.002160397671743617}