{"numgrasp": 287, "translation_d": 6.094604475184345e-09, "rotation_d": 4.2896598736513084e-05, "width_d": 0.002850998793837422}