{"numgrasp": 335, "translation_d": 6.290284529493e-09, "rotation_d": 4.067862905792029e-05, "width_d": 0.0016810374245153112}