{"numgrasp": 319, "translation_d": 6.487043113853555e-09, "rotation_d": 4.968264870361967e-05, "width_d": 0.003339136110054396}