{"numgrasp": 304, "translation_d": 6.349921182750953e-09, "rotation_d": 5.0475338220631495e-05, "width_d": 0.0026584853040665123}