{"numgrasp": 297, "translation_d": 6.362148802016259e-09, "rotation_d": 4.853748435523674e-05, "width_d": 0.0019239604042662402}