{"numgrasp": 299, "translation_d": 6.081194602636259e-09, "rotation_d": 5.270708027581649e-05, "width_d": 0.001811927773035666}