{"numgrasp": 303, "translation_d": 5.821540134154287e-09, "rotation_d": 5.725959709653006e-05, "width_d": 0.002448127799252631}