{"numgrasp": 293, "translation_d": 6.306139919326163e-09, "rotation_d": 5.830309033338099e-05, "width_d": 0.0026455259754284478}