{"numgrasp": 302, "translation_d": 6.307256761027994e-09, "rotation_d": 5.795782602398626e-05, "width_d": 0.0027590986260400316}