{"numgrasp": 317, "translation_d": 5.769906256622183e-09, "rotation_d": 3.941667411875321e-05, "width_d": 0.001447251447487275}