{"numgrasp": 318, "translation_d": 5.722037973409427e-09, "rotation_d": 5.8935382396306674e-05, "width_d": 0.0053959344046701045}