{"numgrasp": 326, "translation_d": 6.105484776602946e-09, "rotation_d": 5.9143686889324695e-05, "width_d": 0.004957112833855749}