{"numgrasp": 345, "translation_d": 5.869874120154263e-09, "rotation_d": 5.947135170098734e-05, "width_d": 0.004233181336510053}