{"numgrasp": 313, "translation_d": 6.0630849345220305e-09, "rotation_d": 6.0597979894901165e-05, "width_d": 0.0034005978511694552}