{"numgrasp": 342, "translation_d": 5.6592345638000675e-09, "rotation_d": 6.063123693659885e-05, "width_d": 0.0030962808707093933}