{"numgrasp": 316, "translation_d": 5.87881279932889e-09, "rotation_d": 6.111209447135974e-05, "width_d": 0.002609486276369183}