{"numgrasp": 340, "translation_d": 5.639713315062278e-09, "rotation_d": 5.638513654638757e-05, "width_d": 0.0035547815266378843}