{"numgrasp": 336, "translation_d": 5.324250063772729e-09, "rotation_d": 5.6780894321819815e-05, "width_d": 0.0038900124549591116}