{"numgrasp": 325, "translation_d": 5.437259767603222e-09, "rotation_d": 4.120792183659338e-05, "width_d": 0.00380825588042969}