{"numgrasp": 329, "translation_d": 5.74886933817516e-09, "rotation_d": 5.374571900669681e-05, "width_d": 0.003940281047651173}