{"numgrasp": 358, "translation_d": 5.362970363711032e-09, "rotation_d": 4.120324659638596e-05, "width_d": 0.004727371047344638}