{"numgrasp": 370, "translation_d": 5.449839742800125e-09, "rotation_d": 4.165528906716367e-05, "width_d": 0.004737576374459404}