{"numgrasp": 354, "translation_d": 5.424482378468278e-09, "rotation_d": 4.095088331237467e-05, "width_d": 0.0044985183659178845}