{"numgrasp": 361, "translation_d": 5.270919567593203e-09, "rotation_d": 4.2274261420499684e-05, "width_d": 0.004410179921149336}