{"numgrasp": 365, "translation_d": 5.1811544601059325e-09, "rotation_d": 4.162411579078778e-05, "width_d": 0.004307310612617973}