{"numgrasp": 354, "translation_d": 5.295396158771575e-09, "rotation_d": 4.1605175693972445e-05, "width_d": 0.00409977873480251}