{"numgrasp": 336, "translation_d": 5.097255742306955e-09, "rotation_d": 4.2958017906261303e-05, "width_d": 0.0037209400000224563}