{"numgrasp": 318, "translation_d": 5.443590202749955e-09, "rotation_d": 4.3654427151033246e-05, "width_d": 0.0034938103462623243}