{"numgrasp": 326, "translation_d": 5.091708761962559e-09, "rotation_d": 4.076254037023068e-05, "width_d": 0.003049802342972508}