{"numgrasp": 324, "translation_d": 5.284537292204138e-09, "rotation_d": 4.07699857410685e-05, "width_d": 0.0029008599221294895}