{"numgrasp": 333, "translation_d": 5.430108070138925e-09, "rotation_d": 5.461653788650966e-05, "width_d": 0.004205807158851412}