{"numgrasp": 308, "translation_d": 5.353540707716243e-09, "rotation_d": 5.0761472212074216e-05, "width_d": 0.0028217476375046765}