{"numgrasp": 311, "translation_d": 5.493200236200432e-09, "rotation_d": 4.899942800418226e-05, "width_d": 0.003096441016017736}