{"numgrasp": 288, "translation_d": 5.4629555535934915e-09, "rotation_d": 4.8982541288486316e-05, "width_d": 0.002835628679618122}