{"numgrasp": 285, "translation_d": 5.551792489183631e-09, "rotation_d": 5.0594605156898636e-05, "width_d": 0.0035789864438686555}