{"numgrasp": 343, "translation_d": 5.3119343918637246e-09, "rotation_d": 4.9097945312310256e-05, "width_d": 0.004139321255815348}