{"numgrasp": 339, "translation_d": 5.447949077980159e-09, "rotation_d": 4.834879916379706e-05, "width_d": 0.004313997246179863}