{"numgrasp": 341, "translation_d": 5.440427621345879e-09, "rotation_d": 5.004398347066783e-05, "width_d": 0.004751022214969105}