{"numgrasp": 344, "translation_d": 5.425182276683681e-09, "rotation_d": 5.3957317453662226e-05, "width_d": 0.003458173409939566}