{"numgrasp": 305, "translation_d": 5.25690869378827e-09, "rotation_d": 5.552705226415121e-05, "width_d": 0.0038810608995828244}