{"numgrasp": 305, "translation_d": 5.38022378383975e-09, "rotation_d": 5.734803636135754e-05, "width_d": 0.0032523089056380257}