{"numgrasp": 308, "translation_d": 5.336544372042828e-09, "rotation_d": 5.777394320009291e-05, "width_d": 0.0024925550963758657}