{"numgrasp": 313, "translation_d": 5.29325489081844e-09, "rotation_d": 5.816653214935069e-05, "width_d": 0.0030550460763502877}