{"numgrasp": 306, "translation_d": 5.863686029711131e-09, "rotation_d": 5.665779944060898e-05, "width_d": 0.0047427784403122645}