{"numgrasp": 373, "translation_d": 5.2709719600571215e-09, "rotation_d": 5.68017188629636e-05, "width_d": 0.0050685601206067275}