{"numgrasp": 389, "translation_d": 5.450531989714236e-09, "rotation_d": 5.7183571427201744e-05, "width_d": 0.005155276668772145}