{"numgrasp": 384, "translation_d": 5.126284905530134e-09, "rotation_d": 5.391996479018559e-05, "width_d": 0.004785388440475947}