{"numgrasp": 382, "translation_d": 5.4107125492923815e-09, "rotation_d": 5.5167764586059954e-05, "width_d": 0.004156799604240269}