{"numgrasp": 329, "translation_d": 5.3340685011217466e-09, "rotation_d": 5.367442663098641e-05, "width_d": 0.003282773141036231}