{"numgrasp": 339, "translation_d": 5.220372232463496e-09, "rotation_d": 5.085287680989227e-05, "width_d": 0.0029764129206980585}