{"numgrasp": 328, "translation_d": 5.357168216785019e-09, "rotation_d": 5.0613793181296195e-05, "width_d": 0.003010824753298117}