{"numgrasp": 369, "translation_d": 4.838467927513978e-09, "rotation_d": 4.520076302633331e-05, "width_d": 0.003072416867574627}