{"numgrasp": 368, "translation_d": 5.1329545145073326e-09, "rotation_d": 4.730763075013151e-05, "width_d": 0.0035677219750205338}