{"numgrasp": 375, "translation_d": 4.948406800797081e-09, "rotation_d": 4.8596300667642984e-05, "width_d": 0.004438108829554904}