{"numgrasp": 357, "translation_d": 4.9719248176559136e-09, "rotation_d": 4.9216256886432405e-05, "width_d": 0.004362090557665577}