{"numgrasp": 372, "translation_d": 5.108934604857126e-09, "rotation_d": 4.925736384830721e-05, "width_d": 0.004606479008124561}