{"numgrasp": 386, "translation_d": 5.164216398539337e-09, "rotation_d": 4.833957175821868e-05, "width_d": 0.005182263570386603}