{"numgrasp": 407, "translation_d": 5.135415301866345e-09, "rotation_d": 4.3960673974981076e-05, "width_d": 0.006749677761023057}