{"numgrasp": 353, "translation_d": 4.966883167513539e-09, "rotation_d": 4.4582032593432715e-05, "width_d": 0.004707768891475899}