{"numgrasp": 384, "translation_d": 5.094950156655251e-09, "rotation_d": 4.37539960468827e-05, "width_d": 0.0055894593944516395}