{"numgrasp": 335, "translation_d": 4.919523569045187e-09, "rotation_d": 4.546132707981245e-05, "width_d": 0.003133053905983201}