{"numgrasp": 370, "translation_d": 4.837824976939804e-09, "rotation_d": 4.599772809103192e-05, "width_d": 0.003641989636635005}