{"numgrasp": 386, "translation_d": 4.941445357381841e-09, "rotation_d": 4.478676267577592e-05, "width_d": 0.005501168670791416}