{"numgrasp": 391, "translation_d": 4.95490056289038e-09, "rotation_d": 4.569015953543181e-05, "width_d": 0.004876495604567054}