{"numgrasp": 394, "translation_d": 5.308528609046404e-09, "rotation_d": 4.5449518797086066e-05, "width_d": 0.006101195389056166}