{"numgrasp": 413, "translation_d": 4.904926157460927e-09, "rotation_d": 5.0816102372940673e-05, "width_d": 0.0060551640030088606}