{"numgrasp": 403, "translation_d": 4.6468301673911645e-09, "rotation_d": 5.135660034721813e-05, "width_d": 0.005422931858537072}