{"numgrasp": 417, "translation_d": 4.7132985652762655e-09, "rotation_d": 5.008933800285447e-05, "width_d": 0.005928259031203382}