{"numgrasp": 290, "translation_d": 5.750690492312234e-09, "rotation_d": 5.6599034551708355e-05, "width_d": 0.0037766859070003742}