{"numgrasp": 396, "translation_d": 4.733543063924382e-09, "rotation_d": 5.0956525470602765e-05, "width_d": 0.0054654447049949035}