{"numgrasp": 395, "translation_d": 4.587041204887137e-09, "rotation_d": 5.046058187148877e-05, "width_d": 0.0048157407731149885}