{"numgrasp": 398, "translation_d": 4.814001062798075e-09, "rotation_d": 5.1362180245214866e-05, "width_d": 0.003788084879938934}