{"numgrasp": 386, "translation_d": 4.625827334795681e-09, "rotation_d": 5.076677651641037e-05, "width_d": 0.003808257225430791}