{"numgrasp": 350, "translation_d": 4.552542531534808e-09, "rotation_d": 5.349818861317458e-05, "width_d": 0.0031317037990885722}