{"numgrasp": 324, "translation_d": 5.700173153293489e-09, "rotation_d": 5.768145686885794e-05, "width_d": 0.003318194318754036}