{"numgrasp": 431, "translation_d": 4.580670214340334e-09, "rotation_d": 5.517521009498674e-05, "width_d": 0.004267514694997868}