{"numgrasp": 430, "translation_d": 4.76028792435484e-09, "rotation_d": 5.520729615508638e-05, "width_d": 0.00442939628721994}