{"numgrasp": 420, "translation_d": 4.848572911969124e-09, "rotation_d": 5.401303415234134e-05, "width_d": 0.004772149648458595}