{"numgrasp": 296, "translation_d": 5.907914196578405e-09, "rotation_d": 5.417714130420793e-05, "width_d": 0.0035280847179749494}