{"numgrasp": 301, "translation_d": 5.5960026553134155e-09, "rotation_d": 5.397476214850674e-05, "width_d": 0.003497317886673888}