{"numgrasp": 312, "translation_d": 5.8129998329954526e-09, "rotation_d": 4.369644226761959e-05, "width_d": 0.003153506901342229}