{"numgrasp": 308, "translation_d": 5.741477885768436e-09, "rotation_d": 5.785682497378754e-05, "width_d": 0.0032330363522061747}