{"numgrasp": 301, "translation_d": 5.642728295666289e-09, "rotation_d": 5.847527415379917e-05, "width_d": 0.0033583986409126674}