{"numgrasp": 316, "translation_d": 6.028674359851256e-09, "rotation_d": 5.664098674375703e-05, "width_d": 0.0035900799667023557}