{"numgrasp": 328, "translation_d": 5.6604843916223e-09, "rotation_d": 4.591307168967875e-05, "width_d": 0.0034143051579386095}