{"numgrasp": 324, "translation_d": 5.70166592568479e-09, "rotation_d": 5.7498507405137286e-05, "width_d": 0.003814153675375649}