{"numgrasp": 316, "translation_d": 5.703441947620744e-09, "rotation_d": 5.423284128501924e-05, "width_d": 0.004385578140255086}