{"numgrasp": 309, "translation_d": 5.7031677320326606e-09, "rotation_d": 5.262020245792718e-05, "width_d": 0.004244704151141293}