{"numgrasp": 337, "translation_d": 5.7632706982957915e-09, "rotation_d": 5.172783517029628e-05, "width_d": 0.004533257211945295}