{"numgrasp": 344, "translation_d": 5.5958757588479145e-09, "rotation_d": 5.1717337837457194e-05, "width_d": 0.004267940672645031}