{"numgrasp": 320, "translation_d": 5.381900155694731e-09, "rotation_d": 5.4149131011111024e-05, "width_d": 0.004293892469543268}