{"numgrasp": 336, "translation_d": 6.025156653549806e-09, "rotation_d": 5.4405405313689416e-05, "width_d": 0.004342420228064688}