{"numgrasp": 322, "translation_d": 5.918868800845683e-09, "rotation_d": 5.5092296453634726e-05, "width_d": 0.003754171605729927}