{"numgrasp": 305, "translation_d": 5.7511507742153995e-09, "rotation_d": 5.9502887335465014e-05, "width_d": 0.0029524683110561637}