{"numgrasp": 325, "translation_d": 5.5602854101614595e-09, "rotation_d": 4.861324874797755e-05, "width_d": 0.003645282303818816}