{"numgrasp": 311, "translation_d": 5.514722973992883e-09, "rotation_d": 5.8244599453174796e-05, "width_d": 0.0026226764382922176}