{"numgrasp": 313, "translation_d": 5.639110362656318e-09, "rotation_d": 5.415149068607843e-05, "width_d": 0.0031203428143183553}