{"numgrasp": 334, "translation_d": 5.827378367615072e-09, "rotation_d": 5.3285868874398166e-05, "width_d": 0.0031875685038992843}