{"numgrasp": 318, "translation_d": 5.841578934611606e-09, "rotation_d": 5.276877531437879e-05, "width_d": 0.0033374596654538683}