{"numgrasp": 337, "translation_d": 5.667294751271141e-09, "rotation_d": 5.059601441595147e-05, "width_d": 0.003929695262231258}