{"numgrasp": 330, "translation_d": 5.525505542123755e-09, "rotation_d": 4.426051719125588e-05, "width_d": 0.0038962685893029697}