{"numgrasp": 344, "translation_d": 5.638391715277843e-09, "rotation_d": 4.544722746545564e-05, "width_d": 0.0038111551019533144}