{"numgrasp": 343, "translation_d": 5.5417842797419125e-09, "rotation_d": 4.568301498683751e-05, "width_d": 0.0036341384722285196}