{"numgrasp": 289, "translation_d": 5.69576079090035e-09, "rotation_d": 4.749373990257091e-05, "width_d": 0.0030205289515457027}