{"numgrasp": 295, "translation_d": 5.5445301243342575e-09, "rotation_d": 4.5516063717116384e-05, "width_d": 0.0027025731195427843}