{"numgrasp": 310, "translation_d": 5.396184310173252e-09, "rotation_d": 4.246949620122855e-05, "width_d": 0.002821021332399284}