{"numgrasp": 317, "translation_d": 5.353789755440354e-09, "rotation_d": 4.105099240186752e-05, "width_d": 0.0028718886214910365}