{"numgrasp": 332, "translation_d": 5.279331726181492e-09, "rotation_d": 3.986985757632561e-05, "width_d": 0.003659063660799661}