{"numgrasp": 277, "translation_d": 5.759739410183858e-09, "rotation_d": 5.42692173758088e-05, "width_d": 0.0021159579736609374}