{"numgrasp": 323, "translation_d": 5.9003455338133104e-09, "rotation_d": 5.403198899339598e-05, "width_d": 0.003506262907478532}