{"numgrasp": 316, "translation_d": 6.490469701915765e-09, "rotation_d": 4.874499673797181e-05, "width_d": 0.0044981311909449}