{"numgrasp": 330, "translation_d": 6.1868891701075245e-09, "rotation_d": 4.846855666601827e-05, "width_d": 0.004791251763662732}