{"numgrasp": 262, "translation_d": 5.7075501401641304e-09, "rotation_d": 5.651187887655602e-05, "width_d": 0.00240581511390541}