{"numgrasp": 268, "translation_d": 5.74416780452649e-09, "rotation_d": 5.397093833928813e-05, "width_d": 0.0020388863239395785}