{"numgrasp": 304, "translation_d": 5.342614536034495e-09, "rotation_d": 5.3457691825891e-05, "width_d": 0.0027928003237399266}