{"numgrasp": 302, "translation_d": 5.474469880546219e-09, "rotation_d": 5.111141131124337e-05, "width_d": 0.0030050424288627212}