{"numgrasp": 310, "translation_d": 5.5890261797469125e-09, "rotation_d": 5.100230984542478e-05, "width_d": 0.00292387781868656}