{"numgrasp": 328, "translation_d": 6.345063789777613e-09, "rotation_d": 4.7634330385431996e-05, "width_d": 0.005191339067875711}