{"numgrasp": 315, "translation_d": 5.580953406163443e-09, "rotation_d": 5.1343152886832175e-05, "width_d": 0.0037798555670270602}