{"numgrasp": 324, "translation_d": 5.906191571150246e-09, "rotation_d": 5.0004655116028256e-05, "width_d": 0.0037588815555522318}