{"numgrasp": 366, "translation_d": 5.896623622039098e-09, "rotation_d": 4.9091891694840424e-05, "width_d": 0.0038897350848242276}