{"numgrasp": 330, "translation_d": 5.602562802716506e-09, "rotation_d": 4.799599296530834e-05, "width_d": 0.004101664364745281}