{"numgrasp": 323, "translation_d": 5.397008271347545e-09, "rotation_d": 4.6919989923690264e-05, "width_d": 0.00397747115228559}