{"numgrasp": 314, "translation_d": 5.565841567331211e-09, "rotation_d": 4.836589924611568e-05, "width_d": 0.0035810335507475274}