{"numgrasp": 315, "translation_d": 5.808276415894767e-09, "rotation_d": 4.7641763840014765e-05, "width_d": 0.003354194627989635}