{"numgrasp": 275, "translation_d": 5.728848879311763e-09, "rotation_d": 4.7915625327051545e-05, "width_d": 0.002631751521896938}