{"numgrasp": 271, "translation_d": 5.755456326236248e-09, "rotation_d": 4.556206375042458e-05, "width_d": 0.00253073957314323}