{"numgrasp": 245, "translation_d": 4.927411780595849e-09, "rotation_d": 4.2272624464468475e-05, "width_d": 0.002158631575144458}