{"numgrasp": 319, "translation_d": 5.70845901940465e-09, "rotation_d": 4.275636918563467e-05, "width_d": 0.0035530841230194087}