{"numgrasp": 353, "translation_d": 5.466144732079107e-09, "rotation_d": 4.447636070314902e-05, "width_d": 0.004005033717567453}