{"numgrasp": 355, "translation_d": 5.534383623308302e-09, "rotation_d": 4.784145917327283e-05, "width_d": 0.0036974023585770125}