{"numgrasp": 352, "translation_d": 5.283138988222988e-09, "rotation_d": 4.67336920034897e-05, "width_d": 0.0035542941206458795}