{"numgrasp": 266, "translation_d": 5.174261001190729e-09, "rotation_d": 4.520491090604485e-05, "width_d": 0.0022155800782720047}