{"numgrasp": 328, "translation_d": 6.032382912663576e-09, "rotation_d": 4.132911157669577e-05, "width_d": 0.004939542045785293}