{"numgrasp": 254, "translation_d": 5.36861712228535e-09, "rotation_d": 4.786925214724836e-05, "width_d": 0.002060470253708207}