{"numgrasp": 227, "translation_d": 5.184901266504955e-09, "rotation_d": 5.4939791577132045e-05, "width_d": 0.0017347344043732314}