{"numgrasp": 243, "translation_d": 5.305511434846813e-09, "rotation_d": 5.3886178092482675e-05, "width_d": 0.0018331574181758004}