{"numgrasp": 238, "translation_d": 5.401228549778932e-09, "rotation_d": 5.225953139412459e-05, "width_d": 0.002010938062349163}