{"numgrasp": 334, "translation_d": 6.300196048267406e-09, "rotation_d": 4.248907257814583e-05, "width_d": 0.004721317682769871}