{"numgrasp": 324, "translation_d": 5.434504296535941e-09, "rotation_d": 4.994417968427822e-05, "width_d": 0.003310016050616458}