{"numgrasp": 321, "translation_d": 5.008510990673593e-09, "rotation_d": 5.512251922103034e-05, "width_d": 0.0037718045359973165}