{"numgrasp": 216, "translation_d": 6.915139243268845e-09, "rotation_d": 5.857483434684247e-05, "width_d": 0.0021257370683750343}