{"numgrasp": 270, "translation_d": 4.986984625348315e-09, "rotation_d": 5.636353249182472e-05, "width_d": 0.0026289760742785784}