{"numgrasp": 273, "translation_d": 5.100274378469567e-09, "rotation_d": 5.6081199447546376e-05, "width_d": 0.0024496571213809557}