{"numgrasp": 262, "translation_d": 5.1786362484873235e-09, "rotation_d": 5.7351127715645365e-05, "width_d": 0.002218984178046042}