{"numgrasp": 241, "translation_d": 5.357651100625416e-09, "rotation_d": 5.697248585761388e-05, "width_d": 0.0019349740214770796}