{"numgrasp": 265, "translation_d": 5.151962795387285e-09, "rotation_d": 5.7915967057501125e-05, "width_d": 0.002963077875334081}