{"numgrasp": 285, "translation_d": 4.867400919455618e-09, "rotation_d": 5.743797123836396e-05, "width_d": 0.003097655626729606}