{"numgrasp": 284, "translation_d": 4.946973635776761e-09, "rotation_d": 5.731243012155333e-05, "width_d": 0.0032980928906788977}