{"numgrasp": 273, "translation_d": 4.853792257635525e-09, "rotation_d": 5.7107646201265987e-05, "width_d": 0.0035600630917695377}