{"numgrasp": 289, "translation_d": 4.525946767795692e-09, "rotation_d": 5.438915033478776e-05, "width_d": 0.0034365100121086707}