{"numgrasp": 339, "translation_d": 6.652997939368396e-09, "rotation_d": 4.4038496025695616e-05, "width_d": 0.004213587091990909}