{"numgrasp": 278, "translation_d": 4.709040721702312e-09, "rotation_d": 5.545414484676071e-05, "width_d": 0.0026264901732913786}