{"numgrasp": 254, "translation_d": 4.639183695708445e-09, "rotation_d": 5.092698315008595e-05, "width_d": 0.001955450350319795}