{"numgrasp": 252, "translation_d": 4.603894983091517e-09, "rotation_d": 4.40959444639598e-05, "width_d": 0.002019429800287099}