{"numgrasp": 259, "translation_d": 4.46875496654078e-09, "rotation_d": 4.694410560657867e-05, "width_d": 0.0022150781683109495}