{"numgrasp": 288, "translation_d": 4.339411319747079e-09, "rotation_d": 4.917802314027104e-05, "width_d": 0.0027727068879895896}