{"numgrasp": 288, "translation_d": 4.0509075019175904e-09, "rotation_d": 4.958849306127755e-05, "width_d": 0.0030259058010314137}