{"numgrasp": 305, "translation_d": 6.110211282946599e-09, "rotation_d": 4.62811163010532e-05, "width_d": 0.0039120630771662095}