{"numgrasp": 272, "translation_d": 4.155705425119898e-09, "rotation_d": 4.778451548534391e-05, "width_d": 0.003000509845768321}