{"numgrasp": 277, "translation_d": 4.4091096368438654e-09, "rotation_d": 4.800488293063073e-05, "width_d": 0.004147766046803353}