{"numgrasp": 287, "translation_d": 5.954627797555538e-09, "rotation_d": 4.728910033819026e-05, "width_d": 0.0030402161548089943}