{"numgrasp": 254, "translation_d": 6.210022820273376e-09, "rotation_d": 5.296687039006559e-05, "width_d": 0.0023752359413663333}