{"numgrasp": 239, "translation_d": 5.713051871117434e-09, "rotation_d": 4.581728289549739e-05, "width_d": 0.0023984394319074335}