{"numgrasp": 272, "translation_d": 6.600935086450155e-09, "rotation_d": 5.7206640411702666e-05, "width_d": 0.0025687251195339812}