{"numgrasp": 293, "translation_d": 6.5742540719498536e-09, "rotation_d": 5.5136599953916065e-05, "width_d": 0.0029345229467456395}