{"numgrasp": 296, "translation_d": 6.13888166532735e-09, "rotation_d": 4.294514012484421e-05, "width_d": 0.0036674317326955194}