{"numgrasp": 293, "translation_d": 6.539701335161565e-09, "rotation_d": 4.105487104078697e-05, "width_d": 0.00366250374950388}