{"numgrasp": 261, "translation_d": 6.076686617121047e-09, "rotation_d": 4.0331787809189504e-05, "width_d": 0.002571709529743062}