{"numgrasp": 259, "translation_d": 5.72304384332836e-09, "rotation_d": 3.9720149167508646e-05, "width_d": 0.002342875190899167}