{"numgrasp": 263, "translation_d": 5.55241079013014e-09, "rotation_d": 4.1787522171536335e-05, "width_d": 0.002520007934126931}