{"numgrasp": 244, "translation_d": 5.87010718695485e-09, "rotation_d": 4.269900027935803e-05, "width_d": 0.0023829039094396226}