{"numgrasp": 279, "translation_d": 5.74205821000991e-09, "rotation_d": 4.366327289712911e-05, "width_d": 0.0029457132085962483}