{"numgrasp": 286, "translation_d": 5.578314475530304e-09, "rotation_d": 4.488391040740721e-05, "width_d": 0.00277105208803599}