{"numgrasp": 305, "translation_d": 6.013686732245048e-09, "rotation_d": 4.618573806248655e-05, "width_d": 0.003171175421705747}