{"numgrasp": 327, "translation_d": 6.251905683820167e-09, "rotation_d": 4.829173293060799e-05, "width_d": 0.0036461911720714513}