{"numgrasp": 336, "translation_d": 6.336471860954501e-09, "rotation_d": 4.9070508825393545e-05, "width_d": 0.0039757154023447525}