{"numgrasp": 315, "translation_d": 6.126406749843427e-09, "rotation_d": 4.971347788287987e-05, "width_d": 0.00406921458151618}