{"numgrasp": 333, "translation_d": 6.098237041643498e-09, "rotation_d": 5.170266938884862e-05, "width_d": 0.0036986352061897047}