{"numgrasp": 341, "translation_d": 5.865734232357287e-09, "rotation_d": 5.2812013665853126e-05, "width_d": 0.003713408138502019}