{"numgrasp": 325, "translation_d": 6.1052498066781196e-09, "rotation_d": 5.242383844557588e-05, "width_d": 0.003268687332713565}