{"numgrasp": 300, "translation_d": 5.952810731170972e-09, "rotation_d": 5.2572170034860836e-05, "width_d": 0.0033189701298356644}