{"numgrasp": 291, "translation_d": 6.2433902107614224e-09, "rotation_d": 5.1434823476924205e-05, "width_d": 0.0031694367616422075}