{"numgrasp": 310, "translation_d": 5.847586442337682e-09, "rotation_d": 5.400562465317853e-05, "width_d": 0.0027456046858864657}