{"numgrasp": 276, "translation_d": 5.832094695576785e-09, "rotation_d": 5.123600856747432e-05, "width_d": 0.0027915635491475754}