{"numgrasp": 239, "translation_d": 5.71167480186194e-09, "rotation_d": 4.986852016787026e-05, "width_d": 0.002303978726375437}