{"numgrasp": 307, "translation_d": 5.858879438526858e-09, "rotation_d": 5.599645660456983e-05, "width_d": 0.002835924639870745}