{"numgrasp": 367, "translation_d": 6.186541158134715e-09, "rotation_d": 3.160927148892497e-05, "width_d": 0.0026331807560443835}