{"numgrasp": 352, "translation_d": 6.452955261709706e-09, "rotation_d": 2.999806440704854e-05, "width_d": 0.0026760810621807474}