{"numgrasp": 365, "translation_d": 6.442994714050979e-09, "rotation_d": 3.057553320355773e-05, "width_d": 0.0027384450931789393}