{"numgrasp": 339, "translation_d": 6.210334415424262e-09, "rotation_d": 3.927891159640372e-05, "width_d": 0.0029825440199133385}