{"numgrasp": 397, "translation_d": 5.813817199040918e-09, "rotation_d": 5.6406878047006897e-05, "width_d": 0.006920824660724388}