{"numgrasp": 300, "translation_d": 6.1669308407100555e-09, "rotation_d": 3.795301802680904e-05, "width_d": 0.002449140468547025}