{"numgrasp": 318, "translation_d": 6.173219765118563e-09, "rotation_d": 3.7749171053137075e-05, "width_d": 0.002125926535844026}