{"numgrasp": 310, "translation_d": 6.191174272950941e-09, "rotation_d": 3.6860688695394187e-05, "width_d": 0.0020320530548025672}