{"numgrasp": 323, "translation_d": 6.02179052061937e-09, "rotation_d": 3.675440976971363e-05, "width_d": 0.001914989423803498}