{"numgrasp": 254, "translation_d": 5.914153809454405e-09, "rotation_d": 5.2167715832141166e-05, "width_d": 0.0020698005618503706}