{"numgrasp": 267, "translation_d": 5.87537531228902e-09, "rotation_d": 5.372938191315679e-05, "width_d": 0.001964883343069784}