{"numgrasp": 315, "translation_d": 6.216447741001245e-09, "rotation_d": 4.9173219485931056e-05, "width_d": 0.0030971423208682146}