{"numgrasp": 323, "translation_d": 6.264415422003104e-09, "rotation_d": 4.821732323004846e-05, "width_d": 0.0037614728879092037}