{"numgrasp": 308, "translation_d": 6.202118028068809e-09, "rotation_d": 5.72097059849677e-05, "width_d": 0.003935691099282888}