{"numgrasp": 300, "translation_d": 6.294404032367604e-09, "rotation_d": 5.879927750099277e-05, "width_d": 0.003524017144846793}