{"numgrasp": 280, "translation_d": 6.527497737327959e-09, "rotation_d": 6.23251844314426e-05, "width_d": 0.002369402028948644}