{"numgrasp": 270, "translation_d": 6.202935224377727e-09, "rotation_d": 6.221028716538541e-05, "width_d": 0.0021872095829737555}