{"numgrasp": 396, "translation_d": 5.836984564255907e-09, "rotation_d": 6.058107789788027e-05, "width_d": 0.008496513664563816}