{"numgrasp": 312, "translation_d": 6.294205816218326e-09, "rotation_d": 6.0784151517856516e-05, "width_d": 0.004733627851346535}