{"numgrasp": 292, "translation_d": 6.396704709037363e-09, "rotation_d": 6.052722626752925e-05, "width_d": 0.004874331087871084}