{"numgrasp": 409, "translation_d": 6.992934482027783e-09, "rotation_d": 6.264256066762887e-05, "width_d": 0.006997963976825474}