{"numgrasp": 287, "translation_d": 6.408680507845547e-09, "rotation_d": 5.93324362588603e-05, "width_d": 0.004545712317236994}