{"numgrasp": 280, "translation_d": 6.627217383877002e-09, "rotation_d": 5.866290964554295e-05, "width_d": 0.004161628627972119}