{"numgrasp": 263, "translation_d": 6.206250350060316e-09, "rotation_d": 5.610821409807521e-05, "width_d": 0.0033403362274322434}