{"numgrasp": 270, "translation_d": 6.214130475770505e-09, "rotation_d": 5.5971223829418104e-05, "width_d": 0.003270188656214543}