{"numgrasp": 301, "translation_d": 6.109023968395907e-09, "rotation_d": 5.442635934580849e-05, "width_d": 0.0033506074682269635}