{"numgrasp": 288, "translation_d": 6.126742136814613e-09, "rotation_d": 5.1231951169662454e-05, "width_d": 0.0027461831110814484}