{"numgrasp": 262, "translation_d": 5.841271322082484e-09, "rotation_d": 3.6753664934335246e-05, "width_d": 0.0026858973050204993}