{"numgrasp": 309, "translation_d": 6.341806514078842e-09, "rotation_d": 4.22760673733305e-05, "width_d": 0.0034623695668415987}