{"numgrasp": 313, "translation_d": 6.251522447942951e-09, "rotation_d": 4.378462329405226e-05, "width_d": 0.0038959175639804696}