{"numgrasp": 424, "translation_d": 6.422865798111745e-09, "rotation_d": 6.388014293088188e-05, "width_d": 0.006571325392886715}