{"numgrasp": 298, "translation_d": 6.555854108220184e-09, "rotation_d": 4.850881568846611e-05, "width_d": 0.004774426754281137}