{"numgrasp": 296, "translation_d": 6.519886213391459e-09, "rotation_d": 5.3175477398716274e-05, "width_d": 0.00569698371459325}