{"numgrasp": 286, "translation_d": 6.040646665166837e-09, "rotation_d": 3.9689816300190826e-05, "width_d": 0.006013627309309856}