{"numgrasp": 294, "translation_d": 6.196767093843526e-09, "rotation_d": 3.823663785449576e-05, "width_d": 0.005957747344703232}