{"numgrasp": 310, "translation_d": 6.1100726747553566e-09, "rotation_d": 3.7315607978758576e-05, "width_d": 0.00564606209996891}