{"numgrasp": 311, "translation_d": 6.550075163555287e-09, "rotation_d": 3.65084381679002e-05, "width_d": 0.005317697600510126}