{"numgrasp": 300, "translation_d": 6.117553778862069e-09, "rotation_d": 3.5125678375751155e-05, "width_d": 0.003685440921976044}