{"numgrasp": 273, "translation_d": 5.819675513638979e-09, "rotation_d": 3.579371348629849e-05, "width_d": 0.0030362172823512113}