{"numgrasp": 413, "translation_d": 6.362090111384898e-09, "rotation_d": 6.33203190134999e-05, "width_d": 0.006470640665232152}