{"numgrasp": 358, "translation_d": 5.506125994345355e-09, "rotation_d": 3.54824378332553e-05, "width_d": 0.0026946955999131777}