{"numgrasp": 306, "translation_d": 5.320935279493456e-09, "rotation_d": 4.756875011387873e-05, "width_d": 0.0028710220164640293}