{"numgrasp": 309, "translation_d": 5.518638025145835e-09, "rotation_d": 4.416026809840233e-05, "width_d": 0.0029834022554108054}