{"numgrasp": 340, "translation_d": 5.503045715506248e-09, "rotation_d": 3.78221645048429e-05, "width_d": 0.0036661966367996465}