{"numgrasp": 274, "translation_d": 5.947971020378899e-09, "rotation_d": 3.667093380139736e-05, "width_d": 0.004784861222202322}