{"numgrasp": 278, "translation_d": 5.9484215089687894e-09, "rotation_d": 3.699409432913956e-05, "width_d": 0.00464261606108892}