{"numgrasp": 258, "translation_d": 6.009376795249767e-09, "rotation_d": 3.627603265914174e-05, "width_d": 0.005796124474208468}