{"numgrasp": 315, "translation_d": 5.543116052391119e-09, "rotation_d": 4.412218254143919e-05, "width_d": 0.0062104155038354885}