{"numgrasp": 406, "translation_d": 6.416069598850767e-09, "rotation_d": 6.352656869620455e-05, "width_d": 0.00599717635249635}