{"numgrasp": 305, "translation_d": 5.551910859283605e-09, "rotation_d": 4.414802170439066e-05, "width_d": 0.0056684996515480885}