{"numgrasp": 280, "translation_d": 5.50447829778007e-09, "rotation_d": 4.5010245866933927e-05, "width_d": 0.005093609254846205}