{"numgrasp": 398, "translation_d": 6.0846976904024665e-09, "rotation_d": 6.307211967161156e-05, "width_d": 0.005625233052705128}