{"numgrasp": 302, "translation_d": 5.111650765856488e-09, "rotation_d": 5.713451686067125e-05, "width_d": 0.0028318984518088744}