{"numgrasp": 284, "translation_d": 5.298457823110359e-09, "rotation_d": 6.102069186400399e-05, "width_d": 0.0033320346120727655}