{"numgrasp": 297, "translation_d": 5.5877130278322805e-09, "rotation_d": 5.951745752594251e-05, "width_d": 0.0035635300682438217}