{"numgrasp": 294, "translation_d": 5.5649665932137745e-09, "rotation_d": 5.8493441236086877e-05, "width_d": 0.0040764280006896384}