{"numgrasp": 314, "translation_d": 5.405520548359833e-09, "rotation_d": 5.6299535955962056e-05, "width_d": 0.004489273358492884}