{"numgrasp": 396, "translation_d": 6.022185212725418e-09, "rotation_d": 6.238470622035873e-05, "width_d": 0.0053250206521275436}