{"numgrasp": 321, "translation_d": 5.207063319834531e-09, "rotation_d": 5.5581827848012196e-05, "width_d": 0.005771204268833214}