{"numgrasp": 299, "translation_d": 5.031347796258988e-09, "rotation_d": 5.3544780441092897e-05, "width_d": 0.006108245693665509}