{"numgrasp": 283, "translation_d": 5.460789817717583e-09, "rotation_d": 5.316182864175571e-05, "width_d": 0.00709920003047617}