{"numgrasp": 390, "translation_d": 6.0377022371505485e-09, "rotation_d": 6.17912976588404e-05, "width_d": 0.005000790142512766}