{"numgrasp": 379, "translation_d": 6.1648748652333366e-09, "rotation_d": 6.542497594774576e-05, "width_d": 0.0039792303738581366}