{"numgrasp": 395, "translation_d": 6.81547129221163e-09, "rotation_d": 6.53441748521708e-05, "width_d": 0.004867455352480588}