{"numgrasp": 340, "translation_d": 5.739479952874665e-09, "rotation_d": 4.424624962577293e-05, "width_d": 0.004920265180803216}