{"numgrasp": 427, "translation_d": 6.817633732848985e-09, "rotation_d": 6.463714953270493e-05, "width_d": 0.005388256170534547}