{"numgrasp": 425, "translation_d": 7.273907188642688e-09, "rotation_d": 6.339293635390485e-05, "width_d": 0.005709489417964514}