{"numgrasp": 415, "translation_d": 7.318287948959588e-09, "rotation_d": 6.160679802715896e-05, "width_d": 0.006034860901229013}