{"numgrasp": 404, "translation_d": 7.396544409876761e-09, "rotation_d": 5.5077935431978854e-05, "width_d": 0.005267824930867267}