{"numgrasp": 373, "translation_d": 6.492922559789317e-09, "rotation_d": 6.433495384473515e-05, "width_d": 0.003539717264136033}