{"numgrasp": 390, "translation_d": 6.318792310680825e-09, "rotation_d": 6.606604167386397e-05, "width_d": 0.0031164556265011203}