{"numgrasp": 381, "translation_d": 6.6410201154166104e-09, "rotation_d": 6.217531408885775e-05, "width_d": 0.0025321775630716124}