{"numgrasp": 369, "translation_d": 6.7063511682823724e-09, "rotation_d": 5.715273682836942e-05, "width_d": 0.0026913858637346334}