{"numgrasp": 408, "translation_d": 7.0263496974038425e-09, "rotation_d": 5.571467572984938e-05, "width_d": 0.0028906132002920323}