{"numgrasp": 404, "translation_d": 6.9557539016394535e-09, "rotation_d": 5.2806701038766116e-05, "width_d": 0.003205467303647383}