{"numgrasp": 427, "translation_d": 7.267967102446511e-09, "rotation_d": 4.8719375246744484e-05, "width_d": 0.0035101749525619803}