{"numgrasp": 408, "translation_d": 7.0550590484627865e-09, "rotation_d": 4.6721198555810433e-05, "width_d": 0.0038003620214210614}