{"numgrasp": 414, "translation_d": 7.23297151489619e-09, "rotation_d": 4.5595607418432575e-05, "width_d": 0.004384155502289594}