{"numgrasp": 427, "translation_d": 6.771154631428026e-09, "rotation_d": 3.557913960774511e-05, "width_d": 0.003458205005343216}