{"numgrasp": 417, "translation_d": 6.819148262106847e-09, "rotation_d": 3.4973766351717876e-05, "width_d": 0.0032458871270196277}