{"numgrasp": 421, "translation_d": 7.035224723331942e-09, "rotation_d": 3.520070941545522e-05, "width_d": 0.0032598337537993317}