{"numgrasp": 407, "translation_d": 6.0107916863184614e-09, "rotation_d": 5.2720210954353964e-05, "width_d": 0.005886913792251623}