{"numgrasp": 407, "translation_d": 7.154859200733157e-09, "rotation_d": 3.4746131999890994e-05, "width_d": 0.003016771493662491}