{"numgrasp": 417, "translation_d": 7.067549890840401e-09, "rotation_d": 3.593832208613356e-05, "width_d": 0.002931223724372859}