{"numgrasp": 403, "translation_d": 6.889252295853812e-09, "rotation_d": 3.8471952638925086e-05, "width_d": 0.002635236607015561}