{"numgrasp": 384, "translation_d": 6.5430200313033334e-09, "rotation_d": 4.1018856360302995e-05, "width_d": 0.0022710110865602445}