{"numgrasp": 380, "translation_d": 6.911638076160099e-09, "rotation_d": 4.832584219234019e-05, "width_d": 0.001972555843335454}