{"numgrasp": 339, "translation_d": 6.508269049810705e-09, "rotation_d": 3.274006543419599e-05, "width_d": 0.001756723721091648}