{"numgrasp": 355, "translation_d": 6.6495235974885625e-09, "rotation_d": 3.004957214709452e-05, "width_d": 0.0018075681281194025}