{"numgrasp": 352, "translation_d": 6.395604734268684e-09, "rotation_d": 2.840233639768686e-05, "width_d": 0.0021383928869351224}