{"numgrasp": 342, "translation_d": 6.086458780718108e-09, "rotation_d": 3.033996021539837e-05, "width_d": 0.0020617402632001906}