{"numgrasp": 346, "translation_d": 6.102963230652947e-09, "rotation_d": 4.65807459918486e-05, "width_d": 0.0034965569376268152}