{"numgrasp": 327, "translation_d": 5.972395530616273e-09, "rotation_d": 4.712933170770839e-05, "width_d": 0.0035967385938699675}