{"numgrasp": 339, "translation_d": 5.808854274846731e-09, "rotation_d": 4.774027342369988e-05, "width_d": 0.003882423496344922}