{"numgrasp": 321, "translation_d": 5.670900187697055e-09, "rotation_d": 4.876372821965042e-05, "width_d": 0.004204294910260243}