{"numgrasp": 327, "translation_d": 5.7809244763924015e-09, "rotation_d": 4.970807463326155e-05, "width_d": 0.0036908257220481604}