{"numgrasp": 358, "translation_d": 6.972331542789301e-09, "rotation_d": 5.508749818106732e-05, "width_d": 0.0038128018474771256}