{"numgrasp": 313, "translation_d": 5.69852015470607e-09, "rotation_d": 4.9737537046757564e-05, "width_d": 0.003612826224975451}