{"numgrasp": 325, "translation_d": 5.657125001893349e-09, "rotation_d": 5.014786466568028e-05, "width_d": 0.0030644964388828635}