{"numgrasp": 316, "translation_d": 5.509495284227829e-09, "rotation_d": 4.95755056285851e-05, "width_d": 0.002689474582070833}