{"numgrasp": 294, "translation_d": 5.560697172075464e-09, "rotation_d": 4.942300811965078e-05, "width_d": 0.0022320267255909287}