{"numgrasp": 295, "translation_d": 5.394633727090363e-09, "rotation_d": 4.821310327541709e-05, "width_d": 0.0022528122073707754}