{"numgrasp": 326, "translation_d": 5.625378225495025e-09, "rotation_d": 5.498652528107913e-05, "width_d": 0.0022853798068090824}