{"numgrasp": 306, "translation_d": 5.523744181670168e-09, "rotation_d": 5.4130509885937805e-05, "width_d": 0.0023412445845083347}