{"numgrasp": 295, "translation_d": 5.59951656445897e-09, "rotation_d": 5.4328140576694124e-05, "width_d": 0.002687385906460463}