{"numgrasp": 324, "translation_d": 5.6723131864786e-09, "rotation_d": 5.3203510252643e-05, "width_d": 0.0032151276292726153}