{"numgrasp": 352, "translation_d": 6.848900048962768e-09, "rotation_d": 5.6351879718653504e-05, "width_d": 0.004081425520950097}