{"numgrasp": 320, "translation_d": 5.49156002678247e-09, "rotation_d": 5.2450336740649e-05, "width_d": 0.0036568999197546218}