{"numgrasp": 311, "translation_d": 5.603621003939822e-09, "rotation_d": 5.174875227607791e-05, "width_d": 0.0037355304184446005}