{"numgrasp": 322, "translation_d": 5.539385372183017e-09, "rotation_d": 5.124901900392486e-05, "width_d": 0.004179554298419203}