{"numgrasp": 316, "translation_d": 5.5796698990164376e-09, "rotation_d": 5.213817841199728e-05, "width_d": 0.004187184345854008}