{"numgrasp": 310, "translation_d": 5.391369449674907e-09, "rotation_d": 4.955936059574966e-05, "width_d": 0.004509373048400912}