{"numgrasp": 306, "translation_d": 5.285109312257629e-09, "rotation_d": 5.049038355414764e-05, "width_d": 0.004511765305912049}