{"numgrasp": 314, "translation_d": 5.5159451535097905e-09, "rotation_d": 5.1693040568350967e-05, "width_d": 0.0047245095369341785}