{"numgrasp": 321, "translation_d": 5.564122940817489e-09, "rotation_d": 5.16068401302869e-05, "width_d": 0.004443779300210455}