{"numgrasp": 299, "translation_d": 5.54894428315378e-09, "rotation_d": 5.2005122045683985e-05, "width_d": 0.004250863234972483}