{"numgrasp": 302, "translation_d": 5.258991150848689e-09, "rotation_d": 5.347091757569722e-05, "width_d": 0.004048570546343441}