{"numgrasp": 308, "translation_d": 5.253183927777674e-09, "rotation_d": 5.3791179401401165e-05, "width_d": 0.003931600720100498}