{"numgrasp": 326, "translation_d": 5.343467027164838e-09, "rotation_d": 5.5066428496318686e-05, "width_d": 0.0034457668626779437}