{"numgrasp": 331, "translation_d": 5.1938014064390465e-09, "rotation_d": 5.5691746182999334e-05, "width_d": 0.0026250793864622877}