{"numgrasp": 305, "translation_d": 5.1665372584483e-09, "rotation_d": 5.161145960559844e-05, "width_d": 0.0024382003488374977}