{"numgrasp": 319, "translation_d": 5.422073348680431e-09, "rotation_d": 5.2060288914799683e-05, "width_d": 0.0032405954233336778}