{"numgrasp": 316, "translation_d": 5.253667192390213e-09, "rotation_d": 5.225690055799478e-05, "width_d": 0.0035223402218579796}