{"numgrasp": 305, "translation_d": 5.523426850784246e-09, "rotation_d": 5.331687354596263e-05, "width_d": 0.003772506281996604}