{"numgrasp": 298, "translation_d": 5.175724032932284e-09, "rotation_d": 5.322544126497212e-05, "width_d": 0.0048798199887972685}