{"numgrasp": 286, "translation_d": 5.477374565620098e-09, "rotation_d": 5.2316069405600575e-05, "width_d": 0.004719699318226319}