{"numgrasp": 304, "translation_d": 4.913192856507364e-09, "rotation_d": 5.305223561912456e-05, "width_d": 0.005627628691317559}