{"numgrasp": 292, "translation_d": 5.014014508896084e-09, "rotation_d": 5.100363551647117e-05, "width_d": 0.004589488864109227}