{"numgrasp": 296, "translation_d": 4.740509313671956e-09, "rotation_d": 5.172226996825741e-05, "width_d": 0.00436429905237622}