{"numgrasp": 289, "translation_d": 5.194272572515224e-09, "rotation_d": 5.0033378433212576e-05, "width_d": 0.0038259367345602527}