{"numgrasp": 292, "translation_d": 5.2961245125247584e-09, "rotation_d": 5.010999368745907e-05, "width_d": 0.003482019257573546}