{"numgrasp": 277, "translation_d": 4.943702351487297e-09, "rotation_d": 4.9787293184149616e-05, "width_d": 0.002926897516110783}