{"numgrasp": 280, "translation_d": 4.982655547696163e-09, "rotation_d": 4.681359198899179e-05, "width_d": 0.002506909602379211}