{"numgrasp": 289, "translation_d": 4.912071795095193e-09, "rotation_d": 4.433246121522661e-05, "width_d": 0.0022582466400378086}