{"numgrasp": 292, "translation_d": 4.703372839198654e-09, "rotation_d": 4.3615597957854206e-05, "width_d": 0.003209281455687067}