{"numgrasp": 277, "translation_d": 4.588083694559491e-09, "rotation_d": 4.3248693720649755e-05, "width_d": 0.003673068563818973}