{"numgrasp": 290, "translation_d": 4.860010172926369e-09, "rotation_d": 4.6534940519764844e-05, "width_d": 0.004427743609394254}