{"numgrasp": 285, "translation_d": 4.68309773844582e-09, "rotation_d": 4.764555164742377e-05, "width_d": 0.004752079863473957}