{"numgrasp": 277, "translation_d": 4.824481391178884e-09, "rotation_d": 4.7717316343547255e-05, "width_d": 0.005127959303436134}