{"numgrasp": 271, "translation_d": 4.571005094440403e-09, "rotation_d": 4.564405024807753e-05, "width_d": 0.005823584408033354}