{"numgrasp": 278, "translation_d": 4.512353485241914e-09, "rotation_d": 4.4826916288121055e-05, "width_d": 0.005523984268619651}