{"numgrasp": 284, "translation_d": 4.666881661844061e-09, "rotation_d": 4.427642874604849e-05, "width_d": 0.0041930857022463245}