{"numgrasp": 262, "translation_d": 4.66724713393929e-09, "rotation_d": 5.1227169571633424e-05, "width_d": 0.0031095017290506963}