{"numgrasp": 274, "translation_d": 4.411072005369952e-09, "rotation_d": 5.0380680758317836e-05, "width_d": 0.003305375259289542}