{"numgrasp": 259, "translation_d": 4.3169591518256655e-09, "rotation_d": 4.566939153878806e-05, "width_d": 0.005994477219444444}