{"numgrasp": 273, "translation_d": 4.530965096517087e-09, "rotation_d": 4.2747039420436116e-05, "width_d": 0.006705380277321692}