{"numgrasp": 251, "translation_d": 4.21981498164615e-09, "rotation_d": 5.092460817953036e-05, "width_d": 0.006775545806647246}