{"numgrasp": 239, "translation_d": 4.427572591035457e-09, "rotation_d": 5.0249394433450846e-05, "width_d": 0.006114619791622867}