{"numgrasp": 256, "translation_d": 4.6556074505456185e-09, "rotation_d": 5.1332772633168425e-05, "width_d": 0.00503725741433149}