{"numgrasp": 251, "translation_d": 4.6378099544563765e-09, "rotation_d": 5.206505390389109e-05, "width_d": 0.004824710817046703}