{"numgrasp": 240, "translation_d": 4.9174532281199115e-09, "rotation_d": 5.7498025444618476e-05, "width_d": 0.0028326971454858897}