{"numgrasp": 256, "translation_d": 4.532201752815336e-09, "rotation_d": 5.6758749136830424e-05, "width_d": 0.0035433103558764802}