{"numgrasp": 268, "translation_d": 4.616570689837613e-09, "rotation_d": 5.600777929239775e-05, "width_d": 0.003645643662639774}