{"numgrasp": 257, "translation_d": 4.433764700601541e-09, "rotation_d": 5.447643397145712e-05, "width_d": 0.004754654859134793}