{"numgrasp": 355, "translation_d": 6.805690487202476e-09, "rotation_d": 5.759536113894884e-05, "width_d": 0.003004910035419331}