{"numgrasp": 249, "translation_d": 4.126593537460229e-09, "rotation_d": 5.5026260534304374e-05, "width_d": 0.005419066836341539}