{"numgrasp": 239, "translation_d": 4.424138784414685e-09, "rotation_d": 5.405706476276944e-05, "width_d": 0.00592392991870642}