{"numgrasp": 252, "translation_d": 4.4202518030091665e-09, "rotation_d": 5.344196446653796e-05, "width_d": 0.006964733508794605}