{"numgrasp": 245, "translation_d": 4.424755543588697e-09, "rotation_d": 5.2093612933636366e-05, "width_d": 0.007041942481825957}