{"numgrasp": 340, "translation_d": 6.639148328934389e-09, "rotation_d": 5.75614454917139e-05, "width_d": 0.0026151406729236406}