{"numgrasp": 318, "translation_d": 6.347395976372132e-09, "rotation_d": 5.692114750725129e-05, "width_d": 0.002375986086602267}