{"numgrasp": 324, "translation_d": 6.506665286540142e-09, "rotation_d": 5.6219649591947613e-05, "width_d": 0.0022306974351394217}