{"numgrasp": 313, "translation_d": 6.433566567506127e-09, "rotation_d": 5.729319199094156e-05, "width_d": 0.001972338469551729}