{"numgrasp": 339, "translation_d": 6.4946551978792e-09, "rotation_d": 5.7667541017390916e-05, "width_d": 0.002532064179152713}