{"numgrasp": 359, "translation_d": 6.4299339545798385e-09, "rotation_d": 5.547584672001761e-05, "width_d": 0.0029423968840321117}