{"numgrasp": 342, "translation_d": 6.421756482811891e-09, "rotation_d": 5.6503421918239256e-05, "width_d": 0.003342775974916622}