{"numgrasp": 327, "translation_d": 6.488788853737875e-09, "rotation_d": 5.63869430247795e-05, "width_d": 0.004080515348244085}