{"numgrasp": 337, "translation_d": 6.555521853395703e-09, "rotation_d": 5.5721444535049834e-05, "width_d": 0.004006045300131246}