{"numgrasp": 338, "translation_d": 6.16818146383279e-09, "rotation_d": 5.164800426033979e-05, "width_d": 0.0038889069071134687}