{"numgrasp": 348, "translation_d": 6.424462991745329e-09, "rotation_d": 5.131131874418199e-05, "width_d": 0.003737251864706657}