{"numgrasp": 325, "translation_d": 6.143243970749373e-09, "rotation_d": 5.296016710294289e-05, "width_d": 0.0030988628580528666}