{"numgrasp": 330, "translation_d": 6.307859772793323e-09, "rotation_d": 5.3916474128167943e-05, "width_d": 0.00286332138202741}