{"numgrasp": 320, "translation_d": 6.321115655186051e-09, "rotation_d": 5.4282605080450906e-05, "width_d": 0.0025446281454226324}