{"numgrasp": 317, "translation_d": 6.230217869108177e-09, "rotation_d": 5.7948526298974204e-05, "width_d": 0.0018987312191009133}