{"numgrasp": 274, "translation_d": 6.227004426903483e-09, "rotation_d": 5.4070362316151455e-05, "width_d": 0.001770587368516836}