{"numgrasp": 294, "translation_d": 6.060452374531078e-09, "rotation_d": 4.89869013107197e-05, "width_d": 0.001940788257052833}