{"numgrasp": 324, "translation_d": 6.149645102779694e-09, "rotation_d": 4.7906294399809366e-05, "width_d": 0.003241830074178779}