{"numgrasp": 329, "translation_d": 6.210277741937709e-09, "rotation_d": 4.592150365590294e-05, "width_d": 0.0034916011880195548}