{"numgrasp": 332, "translation_d": 6.123925070762995e-09, "rotation_d": 4.574634249376146e-05, "width_d": 0.003828495793878721}