{"numgrasp": 327, "translation_d": 5.817329684797338e-09, "rotation_d": 4.487912444460199e-05, "width_d": 0.003302315260245427}