{"numgrasp": 343, "translation_d": 6.047108270413287e-09, "rotation_d": 4.5703875731508244e-05, "width_d": 0.0031598774469165885}