{"numgrasp": 317, "translation_d": 5.907023896526152e-09, "rotation_d": 4.5388024146526426e-05, "width_d": 0.0026583495132032407}