{"numgrasp": 319, "translation_d": 5.818972685796383e-09, "rotation_d": 4.436647781045779e-05, "width_d": 0.0024014492733540043}