{"numgrasp": 287, "translation_d": 5.630328813794554e-09, "rotation_d": 4.455537350010986e-05, "width_d": 0.001941043363660697}