{"numgrasp": 300, "translation_d": 6.084218537020437e-09, "rotation_d": 4.389095158783774e-05, "width_d": 0.0024468879693076806}