{"numgrasp": 318, "translation_d": 5.817315611493181e-09, "rotation_d": 4.5854897621173115e-05, "width_d": 0.0027327643584546474}