{"numgrasp": 316, "translation_d": 5.823747525656476e-09, "rotation_d": 4.590677870828595e-05, "width_d": 0.002786101118328365}