{"numgrasp": 324, "translation_d": 5.872668973191586e-09, "rotation_d": 4.6842580780533776e-05, "width_d": 0.003056213759142714}