{"numgrasp": 486, "translation_d": 5.347957727075606e-09, "rotation_d": 4.4316939297369526e-05, "width_d": 0.004211590059591966}