{"numgrasp": 381, "translation_d": 5.049620676836762e-09, "rotation_d": 6.301916340174198e-05, "width_d": 0.005188787636513186}