{"numgrasp": 397, "translation_d": 5.016956767833223e-09, "rotation_d": 6.302298175505859e-05, "width_d": 0.005322019464345972}