{"numgrasp": 418, "translation_d": 5.10682379882044e-09, "rotation_d": 6.259574861746917e-05, "width_d": 0.005963359182305488}