{"numgrasp": 414, "translation_d": 5.45740288010375e-09, "rotation_d": 6.277393541659298e-05, "width_d": 0.006050601474173387}