{"numgrasp": 359, "translation_d": 5.217036869410952e-09, "rotation_d": 6.14728123964177e-05, "width_d": 0.006502555593680853}