{"numgrasp": 363, "translation_d": 5.054745980943451e-09, "rotation_d": 6.145228939408391e-05, "width_d": 0.006198692651160984}