{"numgrasp": 416, "translation_d": 5.079015497045569e-09, "rotation_d": 5.969343554546636e-05, "width_d": 0.005894244534250535}