{"numgrasp": 428, "translation_d": 5.023448641430959e-09, "rotation_d": 5.529582345007887e-05, "width_d": 0.004978984229656454}