{"numgrasp": 421, "translation_d": 5.049471106103016e-09, "rotation_d": 5.31561600683366e-05, "width_d": 0.005995227412490355}