{"numgrasp": 413, "translation_d": 4.83989455382246e-09, "rotation_d": 5.440569727941994e-05, "width_d": 0.006129689436721937}