{"numgrasp": 379, "translation_d": 4.938543957855726e-09, "rotation_d": 5.531708143223314e-05, "width_d": 0.006771649315942174}