{"numgrasp": 389, "translation_d": 4.897082807667226e-09, "rotation_d": 5.680418877011669e-05, "width_d": 0.006656230386691732}