{"numgrasp": 415, "translation_d": 4.850759117637931e-09, "rotation_d": 5.1921570854247715e-05, "width_d": 0.006638689274304712}