{"numgrasp": 456, "translation_d": 4.942817089714943e-09, "rotation_d": 5.1703797918621715e-05, "width_d": 0.006312182533326392}