{"numgrasp": 459, "translation_d": 6.093144032854104e-09, "rotation_d": 3.6981884429862724e-05, "width_d": 0.005192417506051502}