{"numgrasp": 435, "translation_d": 4.462666293210098e-09, "rotation_d": 4.873848524961584e-05, "width_d": 0.006136348588963404}