{"numgrasp": 425, "translation_d": 4.721994364020308e-09, "rotation_d": 4.714065644523161e-05, "width_d": 0.0056128186843899044}