{"numgrasp": 441, "translation_d": 4.959724262171611e-09, "rotation_d": 4.6513377881380145e-05, "width_d": 0.005052932428626693}