{"numgrasp": 462, "translation_d": 4.8502944470765625e-09, "rotation_d": 4.4070001742161824e-05, "width_d": 0.004794947118010785}