{"numgrasp": 464, "translation_d": 6.562233716238063e-09, "rotation_d": 3.752973930711978e-05, "width_d": 0.005427335696362963}