{"numgrasp": 458, "translation_d": 4.6423728235183976e-09, "rotation_d": 5.5542532851843674e-05, "width_d": 0.004408122218585827}