{"numgrasp": 435, "translation_d": 4.801698110040982e-09, "rotation_d": 5.266237957700293e-05, "width_d": 0.004576891116802671}