{"numgrasp": 437, "translation_d": 4.681151812054254e-09, "rotation_d": 5.178513992281751e-05, "width_d": 0.0047221142818832515}