{"numgrasp": 451, "translation_d": 4.823290503014136e-09, "rotation_d": 4.9187134539245076e-05, "width_d": 0.005237601943344142}