{"numgrasp": 436, "translation_d": 4.700318644166491e-09, "rotation_d": 4.906730925890158e-05, "width_d": 0.005321218591082261}