{"numgrasp": 521, "translation_d": 4.669611817552141e-09, "rotation_d": 5.082996275840864e-05, "width_d": 0.0060503045616877894}