{"numgrasp": 536, "translation_d": 4.5052445791788745e-09, "rotation_d": 5.0701289396124545e-05, "width_d": 0.005855163810273676}