{"numgrasp": 470, "translation_d": 4.666742293887084e-09, "rotation_d": 5.343606118647302e-05, "width_d": 0.005267010893101435}