{"numgrasp": 484, "translation_d": 4.610832483574805e-09, "rotation_d": 5.5016094024689486e-05, "width_d": 0.005137762708624862}