{"numgrasp": 444, "translation_d": 4.621791139090815e-09, "rotation_d": 5.8903791680400735e-05, "width_d": 0.004389899205730413}