{"numgrasp": 445, "translation_d": 4.542857238484946e-09, "rotation_d": 5.924648734550304e-05, "width_d": 0.004203022084483096}