{"numgrasp": 500, "translation_d": 4.428976092778528e-09, "rotation_d": 6.059029209915301e-05, "width_d": 0.004920665597981541}