{"numgrasp": 528, "translation_d": 4.46125397999628e-09, "rotation_d": 5.6126165502230455e-05, "width_d": 0.005566413039619785}