{"numgrasp": 493, "translation_d": 4.700800451150355e-09, "rotation_d": 5.381603025201107e-05, "width_d": 0.005776652705470494}