{"numgrasp": 516, "translation_d": 4.6217069183667944e-09, "rotation_d": 5.3644098858498255e-05, "width_d": 0.006128049794446705}