{"numgrasp": 525, "translation_d": 4.6001906409349246e-09, "rotation_d": 5.457000094680702e-05, "width_d": 0.006067756594519929}