{"numgrasp": 514, "translation_d": 4.9179818048768416e-09, "rotation_d": 5.4960879021129996e-05, "width_d": 0.0061815290301230515}