{"numgrasp": 467, "translation_d": 4.4993476945201934e-09, "rotation_d": 5.745013030540951e-05, "width_d": 0.006494109172558186}