{"numgrasp": 488, "translation_d": 4.405378510667824e-09, "rotation_d": 5.509190230824791e-05, "width_d": 0.006305013250126811}