{"numgrasp": 525, "translation_d": 6.828599781407304e-09, "rotation_d": 4.710007498404968e-05, "width_d": 0.004302923167706749}