{"numgrasp": 477, "translation_d": 4.5661432833882276e-09, "rotation_d": 5.5993610799993385e-05, "width_d": 0.006101415417155768}