{"numgrasp": 500, "translation_d": 4.541247248076344e-09, "rotation_d": 5.846318535246861e-05, "width_d": 0.0059186119703751715}