{"numgrasp": 531, "translation_d": 4.421898887508948e-09, "rotation_d": 6.0062803848067823e-05, "width_d": 0.005486712140017399}