{"numgrasp": 503, "translation_d": 4.365350241776187e-09, "rotation_d": 5.8475329112597145e-05, "width_d": 0.005138511100645406}