{"numgrasp": 507, "translation_d": 4.677499450858164e-09, "rotation_d": 5.6431386455490156e-05, "width_d": 0.0047810577125843344}