{"numgrasp": 527, "translation_d": 6.004894540930233e-09, "rotation_d": 3.721221433849078e-05, "width_d": 0.004408253001170932}