{"numgrasp": 473, "translation_d": 4.737899786694057e-09, "rotation_d": 5.184223232763739e-05, "width_d": 0.004507011397608242}