{"numgrasp": 456, "translation_d": 4.287342295543097e-09, "rotation_d": 4.704082128334572e-05, "width_d": 0.00435251100321531}