{"numgrasp": 465, "translation_d": 4.62532066779863e-09, "rotation_d": 5.517686417691503e-05, "width_d": 0.005400725082343291}