{"numgrasp": 450, "translation_d": 4.40365220162376e-09, "rotation_d": 5.6360881294750693e-05, "width_d": 0.006023212170860901}