{"numgrasp": 453, "translation_d": 4.456373242653394e-09, "rotation_d": 6.86156389032847e-05, "width_d": 0.006307306370321162}