{"numgrasp": 483, "translation_d": 4.368503287275367e-09, "rotation_d": 0.00017487755078531236, "width_d": 0.006582186311947233}