{"numgrasp": 519, "translation_d": 6.0924244286177175e-09, "rotation_d": 3.732137996972139e-05, "width_d": 0.004312515060175306}