{"numgrasp": 452, "translation_d": 4.616622773296692e-09, "rotation_d": 4.6023881312364534e-05, "width_d": 0.005525561361201617}