{"numgrasp": 420, "translation_d": 4.443267927525519e-09, "rotation_d": 4.4912398447616724e-05, "width_d": 0.005125639905776579}