{"numgrasp": 351, "translation_d": 4.600082309190796e-09, "rotation_d": 4.406491326693299e-05, "width_d": 0.0033533925218378093}