{"numgrasp": 379, "translation_d": 4.5188362522803266e-09, "rotation_d": 4.270601682779878e-05, "width_d": 0.003382730363762919}