{"numgrasp": 548, "translation_d": 5.7758389256618126e-09, "rotation_d": 3.718194038083404e-05, "width_d": 0.0041119679707038}