{"numgrasp": 371, "translation_d": 4.6916028097267844e-09, "rotation_d": 4.0023325810202635e-05, "width_d": 0.003289446642689557}