{"numgrasp": 355, "translation_d": 4.5067563321399475e-09, "rotation_d": 3.872856704529917e-05, "width_d": 0.003366852710364221}