{"numgrasp": 400, "translation_d": 4.503846663826713e-09, "rotation_d": 4.1347415668086115e-05, "width_d": 0.00357921902268303}