{"numgrasp": 377, "translation_d": 4.430386609323985e-09, "rotation_d": 3.8545636644282944e-05, "width_d": 0.0036617561964154724}