{"numgrasp": 383, "translation_d": 4.4579564831774735e-09, "rotation_d": 3.820580389231063e-05, "width_d": 0.004144982346909894}