{"numgrasp": 376, "translation_d": 4.323383778825066e-09, "rotation_d": 4.024701147376442e-05, "width_d": 0.00466909250687131}