{"numgrasp": 389, "translation_d": 4.481127903681567e-09, "rotation_d": 4.0848011533978267e-05, "width_d": 0.004702903549713565}