{"numgrasp": 398, "translation_d": 4.531262327233885e-09, "rotation_d": 3.8802861755463957e-05, "width_d": 0.005032609308110216}