{"numgrasp": 541, "translation_d": 5.849635462764826e-09, "rotation_d": 3.910554293937258e-05, "width_d": 0.003687792193436676}