{"numgrasp": 554, "translation_d": 6.0328554460125225e-09, "rotation_d": 3.8665375686910756e-05, "width_d": 0.0035500607079916448}