{"numgrasp": 529, "translation_d": 5.9949104143499504e-09, "rotation_d": 4.041687835126212e-05, "width_d": 0.0037984041530700814}