{"numgrasp": 513, "translation_d": 5.81909352101389e-09, "rotation_d": 3.979420103802886e-05, "width_d": 0.00407477375783587}