{"numgrasp": 540, "translation_d": 6.012246974745601e-09, "rotation_d": 3.9955928450550877e-05, "width_d": 0.0038335301970581423}