{"numgrasp": 535, "translation_d": 5.8713324660056076e-09, "rotation_d": 3.736730810820237e-05, "width_d": 0.0036070480617813676}