{"numgrasp": 514, "translation_d": 6.0022399165499105e-09, "rotation_d": 3.821351131150957e-05, "width_d": 0.0037733600497216156}