{"numgrasp": 489, "translation_d": 5.770465272390795e-09, "rotation_d": 4.001288007806538e-05, "width_d": 0.004265218796713192}