{"numgrasp": 441, "translation_d": 5.954929057205275e-09, "rotation_d": 3.997121901416664e-05, "width_d": 0.005031054763316961}