{"numgrasp": 548, "translation_d": 6.439570740930086e-09, "rotation_d": 4.3619097918443506e-05, "width_d": 0.0037604728928840136}