{"numgrasp": 454, "translation_d": 5.5774770953626286e-09, "rotation_d": 4.4603490554377406e-05, "width_d": 0.004448953008310563}