{"numgrasp": 478, "translation_d": 5.666421792167822e-09, "rotation_d": 4.4323468812304646e-05, "width_d": 0.00420134502802133}