{"numgrasp": 465, "translation_d": 5.95187628875644e-09, "rotation_d": 4.4107711271731796e-05, "width_d": 0.0037158671180898503}