{"numgrasp": 465, "translation_d": 5.727403118771161e-09, "rotation_d": 4.402062034175224e-05, "width_d": 0.003587355041545822}