{"numgrasp": 486, "translation_d": 6.015650317493454e-09, "rotation_d": 4.495967002991924e-05, "width_d": 0.003728012374093012}