{"numgrasp": 491, "translation_d": 6.071721806393917e-09, "rotation_d": 4.558031465846387e-05, "width_d": 0.003872387971149272}