{"numgrasp": 453, "translation_d": 5.80066591583393e-09, "rotation_d": 5.0799233358168e-05, "width_d": 0.004208828279650291}