{"numgrasp": 418, "translation_d": 5.587277210108e-09, "rotation_d": 5.1024394218646454e-05, "width_d": 0.003938847791593707}