{"numgrasp": 415, "translation_d": 5.5399278473111126e-09, "rotation_d": 5.140430068723104e-05, "width_d": 0.004073983571217731}