{"numgrasp": 562, "translation_d": 6.096717929180532e-09, "rotation_d": 4.2901381889170055e-05, "width_d": 0.004129240746504781}