{"numgrasp": 411, "translation_d": 5.29260015983659e-09, "rotation_d": 5.134598336346865e-05, "width_d": 0.004702990223826896}