{"numgrasp": 390, "translation_d": 5.705968836074372e-09, "rotation_d": 5.161771217227915e-05, "width_d": 0.004753520679749618}