{"numgrasp": 375, "translation_d": 5.521516879893332e-09, "rotation_d": 5.112088416988757e-05, "width_d": 0.004971741643888813}