{"numgrasp": 390, "translation_d": 5.138745079099936e-09, "rotation_d": 5.717639609065801e-05, "width_d": 0.005252119845867636}