{"numgrasp": 430, "translation_d": 5.252857018736871e-09, "rotation_d": 5.848311013931883e-05, "width_d": 0.005052679037839147}