{"numgrasp": 438, "translation_d": 5.2654659105775886e-09, "rotation_d": 5.844934483593627e-05, "width_d": 0.004754430589770096}