{"numgrasp": 404, "translation_d": 5.427581035634519e-09, "rotation_d": 5.636507275152703e-05, "width_d": 0.004125094007611748}