{"numgrasp": 437, "translation_d": 5.104243616983186e-09, "rotation_d": 5.7585539386357775e-05, "width_d": 0.003884955180666463}