{"numgrasp": 419, "translation_d": 5.191767973132461e-09, "rotation_d": 5.792831823420762e-05, "width_d": 0.004941344960841327}