{"numgrasp": 446, "translation_d": 5.079157475334136e-09, "rotation_d": 5.946486305739841e-05, "width_d": 0.005069661559488399}