{"numgrasp": 231, "translation_d": 4.879137704306731e-09, "rotation_d": 4.376580992810993e-05, "width_d": 0.004437396835126188}