{"numgrasp": 240, "translation_d": 5.058764545735583e-09, "rotation_d": 4.409465803747282e-05, "width_d": 0.004610150581533747}