{"numgrasp": 237, "translation_d": 5.102972905304903e-09, "rotation_d": 3.871422215565461e-05, "width_d": 0.0039167415964970085}