{"numgrasp": 245, "translation_d": 4.997333610683111e-09, "rotation_d": 3.8543981563736913e-05, "width_d": 0.0036914033781906934}