{"numgrasp": 257, "translation_d": 5.152167808607243e-09, "rotation_d": 3.946218805564287e-05, "width_d": 0.0036198556120246067}