{"numgrasp": 251, "translation_d": 5.163472619105921e-09, "rotation_d": 3.8037279887440056e-05, "width_d": 0.005117906116658894}