{"numgrasp": 225, "translation_d": 4.9038696061538435e-09, "rotation_d": 3.725117573896131e-05, "width_d": 0.005596297614578587}