{"numgrasp": 251, "translation_d": 5.0237089966609456e-09, "rotation_d": 4.523704862486332e-05, "width_d": 0.005860608163427468}