{"numgrasp": 239, "translation_d": 5.127201926337819e-09, "rotation_d": 4.614744369353822e-05, "width_d": 0.003270492375088933}