{"numgrasp": 241, "translation_d": 5.096108473686817e-09, "rotation_d": 4.822798267414861e-05, "width_d": 0.004922275727185372}