{"numgrasp": 258, "translation_d": 4.892803710590142e-09, "rotation_d": 5.092544151730453e-05, "width_d": 0.0043160657219393946}