{"numgrasp": 267, "translation_d": 4.9825362425531495e-09, "rotation_d": 5.059066486674042e-05, "width_d": 0.004256757086932826}