{"numgrasp": 259, "translation_d": 5.071511696981988e-09, "rotation_d": 5.712703321986107e-05, "width_d": 0.003923883185049098}