{"numgrasp": 213, "translation_d": 5.38787276753597e-09, "rotation_d": 4.748772959014704e-05, "width_d": 0.003521461386768114}