{"numgrasp": 233, "translation_d": 4.734746430563247e-09, "rotation_d": 5.700960522078979e-05, "width_d": 0.005516794120887607}