{"numgrasp": 219, "translation_d": 4.3755047040136275e-09, "rotation_d": 6.0442689965992585e-05, "width_d": 0.005585594073982037}