{"numgrasp": 254, "translation_d": 5.026059583114382e-09, "rotation_d": 6.040958333940157e-05, "width_d": 0.003920362357840679}