{"numgrasp": 264, "translation_d": 4.968079503761059e-09, "rotation_d": 5.908110765347513e-05, "width_d": 0.0035281211295355554}