{"numgrasp": 266, "translation_d": 5.125057061555795e-09, "rotation_d": 5.8180792426047484e-05, "width_d": 0.0030995926300725965}