{"numgrasp": 263, "translation_d": 4.977153601412094e-09, "rotation_d": 5.776236006978492e-05, "width_d": 0.0031775031728192332}