{"numgrasp": 258, "translation_d": 5.318147950127776e-09, "rotation_d": 5.464721429273648e-05, "width_d": 0.003051523269542594}