{"numgrasp": 263, "translation_d": 5.109894739315234e-09, "rotation_d": 6.00504063236186e-05, "width_d": 0.0034844938444084706}