{"numgrasp": 266, "translation_d": 5.116450140253907e-09, "rotation_d": 5.535539235298383e-05, "width_d": 0.003511034325329974}