{"numgrasp": 259, "translation_d": 5.049935129922777e-09, "rotation_d": 5.51984256413067e-05, "width_d": 0.0038165409871879557}