{"numgrasp": 270, "translation_d": 4.6962380593394375e-09, "rotation_d": 5.63522121891289e-05, "width_d": 0.004037407307339503}