{"numgrasp": 247, "translation_d": 4.64374097122216e-09, "rotation_d": 5.684912585266264e-05, "width_d": 0.004868625534899629}