{"numgrasp": 251, "translation_d": 4.105023061394482e-09, "rotation_d": 5.787811199386016e-05, "width_d": 0.005318008117523979}