{"numgrasp": 239, "translation_d": 4.178694333746789e-09, "rotation_d": 5.215627227525151e-05, "width_d": 0.004740179881097307}