{"numgrasp": 271, "translation_d": 4.7756327088572296e-09, "rotation_d": 5.253034823188007e-05, "width_d": 0.004658416873506517}