{"numgrasp": 267, "translation_d": 5.071004175041691e-09, "rotation_d": 5.041770079627736e-05, "width_d": 0.003748574990287361}