{"numgrasp": 264, "translation_d": 5.066568242336697e-09, "rotation_d": 4.97788064777568e-05, "width_d": 0.0037183861724266226}