{"numgrasp": 272, "translation_d": 5.111876358349676e-09, "rotation_d": 4.8630342911831804e-05, "width_d": 0.0034831242893514176}