{"numgrasp": 237, "translation_d": 5.384353880673386e-09, "rotation_d": 4.9441272023959974e-05, "width_d": 0.003239243074613649}