{"numgrasp": 233, "translation_d": 5.0735027282083395e-09, "rotation_d": 4.435321568932009e-05, "width_d": 0.0035333297157814237}