{"numgrasp": 253, "translation_d": 4.750919008515552e-09, "rotation_d": 4.5710705549619625e-05, "width_d": 0.0037586547659794857}