{"numgrasp": 285, "translation_d": 4.564779871982411e-09, "rotation_d": 4.708977610554424e-05, "width_d": 0.004242632871662702}