{"numgrasp": 278, "translation_d": 4.84032513179424e-09, "rotation_d": 4.748072454835043e-05, "width_d": 0.004104705798927389}