{"numgrasp": 278, "translation_d": 4.701903048608913e-09, "rotation_d": 4.7139367407177135e-05, "width_d": 0.004526808602803064}