{"numgrasp": 267, "translation_d": 4.560793461507281e-09, "rotation_d": 4.699191742823656e-05, "width_d": 0.003959690015815655}