{"numgrasp": 265, "translation_d": 4.7569520689482946e-09, "rotation_d": 4.556766783504473e-05, "width_d": 0.004544293374382073}