{"numgrasp": 271, "translation_d": 4.503441204068602e-09, "rotation_d": 4.652465909043962e-05, "width_d": 0.004768220731579863}