{"numgrasp": 235, "translation_d": 4.546133671849056e-09, "rotation_d": 4.384846139760988e-05, "width_d": 0.004516322516580951}