{"numgrasp": 248, "translation_d": 4.506775496809648e-09, "rotation_d": 4.465691320617557e-05, "width_d": 0.0037241648002522706}