{"numgrasp": 249, "translation_d": 4.875320342668839e-09, "rotation_d": 4.5621723887085375e-05, "width_d": 0.0038559150580295518}