{"numgrasp": 266, "translation_d": 4.76527054202459e-09, "rotation_d": 4.353118955200489e-05, "width_d": 0.0034724726919215356}