{"numgrasp": 254, "translation_d": 4.748437124905261e-09, "rotation_d": 4.563003421479652e-05, "width_d": 0.003401029063878212}