{"numgrasp": 259, "translation_d": 4.736228694484313e-09, "rotation_d": 4.432056689682557e-05, "width_d": 0.0038905347934474195}