{"numgrasp": 229, "translation_d": 4.852586753435623e-09, "rotation_d": 4.3745637760632705e-05, "width_d": 0.0036142907729532214}