{"numgrasp": 214, "translation_d": 4.728396177219218e-09, "rotation_d": 4.462497927799723e-05, "width_d": 0.0033269328122048584}