{"numgrasp": 247, "translation_d": 4.473426540086785e-09, "rotation_d": 4.319617719450349e-05, "width_d": 0.0035914957033186443}