{"numgrasp": 249, "translation_d": 4.85973717920685e-09, "rotation_d": 4.4249188742503136e-05, "width_d": 0.003493535480764793}