{"numgrasp": 258, "translation_d": 4.65072746749149e-09, "rotation_d": 4.3031323580368834e-05, "width_d": 0.0037081824630955966}