{"numgrasp": 228, "translation_d": 4.502249377511762e-09, "rotation_d": 4.248855234867461e-05, "width_d": 0.0038937169811906905}