{"numgrasp": 262, "translation_d": 5.701226933037912e-09, "rotation_d": 4.877187812844206e-05, "width_d": 0.0028490589720135406}