{"numgrasp": 264, "translation_d": 5.603850433394524e-09, "rotation_d": 4.678958005127807e-05, "width_d": 0.00300781763048301}