{"numgrasp": 265, "translation_d": 5.490586378083376e-09, "rotation_d": 4.581234224016765e-05, "width_d": 0.0027506887839165973}