{"numgrasp": 261, "translation_d": 5.530520934210512e-09, "rotation_d": 4.363846915769858e-05, "width_d": 0.0025746888609341706}