{"numgrasp": 266, "translation_d": 5.692690389291139e-09, "rotation_d": 4.0341947324414814e-05, "width_d": 0.002480989437300876}