{"numgrasp": 253, "translation_d": 5.676113894246086e-09, "rotation_d": 5.565324328410444e-05, "width_d": 0.0031407503877666706}