{"numgrasp": 240, "translation_d": 5.618678847070495e-09, "rotation_d": 5.588419273983888e-05, "width_d": 0.003340622800400457}