{"numgrasp": 239, "translation_d": 5.250036190822767e-09, "rotation_d": 5.4484115933363104e-05, "width_d": 0.003537942894711244}