{"numgrasp": 231, "translation_d": 5.2291318171462885e-09, "rotation_d": 5.2825130751499766e-05, "width_d": 0.003784898266631877}