{"numgrasp": 220, "translation_d": 5.18625408881284e-09, "rotation_d": 5.5346405767072206e-05, "width_d": 0.0039024867346683155}