{"numgrasp": 250, "translation_d": 5.349078298275775e-09, "rotation_d": 5.737418501293426e-05, "width_d": 0.0029722690170594108}