{"numgrasp": 249, "translation_d": 5.4697933718933845e-09, "rotation_d": 5.5103528973063496e-05, "width_d": 0.0024736248930858616}