{"numgrasp": 239, "translation_d": 5.714663484957429e-09, "rotation_d": 6.162153991930378e-05, "width_d": 0.0032986681229980573}