{"numgrasp": 247, "translation_d": 5.506649494106028e-09, "rotation_d": 5.9429463746514886e-05, "width_d": 0.0034292648844462354}