{"numgrasp": 244, "translation_d": 5.5391208347221235e-09, "rotation_d": 5.977372081296109e-05, "width_d": 0.003627174660063376}