{"numgrasp": 234, "translation_d": 5.135888340335478e-09, "rotation_d": 5.809647267407333e-05, "width_d": 0.004033032981239266}