{"numgrasp": 227, "translation_d": 5.293019286254943e-09, "rotation_d": 5.354849072447925e-05, "width_d": 0.0046830675766887046}