{"numgrasp": 229, "translation_d": 5.017800332766876e-09, "rotation_d": 5.290426560688078e-05, "width_d": 0.004240489853021644}