{"numgrasp": 264, "translation_d": 5.909481306003417e-09, "rotation_d": 4.319572028356767e-05, "width_d": 0.002908291501027822}