{"numgrasp": 237, "translation_d": 5.130537644670768e-09, "rotation_d": 5.3440732204578324e-05, "width_d": 0.0038667123081941607}