{"numgrasp": 241, "translation_d": 4.8841881263962876e-09, "rotation_d": 5.417883125288645e-05, "width_d": 0.0037482606467019335}