{"numgrasp": 258, "translation_d": 5.6722266456720675e-09, "rotation_d": 4.270321988127545e-05, "width_d": 0.003012717055140423}