{"numgrasp": 239, "translation_d": 5.0852017868385725e-09, "rotation_d": 4.8589302499236447e-05, "width_d": 0.003134774265563507}