{"numgrasp": 252, "translation_d": 5.035309215240511e-09, "rotation_d": 4.5777034714137664e-05, "width_d": 0.0034979372737495734}