{"numgrasp": 245, "translation_d": 4.871828417324771e-09, "rotation_d": 4.5571921913887754e-05, "width_d": 0.003934768173070561}