{"numgrasp": 384, "translation_d": 6.366771089866767e-09, "rotation_d": 5.286774202451125e-05, "width_d": 0.004193293943374283}