{"numgrasp": 384, "translation_d": 6.485552391518797e-09, "rotation_d": 4.174118456761382e-05, "width_d": 0.004466112843256086}