{"numgrasp": 393, "translation_d": 6.3189083051346955e-09, "rotation_d": 4.875291133749748e-05, "width_d": 0.004037120314900631}