{"numgrasp": 409, "translation_d": 6.101715455815399e-09, "rotation_d": 4.6864998069276515e-05, "width_d": 0.0034397786232754786}