{"numgrasp": 367, "translation_d": 6.194189882769094e-09, "rotation_d": 4.6054916474206045e-05, "width_d": 0.0033153357853037903}