{"numgrasp": 361, "translation_d": 6.4352914143301436e-09, "rotation_d": 4.626509827978657e-05, "width_d": 0.003252347856896219}