{"numgrasp": 358, "translation_d": 5.85600423439721e-09, "rotation_d": 4.296754856432605e-05, "width_d": 0.003075709346397557}