{"numgrasp": 370, "translation_d": 6.066471675271887e-09, "rotation_d": 4.405789960766328e-05, "width_d": 0.003490886258737826}