{"numgrasp": 387, "translation_d": 5.719084211880493e-09, "rotation_d": 4.455662532919332e-05, "width_d": 0.0034534318687458767}