{"numgrasp": 393, "translation_d": 5.778499576486947e-09, "rotation_d": 4.439421910919764e-05, "width_d": 0.0038478778200739514}