{"numgrasp": 364, "translation_d": 6.376590788512265e-09, "rotation_d": 4.055099754349146e-05, "width_d": 0.004937533529070463}