{"numgrasp": 405, "translation_d": 5.585509982692096e-09, "rotation_d": 4.540559032350268e-05, "width_d": 0.004255958012326345}