{"numgrasp": 365, "translation_d": 5.553780567590505e-09, "rotation_d": 4.5230390657156545e-05, "width_d": 0.005016573401667682}