{"numgrasp": 392, "translation_d": 5.533001069637092e-09, "rotation_d": 4.4587392413815925e-05, "width_d": 0.004440267065643932}