{"numgrasp": 391, "translation_d": 5.8226229544792285e-09, "rotation_d": 4.57503196340248e-05, "width_d": 0.0044029925837787654}