{"numgrasp": 397, "translation_d": 5.496797952902167e-09, "rotation_d": 4.6233881858918825e-05, "width_d": 0.003954866954104032}