{"numgrasp": 376, "translation_d": 5.890187238281217e-09, "rotation_d": 4.561486135587892e-05, "width_d": 0.0038017089230029024}