{"numgrasp": 390, "translation_d": 5.774062514970708e-09, "rotation_d": 4.531483397245442e-05, "width_d": 0.003819404219331913}