{"numgrasp": 365, "translation_d": 5.466112816638678e-09, "rotation_d": 5.4692052216763835e-05, "width_d": 0.003315591293543753}