{"numgrasp": 373, "translation_d": 5.552934173664554e-09, "rotation_d": 5.084332393851535e-05, "width_d": 0.004086618272371421}