{"numgrasp": 378, "translation_d": 5.66730789085113e-09, "rotation_d": 5.009784468984911e-05, "width_d": 0.004156464436274694}