{"numgrasp": 360, "translation_d": 6.193838091059601e-09, "rotation_d": 3.9932917382587637e-05, "width_d": 0.005429879674891396}