{"numgrasp": 362, "translation_d": 5.3362397708110785e-09, "rotation_d": 4.919902533357192e-05, "width_d": 0.004826023129093167}