{"numgrasp": 368, "translation_d": 5.481263929894728e-09, "rotation_d": 4.8568836932143834e-05, "width_d": 0.004611342769335603}