{"numgrasp": 367, "translation_d": 5.73630676051083e-09, "rotation_d": 5.250736820582552e-05, "width_d": 0.004712879895029375}