{"numgrasp": 361, "translation_d": 5.313584810885544e-09, "rotation_d": 5.3532295231870826e-05, "width_d": 0.004285951779225917}