{"numgrasp": 375, "translation_d": 5.349622808155448e-09, "rotation_d": 5.5131207578167116e-05, "width_d": 0.004143867195180526}