{"numgrasp": 356, "translation_d": 5.374211754406383e-09, "rotation_d": 5.86867422410092e-05, "width_d": 0.0034772091599098026}