{"numgrasp": 380, "translation_d": 5.243879124368317e-09, "rotation_d": 6.011784799791737e-05, "width_d": 0.0033119844952600726}