{"numgrasp": 371, "translation_d": 6.628376423898353e-09, "rotation_d": 4.2512846060537075e-05, "width_d": 0.004944359586571059}