{"numgrasp": 342, "translation_d": 4.891794083495222e-09, "rotation_d": 5.973998432131653e-05, "width_d": 0.0034481096712115633}