{"numgrasp": 352, "translation_d": 4.8581715543939525e-09, "rotation_d": 5.845245637086752e-05, "width_d": 0.003730848217917827}