{"numgrasp": 349, "translation_d": 5.235588288683142e-09, "rotation_d": 5.825687115493579e-05, "width_d": 0.003891594895002764}