{"numgrasp": 356, "translation_d": 5.1474982572006955e-09, "rotation_d": 5.694326108697419e-05, "width_d": 0.004395546455309554}