{"numgrasp": 359, "translation_d": 5.2015661484297985e-09, "rotation_d": 5.6549871602646764e-05, "width_d": 0.004769774992850078}