{"numgrasp": 347, "translation_d": 4.992113834509558e-09, "rotation_d": 5.5891792242927366e-05, "width_d": 0.004843819143231587}