{"numgrasp": 332, "translation_d": 5.3506031785870645e-09, "rotation_d": 5.5564210099170665e-05, "width_d": 0.005243134915106235}