{"numgrasp": 383, "translation_d": 6.56668357011798e-09, "rotation_d": 4.3607812450133155e-05, "width_d": 0.004634376171014705}