{"numgrasp": 327, "translation_d": 5.237075539115239e-09, "rotation_d": 5.5132529789740994e-05, "width_d": 0.0047793057813924535}