{"numgrasp": 349, "translation_d": 4.9396955110575614e-09, "rotation_d": 5.648759368401448e-05, "width_d": 0.00459893265563386}