{"numgrasp": 356, "translation_d": 4.909995813333528e-09, "rotation_d": 5.135869449592096e-05, "width_d": 0.003157637135679735}