{"numgrasp": 335, "translation_d": 4.717571398730859e-09, "rotation_d": 4.666026136907031e-05, "width_d": 0.003013744630802207}