{"numgrasp": 341, "translation_d": 5.083405972090395e-09, "rotation_d": 4.042922908601436e-05, "width_d": 0.0027623242951951275}