{"numgrasp": 289, "translation_d": 5.189398927311071e-09, "rotation_d": 5.1434982916337985e-05, "width_d": 0.005064131906240596}