{"numgrasp": 293, "translation_d": 4.761865283190943e-09, "rotation_d": 5.254924864128681e-05, "width_d": 0.005404488293743422}