{"numgrasp": 272, "translation_d": 5.057246606229919e-09, "rotation_d": 5.293131724891903e-05, "width_d": 0.006514994370355797}