{"numgrasp": 285, "translation_d": 4.900252942287258e-09, "rotation_d": 4.367242463992257e-05, "width_d": 0.005802651313292093}