{"numgrasp": 306, "translation_d": 4.714375378784869e-09, "rotation_d": 4.5878866381854656e-05, "width_d": 0.005286742470074478}