{"numgrasp": 300, "translation_d": 4.8147092072819195e-09, "rotation_d": 4.300367055438475e-05, "width_d": 0.004268685654822822}