{"numgrasp": 339, "translation_d": 4.818543971070453e-09, "rotation_d": 4.0717321249654594e-05, "width_d": 0.0038483108664298105}