{"numgrasp": 351, "translation_d": 4.945730325928167e-09, "rotation_d": 3.975591030440323e-05, "width_d": 0.0032810029574734945}