{"numgrasp": 291, "translation_d": 5.158765202160552e-09, "rotation_d": 4.3439387140865144e-05, "width_d": 0.003423734444625279}