{"numgrasp": 345, "translation_d": 4.7961508786863305e-09, "rotation_d": 4.0561583755707435e-05, "width_d": 0.004198051938057498}