{"numgrasp": 330, "translation_d": 4.545121236835148e-09, "rotation_d": 4.1411790756244095e-05, "width_d": 0.0044955148521474185}