{"numgrasp": 400, "translation_d": 6.55907623804508e-09, "rotation_d": 4.2863858417122655e-05, "width_d": 0.0036675158568997357}