{"numgrasp": 319, "translation_d": 4.749144375927288e-09, "rotation_d": 4.038129546323991e-05, "width_d": 0.0052673969109532405}