{"numgrasp": 387, "translation_d": 6.6216355235192215e-09, "rotation_d": 4.440328795769275e-05, "width_d": 0.0034617289229020116}