{"numgrasp": 380, "translation_d": 6.572548384395382e-09, "rotation_d": 3.9613000253172844e-05, "width_d": 0.003474743445313784}