{"numgrasp": 390, "translation_d": 6.667066485979482e-09, "rotation_d": 4.0630653743396706e-05, "width_d": 0.00319729236775775}