{"numgrasp": 405, "translation_d": 6.5349969492357365e-09, "rotation_d": 4.5111715384170734e-05, "width_d": 0.0031945013769164774}