{"numgrasp": 420, "translation_d": 6.9893395820068245e-09, "rotation_d": 4.8778290014039415e-05, "width_d": 0.0037891603666746912}