{"numgrasp": 411, "translation_d": 6.931639198942831e-09, "rotation_d": 4.929569961908911e-05, "width_d": 0.004011527052008262}