{"numgrasp": 377, "translation_d": 6.286407951250281e-09, "rotation_d": 4.3265474884178605e-05, "width_d": 0.003282451599803823}