{"numgrasp": 402, "translation_d": 6.820916029071707e-09, "rotation_d": 5.0161445959379894e-05, "width_d": 0.004354738441575379}