{"numgrasp": 416, "translation_d": 6.9285537126801175e-09, "rotation_d": 5.057941596343163e-05, "width_d": 0.004642957235518695}