{"numgrasp": 390, "translation_d": 7.116485501315265e-09, "rotation_d": 5.0830992907975755e-05, "width_d": 0.004942672492488949}