{"numgrasp": 390, "translation_d": 6.766447310134818e-09, "rotation_d": 5.171768382112336e-05, "width_d": 0.005026629054086151}