{"numgrasp": 393, "translation_d": 6.845108953105847e-09, "rotation_d": 5.63011189520132e-05, "width_d": 0.005030348187640093}