{"numgrasp": 383, "translation_d": 6.6705322239998005e-09, "rotation_d": 5.633182176562937e-05, "width_d": 0.004599408153688411}