{"numgrasp": 382, "translation_d": 6.594048295427074e-09, "rotation_d": 4.350608069279177e-05, "width_d": 0.0033850261608327067}