{"numgrasp": 411, "translation_d": 7.093382650505436e-09, "rotation_d": 5.61025709974849e-05, "width_d": 0.004520304249373874}