{"numgrasp": 414, "translation_d": 6.935232556097885e-09, "rotation_d": 5.527954075654976e-05, "width_d": 0.004021952011337887}