{"numgrasp": 426, "translation_d": 6.772192871161676e-09, "rotation_d": 5.5011898202643656e-05, "width_d": 0.003927423867528514}