{"numgrasp": 416, "translation_d": 6.614858671006567e-09, "rotation_d": 5.4889442498464996e-05, "width_d": 0.003728776964482537}