{"numgrasp": 396, "translation_d": 6.588273246401125e-09, "rotation_d": 4.830804826845757e-05, "width_d": 0.0031394258722520466}