{"numgrasp": 396, "translation_d": 6.3162793127186784e-09, "rotation_d": 4.580480674582407e-05, "width_d": 0.0029318534235796626}