{"numgrasp": 387, "translation_d": 6.616537137972233e-09, "rotation_d": 5.565594216299735e-05, "width_d": 0.003146339026122073}