{"numgrasp": 402, "translation_d": 6.678303987234863e-09, "rotation_d": 5.6547731305976204e-05, "width_d": 0.0033190659645939624}