{"numgrasp": 433, "translation_d": 6.536237129583106e-09, "rotation_d": 5.742718453131364e-05, "width_d": 0.0035285128369466068}