{"numgrasp": 391, "translation_d": 6.748925931526341e-09, "rotation_d": 4.1483987005688994e-05, "width_d": 0.003687965462012936}