{"numgrasp": 398, "translation_d": 6.794004163989911e-09, "rotation_d": 5.7412885038855833e-05, "width_d": 0.004206361073923307}