{"numgrasp": 399, "translation_d": 6.8617187082162495e-09, "rotation_d": 5.6509277119207936e-05, "width_d": 0.0046135716687673075}