{"numgrasp": 385, "translation_d": 6.521881457906967e-09, "rotation_d": 5.498329364166112e-05, "width_d": 0.004999353782863857}