{"numgrasp": 363, "translation_d": 6.514463822086574e-09, "rotation_d": 5.486577729487246e-05, "width_d": 0.004105188000520858}