{"numgrasp": 399, "translation_d": 6.768849908850367e-09, "rotation_d": 5.722203661623826e-05, "width_d": 0.0034097006919863522}