{"numgrasp": 388, "translation_d": 6.820866572545289e-09, "rotation_d": 5.6825071594193036e-05, "width_d": 0.0031852144043416387}