{"numgrasp": 373, "translation_d": 6.286613861235605e-09, "rotation_d": 5.293221148493201e-05, "width_d": 0.0030652835230789216}