{"numgrasp": 388, "translation_d": 6.193085037801249e-09, "rotation_d": 5.327452537151491e-05, "width_d": 0.0034460428765925723}