{"numgrasp": 409, "translation_d": 6.3918463248701e-09, "rotation_d": 5.233109562655293e-05, "width_d": 0.0036172486521739112}