{"numgrasp": 413, "translation_d": 6.219556933246308e-09, "rotation_d": 5.2779280978379036e-05, "width_d": 0.003833015315609365}