{"numgrasp": 388, "translation_d": 6.470781572118107e-09, "rotation_d": 5.306586255924335e-05, "width_d": 0.004062952021827425}