{"numgrasp": 343, "translation_d": 5.93778185970432e-09, "rotation_d": 4.452043667053675e-05, "width_d": 0.004121078008157787}