{"numgrasp": 335, "translation_d": 5.898939890907454e-09, "rotation_d": 4.286599723151209e-05, "width_d": 0.004629494663332042}