{"numgrasp": 327, "translation_d": 6.048507552159185e-09, "rotation_d": 4.3676294759183715e-05, "width_d": 0.004697420793875462}