{"numgrasp": 299, "translation_d": 5.825350173156406e-09, "rotation_d": 4.4825378029023556e-05, "width_d": 0.004911950193627392}