{"numgrasp": 329, "translation_d": 5.81715169237162e-09, "rotation_d": 4.156520013124462e-05, "width_d": 0.0032270941484349768}