{"numgrasp": 332, "translation_d": 5.809563194811548e-09, "rotation_d": 3.912735391722318e-05, "width_d": 0.002831594513556898}