{"numgrasp": 340, "translation_d": 5.749846604451356e-09, "rotation_d": 4.043579464816187e-05, "width_d": 0.0024954787913971438}