{"numgrasp": 311, "translation_d": 5.703076188950258e-09, "rotation_d": 4.730660814512266e-05, "width_d": 0.0055618992413227365}