{"numgrasp": 330, "translation_d": 5.712955311986947e-09, "rotation_d": 4.7242194434613706e-05, "width_d": 0.0036944086861148097}