{"numgrasp": 323, "translation_d": 5.56779311746334e-09, "rotation_d": 4.7709412173073457e-05, "width_d": 0.004071395158195524}