{"numgrasp": 297, "translation_d": 5.617352891041213e-09, "rotation_d": 4.858470466955059e-05, "width_d": 0.00471379286166716}