{"numgrasp": 310, "translation_d": 5.678911102801464e-09, "rotation_d": 4.861004796414683e-05, "width_d": 0.004981199798761467}