{"numgrasp": 315, "translation_d": 5.583393118287636e-09, "rotation_d": 5.377680484698044e-05, "width_d": 0.005005449242583209}