{"numgrasp": 315, "translation_d": 5.6313201562279905e-09, "rotation_d": 5.4546103777465905e-05, "width_d": 0.004564623920230967}