{"numgrasp": 312, "translation_d": 5.5641610728483435e-09, "rotation_d": 5.494583602664069e-05, "width_d": 0.004266696271288233}