{"numgrasp": 312, "translation_d": 5.369790832104322e-09, "rotation_d": 5.438357046975371e-05, "width_d": 0.004090538395003668}