{"numgrasp": 325, "translation_d": 5.438573416076098e-09, "rotation_d": 5.437815828901547e-05, "width_d": 0.003777689354802165}