{"numgrasp": 316, "translation_d": 5.7426085443308985e-09, "rotation_d": 5.506784073960001e-05, "width_d": 0.002546642512485711}