{"numgrasp": 294, "translation_d": 5.216910870918227e-09, "rotation_d": 4.865589923870865e-05, "width_d": 0.0064818099576186335}