{"numgrasp": 311, "translation_d": 5.65506467998335e-09, "rotation_d": 5.6090762103227754e-05, "width_d": 0.0023485174150204044}