{"numgrasp": 318, "translation_d": 5.788156270365134e-09, "rotation_d": 5.9626026978349975e-05, "width_d": 0.002462049477184235}