{"numgrasp": 309, "translation_d": 6.011209666480275e-09, "rotation_d": 5.85371330441889e-05, "width_d": 0.0035710673583109155}