{"numgrasp": 333, "translation_d": 5.592728319424287e-09, "rotation_d": 5.73693543187201e-05, "width_d": 0.004491776878942777}