{"numgrasp": 295, "translation_d": 5.46870888422721e-09, "rotation_d": 5.668040175162131e-05, "width_d": 0.0050311700910375045}