{"numgrasp": 334, "translation_d": 5.438840225171564e-09, "rotation_d": 5.566610555553395e-05, "width_d": 0.00468925556786723}