{"numgrasp": 294, "translation_d": 5.586014470623857e-09, "rotation_d": 5.389388111197836e-05, "width_d": 0.006497891051467529}