{"numgrasp": 304, "translation_d": 5.580312575102737e-09, "rotation_d": 5.75003134108945e-05, "width_d": 0.004141374115890707}