{"numgrasp": 344, "translation_d": 5.431620045223652e-09, "rotation_d": 5.685284697100853e-05, "width_d": 0.003482027771684036}