{"numgrasp": 339, "translation_d": 5.528325652179848e-09, "rotation_d": 5.507048746502016e-05, "width_d": 0.002266421026950871}