{"numgrasp": 329, "translation_d": 5.298969121837584e-09, "rotation_d": 4.7550226868614305e-05, "width_d": 0.002496344231894953}