{"numgrasp": 334, "translation_d": 5.5406980317875355e-09, "rotation_d": 4.886366814716686e-05, "width_d": 0.002867028945540764}