{"numgrasp": 320, "translation_d": 5.660295158460286e-09, "rotation_d": 5.2141154764518334e-05, "width_d": 0.0030706227097926685}