{"numgrasp": 344, "translation_d": 5.614034616632532e-09, "rotation_d": 5.0866318025585884e-05, "width_d": 0.0034836159670813146}