{"numgrasp": 297, "translation_d": 5.454517900044339e-09, "rotation_d": 4.801772712468071e-05, "width_d": 0.004258403139698334}