{"numgrasp": 317, "translation_d": 5.4164637907084325e-09, "rotation_d": 4.23646676642243e-05, "width_d": 0.0028069352253015526}