{"numgrasp": 322, "translation_d": 5.260194223637873e-09, "rotation_d": 4.060521922571067e-05, "width_d": 0.003735139309605155}