{"numgrasp": 314, "translation_d": 5.195994094104222e-09, "rotation_d": 4.148474466818716e-05, "width_d": 0.004505291698847582}