{"numgrasp": 319, "translation_d": 5.537858754554392e-09, "rotation_d": 4.135946522271307e-05, "width_d": 0.004347178927885351}