{"numgrasp": 324, "translation_d": 5.224187806179893e-09, "rotation_d": 4.013485406824342e-05, "width_d": 0.004597926903280485}