{"numgrasp": 317, "translation_d": 5.242182457356783e-09, "rotation_d": 4.380617051845246e-05, "width_d": 0.003560067562995096}