{"numgrasp": 316, "translation_d": 5.332255683461928e-09, "rotation_d": 4.706063355470933e-05, "width_d": 0.0032624243698532638}