{"numgrasp": 323, "translation_d": 5.0934659394599845e-09, "rotation_d": 4.821710398044203e-05, "width_d": 0.0027214839441032992}