{"numgrasp": 331, "translation_d": 5.692085534192002e-09, "rotation_d": 5.263028396080568e-05, "width_d": 0.004661041084741369}