{"numgrasp": 313, "translation_d": 5.347134234426352e-09, "rotation_d": 5.123298843662186e-05, "width_d": 0.0030625418440102747}