{"numgrasp": 339, "translation_d": 5.767852182093696e-09, "rotation_d": 5.073085394856789e-05, "width_d": 0.004198803053900208}