{"numgrasp": 314, "translation_d": 5.468475000189444e-09, "rotation_d": 4.9547438878421505e-05, "width_d": 0.003839690033801919}