{"numgrasp": 320, "translation_d": 5.431769394143769e-09, "rotation_d": 4.768676381453159e-05, "width_d": 0.0044633277072228875}