{"numgrasp": 290, "translation_d": 5.183133883290457e-09, "rotation_d": 4.810940082271536e-05, "width_d": 0.004563021732535038}