{"numgrasp": 328, "translation_d": 5.617603634236941e-09, "rotation_d": 4.889720669219969e-05, "width_d": 0.0038456068020770815}