{"numgrasp": 334, "translation_d": 5.564287810888026e-09, "rotation_d": 4.553283825796173e-05, "width_d": 0.003111517919464876}