{"numgrasp": 312, "translation_d": 5.918576579421324e-09, "rotation_d": 4.489141924104574e-05, "width_d": 0.0031369862623924264}