{"numgrasp": 333, "translation_d": 5.836875825253775e-09, "rotation_d": 5.388067542404417e-05, "width_d": 0.00337253636194067}