{"numgrasp": 342, "translation_d": 5.8904244612053465e-09, "rotation_d": 5.7014523739679636e-05, "width_d": 0.0042302495929034765}