{"numgrasp": 355, "translation_d": 5.916121740968495e-09, "rotation_d": 5.707361179337509e-05, "width_d": 0.004331822526576385}