{"numgrasp": 343, "translation_d": 5.901627765977909e-09, "rotation_d": 5.689363041912913e-05, "width_d": 0.004738680518563818}