{"numgrasp": 331, "translation_d": 5.777570964433306e-09, "rotation_d": 5.703385799900931e-05, "width_d": 0.005537600101638862}