{"numgrasp": 315, "translation_d": 5.926999617979094e-09, "rotation_d": 5.5709423870728737e-05, "width_d": 0.005886204823225513}