{"numgrasp": 333, "translation_d": 5.845150956934538e-09, "rotation_d": 4.1434009998457686e-05, "width_d": 0.0035734680212233436}