{"numgrasp": 337, "translation_d": 5.820237286290956e-09, "rotation_d": 5.751828961886981e-05, "width_d": 0.004699170969644425}