{"numgrasp": 340, "translation_d": 6.020498562840532e-09, "rotation_d": 5.862742211840836e-05, "width_d": 0.004418218242833026}