{"numgrasp": 341, "translation_d": 6.3672136090489815e-09, "rotation_d": 5.927219481097645e-05, "width_d": 0.003896594017126758}