{"numgrasp": 329, "translation_d": 5.7687575971248326e-09, "rotation_d": 5.691548736877974e-05, "width_d": 0.002737911961886282}