{"numgrasp": 346, "translation_d": 6.161377025590519e-09, "rotation_d": 5.913015446616109e-05, "width_d": 0.0026102389032840955}