{"numgrasp": 358, "translation_d": 6.100300594176598e-09, "rotation_d": 5.707505344210926e-05, "width_d": 0.004078111966331585}