{"numgrasp": 344, "translation_d": 6.432992144248787e-09, "rotation_d": 5.681002165057808e-05, "width_d": 0.004346181952411184}