{"numgrasp": 330, "translation_d": 5.644776075281298e-09, "rotation_d": 4.386874643404295e-05, "width_d": 0.004064926138501286}