{"numgrasp": 340, "translation_d": 5.934215117562502e-09, "rotation_d": 5.56582816681599e-05, "width_d": 0.004355504439571074}