{"numgrasp": 307, "translation_d": 5.7486049748353415e-09, "rotation_d": 5.478728954251887e-05, "width_d": 0.005810103293225358}