{"numgrasp": 327, "translation_d": 6.000126077835815e-09, "rotation_d": 4.946937477710723e-05, "width_d": 0.005348658253478351}