{"numgrasp": 338, "translation_d": 5.938604035322896e-09, "rotation_d": 4.948543083517715e-05, "width_d": 0.004685697994614223}