{"numgrasp": 341, "translation_d": 6.262723683542047e-09, "rotation_d": 5.1021768484108554e-05, "width_d": 0.004620151945351527}