{"numgrasp": 360, "translation_d": 6.398042319127544e-09, "rotation_d": 5.0025328368878214e-05, "width_d": 0.004420624610350307}