{"numgrasp": 362, "translation_d": 6.100960788859303e-09, "rotation_d": 4.988714357473586e-05, "width_d": 0.0039703568273930555}