{"numgrasp": 351, "translation_d": 6.089940623089693e-09, "rotation_d": 5.145766320424201e-05, "width_d": 0.0035833786729855465}