{"numgrasp": 346, "translation_d": 5.980520147349381e-09, "rotation_d": 5.1783644176531475e-05, "width_d": 0.0031693561273500506}