{"numgrasp": 345, "translation_d": 5.83782679049085e-09, "rotation_d": 5.324953276489252e-05, "width_d": 0.002858466128451255}