{"numgrasp": 309, "translation_d": 5.575191242003739e-09, "rotation_d": 5.427291521722693e-05, "width_d": 0.004860114912733466}