{"numgrasp": 344, "translation_d": 6.097867365362704e-09, "rotation_d": 5.665051056226846e-05, "width_d": 0.002550529390186431}