{"numgrasp": 322, "translation_d": 5.968298698197111e-09, "rotation_d": 4.795913551410556e-05, "width_d": 0.002359028721223882}