{"numgrasp": 345, "translation_d": 6.119740758709551e-09, "rotation_d": 4.302453305018641e-05, "width_d": 0.0033454177265750716}