{"numgrasp": 351, "translation_d": 5.909893013918627e-09, "rotation_d": 4.325179300905859e-05, "width_d": 0.0037217009654868633}