{"numgrasp": 230, "translation_d": 5.9964715106153305e-09, "rotation_d": 5.0259837445700704e-05, "width_d": 0.0023220217424573275}