{"numgrasp": 216, "translation_d": 6.0946754153456364e-09, "rotation_d": 4.3943050211820774e-05, "width_d": 0.0031271633755361027}