{"numgrasp": 201, "translation_d": 6.098947517839677e-09, "rotation_d": 4.12909809078446e-05, "width_d": 0.004146944453399005}