{"numgrasp": 181, "translation_d": 5.603332060348237e-09, "rotation_d": 4.2763344539957054e-05, "width_d": 0.0037347694970393482}