{"numgrasp": 194, "translation_d": 5.989476833875799e-09, "rotation_d": 4.287714636715645e-05, "width_d": 0.0036995748714862787}