{"numgrasp": 206, "translation_d": 6.093033659708298e-09, "rotation_d": 4.4554846774744345e-05, "width_d": 0.003539463595693309}