{"numgrasp": 217, "translation_d": 6.060394708424621e-09, "rotation_d": 4.546804017860875e-05, "width_d": 0.003645290587834378}