{"numgrasp": 221, "translation_d": 5.942972091936411e-09, "rotation_d": 4.561076727272052e-05, "width_d": 0.003220391591722078}