{"numgrasp": 227, "translation_d": 5.877550005121068e-09, "rotation_d": 4.6566264748752395e-05, "width_d": 0.0027425343702025093}