{"numgrasp": 234, "translation_d": 6.090994808423896e-09, "rotation_d": 4.6452485380541215e-05, "width_d": 0.0025614939954983866}