{"numgrasp": 253, "translation_d": 6.030956526041739e-09, "rotation_d": 5.692025721246581e-05, "width_d": 0.004646243662082107}