{"numgrasp": 239, "translation_d": 5.521567715851137e-09, "rotation_d": 4.8620728778266107e-05, "width_d": 0.0033027797789438886}