{"numgrasp": 246, "translation_d": 5.646824926260696e-09, "rotation_d": 4.840604114231203e-05, "width_d": 0.0031934128403064968}