{"numgrasp": 258, "translation_d": 5.694598435485792e-09, "rotation_d": 5.7235723510708386e-05, "width_d": 0.0050702871499439745}