{"numgrasp": 232, "translation_d": 5.989132511287988e-09, "rotation_d": 5.386792922983349e-05, "width_d": 0.003816610166767543}