{"numgrasp": 228, "translation_d": 5.848299202341441e-09, "rotation_d": 5.250774914463791e-05, "width_d": 0.0036419391173360435}