{"numgrasp": 229, "translation_d": 5.875438902304938e-09, "rotation_d": 5.451049483279828e-05, "width_d": 0.0027306060293996464}