{"numgrasp": 247, "translation_d": 5.6491570367866e-09, "rotation_d": 5.6377972771233e-05, "width_d": 0.0025410514991686074}