{"numgrasp": 243, "translation_d": 5.307011190637085e-09, "rotation_d": 5.663855975510641e-05, "width_d": 0.003732658719548562}