{"numgrasp": 214, "translation_d": 5.552113607604733e-09, "rotation_d": 5.638588345000053e-05, "width_d": 0.0042827306907947905}