{"numgrasp": 207, "translation_d": 5.711085833319892e-09, "rotation_d": 5.694220339381405e-05, "width_d": 0.004094253548259475}