{"numgrasp": 240, "translation_d": 5.487814456366973e-09, "rotation_d": 5.843033120435929e-05, "width_d": 0.004840518949911935}