{"numgrasp": 243, "translation_d": 5.80222590168694e-09, "rotation_d": 6.0671663389568195e-05, "width_d": 0.005044283374018344}