{"numgrasp": 253, "translation_d": 4.833831868092802e-09, "rotation_d": 5.617095513471886e-05, "width_d": 0.004357380061952059}