{"numgrasp": 261, "translation_d": 5.035443221767649e-09, "rotation_d": 5.5875832303134605e-05, "width_d": 0.004052683806201885}