{"numgrasp": 248, "translation_d": 5.180615384212361e-09, "rotation_d": 5.221553596330184e-05, "width_d": 0.0035950465870173303}