{"numgrasp": 270, "translation_d": 5.049384666604671e-09, "rotation_d": 5.011325678213114e-05, "width_d": 0.002940148868071609}