{"numgrasp": 243, "translation_d": 5.1436145790523524e-09, "rotation_d": 4.503708635983264e-05, "width_d": 0.003251408836809032}