{"numgrasp": 265, "translation_d": 4.907244992760402e-09, "rotation_d": 4.524236142392893e-05, "width_d": 0.0035478512769470147}