{"numgrasp": 267, "translation_d": 4.833191371353466e-09, "rotation_d": 4.7668064357906074e-05, "width_d": 0.003753118810318185}