{"numgrasp": 258, "translation_d": 6.00204166760641e-09, "rotation_d": 6.033843226224403e-05, "width_d": 0.004744892501203309}