{"numgrasp": 245, "translation_d": 6.362506897329964e-09, "rotation_d": 4.5817790578746896e-05, "width_d": 0.0027002750722725675}