{"numgrasp": 293, "translation_d": 4.799910344616364e-09, "rotation_d": 4.459670357463665e-05, "width_d": 0.005282093623576261}