{"numgrasp": 282, "translation_d": 4.849131074121467e-09, "rotation_d": 4.3488114317948284e-05, "width_d": 0.005005684267885601}