{"numgrasp": 266, "translation_d": 4.855824928175116e-09, "rotation_d": 4.20931341482866e-05, "width_d": 0.003785279620370766}