{"numgrasp": 264, "translation_d": 4.8921003028653915e-09, "rotation_d": 4.290813071315658e-05, "width_d": 0.003399984490668946}