{"numgrasp": 274, "translation_d": 6.223063191555074e-09, "rotation_d": 5.9261711324634795e-05, "width_d": 0.004378369024720052}