{"numgrasp": 253, "translation_d": 5.099672530782312e-09, "rotation_d": 4.557104533928959e-05, "width_d": 0.0034201303895190836}