{"numgrasp": 267, "translation_d": 4.688586926735833e-09, "rotation_d": 4.569258345777556e-05, "width_d": 0.0036387206482560593}