{"numgrasp": 304, "translation_d": 4.593850657902919e-09, "rotation_d": 3.9871062839097246e-05, "width_d": 0.004445724627940928}