{"numgrasp": 281, "translation_d": 4.813872170316133e-09, "rotation_d": 3.9677332298382075e-05, "width_d": 0.005257433940157113}