{"numgrasp": 268, "translation_d": 4.714499355285195e-09, "rotation_d": 3.879954166930155e-05, "width_d": 0.006093003731076982}