{"numgrasp": 257, "translation_d": 4.640883199704715e-09, "rotation_d": 4.113405845320519e-05, "width_d": 0.006809915771462925}