{"numgrasp": 243, "translation_d": 4.859538096691726e-09, "rotation_d": 4.182403012092562e-05, "width_d": 0.0051735710688413815}