{"numgrasp": 256, "translation_d": 4.936317267597129e-09, "rotation_d": 4.748633740650104e-05, "width_d": 0.003629865568727384}