{"numgrasp": 241, "translation_d": 4.656826478335874e-09, "rotation_d": 4.827297027104148e-05, "width_d": 0.0031908790417762858}