{"numgrasp": 266, "translation_d": 6.206232765255835e-09, "rotation_d": 5.6968588109701604e-05, "width_d": 0.003854483924134357}