{"numgrasp": 205, "translation_d": 4.576040803829839e-09, "rotation_d": 4.537336706593733e-05, "width_d": 0.005770903813914676}