{"numgrasp": 219, "translation_d": 4.010216999224337e-09, "rotation_d": 4.598416124477108e-05, "width_d": 0.006034988599586115}