{"numgrasp": 261, "translation_d": 6.232995645401606e-09, "rotation_d": 5.618958150823332e-05, "width_d": 0.0035655429649183276}