{"numgrasp": 261, "translation_d": 6.113956166812726e-09, "rotation_d": 5.459855732361837e-05, "width_d": 0.0032593227944790774}