{"numgrasp": 254, "translation_d": 6.2615708699587355e-09, "rotation_d": 4.673578674917261e-05, "width_d": 0.003025713007614876}