{"numgrasp": 255, "translation_d": 5.910892147344063e-09, "rotation_d": 5.5934628683232653e-05, "width_d": 0.0027505525384388324}