{"numgrasp": 259, "translation_d": 6.313373834235905e-09, "rotation_d": 5.707143623760162e-05, "width_d": 0.0028881271964676914}