{"numgrasp": 260, "translation_d": 6.4931659372293874e-09, "rotation_d": 5.651496067395382e-05, "width_d": 0.003079851453331895}