{"numgrasp": 239, "translation_d": 6.567492515284173e-09, "rotation_d": 5.907010550738973e-05, "width_d": 0.004134763413202772}