{"numgrasp": 241, "translation_d": 6.443217827578095e-09, "rotation_d": 5.905222565296142e-05, "width_d": 0.004595178935322215}