{"numgrasp": 241, "translation_d": 6.718003003306126e-09, "rotation_d": 5.453769809719639e-05, "width_d": 0.0037099308499127935}