{"numgrasp": 257, "translation_d": 6.23698211333129e-09, "rotation_d": 4.958539191237364e-05, "width_d": 0.003271262052962602}