{"numgrasp": 233, "translation_d": 6.518227052197364e-09, "rotation_d": 5.314977901460039e-05, "width_d": 0.003691288700840407}