{"numgrasp": 235, "translation_d": 6.47545860628617e-09, "rotation_d": 5.528442930731116e-05, "width_d": 0.0030376024707409284}