{"numgrasp": 269, "translation_d": 6.30179120140334e-09, "rotation_d": 5.053736892071673e-05, "width_d": 0.003481580443316797}