{"numgrasp": 246, "translation_d": 6.2933389025735435e-09, "rotation_d": 5.68312252526696e-05, "width_d": 0.002403648454094165}