{"numgrasp": 255, "translation_d": 6.266202957337113e-09, "rotation_d": 5.388017709056839e-05, "width_d": 0.0025359425414110933}