{"numgrasp": 256, "translation_d": 6.439747800394415e-09, "rotation_d": 5.181394043805995e-05, "width_d": 0.0028554372475226896}