{"numgrasp": 233, "translation_d": 6.568168630184383e-09, "rotation_d": 4.964876532089693e-05, "width_d": 0.003310898074401202}