{"numgrasp": 226, "translation_d": 6.249334883157577e-09, "rotation_d": 4.794757890651411e-05, "width_d": 0.0030593912176636604}