{"numgrasp": 230, "translation_d": 6.985495677509892e-09, "rotation_d": 4.761737627785701e-05, "width_d": 0.0038927424801672482}