{"numgrasp": 219, "translation_d": 6.3009055909567075e-09, "rotation_d": 4.66154660303615e-05, "width_d": 0.003807652969500566}