{"numgrasp": 217, "translation_d": 6.57876361208569e-09, "rotation_d": 4.249384722722266e-05, "width_d": 0.0037527218356576955}