{"numgrasp": 256, "translation_d": 6.102490938440039e-09, "rotation_d": 4.756640757635449e-05, "width_d": 0.0028926751048736162}