{"numgrasp": 245, "translation_d": 6.111357413250131e-09, "rotation_d": 4.955491307788167e-05, "width_d": 0.0026193981447627784}