{"numgrasp": 239, "translation_d": 6.135963858680209e-09, "rotation_d": 5.1226800535394404e-05, "width_d": 0.002582078918978967}