{"numgrasp": 237, "translation_d": 6.118888762503443e-09, "rotation_d": 4.5539876566670316e-05, "width_d": 0.0027324496225822215}