{"numgrasp": 234, "translation_d": 6.035738734396314e-09, "rotation_d": 4.567222434066678e-05, "width_d": 0.0026558721594643142}