{"numgrasp": 231, "translation_d": 6.292632002511829e-09, "rotation_d": 4.590710313222528e-05, "width_d": 0.002806950275574149}