{"numgrasp": 392, "translation_d": 5.81222557593308e-09, "rotation_d": 4.622055693584711e-05, "width_d": 0.004154809872865207}