{"numgrasp": 372, "translation_d": 6.066077013546315e-09, "rotation_d": 9.086647961952811e-05, "width_d": 0.004497684945312919}