{"numgrasp": 333, "translation_d": 6.029386780790464e-09, "rotation_d": 0.00038679848717480207, "width_d": 0.003344202685300862}