{"numgrasp": 399, "translation_d": 6.090277923550124e-09, "rotation_d": 4.868860325359159e-05, "width_d": 0.0041058868182512614}