{"numgrasp": 368, "translation_d": 6.029545533779912e-09, "rotation_d": 4.830371287587086e-05, "width_d": 0.00369744991822979}