{"numgrasp": 383, "translation_d": 6.206889065434721e-09, "rotation_d": 4.980535768942185e-05, "width_d": 0.0033600322595791765}