{"numgrasp": 382, "translation_d": 5.762133776352762e-09, "rotation_d": 5.18068686231848e-05, "width_d": 0.003578237181873575}