{"numgrasp": 382, "translation_d": 5.839872894018065e-09, "rotation_d": 5.2704253284231414e-05, "width_d": 0.0036272054254597136}