{"numgrasp": 382, "translation_d": 5.696150894540855e-09, "rotation_d": 5.252670993206641e-05, "width_d": 0.004089136203241985}