{"numgrasp": 396, "translation_d": 5.720787184908746e-09, "rotation_d": 5.2051615731933444e-05, "width_d": 0.004234151245102441}