{"numgrasp": 372, "translation_d": 5.340239356253709e-09, "rotation_d": 5.158710323473262e-05, "width_d": 0.004262286482813275}