{"numgrasp": 345, "translation_d": 5.32983813550977e-09, "rotation_d": 5.1268423714969284e-05, "width_d": 0.004563821665402881}