{"numgrasp": 348, "translation_d": 5.094531899240774e-09, "rotation_d": 5.924159629336094e-05, "width_d": 0.004452128218035161}