{"numgrasp": 318, "translation_d": 6.071263936244371e-09, "rotation_d": 5.435042262330089e-05, "width_d": 0.003243944059078781}