{"numgrasp": 381, "translation_d": 5.804890359798945e-09, "rotation_d": 5.4011651881929386e-05, "width_d": 0.0038158746564423136}