{"numgrasp": 399, "translation_d": 5.535948319374926e-09, "rotation_d": 5.389523731356565e-05, "width_d": 0.003822266193347339}