{"numgrasp": 381, "translation_d": 5.9050641347185954e-09, "rotation_d": 5.4223873755551106e-05, "width_d": 0.00348674589561466}