{"numgrasp": 399, "translation_d": 5.7355267348715645e-09, "rotation_d": 5.3814733032317094e-05, "width_d": 0.00358789673684945}