{"numgrasp": 382, "translation_d": 5.6090743091711215e-09, "rotation_d": 5.1237340167794226e-05, "width_d": 0.0034500933525823353}