{"numgrasp": 394, "translation_d": 5.587268329077801e-09, "rotation_d": 5.215432651220316e-05, "width_d": 0.00386375770243324}