{"numgrasp": 376, "translation_d": 5.301404565638778e-09, "rotation_d": 5.302767793602599e-05, "width_d": 0.004083620367061667}