{"numgrasp": 365, "translation_d": 5.223587559417825e-09, "rotation_d": 5.260152789918215e-05, "width_d": 0.004068981708917143}