{"numgrasp": 359, "translation_d": 4.89103111105458e-09, "rotation_d": 5.3654513897924464e-05, "width_d": 0.00458264764659791}