{"numgrasp": 343, "translation_d": 4.8380199844612614e-09, "rotation_d": 5.4200390509254466e-05, "width_d": 0.004656063936682096}