{"numgrasp": 338, "translation_d": 4.905245475697355e-09, "rotation_d": 5.091268418889641e-05, "width_d": 0.004513640307245599}