{"numgrasp": 355, "translation_d": 5.047926056095682e-09, "rotation_d": 4.989623744428714e-05, "width_d": 0.00445179890693516}