{"numgrasp": 316, "translation_d": 5.974161003276924e-09, "rotation_d": 5.4999894891467366e-05, "width_d": 0.0033923663980533515}