{"numgrasp": 358, "translation_d": 5.221551728124586e-09, "rotation_d": 5.0159241944593014e-05, "width_d": 0.004369969351385058}