{"numgrasp": 368, "translation_d": 5.359688468999453e-09, "rotation_d": 4.963763620327422e-05, "width_d": 0.004391503499331358}