{"numgrasp": 359, "translation_d": 5.3948705192283235e-09, "rotation_d": 4.9275847970634545e-05, "width_d": 0.004014064413020183}