{"numgrasp": 383, "translation_d": 5.400465776095184e-09, "rotation_d": 4.996931930306023e-05, "width_d": 0.003974048518556474}