{"numgrasp": 385, "translation_d": 5.47581617388403e-09, "rotation_d": 4.98162422156286e-05, "width_d": 0.003962419448290281}