{"numgrasp": 327, "translation_d": 6.4068958155552784e-09, "rotation_d": 5.542987716275632e-05, "width_d": 0.003859826742055599}