{"numgrasp": 375, "translation_d": 5.813299546557575e-09, "rotation_d": 4.811961652023091e-05, "width_d": 0.0034161837415772086}