{"numgrasp": 362, "translation_d": 5.6071512858265386e-09, "rotation_d": 4.7340490665848586e-05, "width_d": 0.0037656196203300573}