{"numgrasp": 354, "translation_d": 5.6681783588183836e-09, "rotation_d": 4.735105274266679e-05, "width_d": 0.0037865462378947373}