{"numgrasp": 344, "translation_d": 5.197427540361839e-09, "rotation_d": 4.783098828937151e-05, "width_d": 0.004101034310659107}