{"numgrasp": 320, "translation_d": 6.402286001780575e-09, "rotation_d": 5.539374211010312e-05, "width_d": 0.0033641886092957503}