{"numgrasp": 326, "translation_d": 4.816011240559783e-09, "rotation_d": 4.7453829364009125e-05, "width_d": 0.00442733395519599}