{"numgrasp": 317, "translation_d": 4.778752326378877e-09, "rotation_d": 4.7046654293873736e-05, "width_d": 0.004298090329331647}