{"numgrasp": 307, "translation_d": 5.161522017289037e-09, "rotation_d": 4.665942069678351e-05, "width_d": 0.0041673722821487826}