{"numgrasp": 338, "translation_d": 5.191903622833753e-09, "rotation_d": 4.770945300847755e-05, "width_d": 0.003984558056646379}