{"numgrasp": 338, "translation_d": 5.26228508148951e-09, "rotation_d": 4.767936997582405e-05, "width_d": 0.0040942630164087146}