{"numgrasp": 341, "translation_d": 5.3603888117892986e-09, "rotation_d": 4.692624405591322e-05, "width_d": 0.004159710423361274}