{"numgrasp": 342, "translation_d": 5.576581429210433e-09, "rotation_d": 4.7446645784209696e-05, "width_d": 0.003936256561498387}