{"numgrasp": 360, "translation_d": 5.602116937276409e-09, "rotation_d": 4.847899979845915e-05, "width_d": 0.0041128131171911195}