{"numgrasp": 359, "translation_d": 5.740482621007048e-09, "rotation_d": 4.876962288010475e-05, "width_d": 0.003950609527042262}