{"numgrasp": 333, "translation_d": 5.533196153511508e-09, "rotation_d": 4.7108298433824545e-05, "width_d": 0.004223230093812916}