{"numgrasp": 343, "translation_d": 6.083260137452967e-09, "rotation_d": 5.516815902607931e-05, "width_d": 0.003329609568586273}