{"numgrasp": 303, "translation_d": 5.088681892715466e-09, "rotation_d": 4.735320786030614e-05, "width_d": 0.003981254237502385}