{"numgrasp": 298, "translation_d": 5.26970838775543e-09, "rotation_d": 4.809906505728525e-05, "width_d": 0.004025351556494722}