{"numgrasp": 344, "translation_d": 5.447564823395752e-09, "rotation_d": 4.914458439867382e-05, "width_d": 0.0042594032909700685}