{"numgrasp": 359, "translation_d": 5.240435437792002e-09, "rotation_d": 5.117197210652578e-05, "width_d": 0.004462467109315367}