{"numgrasp": 346, "translation_d": 6.0798074034788614e-09, "rotation_d": 5.615174009159699e-05, "width_d": 0.0034240114305402513}