{"numgrasp": 349, "translation_d": 5.3689038212121525e-09, "rotation_d": 5.233651489897541e-05, "width_d": 0.003808191829374519}