{"numgrasp": 329, "translation_d": 5.127021972966166e-09, "rotation_d": 5.197968580346364e-05, "width_d": 0.0045128345683506784}