{"numgrasp": 328, "translation_d": 4.879761771939195e-09, "rotation_d": 5.0956784951045364e-05, "width_d": 0.00449695290294343}