{"numgrasp": 310, "translation_d": 5.2498497186825614e-09, "rotation_d": 5.0353277439121756e-05, "width_d": 0.004849035892737854}