{"numgrasp": 311, "translation_d": 5.401001009094887e-09, "rotation_d": 4.995994282941344e-05, "width_d": 0.004712119001756726}