{"numgrasp": 307, "translation_d": 5.179159807184108e-09, "rotation_d": 4.8200499811134116e-05, "width_d": 0.004918626990267144}