{"numgrasp": 280, "translation_d": 5.101273401148405e-09, "rotation_d": 4.845286980484958e-05, "width_d": 0.004723641448835483}