{"numgrasp": 336, "translation_d": 6.342933459932423e-09, "rotation_d": 5.634974392606234e-05, "width_d": 0.003339042278430166}