{"numgrasp": 342, "translation_d": 6.178294935003814e-09, "rotation_d": 5.4253630535073044e-05, "width_d": 0.0036244105439883815}