{"numgrasp": 360, "translation_d": 6.24793297193321e-09, "rotation_d": 5.511378394229213e-05, "width_d": 0.003599950399078347}