{"numgrasp": 362, "translation_d": 6.236502823433219e-09, "rotation_d": 5.494969511432037e-05, "width_d": 0.0032933589388093386}