{"numgrasp": 371, "translation_d": 6.1161059532080635e-09, "rotation_d": 5.420172088866261e-05, "width_d": 0.0036479906619190294}