{"numgrasp": 366, "translation_d": 5.9946273366891225e-09, "rotation_d": 5.2514469596376886e-05, "width_d": 0.0035958413565652047}