{"numgrasp": 367, "translation_d": 6.355324805589812e-09, "rotation_d": 5.293898259976001e-05, "width_d": 0.003677828983625144}