{"numgrasp": 347, "translation_d": 5.911268117060662e-09, "rotation_d": 5.0190926566690106e-05, "width_d": 0.004175279016482994}