{"numgrasp": 358, "translation_d": 6.193080095987313e-09, "rotation_d": 4.9230688552975814e-05, "width_d": 0.003720549471461226}