{"numgrasp": 349, "translation_d": 6.089956181109408e-09, "rotation_d": 5.1835649743122296e-05, "width_d": 0.0032316305144964893}