{"numgrasp": 361, "translation_d": 5.9420936744099845e-09, "rotation_d": 5.551520871484155e-05, "width_d": 0.0032401767647038024}