{"numgrasp": 363, "translation_d": 5.849122268305649e-09, "rotation_d": 5.3078498059840504e-05, "width_d": 0.0034830606575249204}