{"numgrasp": 358, "translation_d": 5.8311265502029645e-09, "rotation_d": 5.059210684896798e-05, "width_d": 0.0033086158851254547}