{"numgrasp": 357, "translation_d": 6.0865932621102455e-09, "rotation_d": 5.12057922546297e-05, "width_d": 0.003187782209817342}