{"numgrasp": 369, "translation_d": 5.623390537389751e-09, "rotation_d": 4.9565550361975886e-05, "width_d": 0.003461099913205628}