{"numgrasp": 383, "translation_d": 5.958617896813308e-09, "rotation_d": 4.79302079021742e-05, "width_d": 0.0034896787462398954}