{"numgrasp": 372, "translation_d": 6.283765413809262e-09, "rotation_d": 4.7996574336268024e-05, "width_d": 0.0039364937929726885}