{"numgrasp": 354, "translation_d": 5.864246763942635e-09, "rotation_d": 4.671105342774469e-05, "width_d": 0.004486801616481858}