{"numgrasp": 384, "translation_d": 6.061478147641687e-09, "rotation_d": 4.573314464718517e-05, "width_d": 0.00439205126193106}