{"numgrasp": 400, "translation_d": 5.993232372972374e-09, "rotation_d": 4.574544553409187e-05, "width_d": 0.003872116049905359}