{"numgrasp": 381, "translation_d": 5.997501434459389e-09, "rotation_d": 4.6806907554004095e-05, "width_d": 0.0036485581232502044}