{"numgrasp": 353, "translation_d": 6.069044630464216e-09, "rotation_d": 4.6829618172611985e-05, "width_d": 0.003444268514951905}