{"numgrasp": 386, "translation_d": 6.17064452817869e-09, "rotation_d": 4.71164240039578e-05, "width_d": 0.003452737772758542}