{"numgrasp": 394, "translation_d": 6.340488914239229e-09, "rotation_d": 4.4953726882038136e-05, "width_d": 0.0036888571070067913}