{"numgrasp": 335, "translation_d": 6.1390454960584364e-09, "rotation_d": 5.453753266492148e-05, "width_d": 0.0033949448311058703}