{"numgrasp": 366, "translation_d": 5.59499871654321e-09, "rotation_d": 5.115906177522648e-05, "width_d": 0.006084010114578544}