{"numgrasp": 351, "translation_d": 5.300992754436121e-09, "rotation_d": 5.258217420614707e-05, "width_d": 0.006449132439420521}