{"numgrasp": 377, "translation_d": 5.529815988073081e-09, "rotation_d": 5.350342535414655e-05, "width_d": 0.006621519252090833}