{"numgrasp": 387, "translation_d": 5.768496874372797e-09, "rotation_d": 6.149454765365591e-05, "width_d": 0.006375327096333918}