{"numgrasp": 377, "translation_d": 5.867146917675058e-09, "rotation_d": 5.946546542646843e-05, "width_d": 0.0042963168922030785}