{"numgrasp": 364, "translation_d": 5.418103862760364e-09, "rotation_d": 5.7764467026475386e-05, "width_d": 0.004474372488374713}