{"numgrasp": 418, "translation_d": 5.659802675534914e-09, "rotation_d": 5.446000482445418e-05, "width_d": 0.002907233793287952}