{"numgrasp": 408, "translation_d": 5.38147121681315e-09, "rotation_d": 5.308390919989414e-05, "width_d": 0.0025708962617021895}