{"numgrasp": 416, "translation_d": 5.619759729321823e-09, "rotation_d": 5.891767975106508e-05, "width_d": 0.0024328751223015263}