{"numgrasp": 374, "translation_d": 5.481013641300651e-09, "rotation_d": 6.0649050692755144e-05, "width_d": 0.004068404164660549}