{"numgrasp": 390, "translation_d": 5.471404968414078e-09, "rotation_d": 6.181698848030886e-05, "width_d": 0.0044649106509194614}