{"numgrasp": 411, "translation_d": 5.4232855476258444e-09, "rotation_d": 6.182996775027188e-05, "width_d": 0.005004777350420964}