{"numgrasp": 420, "translation_d": 5.5155345986066905e-09, "rotation_d": 6.166153429912025e-05, "width_d": 0.005500247850070557}