{"numgrasp": 369, "translation_d": 5.436648350962994e-09, "rotation_d": 5.4903890626085576e-05, "width_d": 0.004482835770120782}