{"numgrasp": 410, "translation_d": 5.354761631523029e-09, "rotation_d": 5.7190711879390607e-05, "width_d": 0.0039445795229757575}