{"numgrasp": 420, "translation_d": 5.255339518526818e-09, "rotation_d": 5.7284167601186905e-05, "width_d": 0.0037934172380697504}