{"numgrasp": 420, "translation_d": 5.437310592668872e-09, "rotation_d": 5.69392669386886e-05, "width_d": 0.0034882887445777193}