{"numgrasp": 391, "translation_d": 5.47984373424565e-09, "rotation_d": 5.6240328977307984e-05, "width_d": 0.003108486312944662}