{"numgrasp": 413, "translation_d": 5.331410697888727e-09, "rotation_d": 5.523543087722731e-05, "width_d": 0.002213647369518203}