{"numgrasp": 358, "translation_d": 6.312373335496807e-09, "rotation_d": 5.836978394685219e-05, "width_d": 0.005598944949834189}