{"numgrasp": 377, "translation_d": 4.985017150198694e-09, "rotation_d": 4.655793535290304e-05, "width_d": 0.00174677832128583}