{"numgrasp": 361, "translation_d": 5.0924870150784545e-09, "rotation_d": 4.7376014209823654e-05, "width_d": 0.0019158536768365858}