{"numgrasp": 395, "translation_d": 4.877977355933063e-09, "rotation_d": 4.839130799401394e-05, "width_d": 0.0023324333660821443}