{"numgrasp": 410, "translation_d": 4.788641204669082e-09, "rotation_d": 4.925303255392108e-05, "width_d": 0.002584368217970468}