{"numgrasp": 393, "translation_d": 4.9516466055645376e-09, "rotation_d": 4.8551577329325564e-05, "width_d": 0.0029814326152861463}