{"numgrasp": 385, "translation_d": 5.099343691770302e-09, "rotation_d": 4.858808115998936e-05, "width_d": 0.0030872691967495734}