{"numgrasp": 394, "translation_d": 5.076022094480934e-09, "rotation_d": 4.796657884368073e-05, "width_d": 0.0031505458927179445}