{"numgrasp": 306, "translation_d": 5.642649425894568e-09, "rotation_d": 6.17569550824681e-05, "width_d": 0.00633421646843475}