{"numgrasp": 429, "translation_d": 4.978768234244458e-09, "rotation_d": 4.245162216702773e-05, "width_d": 0.002266912256439199}