{"numgrasp": 424, "translation_d": 5.088182817724912e-09, "rotation_d": 4.1940681946173916e-05, "width_d": 0.0021038654849787125}