{"numgrasp": 427, "translation_d": 5.179352114401592e-09, "rotation_d": 4.250532040475947e-05, "width_d": 0.001906968319317522}