{"numgrasp": 430, "translation_d": 4.886442310111713e-09, "rotation_d": 4.007872762992329e-05, "width_d": 0.0020118686259371307}