{"numgrasp": 379, "translation_d": 5.076477810174698e-09, "rotation_d": 3.798795623400248e-05, "width_d": 0.0028001942004710974}