{"numgrasp": 370, "translation_d": 4.817117477225999e-09, "rotation_d": 3.57089886749123e-05, "width_d": 0.0026553395523090583}