{"numgrasp": 366, "translation_d": 4.982949601038167e-09, "rotation_d": 4.4743611130571524e-05, "width_d": 0.0033209115614818577}