{"numgrasp": 351, "translation_d": 5.651592617944457e-09, "rotation_d": 6.171439110594514e-05, "width_d": 0.005242614856210144}