{"numgrasp": 407, "translation_d": 4.908988140706289e-09, "rotation_d": 4.1564599560650494e-05, "width_d": 0.0030799414176307855}