{"numgrasp": 460, "translation_d": 4.976268606689015e-09, "rotation_d": 5.082004373760781e-05, "width_d": 0.003002565664890814}