{"numgrasp": 460, "translation_d": 4.973002267662892e-09, "rotation_d": 4.8897068700321605e-05, "width_d": 0.0031138107786399674}