{"numgrasp": 445, "translation_d": 5.122540209072829e-09, "rotation_d": 4.5977353840123404e-05, "width_d": 0.003385169426137268}