{"numgrasp": 362, "translation_d": 5.1485360414792295e-09, "rotation_d": 4.8043420778937654e-05, "width_d": 0.005494487163287935}