{"numgrasp": 364, "translation_d": 5.50299762843845e-09, "rotation_d": 4.973090509532567e-05, "width_d": 0.005279907546624043}