{"numgrasp": 456, "translation_d": 5.005922473544474e-09, "rotation_d": 5.649282137814296e-05, "width_d": 0.003560783127428068}