{"numgrasp": 414, "translation_d": 5.256533281501457e-09, "rotation_d": 6.050556111740645e-05, "width_d": 0.0028427074351451355}