{"numgrasp": 436, "translation_d": 5.1892361863363024e-09, "rotation_d": 6.0795376792962936e-05, "width_d": 0.004752051617934369}