{"numgrasp": 419, "translation_d": 5.4338963522374045e-09, "rotation_d": 6.0823408701193314e-05, "width_d": 0.005172845956279252}