{"numgrasp": 410, "translation_d": 5.35663169116374e-09, "rotation_d": 6.052446212623302e-05, "width_d": 0.005272233596150018}