{"numgrasp": 340, "translation_d": 5.3256389218712285e-09, "rotation_d": 5.643546692280072e-05, "width_d": 0.006098005727238473}