{"numgrasp": 376, "translation_d": 5.680161166984211e-09, "rotation_d": 5.879417324879895e-05, "width_d": 0.0026356553412334913}