{"numgrasp": 390, "translation_d": 5.626052505225815e-09, "rotation_d": 5.6672715996621105e-05, "width_d": 0.001975907094148753}