{"numgrasp": 382, "translation_d": 5.667552558686172e-09, "rotation_d": 5.9264196934104475e-05, "width_d": 0.0027980997365358406}