{"numgrasp": 346, "translation_d": 5.577219542011837e-09, "rotation_d": 6.04289490117671e-05, "width_d": 0.005109022288864094}