{"numgrasp": 379, "translation_d": 5.410680692925771e-09, "rotation_d": 5.4741504138382214e-05, "width_d": 0.0023171840229407087}