{"numgrasp": 341, "translation_d": 5.592557749294696e-09, "rotation_d": 6.132399176960985e-05, "width_d": 0.005864245905228714}