{"numgrasp": 329, "translation_d": 5.940105581861783e-09, "rotation_d": 6.246958533788382e-05, "width_d": 0.006276310593281318}