{"numgrasp": 323, "translation_d": 5.8559180630228255e-09, "rotation_d": 6.273235500414982e-05, "width_d": 0.006638925618934493}