{"numgrasp": 357, "translation_d": 5.6482831708916016e-09, "rotation_d": 5.280402075425253e-05, "width_d": 0.007115489802193257}