{"numgrasp": 325, "translation_d": 5.612272565402727e-09, "rotation_d": 5.2657530886251193e-05, "width_d": 0.0062443596513093395}