{"numgrasp": 321, "translation_d": 5.688441166172658e-09, "rotation_d": 5.3451769794618505e-05, "width_d": 0.005745213795095931}