{"numgrasp": 344, "translation_d": 5.636153595450765e-09, "rotation_d": 5.321939019044126e-05, "width_d": 0.004592980888549976}