{"numgrasp": 331, "translation_d": 5.437093394190716e-09, "rotation_d": 5.314223169947824e-05, "width_d": 0.004157079965571227}