{"numgrasp": 359, "translation_d": 5.818450024298365e-09, "rotation_d": 5.509985784283251e-05, "width_d": 0.003601868986327699}