{"numgrasp": 375, "translation_d": 5.603325693326948e-09, "rotation_d": 5.73091412707461e-05, "width_d": 0.002726309153566539}