{"numgrasp": 386, "translation_d": 5.59555642954098e-09, "rotation_d": 5.789568205378267e-05, "width_d": 0.0023587679776709246}