{"numgrasp": 387, "translation_d": 5.364308160381747e-09, "rotation_d": 5.216141374976938e-05, "width_d": 0.0025615103847676022}