{"numgrasp": 354, "translation_d": 5.532019960447183e-09, "rotation_d": 4.244752901520369e-05, "width_d": 0.004810506055325266}