{"numgrasp": 349, "translation_d": 5.415532441098442e-09, "rotation_d": 4.193304896184033e-05, "width_d": 0.005131707029755236}