{"numgrasp": 377, "translation_d": 5.526896800350885e-09, "rotation_d": 4.0929649919264525e-05, "width_d": 0.005833244509596932}