{"numgrasp": 367, "translation_d": 5.3472736437409e-09, "rotation_d": 4.288795322842279e-05, "width_d": 0.007430120259825737}