{"numgrasp": 366, "translation_d": 5.509518171633918e-09, "rotation_d": 4.079484471674383e-05, "width_d": 0.0064508737531461325}