{"numgrasp": 374, "translation_d": 5.330370523014823e-09, "rotation_d": 3.9748760966814145e-05, "width_d": 0.006042266423269742}