{"numgrasp": 378, "translation_d": 5.4601340274226704e-09, "rotation_d": 3.924462274132483e-05, "width_d": 0.005458081687967945}