{"numgrasp": 381, "translation_d": 5.641906525280593e-09, "rotation_d": 3.8391922824952006e-05, "width_d": 0.004240272171252943}