{"numgrasp": 401, "translation_d": 5.626202143766184e-09, "rotation_d": 4.139827900624429e-05, "width_d": 0.0031574951604708555}