{"numgrasp": 421, "translation_d": 5.698324270448026e-09, "rotation_d": 4.2559535509914634e-05, "width_d": 0.0023520071381555293}