{"numgrasp": 408, "translation_d": 5.644353570980674e-09, "rotation_d": 4.4922355846206256e-05, "width_d": 0.0033479846443189754}