{"numgrasp": 338, "translation_d": 5.518351985080526e-09, "rotation_d": 5.9486078891985426e-05, "width_d": 0.003994788965739628}