{"numgrasp": 299, "translation_d": 5.417148609753496e-09, "rotation_d": 4.405265298885942e-05, "width_d": 0.002041957614897409}