{"numgrasp": 258, "translation_d": 5.785914120119631e-09, "rotation_d": 4.7362865591320834e-05, "width_d": 0.0034951198668086102}