{"numgrasp": 281, "translation_d": 5.885159042003869e-09, "rotation_d": 4.381192620780229e-05, "width_d": 0.0036006556281956443}