{"numgrasp": 275, "translation_d": 5.798081621104388e-09, "rotation_d": 4.4406084672680964e-05, "width_d": 0.0030735971305245312}