{"numgrasp": 255, "translation_d": 5.8912627975241606e-09, "rotation_d": 4.419874290871672e-05, "width_d": 0.002691277689296381}