{"numgrasp": 263, "translation_d": 5.80431529029288e-09, "rotation_d": 4.3333398099085266e-05, "width_d": 0.0026197001445895517}