{"numgrasp": 261, "translation_d": 5.502368016274294e-09, "rotation_d": 4.484737457407662e-05, "width_d": 0.002155950976550158}