{"numgrasp": 291, "translation_d": 5.417274040249381e-09, "rotation_d": 4.419706724914074e-05, "width_d": 0.002212470346692947}