{"numgrasp": 296, "translation_d": 5.358370001099161e-09, "rotation_d": 4.5491067430430247e-05, "width_d": 0.0023136500751958404}