{"numgrasp": 290, "translation_d": 4.965248814213689e-09, "rotation_d": 4.4893488476139954e-05, "width_d": 0.002394847045713099}