{"numgrasp": 294, "translation_d": 5.626972936226387e-09, "rotation_d": 4.4666156473144645e-05, "width_d": 0.002547074629165431}