{"numgrasp": 292, "translation_d": 5.6335514486182505e-09, "rotation_d": 4.4811540378890345e-05, "width_d": 0.002516219569201424}