{"numgrasp": 305, "translation_d": 5.570059597959738e-09, "rotation_d": 4.429330002835306e-05, "width_d": 0.0030405422020209675}