{"numgrasp": 303, "translation_d": 6.147096352742587e-09, "rotation_d": 4.608101044330371e-05, "width_d": 0.003927520981309525}