{"numgrasp": 317, "translation_d": 6.16874363793457e-09, "rotation_d": 4.22002250891302e-05, "width_d": 0.004229767544519926}