{"numgrasp": 316, "translation_d": 5.781072641698336e-09, "rotation_d": 4.396366934671426e-05, "width_d": 0.004000247923673876}