{"numgrasp": 333, "translation_d": 6.359635591072283e-09, "rotation_d": 3.59107866793201e-05, "width_d": 0.004971526087580787}