{"numgrasp": 302, "translation_d": 5.55119123131194e-09, "rotation_d": 4.8055152295532135e-05, "width_d": 0.0035782867531982164}