{"numgrasp": 313, "translation_d": 5.658527676668791e-09, "rotation_d": 4.965667197896115e-05, "width_d": 0.0032944100620820494}