{"numgrasp": 316, "translation_d": 5.716284381905863e-09, "rotation_d": 4.9474445918682134e-05, "width_d": 0.0032488850505458513}