{"numgrasp": 334, "translation_d": 5.342339096484206e-09, "rotation_d": 4.936274774595148e-05, "width_d": 0.0027646511753657873}