{"numgrasp": 317, "translation_d": 5.145562615933683e-09, "rotation_d": 5.022476056339607e-05, "width_d": 0.0024027456327724655}