{"numgrasp": 342, "translation_d": 5.479292075835057e-09, "rotation_d": 5.7490820567877325e-05, "width_d": 0.0027204985921188024}