{"numgrasp": 327, "translation_d": 5.666501208996083e-09, "rotation_d": 5.516114804893088e-05, "width_d": 0.0030144233699895824}