{"numgrasp": 323, "translation_d": 5.7073964215991185e-09, "rotation_d": 5.451264387944101e-05, "width_d": 0.002999633752702215}