{"numgrasp": 311, "translation_d": 5.74434260489651e-09, "rotation_d": 5.403923367719068e-05, "width_d": 0.0036442853519276304}