{"numgrasp": 313, "translation_d": 5.370685714873507e-09, "rotation_d": 5.216711612067377e-05, "width_d": 0.004061752295327086}