{"numgrasp": 309, "translation_d": 5.188397698735322e-09, "rotation_d": 5.046424895055838e-05, "width_d": 0.0042398434279732515}