{"numgrasp": 307, "translation_d": 5.56738944470596e-09, "rotation_d": 5.6867805943257874e-05, "width_d": 0.004589806893088676}