{"numgrasp": 313, "translation_d": 5.740191200748713e-09, "rotation_d": 5.681416067764018e-05, "width_d": 0.004448405662549073}