{"numgrasp": 337, "translation_d": 5.599860325863824e-09, "rotation_d": 5.907692754973655e-05, "width_d": 0.003731471796649869}