{"numgrasp": 353, "translation_d": 5.342662830736451e-09, "rotation_d": 5.803583723826275e-05, "width_d": 0.003401952920016279}