{"numgrasp": 391, "translation_d": 5.178997195762631e-09, "rotation_d": 5.612437569370178e-05, "width_d": 0.0033503641611427656}