{"numgrasp": 406, "translation_d": 5.120908342041714e-09, "rotation_d": 5.669057943922516e-05, "width_d": 0.0037413825827650737}