{"numgrasp": 395, "translation_d": 5.2131737205053814e-09, "rotation_d": 5.6408096416455616e-05, "width_d": 0.004090568629239169}