{"numgrasp": 358, "translation_d": 5.132031024479304e-09, "rotation_d": 5.821096032408033e-05, "width_d": 0.004101820879043811}