{"numgrasp": 347, "translation_d": 5.400083281436161e-09, "rotation_d": 6.048144505495315e-05, "width_d": 0.005046587306005264}