{"numgrasp": 359, "translation_d": 5.29033461667355e-09, "rotation_d": 5.8611660068072356e-05, "width_d": 0.005521409240206963}