{"numgrasp": 413, "translation_d": 4.963914498044853e-09, "rotation_d": 5.483537700442775e-05, "width_d": 0.005611764478049688}