{"numgrasp": 317, "translation_d": 5.936137554892399e-09, "rotation_d": 4.359876967810388e-05, "width_d": 0.004198231634937113}