{"numgrasp": 442, "translation_d": 5.018483895529426e-09, "rotation_d": 5.479208137273902e-05, "width_d": 0.005089240499316349}