{"numgrasp": 398, "translation_d": 4.989484147439645e-09, "rotation_d": 5.136747936613049e-05, "width_d": 0.003936824554736413}