{"numgrasp": 381, "translation_d": 5.097305525150215e-09, "rotation_d": 4.52721566288718e-05, "width_d": 0.0037552630706618024}