{"numgrasp": 409, "translation_d": 4.736642249005701e-09, "rotation_d": 4.1120745645644946e-05, "width_d": 0.00430280569503768}