{"numgrasp": 390, "translation_d": 4.8805089745982485e-09, "rotation_d": 4.2110138717340866e-05, "width_d": 0.004355532214329725}