{"numgrasp": 461, "translation_d": 4.995010522260388e-09, "rotation_d": 4.3269667788135514e-05, "width_d": 0.0047554044030591654}