{"numgrasp": 463, "translation_d": 4.912084309505903e-09, "rotation_d": 4.5075152406277876e-05, "width_d": 0.005170311386167119}