{"numgrasp": 434, "translation_d": 4.7736839860185785e-09, "rotation_d": 4.557340278398378e-05, "width_d": 0.005225718729586537}