{"numgrasp": 412, "translation_d": 4.945408180597645e-09, "rotation_d": 4.6796078461613316e-05, "width_d": 0.005380296508687354}