{"numgrasp": 489, "translation_d": 4.538730536722876e-09, "rotation_d": 3.6230862543480254e-05, "width_d": 0.005921988882586673}