{"numgrasp": 481, "translation_d": 4.599607131999485e-09, "rotation_d": 3.589076547838111e-05, "width_d": 0.006018110805739609}