{"numgrasp": 482, "translation_d": 4.683378264882971e-09, "rotation_d": 3.534450974716429e-05, "width_d": 0.005626710093744701}