{"numgrasp": 477, "translation_d": 4.9145910824939615e-09, "rotation_d": 4.0237020304399405e-05, "width_d": 0.004892113939137639}