{"numgrasp": 433, "translation_d": 5.074678210685368e-09, "rotation_d": 4.2578293718280097e-05, "width_d": 0.003847145864150024}