{"numgrasp": 456, "translation_d": 5.0413936825753445e-09, "rotation_d": 4.2235911727467033e-05, "width_d": 0.004127354486538568}