{"numgrasp": 443, "translation_d": 4.739642448947181e-09, "rotation_d": 0.0007133265609948309, "width_d": 0.004857045760311672}