{"numgrasp": 472, "translation_d": 4.791994186327151e-09, "rotation_d": 3.3636793438547795e-05, "width_d": 0.005922633923911011}