{"numgrasp": 457, "translation_d": 4.69494655112724e-09, "rotation_d": 3.298813961740073e-05, "width_d": 0.0062326488983154476}