{"numgrasp": 432, "translation_d": 4.414965838549241e-09, "rotation_d": 3.103360028289526e-05, "width_d": 0.0068824932914896}