{"numgrasp": 350, "translation_d": 6.628449316038714e-09, "rotation_d": 3.817959671653476e-05, "width_d": 0.003472669502356596}