{"numgrasp": 364, "translation_d": 6.984120857096563e-09, "rotation_d": 3.651475881093215e-05, "width_d": 0.003161401257725445}