{"numgrasp": 367, "translation_d": 6.477084796906361e-09, "rotation_d": 3.728027464168281e-05, "width_d": 0.002900981224920566}