{"numgrasp": 444, "translation_d": 6.826186305692945e-09, "rotation_d": 3.33302534744523e-05, "width_d": 0.003412004417306623}