{"numgrasp": 431, "translation_d": 6.509265683325521e-09, "rotation_d": 3.526869517985492e-05, "width_d": 0.0032032929935159197}