{"numgrasp": 376, "translation_d": 6.9330547983006195e-09, "rotation_d": 3.8768828552047005e-05, "width_d": 0.0028224473817677815}