{"numgrasp": 303, "translation_d": 6.462310077511944e-09, "rotation_d": 4.7626619146699765e-05, "width_d": 0.0032434510744598966}