{"numgrasp": 294, "translation_d": 6.910680962879095e-09, "rotation_d": 4.73681242412343e-05, "width_d": 0.0032048853295291767}