{"numgrasp": 289, "translation_d": 6.289694684263616e-09, "rotation_d": 5.152364483944213e-05, "width_d": 0.0034601885904237775}