{"numgrasp": 274, "translation_d": 6.262426338833437e-09, "rotation_d": 5.2571111410759004e-05, "width_d": 0.0038118048379338285}