{"numgrasp": 293, "translation_d": 6.222012126889028e-09, "rotation_d": 5.357282184689678e-05, "width_d": 0.004319957136873692}