{"numgrasp": 285, "translation_d": 6.571551524487329e-09, "rotation_d": 6.077019601945843e-05, "width_d": 0.004336685414916316}