{"numgrasp": 272, "translation_d": 6.409404042300761e-09, "rotation_d": 6.0676671921850624e-05, "width_d": 0.00415490751810945}