{"numgrasp": 418, "translation_d": 6.6203546202990325e-09, "rotation_d": 3.503659826722442e-05, "width_d": 0.0033874532792295634}