{"numgrasp": 278, "translation_d": 6.375680021435262e-09, "rotation_d": 6.125281764560181e-05, "width_d": 0.0035976035480215934}