{"numgrasp": 274, "translation_d": 6.202218317660271e-09, "rotation_d": 5.98548458410482e-05, "width_d": 0.0035510053142351525}