{"numgrasp": 270, "translation_d": 6.422073651061078e-09, "rotation_d": 5.935200133660465e-05, "width_d": 0.0031861962217033866}