{"numgrasp": 275, "translation_d": 6.2616586256021015e-09, "rotation_d": 6.086915643296139e-05, "width_d": 0.00311015932315411}