{"numgrasp": 273, "translation_d": 6.499731867262831e-09, "rotation_d": 6.019935406496768e-05, "width_d": 0.003260024988770231}