{"numgrasp": 304, "translation_d": 6.1950114231146454e-09, "rotation_d": 5.052482533413106e-05, "width_d": 0.004390096320690135}