{"numgrasp": 273, "translation_d": 6.282831551987104e-09, "rotation_d": 5.326173515812364e-05, "width_d": 0.0043309290332421485}