{"numgrasp": 277, "translation_d": 6.180509121412896e-09, "rotation_d": 5.463958809831902e-05, "width_d": 0.003379105073601348}