{"numgrasp": 264, "translation_d": 6.34540662847474e-09, "rotation_d": 5.993127634565494e-05, "width_d": 0.0025980200136930367}