{"numgrasp": 236, "translation_d": 6.003679294924011e-09, "rotation_d": 5.281313496557161e-05, "width_d": 0.002484795619665557}