{"numgrasp": 243, "translation_d": 5.894718358358425e-09, "rotation_d": 5.1317746151426104e-05, "width_d": 0.0022802963761779133}