{"numgrasp": 254, "translation_d": 5.93415372850038e-09, "rotation_d": 4.754012923859021e-05, "width_d": 0.0032541380639980622}