{"numgrasp": 350, "translation_d": 6.2183107485353994e-09, "rotation_d": 3.483245189162384e-05, "width_d": 0.004225371668687441}