{"numgrasp": 273, "translation_d": 5.993520873374827e-09, "rotation_d": 5.551640988045239e-05, "width_d": 0.0035195652631103995}