{"numgrasp": 277, "translation_d": 5.607390736409095e-09, "rotation_d": 5.441692007682014e-05, "width_d": 0.003887999084219428}