{"numgrasp": 264, "translation_d": 5.3055038564070245e-09, "rotation_d": 5.3982944055833296e-05, "width_d": 0.004171611461420674}