{"numgrasp": 272, "translation_d": 5.073504905752492e-09, "rotation_d": 5.586477178751005e-05, "width_d": 0.0045521962762991655}