{"numgrasp": 281, "translation_d": 5.080840874750252e-09, "rotation_d": 5.615220507523686e-05, "width_d": 0.004162026278108062}