{"numgrasp": 296, "translation_d": 5.582582966417265e-09, "rotation_d": 5.621945660165812e-05, "width_d": 0.0036766676836203333}