{"numgrasp": 293, "translation_d": 5.4504346649599936e-09, "rotation_d": 5.688979535865455e-05, "width_d": 0.002499595725252313}