{"numgrasp": 271, "translation_d": 5.267046188594218e-09, "rotation_d": 5.3046780844164196e-05, "width_d": 0.0024470268587599192}