{"numgrasp": 291, "translation_d": 5.034696398199745e-09, "rotation_d": 5.363011912513571e-05, "width_d": 0.002713106431727072}