{"numgrasp": 280, "translation_d": 4.861654403946126e-09, "rotation_d": 5.398187373998337e-05, "width_d": 0.004185107571959786}