{"numgrasp": 270, "translation_d": 5.0972817427047845e-09, "rotation_d": 5.321793716437227e-05, "width_d": 0.004895476446730367}