{"numgrasp": 268, "translation_d": 4.8788187548909506e-09, "rotation_d": 4.9267118454608164e-05, "width_d": 0.004371295115198609}