{"numgrasp": 300, "translation_d": 5.052289644915918e-09, "rotation_d": 5.378088895559107e-05, "width_d": 0.004246250574366765}