{"numgrasp": 241, "translation_d": 6.6585708703153846e-09, "rotation_d": 5.1301464967581014e-05, "width_d": 0.004303397383527285}