{"numgrasp": 290, "translation_d": 5.233284425303431e-09, "rotation_d": 4.7970390679914136e-05, "width_d": 0.003416162353041608}