{"numgrasp": 223, "translation_d": 6.667445323697382e-09, "rotation_d": 5.0064601745274005e-05, "width_d": 0.004715824712319736}