{"numgrasp": 277, "translation_d": 4.8552860408408355e-09, "rotation_d": 4.346596913139895e-05, "width_d": 0.0019892771971881306}