{"numgrasp": 283, "translation_d": 4.692130186556635e-09, "rotation_d": 4.3362982547408936e-05, "width_d": 0.002055134694550155}