{"numgrasp": 291, "translation_d": 5.3105027080131664e-09, "rotation_d": 4.437337228236445e-05, "width_d": 0.0024566172536719098}