{"numgrasp": 288, "translation_d": 5.071595107277562e-09, "rotation_d": 4.425776250353707e-05, "width_d": 0.002560503831514172}