{"numgrasp": 294, "translation_d": 5.085729682249608e-09, "rotation_d": 5.187001914843246e-05, "width_d": 0.003241492615536706}