{"numgrasp": 303, "translation_d": 4.904778217185497e-09, "rotation_d": 4.432557243698169e-05, "width_d": 0.003496637388466107}