{"numgrasp": 295, "translation_d": 5.379850649830733e-09, "rotation_d": 4.518326632068284e-05, "width_d": 0.0035970675600426423}