{"numgrasp": 293, "translation_d": 4.709611784271807e-09, "rotation_d": 4.58665982067772e-05, "width_d": 0.004868111301183638}