{"numgrasp": 302, "translation_d": 4.752316764297028e-09, "rotation_d": 4.410976363856807e-05, "width_d": 0.004900791162853745}