{"numgrasp": 294, "translation_d": 4.856997367227899e-09, "rotation_d": 4.397715241804033e-05, "width_d": 0.00469265654864758}