{"numgrasp": 217, "translation_d": 6.1772974593427e-09, "rotation_d": 4.89071330975582e-05, "width_d": 0.00513290568850149}