{"numgrasp": 291, "translation_d": 5.143048490212999e-09, "rotation_d": 4.4284025881679786e-05, "width_d": 0.003649947757593675}