{"numgrasp": 292, "translation_d": 5.1704303976570945e-09, "rotation_d": 4.65698919041238e-05, "width_d": 0.0026630502941991704}