{"numgrasp": 267, "translation_d": 5.213544917454433e-09, "rotation_d": 4.810257440193863e-05, "width_d": 0.0024427081044255195}