{"numgrasp": 259, "translation_d": 5.091282258402313e-09, "rotation_d": 4.938160352854762e-05, "width_d": 0.002105352522828646}