{"numgrasp": 251, "translation_d": 5.248785831543342e-09, "rotation_d": 5.464120337513023e-05, "width_d": 0.0027052343614069833}