{"numgrasp": 242, "translation_d": 5.258945448378455e-09, "rotation_d": 5.385728470443959e-05, "width_d": 0.0033625956677649344}