{"numgrasp": 232, "translation_d": 6.828289626626401e-09, "rotation_d": 5.077609466709997e-05, "width_d": 0.004416764025957337}