{"numgrasp": 245, "translation_d": 4.843524186565956e-09, "rotation_d": 5.2804665081232944e-05, "width_d": 0.0038645314259316476}