{"numgrasp": 242, "translation_d": 5.079511892155371e-09, "rotation_d": 5.187391467566841e-05, "width_d": 0.004251867424643553}