{"numgrasp": 205, "translation_d": 5.008021673913979e-09, "rotation_d": 5.828459185267296e-05, "width_d": 0.004421382077376186}