{"numgrasp": 196, "translation_d": 5.2634291280820125e-09, "rotation_d": 5.889130328489914e-05, "width_d": 0.00443487733322717}