{"numgrasp": 298, "translation_d": 7.169253317633663e-09, "rotation_d": 5.68309322714263e-05, "width_d": 0.002694085756788298}