{"numgrasp": 196, "translation_d": 5.215322528486874e-09, "rotation_d": 5.889538722475774e-05, "width_d": 0.003036355162495987}