{"numgrasp": 201, "translation_d": 5.38512419242342e-09, "rotation_d": 5.8777742150215736e-05, "width_d": 0.0027469219527261213}