{"numgrasp": 208, "translation_d": 5.245893894927255e-09, "rotation_d": 5.874243496968569e-05, "width_d": 0.002675067503829272}