{"numgrasp": 202, "translation_d": 5.620812030660307e-09, "rotation_d": 5.847294817751734e-05, "width_d": 0.0025504350779824705}