{"numgrasp": 208, "translation_d": 5.439334334197379e-09, "rotation_d": 5.273151342552275e-05, "width_d": 0.0023669041167823646}