{"numgrasp": 195, "translation_d": 5.818312048058783e-09, "rotation_d": 5.342022947978189e-05, "width_d": 0.002394431651549033}