{"numgrasp": 190, "translation_d": 5.3015224366934185e-09, "rotation_d": 5.542833981459974e-05, "width_d": 0.0027067478259003757}