{"numgrasp": 191, "translation_d": 5.294078971874515e-09, "rotation_d": 5.87108194743427e-05, "width_d": 0.003418881672690206}