{"numgrasp": 189, "translation_d": 5.57229497214121e-09, "rotation_d": 5.980864446454507e-05, "width_d": 0.004302057883414489}