{"numgrasp": 179, "translation_d": 4.9528084453311675e-09, "rotation_d": 5.479989046771589e-05, "width_d": 0.004153751450560884}