{"numgrasp": 178, "translation_d": 5.437389957828325e-09, "rotation_d": 5.464342355460773e-05, "width_d": 0.003981712537886671}