{"numgrasp": 269, "translation_d": 7.625575333341374e-09, "rotation_d": 5.155547717530788e-05, "width_d": 0.00348410747591529}