{"numgrasp": 170, "translation_d": 5.519580163829194e-09, "rotation_d": 5.367984508308137e-05, "width_d": 0.0035919251626110637}