{"numgrasp": 180, "translation_d": 5.588835456502729e-09, "rotation_d": 5.15618625962698e-05, "width_d": 0.0029206568679529823}