{"numgrasp": 185, "translation_d": 5.498065265207212e-09, "rotation_d": 4.7288205973189485e-05, "width_d": 0.002548844157589651}