{"numgrasp": 163, "translation_d": 5.545472740721316e-09, "rotation_d": 4.388599787921319e-05, "width_d": 0.0026992928849678068}