{"numgrasp": 269, "translation_d": 7.323882452792391e-09, "rotation_d": 5.282140072828568e-05, "width_d": 0.0033562087765674517}