{"numgrasp": 168, "translation_d": 4.841717274536706e-09, "rotation_d": 4.761574899209408e-05, "width_d": 0.0038275201053555833}