{"numgrasp": 272, "translation_d": 7.36684057111484e-09, "rotation_d": 5.3686563043585484e-05, "width_d": 0.0032073265535281278}