{"numgrasp": 266, "translation_d": 7.558521378154496e-09, "rotation_d": 5.550126253909136e-05, "width_d": 0.0026848948737575214}