{"numgrasp": 276, "translation_d": 7.0055149699628924e-09, "rotation_d": 5.628945663830214e-05, "width_d": 0.002736548472758816}