{"numgrasp": 282, "translation_d": 7.084940828140189e-09, "rotation_d": 5.442152371936151e-05, "width_d": 0.0024894216524601557}