{"numgrasp": 282, "translation_d": 7.165979802862014e-09, "rotation_d": 5.185397266272243e-05, "width_d": 0.0026116405764797304}