{"numgrasp": 239, "translation_d": 6.279248812325363e-09, "rotation_d": 4.906540030294192e-05, "width_d": 0.004138776287197739}