{"numgrasp": 231, "translation_d": 6.654495534802343e-09, "rotation_d": 4.8450694491655474e-05, "width_d": 0.004381960475137862}