{"numgrasp": 232, "translation_d": 6.476356865181078e-09, "rotation_d": 4.727377973278545e-05, "width_d": 0.004862814158934396}