{"numgrasp": 252, "translation_d": 6.243277176642657e-09, "rotation_d": 4.81456681042947e-05, "width_d": 0.004264297028741037}