{"numgrasp": 288, "translation_d": 6.851371946439378e-09, "rotation_d": 4.4544150287878516e-05, "width_d": 0.002894565839812998}