{"numgrasp": 291, "translation_d": 6.6955277719830296e-09, "rotation_d": 4.488217354992084e-05, "width_d": 0.00277601238114534}