{"numgrasp": 267, "translation_d": 7.240502341671916e-09, "rotation_d": 5.7846521609675166e-05, "width_d": 0.0030173083722027615}