{"numgrasp": 288, "translation_d": 6.7536454250814396e-09, "rotation_d": 4.3758514667784394e-05, "width_d": 0.002531361664973901}