{"numgrasp": 283, "translation_d": 6.834421096324514e-09, "rotation_d": 4.4798365762635484e-05, "width_d": 0.003501501986339358}