{"numgrasp": 236, "translation_d": 5.354880444848167e-09, "rotation_d": 4.518008911777012e-05, "width_d": 0.004725777446309475}