{"numgrasp": 214, "translation_d": 5.574200773012152e-09, "rotation_d": 4.573789419332283e-05, "width_d": 0.004893420985072394}