{"numgrasp": 244, "translation_d": 5.545819664651299e-09, "rotation_d": 4.8792326841878184e-05, "width_d": 0.004536640794078284}