{"numgrasp": 245, "translation_d": 5.5095715846884155e-09, "rotation_d": 4.97589579423855e-05, "width_d": 0.004382120969066014}