{"numgrasp": 275, "translation_d": 6.289521751370115e-09, "rotation_d": 5.058051740908313e-05, "width_d": 0.003491741270128399}