{"numgrasp": 288, "translation_d": 6.462104791905319e-09, "rotation_d": 4.794604306550976e-05, "width_d": 0.002754246382184584}