{"numgrasp": 291, "translation_d": 6.460345594791341e-09, "rotation_d": 4.580863897979884e-05, "width_d": 0.002325689522092924}