{"numgrasp": 293, "translation_d": 5.992902098430053e-09, "rotation_d": 5.2058771919165505e-05, "width_d": 0.0022596415249496143}