{"numgrasp": 296, "translation_d": 5.9745402710507685e-09, "rotation_d": 5.300481913593319e-05, "width_d": 0.0023302813902913323}