{"numgrasp": 293, "translation_d": 6.171615281769609e-09, "rotation_d": 5.368463688434896e-05, "width_d": 0.0024591657230737703}