{"numgrasp": 379, "translation_d": 5.599781286887102e-09, "rotation_d": 4.757911668627301e-05, "width_d": 0.001687521055450348}