{"numgrasp": 424, "translation_d": 5.4875292517440646e-09, "rotation_d": 5.1925598093246914e-05, "width_d": 0.003859740348621225}