{"numgrasp": 407, "translation_d": 5.195505260170682e-09, "rotation_d": 4.8414054811092305e-05, "width_d": 0.004175309687544788}