{"numgrasp": 400, "translation_d": 5.510139678858747e-09, "rotation_d": 4.862370067818289e-05, "width_d": 0.00402507206186111}