{"numgrasp": 379, "translation_d": 5.072553829972397e-09, "rotation_d": 4.850148246507795e-05, "width_d": 0.0037135823181428085}