{"numgrasp": 337, "translation_d": 6.26966015383855e-09, "rotation_d": 4.6373142350095976e-05, "width_d": 0.0036617771680636257}