{"numgrasp": 394, "translation_d": 5.464406972751401e-09, "rotation_d": 4.922120989102918e-05, "width_d": 0.0027066274910128316}