{"numgrasp": 401, "translation_d": 5.529359561824326e-09, "rotation_d": 5.0398090720654887e-05, "width_d": 0.0023458481255208157}