{"numgrasp": 374, "translation_d": 5.596421748221169e-09, "rotation_d": 5.018786865021602e-05, "width_d": 0.0020528678889781505}