{"numgrasp": 357, "translation_d": 5.5506066783295255e-09, "rotation_d": 4.9947176518154465e-05, "width_d": 0.0017619167074172366}