{"numgrasp": 379, "translation_d": 5.282755863951163e-09, "rotation_d": 4.7869668775006835e-05, "width_d": 0.0016939379016604232}