{"numgrasp": 397, "translation_d": 5.191573722421808e-09, "rotation_d": 4.651509153849364e-05, "width_d": 0.00266173536141026}