{"numgrasp": 407, "translation_d": 5.053337342727782e-09, "rotation_d": 4.672649417984551e-05, "width_d": 0.0028448786198876103}