{"numgrasp": 393, "translation_d": 5.149819461211489e-09, "rotation_d": 4.6493015265679424e-05, "width_d": 0.0032104678439098828}