{"numgrasp": 394, "translation_d": 5.177386209206669e-09, "rotation_d": 4.593521157945168e-05, "width_d": 0.004047211888708524}