{"numgrasp": 398, "translation_d": 5.244768648420154e-09, "rotation_d": 4.5089401788648435e-05, "width_d": 0.004017116308797433}