{"numgrasp": 369, "translation_d": 5.006102930339258e-09, "rotation_d": 4.3925836720430636e-05, "width_d": 0.00451858868899628}