{"numgrasp": 396, "translation_d": 5.073472561210451e-09, "rotation_d": 4.3759123269880034e-05, "width_d": 0.0045439436584772015}