{"numgrasp": 377, "translation_d": 5.217521104420216e-09, "rotation_d": 4.5307816565933473e-05, "width_d": 0.002851522671380104}