{"numgrasp": 355, "translation_d": 5.4048166032422805e-09, "rotation_d": 4.795545499349401e-05, "width_d": 0.0019452343212284326}