{"numgrasp": 325, "translation_d": 5.3021032570718755e-09, "rotation_d": 4.91741519718555e-05, "width_d": 0.0013805817317381786}