{"numgrasp": 296, "translation_d": 5.377040968855006e-09, "rotation_d": 4.834650931533276e-05, "width_d": 0.0019225106061207234}