{"numgrasp": 336, "translation_d": 5.003048914001854e-09, "rotation_d": 4.752867611078498e-05, "width_d": 0.00457145655469683}