{"numgrasp": 373, "translation_d": 4.829104268655296e-09, "rotation_d": 4.698758612660433e-05, "width_d": 0.004366790183427244}