{"numgrasp": 325, "translation_d": 4.830791235700233e-09, "rotation_d": 5.097821854022597e-05, "width_d": 0.005512909713605432}