{"numgrasp": 320, "translation_d": 4.701789317036458e-09, "rotation_d": 5.1417579341770845e-05, "width_d": 0.004358685674588946}