{"numgrasp": 316, "translation_d": 5.084709554426292e-09, "rotation_d": 5.206660165994122e-05, "width_d": 0.003344945924770387}