{"numgrasp": 314, "translation_d": 4.806322555085071e-09, "rotation_d": 5.280509844046075e-05, "width_d": 0.0032036871853887}