{"numgrasp": 326, "translation_d": 4.8836184538925375e-09, "rotation_d": 5.383525985656878e-05, "width_d": 0.002576354080115046}