{"numgrasp": 311, "translation_d": 4.965186001906134e-09, "rotation_d": 5.311267395537878e-05, "width_d": 0.0018342965853790222}