{"numgrasp": 339, "translation_d": 6.103446232238257e-09, "rotation_d": 4.473558055717786e-05, "width_d": 0.0046137046346773555}