{"numgrasp": 278, "translation_d": 5.05141925832389e-09, "rotation_d": 5.693544118935715e-05, "width_d": 0.002771588718683396}