{"numgrasp": 285, "translation_d": 4.84936622383549e-09, "rotation_d": 5.6276055276786344e-05, "width_d": 0.0037798108607457574}