{"numgrasp": 292, "translation_d": 4.6255239019562755e-09, "rotation_d": 5.56786314211391e-05, "width_d": 0.0035421978115734638}