{"numgrasp": 293, "translation_d": 5.05527654097276e-09, "rotation_d": 5.377312216164424e-05, "width_d": 0.004990319632921413}