{"numgrasp": 280, "translation_d": 4.621984765025895e-09, "rotation_d": 5.6612679226600155e-05, "width_d": 0.004829148178604587}