{"numgrasp": 295, "translation_d": 4.234608815689733e-09, "rotation_d": 5.6632483965278324e-05, "width_d": 0.004517672209776584}