{"numgrasp": 262, "translation_d": 5.02067862492793e-09, "rotation_d": 5.5522808867624676e-05, "width_d": 0.00341500070175736}