{"numgrasp": 254, "translation_d": 4.641062366354236e-09, "rotation_d": 5.474288127924666e-05, "width_d": 0.0029556041652349977}