{"numgrasp": 288, "translation_d": 4.76609107771825e-09, "rotation_d": 5.411686644384489e-05, "width_d": 0.002368883769865339}