{"numgrasp": 265, "translation_d": 4.892611528902079e-09, "rotation_d": 5.150137884477541e-05, "width_d": 0.001791235167079495}