{"numgrasp": 246, "translation_d": 4.979847158593099e-09, "rotation_d": 4.806828541647724e-05, "width_d": 0.0017966686599857975}