{"numgrasp": 270, "translation_d": 4.567144325418613e-09, "rotation_d": 5.259058448237284e-05, "width_d": 0.0034195859665545453}