{"numgrasp": 273, "translation_d": 4.5193323272198635e-09, "rotation_d": 5.3431378235552197e-05, "width_d": 0.00347155207807886}