{"numgrasp": 354, "translation_d": 6.138128653162382e-09, "rotation_d": 4.614627820067383e-05, "width_d": 0.003800107773249918}