{"numgrasp": 278, "translation_d": 4.641802748559851e-09, "rotation_d": 5.3096906588890664e-05, "width_d": 0.00438149085782679}