{"numgrasp": 271, "translation_d": 4.560425834522428e-09, "rotation_d": 5.546937325846128e-05, "width_d": 0.00572452577538988}