{"numgrasp": 273, "translation_d": 4.382631537277153e-09, "rotation_d": 5.6224284515805524e-05, "width_d": 0.005597511582130075}