{"numgrasp": 249, "translation_d": 4.3636706405141106e-09, "rotation_d": 5.3330458764686544e-05, "width_d": 0.005069980918789317}