{"numgrasp": 264, "translation_d": 4.482471552922179e-09, "rotation_d": 5.176040006299696e-05, "width_d": 0.0054158567893529755}