{"numgrasp": 274, "translation_d": 4.427458487493608e-09, "rotation_d": 5.009306282657276e-05, "width_d": 0.0037521294563782523}