{"numgrasp": 247, "translation_d": 4.86912131515544e-09, "rotation_d": 4.509074312437692e-05, "width_d": 0.002182923650035932}