{"numgrasp": 243, "translation_d": 5.094012201434111e-09, "rotation_d": 4.574606682640637e-05, "width_d": 0.001997126063038866}