{"numgrasp": 299, "translation_d": 4.580393500258811e-09, "rotation_d": 4.657207102091027e-05, "width_d": 0.00492953271192807}