{"numgrasp": 269, "translation_d": 4.221283607894816e-09, "rotation_d": 4.4935130469289624e-05, "width_d": 0.004955600875330793}