{"numgrasp": 252, "translation_d": 4.43732383232126e-09, "rotation_d": 4.470427956418977e-05, "width_d": 0.004940105328951088}