{"numgrasp": 341, "translation_d": 5.944063930370536e-09, "rotation_d": 4.7301867609658704e-05, "width_d": 0.002611718149744957}