{"numgrasp": 312, "translation_d": 6.05493409540272e-09, "rotation_d": 4.797294656718493e-05, "width_d": 0.0023174458307278806}