{"numgrasp": 297, "translation_d": 6.02742561878418e-09, "rotation_d": 4.791753537533066e-05, "width_d": 0.0024857069807283885}