{"numgrasp": 279, "translation_d": 5.8667979927529456e-09, "rotation_d": 4.9853072293270625e-05, "width_d": 0.002673119997728644}