{"numgrasp": 303, "translation_d": 5.931890245300016e-09, "rotation_d": 4.8266347898265075e-05, "width_d": 0.0020775068974339802}