{"numgrasp": 366, "translation_d": 6.089033323328693e-09, "rotation_d": 4.920971314651369e-05, "width_d": 0.004079548778579096}