{"numgrasp": 357, "translation_d": 5.9093723469449744e-09, "rotation_d": 4.9493842695281064e-05, "width_d": 0.0043782859608866125}