{"numgrasp": 343, "translation_d": 5.758668887171195e-09, "rotation_d": 4.899677711666923e-05, "width_d": 0.004635978918905874}