{"numgrasp": 370, "translation_d": 5.851994891834392e-09, "rotation_d": 5.4210556053738615e-05, "width_d": 0.004032353268105306}