{"numgrasp": 380, "translation_d": 6.15301019199803e-09, "rotation_d": 5.377528122809933e-05, "width_d": 0.003661544793036684}