{"numgrasp": 379, "translation_d": 5.705054817022245e-09, "rotation_d": 5.148996236384135e-05, "width_d": 0.0030009240570067733}