{"numgrasp": 335, "translation_d": 5.9513064714577904e-09, "rotation_d": 4.809191778727716e-05, "width_d": 0.003086844049806801}