{"numgrasp": 277, "translation_d": 5.7154965179478106e-09, "rotation_d": 4.969076720278819e-05, "width_d": 0.0018158464682344068}