{"numgrasp": 337, "translation_d": 5.643089313656351e-09, "rotation_d": 5.201803182117891e-05, "width_d": 0.0020942375781271456}