{"numgrasp": 371, "translation_d": 5.847114319902106e-09, "rotation_d": 5.5527740359315947e-05, "width_d": 0.002583509881604431}