{"numgrasp": 319, "translation_d": 6.228869037996805e-09, "rotation_d": 4.869801494024991e-05, "width_d": 0.002704644229820668}