{"numgrasp": 369, "translation_d": 5.855019086754913e-09, "rotation_d": 5.6086836837363366e-05, "width_d": 0.0035818993853857627}