{"numgrasp": 378, "translation_d": 5.592346678447494e-09, "rotation_d": 5.629686764007233e-05, "width_d": 0.004101536193831322}