{"numgrasp": 353, "translation_d": 5.5891881398934775e-09, "rotation_d": 5.498864401071738e-05, "width_d": 0.004706024753620356}