{"numgrasp": 390, "translation_d": 5.598392775635163e-09, "rotation_d": 5.4520555873060214e-05, "width_d": 0.00420741598708143}