{"numgrasp": 390, "translation_d": 5.511081265647524e-09, "rotation_d": 5.563373031273903e-05, "width_d": 0.003802028746428267}