{"numgrasp": 352, "translation_d": 5.675613614924165e-09, "rotation_d": 5.4389598931762344e-05, "width_d": 0.0016438749129833341}