{"numgrasp": 406, "translation_d": 5.4391902858354115e-09, "rotation_d": 5.255620434102622e-05, "width_d": 0.002734088017774918}