{"numgrasp": 400, "translation_d": 5.491747011936674e-09, "rotation_d": 5.157762036966187e-05, "width_d": 0.0027501143602442035}