{"numgrasp": 417, "translation_d": 5.636287286923215e-09, "rotation_d": 5.150363822542532e-05, "width_d": 0.0032536286564290385}