{"numgrasp": 211, "translation_d": 6.708651551043827e-09, "rotation_d": 5.457438612354265e-05, "width_d": 0.005177416315381166}