{"numgrasp": 202, "translation_d": 7.162786117589688e-09, "rotation_d": 5.4340678962221974e-05, "width_d": 0.005266164578873611}