{"numgrasp": 210, "translation_d": 6.834137765320772e-09, "rotation_d": 5.344380998339794e-05, "width_d": 0.005457633945233959}