{"numgrasp": 211, "translation_d": 6.386724457562881e-09, "rotation_d": 5.2971732799340175e-05, "width_d": 0.005211871478846547}