{"numgrasp": 215, "translation_d": 7.132467117881319e-09, "rotation_d": 5.273876290358318e-05, "width_d": 0.005081487954716961}