{"numgrasp": 220, "translation_d": 6.528763092676075e-09, "rotation_d": 5.1912584782519304e-05, "width_d": 0.004950024604190066}