{"numgrasp": 232, "translation_d": 7.0094469781219665e-09, "rotation_d": 4.953654843937896e-05, "width_d": 0.004650038215647071}