{"numgrasp": 236, "translation_d": 6.846231175570983e-09, "rotation_d": 4.9205889809701724e-05, "width_d": 0.004555220747704709}