{"numgrasp": 202, "translation_d": 7.1292113377075535e-09, "rotation_d": 5.117557268590249e-05, "width_d": 0.005346946914526237}