{"numgrasp": 203, "translation_d": 6.731031441612312e-09, "rotation_d": 4.930347400833788e-05, "width_d": 0.005390995164533095}