{"numgrasp": 207, "translation_d": 6.911028780807838e-09, "rotation_d": 5.0251430178989825e-05, "width_d": 0.005321782526929242}