{"numgrasp": 225, "translation_d": 6.340143925476086e-09, "rotation_d": 4.992357912996528e-05, "width_d": 0.005187213041792758}