{"numgrasp": 212, "translation_d": 5.8829147215457725e-09, "rotation_d": 4.907215383670944e-05, "width_d": 0.004378062611478272}