{"numgrasp": 204, "translation_d": 6.5762997520488545e-09, "rotation_d": 5.09869168823169e-05, "width_d": 0.004148463475827777}