{"numgrasp": 204, "translation_d": 6.502947617480837e-09, "rotation_d": 5.3219845017901714e-05, "width_d": 0.004244000329156295}