{"numgrasp": 189, "translation_d": 6.315814061334911e-09, "rotation_d": 5.482543227792395e-05, "width_d": 0.003905656522182358}