{"numgrasp": 195, "translation_d": 6.346534381699031e-09, "rotation_d": 5.284228946628382e-05, "width_d": 0.004328517638652655}