{"numgrasp": 199, "translation_d": 6.446354027216895e-09, "rotation_d": 5.340124425836232e-05, "width_d": 0.004269658039378507}