{"numgrasp": 196, "translation_d": 6.845148241212928e-09, "rotation_d": 5.098796266038413e-05, "width_d": 0.004252162911083548}