{"numgrasp": 209, "translation_d": 7.044481573495231e-09, "rotation_d": 4.9877598229669134e-05, "width_d": 0.005339058767896059}