{"numgrasp": 210, "translation_d": 6.675752392157583e-09, "rotation_d": 4.822643202057167e-05, "width_d": 0.005186334835054994}