{"numgrasp": 192, "translation_d": 6.652994161771226e-09, "rotation_d": 4.9104159385923957e-05, "width_d": 0.005258601293718991}