{"numgrasp": 204, "translation_d": 6.458788122022381e-09, "rotation_d": 4.937531127366975e-05, "width_d": 0.004960789131922977}