{"numgrasp": 189, "translation_d": 6.6144489824412805e-09, "rotation_d": 4.9060576785728054e-05, "width_d": 0.004272206901001507}