{"numgrasp": 193, "translation_d": 6.781381240339722e-09, "rotation_d": 4.993868032775015e-05, "width_d": 0.004738461133387765}