{"numgrasp": 220, "translation_d": 6.494565376363113e-09, "rotation_d": 5.011722731064596e-05, "width_d": 0.004756360797751728}