{"numgrasp": 217, "translation_d": 6.218764488309547e-09, "rotation_d": 5.030201720484586e-05, "width_d": 0.004741249667546209}