{"numgrasp": 207, "translation_d": 6.555778239768956e-09, "rotation_d": 5.193745775173012e-05, "width_d": 0.004133795557249418}