{"numgrasp": 195, "translation_d": 6.262725437153736e-09, "rotation_d": 5.236836048085658e-05, "width_d": 0.0041825660720691575}