{"numgrasp": 195, "translation_d": 5.682202459896206e-09, "rotation_d": 4.9949107243031e-05, "width_d": 0.0037562537730309034}