{"numgrasp": 202, "translation_d": 5.82080974217872e-09, "rotation_d": 5.1113732678326284e-05, "width_d": 0.004195942644508273}