{"numgrasp": 214, "translation_d": 6.294041289524411e-09, "rotation_d": 5.4138081885615634e-05, "width_d": 0.004248647528679461}