{"numgrasp": 185, "translation_d": 6.377803305469708e-09, "rotation_d": 4.855807141174604e-05, "width_d": 0.0058346536989681685}