{"numgrasp": 200, "translation_d": 6.329278046808371e-09, "rotation_d": 5.073472147193265e-05, "width_d": 0.005567218883216092}