{"numgrasp": 163, "translation_d": 5.509566980785118e-09, "rotation_d": 4.905105346621819e-05, "width_d": 0.004085550960671042}