{"numgrasp": 195, "translation_d": 6.085269642908043e-09, "rotation_d": 5.1706956504466875e-05, "width_d": 0.004654399827414182}