{"numgrasp": 212, "translation_d": 5.967640682708682e-09, "rotation_d": 5.285446714026503e-05, "width_d": 0.0049538509811430965}