{"numgrasp": 208, "translation_d": 5.866861584593169e-09, "rotation_d": 5.243987213358202e-05, "width_d": 0.004274387368147941}