{"numgrasp": 232, "translation_d": 5.299961429816084e-09, "rotation_d": 4.86006817577621e-05, "width_d": 0.004100476832716035}