{"numgrasp": 225, "translation_d": 5.341504352375114e-09, "rotation_d": 4.917274931465978e-05, "width_d": 0.004321491477646555}