{"numgrasp": 213, "translation_d": 5.776425982931814e-09, "rotation_d": 4.9056562900801965e-05, "width_d": 0.004271370206161535}