{"numgrasp": 159, "translation_d": 6.162228555787675e-09, "rotation_d": 4.942591446446411e-05, "width_d": 0.0038021383618415984}