{"numgrasp": 205, "translation_d": 6.208754813727666e-09, "rotation_d": 5.012377826764659e-05, "width_d": 0.005144973667393518}