{"numgrasp": 198, "translation_d": 6.115508747662887e-09, "rotation_d": 4.726468225650038e-05, "width_d": 0.005523530671263178}