{"numgrasp": 201, "translation_d": 6.116774446794572e-09, "rotation_d": 4.845648605261946e-05, "width_d": 0.005333187463214608}