{"numgrasp": 164, "translation_d": 6.055911926010009e-09, "rotation_d": 4.911114123909641e-05, "width_d": 0.004136562502390171}