{"numgrasp": 160, "translation_d": 6.0273640713455556e-09, "rotation_d": 4.993038029280799e-05, "width_d": 0.0035574031030344206}