{"numgrasp": 233, "translation_d": 5.417513630775854e-09, "rotation_d": 4.966144072966371e-05, "width_d": 0.0041005601709968005}