{"numgrasp": 224, "translation_d": 5.642339991969595e-09, "rotation_d": 4.841652820782217e-05, "width_d": 0.0041740028352008985}