{"numgrasp": 227, "translation_d": 5.868751238622472e-09, "rotation_d": 4.710330796518377e-05, "width_d": 0.004496891953040719}