{"numgrasp": 220, "translation_d": 5.666986749119286e-09, "rotation_d": 4.660522043818119e-05, "width_d": 0.004103932017851776}