{"numgrasp": 205, "translation_d": 5.702709725329555e-09, "rotation_d": 4.844227930895897e-05, "width_d": 0.004657370197576533}