{"numgrasp": 165, "translation_d": 5.9932006917037455e-09, "rotation_d": 4.944935939061609e-05, "width_d": 0.004139056389581031}