{"numgrasp": 184, "translation_d": 6.4656568840256464e-09, "rotation_d": 4.943292796262684e-05, "width_d": 0.004482009386952826}