{"numgrasp": 189, "translation_d": 6.1893691212035866e-09, "rotation_d": 4.922934159943958e-05, "width_d": 0.0046534519188772975}