{"numgrasp": 186, "translation_d": 5.919065174382652e-09, "rotation_d": 4.956354873788144e-05, "width_d": 0.004092351465075255}