{"numgrasp": 180, "translation_d": 6.698477027414286e-09, "rotation_d": 5.073537036581184e-05, "width_d": 0.004326407182298032}