{"numgrasp": 169, "translation_d": 5.7603471209564154e-09, "rotation_d": 5.3257024012170374e-05, "width_d": 0.004274242882170888}