{"numgrasp": 166, "translation_d": 5.932552800606599e-09, "rotation_d": 5.268094369720514e-05, "width_d": 0.004058182153029869}