{"numgrasp": 167, "translation_d": 6.286353198297539e-09, "rotation_d": 5.2033071870493214e-05, "width_d": 0.00391256112191805}