{"numgrasp": 189, "translation_d": 6.432030362464179e-09, "rotation_d": 5.154418114317345e-05, "width_d": 0.004418415860862372}