{"numgrasp": 190, "translation_d": 6.1703423998346275e-09, "rotation_d": 5.3726249337105894e-05, "width_d": 0.004450710398305289}