{"numgrasp": 186, "translation_d": 6.424898542124627e-09, "rotation_d": 5.5117603064127594e-05, "width_d": 0.004302296883693065}