{"numgrasp": 192, "translation_d": 7.0037456131461434e-09, "rotation_d": 5.4141533777081646e-05, "width_d": 0.004483471101519741}