{"numgrasp": 197, "translation_d": 6.605623688044161e-09, "rotation_d": 5.465173818224353e-05, "width_d": 0.004453971986339733}