{"numgrasp": 210, "translation_d": 6.681362961569799e-09, "rotation_d": 5.454413518421078e-05, "width_d": 0.0046212963122130605}