{"numgrasp": 210, "translation_d": 6.4602165255716236e-09, "rotation_d": 5.3574308566671176e-05, "width_d": 0.004284880292707346}