{"numgrasp": 211, "translation_d": 6.0842573338917406e-09, "rotation_d": 5.416684502856521e-05, "width_d": 0.004326710819201981}