{"numgrasp": 201, "translation_d": 6.534694026861179e-09, "rotation_d": 5.486909865535095e-05, "width_d": 0.004655355471987649}