{"numgrasp": 215, "translation_d": 6.447998911276595e-09, "rotation_d": 5.204225624046784e-05, "width_d": 0.0047294264677783995}