{"numgrasp": 230, "translation_d": 7.258271979414597e-09, "rotation_d": 5.144368357858114e-05, "width_d": 0.004424761731655227}