{"numgrasp": 227, "translation_d": 6.795184804269289e-09, "rotation_d": 5.1980916843943065e-05, "width_d": 0.0045732992677315525}