{"numgrasp": 221, "translation_d": 6.936586474157004e-09, "rotation_d": 5.306781172831715e-05, "width_d": 0.004795219738481106}