{"numgrasp": 167, "translation_d": 5.919080365266039e-09, "rotation_d": 4.75883438355517e-05, "width_d": 0.0038815818999219454}