{"numgrasp": 305, "translation_d": 5.722291086371426e-09, "rotation_d": 5.396880678531874e-05, "width_d": 0.0035554062815882533}