{"numgrasp": 295, "translation_d": 5.900126201509686e-09, "rotation_d": 5.283205583260867e-05, "width_d": 0.0037941955695258997}