{"numgrasp": 302, "translation_d": 5.82302472101189e-09, "rotation_d": 5.203560062572813e-05, "width_d": 0.004250476089079444}