{"numgrasp": 288, "translation_d": 5.430024263815132e-09, "rotation_d": 5.190762029024451e-05, "width_d": 0.0034545023581172437}