{"numgrasp": 279, "translation_d": 5.379028931442912e-09, "rotation_d": 5.1388537161261614e-05, "width_d": 0.003010706148548741}