{"numgrasp": 274, "translation_d": 5.829050106182318e-09, "rotation_d": 5.2928453065645736e-05, "width_d": 0.0016964168526815235}