{"numgrasp": 247, "translation_d": 5.8961954802025775e-09, "rotation_d": 5.39562251409726e-05, "width_d": 0.0012107808216545767}