{"numgrasp": 262, "translation_d": 5.610092049680459e-09, "rotation_d": 4.511739271920197e-05, "width_d": 0.0014038519345543057}