{"numgrasp": 294, "translation_d": 5.828904233646926e-09, "rotation_d": 4.599048293791757e-05, "width_d": 0.0017266440012111259}