{"numgrasp": 303, "translation_d": 5.635465437401657e-09, "rotation_d": 4.598740613559289e-05, "width_d": 0.0019427344408160083}