{"numgrasp": 287, "translation_d": 5.744893878089179e-09, "rotation_d": 4.51257863015989e-05, "width_d": 0.0022127020127382605}