{"numgrasp": 300, "translation_d": 6.095749385464362e-09, "rotation_d": 4.546575798120399e-05, "width_d": 0.002680978431502986}