{"numgrasp": 309, "translation_d": 5.758073191516515e-09, "rotation_d": 4.66704667787093e-05, "width_d": 0.002985138428031391}