{"numgrasp": 303, "translation_d": 5.80505032512027e-09, "rotation_d": 4.718071544470781e-05, "width_d": 0.0031587942855441043}