{"numgrasp": 302, "translation_d": 5.814587951899524e-09, "rotation_d": 4.792851696603462e-05, "width_d": 0.0033498177733460254}