{"numgrasp": 298, "translation_d": 5.491087876859e-09, "rotation_d": 4.827683705248347e-05, "width_d": 0.0038323639718119964}