{"numgrasp": 299, "translation_d": 5.693058551370132e-09, "rotation_d": 4.1592105341764355e-05, "width_d": 0.003694717928913338}