{"numgrasp": 257, "translation_d": 5.934913852863525e-09, "rotation_d": 4.42430264905276e-05, "width_d": 0.005652115460148739}