{"numgrasp": 304, "translation_d": 6.192464136174864e-09, "rotation_d": 4.250603083538825e-05, "width_d": 0.002535744526149328}