{"numgrasp": 291, "translation_d": 6.077544269017464e-09, "rotation_d": 4.157170684319024e-05, "width_d": 0.00196196457282752}