{"numgrasp": 280, "translation_d": 6.252856986635547e-09, "rotation_d": 4.192929207275496e-05, "width_d": 0.0018094173341876385}