{"numgrasp": 263, "translation_d": 6.1105706229427035e-09, "rotation_d": 4.434561987218254e-05, "width_d": 0.005674334137944553}