{"numgrasp": 289, "translation_d": 5.850416216008559e-09, "rotation_d": 4.246058177903932e-05, "width_d": 0.0013262082099251274}