{"numgrasp": 277, "translation_d": 5.9078094804695225e-09, "rotation_d": 5.127598300121822e-05, "width_d": 0.0014940843834247352}