{"numgrasp": 293, "translation_d": 5.916461156328821e-09, "rotation_d": 4.7200929722601344e-05, "width_d": 0.0019051390151845872}