{"numgrasp": 292, "translation_d": 5.7239931647994e-09, "rotation_d": 4.6669031073107815e-05, "width_d": 0.0022311276912612885}