{"numgrasp": 314, "translation_d": 6.0324955183621984e-09, "rotation_d": 4.488984609729821e-05, "width_d": 0.0030827626764620172}