{"numgrasp": 316, "translation_d": 6.108019187309279e-09, "rotation_d": 4.3625013708054247e-05, "width_d": 0.0031610864501232004}