{"numgrasp": 314, "translation_d": 5.744622857929132e-09, "rotation_d": 4.306949343872654e-05, "width_d": 0.00341922170563923}