{"numgrasp": 328, "translation_d": 5.5147639065165405e-09, "rotation_d": 5.0923408025317865e-05, "width_d": 0.0038660557906162445}