{"numgrasp": 315, "translation_d": 5.959594735908553e-09, "rotation_d": 5.151871633667312e-05, "width_d": 0.0032230028461766136}