{"numgrasp": 294, "translation_d": 5.688817309613972e-09, "rotation_d": 5.6587294168852545e-05, "width_d": 0.001521399465708733}