{"numgrasp": 276, "translation_d": 5.472762818161018e-09, "rotation_d": 5.782010881839866e-05, "width_d": 0.0017789657691924972}