{"numgrasp": 301, "translation_d": 5.937660578220486e-09, "rotation_d": 5.835870241831031e-05, "width_d": 0.003000964142556171}