{"numgrasp": 284, "translation_d": 5.655784094748052e-09, "rotation_d": 5.904123206115179e-05, "width_d": 0.003867821995545319}