{"numgrasp": 257, "translation_d": 6.595637995220081e-09, "rotation_d": 4.595369139362026e-05, "width_d": 0.0049430718794617}