{"numgrasp": 286, "translation_d": 5.784617340381548e-09, "rotation_d": 5.6549617845004735e-05, "width_d": 0.002403926525216141}