{"numgrasp": 265, "translation_d": 5.802507676737132e-09, "rotation_d": 5.1694608996771784e-05, "width_d": 0.0033270807313501953}