{"numgrasp": 283, "translation_d": 5.652869754962245e-09, "rotation_d": 5.262746049302042e-05, "width_d": 0.003995280587128041}