{"numgrasp": 301, "translation_d": 5.55407353637831e-09, "rotation_d": 5.2302493830000955e-05, "width_d": 0.004956864672247352}