{"numgrasp": 256, "translation_d": 6.402256307801198e-09, "rotation_d": 4.4737358658107684e-05, "width_d": 0.004328000907464278}