{"numgrasp": 302, "translation_d": 4.9106876682806806e-09, "rotation_d": 4.727731093938011e-05, "width_d": 0.007452087321182785}