{"numgrasp": 329, "translation_d": 4.8416985518716685e-09, "rotation_d": 4.726704103172396e-05, "width_d": 0.006758502680979487}