{"numgrasp": 300, "translation_d": 4.696603176311175e-09, "rotation_d": 4.645448960141532e-05, "width_d": 0.00606167154171451}