{"numgrasp": 290, "translation_d": 4.881049015054806e-09, "rotation_d": 4.648502920137144e-05, "width_d": 0.005299401099438458}