{"numgrasp": 283, "translation_d": 5.349839129447223e-09, "rotation_d": 4.6190378480201176e-05, "width_d": 0.005176185659864056}