{"numgrasp": 264, "translation_d": 5.4064349269292555e-09, "rotation_d": 4.7025867831031224e-05, "width_d": 0.004708938567675015}