{"numgrasp": 253, "translation_d": 5.962434140906332e-09, "rotation_d": 4.6424393305469215e-05, "width_d": 0.004139569225195019}