{"numgrasp": 267, "translation_d": 5.861155339139842e-09, "rotation_d": 4.433826521162037e-05, "width_d": 0.0023323065529032884}