{"numgrasp": 245, "translation_d": 6.328782767354585e-09, "rotation_d": 4.515675851033735e-05, "width_d": 0.003994806614927743}