{"numgrasp": 250, "translation_d": 6.113656185432083e-09, "rotation_d": 4.454651428723936e-05, "width_d": 0.0018900460020181834}