{"numgrasp": 235, "translation_d": 5.764310653975461e-09, "rotation_d": 4.2859722386734975e-05, "width_d": 0.0023347097561705623}