{"numgrasp": 218, "translation_d": 5.822454072755498e-09, "rotation_d": 4.200588003466237e-05, "width_d": 0.002754788734151505}