{"numgrasp": 271, "translation_d": 5.245280490969903e-09, "rotation_d": 4.467568131396959e-05, "width_d": 0.003194974144912547}