{"numgrasp": 265, "translation_d": 5.328266592244893e-09, "rotation_d": 4.375090834598722e-05, "width_d": 0.0036839712624741083}