{"numgrasp": 271, "translation_d": 5.364638417687976e-09, "rotation_d": 4.402913505464954e-05, "width_d": 0.00452708447403037}