{"numgrasp": 299, "translation_d": 4.957960880806511e-09, "rotation_d": 4.373520246514263e-05, "width_d": 0.005642272181632309}