{"numgrasp": 289, "translation_d": 4.872850451116626e-09, "rotation_d": 4.108875064079718e-05, "width_d": 0.006229363701714266}