{"numgrasp": 264, "translation_d": 6.032734561666839e-09, "rotation_d": 4.8675532011323996e-05, "width_d": 0.002439447436077643}