{"numgrasp": 249, "translation_d": 6.015067060900516e-09, "rotation_d": 4.409520683953568e-05, "width_d": 0.0029987595329799195}