{"numgrasp": 254, "translation_d": 6.814525575832097e-09, "rotation_d": 4.5625664734272e-05, "width_d": 0.003500635352389445}