{"numgrasp": 259, "translation_d": 6.47491635520619e-09, "rotation_d": 4.729483200492191e-05, "width_d": 0.0039111038080394105}