{"numgrasp": 299, "translation_d": 6.141299657426761e-09, "rotation_d": 5.158292524586181e-05, "width_d": 0.0030155966778172643}