{"numgrasp": 276, "translation_d": 6.992127857909841e-09, "rotation_d": 4.8947683065899115e-05, "width_d": 0.005272091661300392}