{"numgrasp": 269, "translation_d": 6.790548797522893e-09, "rotation_d": 5.062532797744689e-05, "width_d": 0.005348026628524606}