{"numgrasp": 253, "translation_d": 6.143508097886781e-09, "rotation_d": 5.1536464366389216e-05, "width_d": 0.002944689956575308}