{"numgrasp": 260, "translation_d": 6.7553536217399445e-09, "rotation_d": 4.976238653860857e-05, "width_d": 0.003869499467078796}