{"numgrasp": 249, "translation_d": 6.430452085365213e-09, "rotation_d": 4.641706520132664e-05, "width_d": 0.0028394854086764587}