{"numgrasp": 259, "translation_d": 6.115288534063165e-09, "rotation_d": 5.012785114686396e-05, "width_d": 0.003339369843541718}