{"numgrasp": 244, "translation_d": 7.022259587165193e-09, "rotation_d": 5.148800521608965e-05, "width_d": 0.0020945574849650975}