{"numgrasp": 253, "translation_d": 6.955919758127705e-09, "rotation_d": 5.2720564177846866e-05, "width_d": 0.0026200257613844505}