{"numgrasp": 245, "translation_d": 6.853499767853787e-09, "rotation_d": 5.382135504062546e-05, "width_d": 0.002933158065366506}