{"numgrasp": 258, "translation_d": 6.888056202341772e-09, "rotation_d": 5.381863191315494e-05, "width_d": 0.0035829301504940606}