{"numgrasp": 266, "translation_d": 7.125673500960766e-09, "rotation_d": 5.283349050619121e-05, "width_d": 0.0037870682078525162}