{"numgrasp": 272, "translation_d": 7.045473666227428e-09, "rotation_d": 5.20471451857052e-05, "width_d": 0.004237565992129923}