{"numgrasp": 298, "translation_d": 6.037862569017772e-09, "rotation_d": 5.153444823564353e-05, "width_d": 0.0045860636994379585}