{"numgrasp": 296, "translation_d": 5.977915478678662e-09, "rotation_d": 5.223500719096573e-05, "width_d": 0.004465216288160961}