{"numgrasp": 268, "translation_d": 6.267363311679916e-09, "rotation_d": 5.343636182522137e-05, "width_d": 0.003414326562523103}