{"numgrasp": 263, "translation_d": 6.016871753738703e-09, "rotation_d": 5.5733086709139824e-05, "width_d": 0.003110189188050295}