{"numgrasp": 263, "translation_d": 6.2530938122230865e-09, "rotation_d": 5.608188114777671e-05, "width_d": 0.0026681851632985414}