{"numgrasp": 253, "translation_d": 6.578858223057452e-09, "rotation_d": 5.674384003644981e-05, "width_d": 0.002397151739464617}