{"numgrasp": 255, "translation_d": 5.971401044111793e-09, "rotation_d": 5.804834701377931e-05, "width_d": 0.0014748881573384027}