{"numgrasp": 271, "translation_d": 5.7789463811787876e-09, "rotation_d": 5.64804231035125e-05, "width_d": 0.002241410966268313}