{"numgrasp": 282, "translation_d": 5.654385054673011e-09, "rotation_d": 5.6032966521218984e-05, "width_d": 0.002301028990812897}