{"numgrasp": 265, "translation_d": 5.693002716159379e-09, "rotation_d": 5.2119336333028045e-05, "width_d": 0.002544573228898195}