{"numgrasp": 270, "translation_d": 5.527229709830708e-09, "rotation_d": 4.004551127085827e-05, "width_d": 0.00467049325051018}