{"numgrasp": 258, "translation_d": 5.437826502293729e-09, "rotation_d": 4.420450966555243e-05, "width_d": 0.003257509567459871}