{"numgrasp": 285, "translation_d": 5.461467005347025e-09, "rotation_d": 4.47461660968002e-05, "width_d": 0.0037315999612389174}