{"numgrasp": 294, "translation_d": 5.455663492590862e-09, "rotation_d": 4.310341731527342e-05, "width_d": 0.004211571557671554}