{"numgrasp": 246, "translation_d": 5.652854610383367e-09, "rotation_d": 5.2297752848333896e-05, "width_d": 0.0021931519777730435}