{"numgrasp": 257, "translation_d": 5.665275732198317e-09, "rotation_d": 5.1955454733338766e-05, "width_d": 0.003010400668754699}