{"numgrasp": 295, "translation_d": 5.494193519801405e-09, "rotation_d": 5.94606345122591e-05, "width_d": 0.00707925075073234}