{"numgrasp": 270, "translation_d": 5.231209702203924e-09, "rotation_d": 5.116002098225202e-05, "width_d": 0.003292581522012834}