{"numgrasp": 279, "translation_d": 5.231165093060207e-09, "rotation_d": 6.496540005198472e-05, "width_d": 0.004663394224280241}