{"numgrasp": 274, "translation_d": 6.07811121635007e-09, "rotation_d": 5.954365719191783e-05, "width_d": 0.007163128923000564}