{"numgrasp": 251, "translation_d": 5.652877224432018e-09, "rotation_d": 6.03173426448233e-05, "width_d": 0.002554915535827286}