{"numgrasp": 262, "translation_d": 5.850698573926886e-09, "rotation_d": 6.117670656707966e-05, "width_d": 0.007374298478051122}