{"numgrasp": 284, "translation_d": 5.676253195818908e-09, "rotation_d": 6.096264762768371e-05, "width_d": 0.0029432074566835905}