{"numgrasp": 262, "translation_d": 5.223997808518737e-09, "rotation_d": 6.140478977314594e-05, "width_d": 0.002494083748256747}