{"numgrasp": 264, "translation_d": 5.246408841680702e-09, "rotation_d": 6.098557141732833e-05, "width_d": 0.005229389249267661}