{"numgrasp": 313, "translation_d": 4.756085547532742e-09, "rotation_d": 5.847336706479468e-05, "width_d": 0.006356520532545265}