{"numgrasp": 312, "translation_d": 4.852547868108037e-09, "rotation_d": 6.055130987852006e-05, "width_d": 0.005586268661467934}