{"numgrasp": 272, "translation_d": 6.083585653755981e-09, "rotation_d": 6.179072374707734e-05, "width_d": 0.007210048406762324}