{"numgrasp": 266, "translation_d": 5.433689769376082e-09, "rotation_d": 6.375018268243503e-05, "width_d": 0.004605570053851876}