{"numgrasp": 270, "translation_d": 5.236429638228347e-09, "rotation_d": 5.955914680939885e-05, "width_d": 0.004253198448847405}