{"numgrasp": 234, "translation_d": 5.395617920446361e-09, "rotation_d": 5.36309508430631e-05, "width_d": 0.002561660042952601}