{"numgrasp": 259, "translation_d": 5.622303283083196e-09, "rotation_d": 5.040616700967969e-05, "width_d": 0.0021367024743594943}