{"numgrasp": 288, "translation_d": 5.150508044832125e-09, "rotation_d": 4.7750714180572444e-05, "width_d": 0.002673976396911525}