{"numgrasp": 215, "translation_d": 5.487564636167145e-09, "rotation_d": 4.2068536807129975e-05, "width_d": 0.0026178389655926756}