{"numgrasp": 208, "translation_d": 5.5701849109642515e-09, "rotation_d": 4.433737214542582e-05, "width_d": 0.0029527309947300294}