{"numgrasp": 307, "translation_d": 5.882084246046805e-09, "rotation_d": 6.264346341953734e-05, "width_d": 0.006878288422489282}