{"numgrasp": 320, "translation_d": 4.948145556285083e-09, "rotation_d": 5.594073846089044e-05, "width_d": 0.005805747876017741}