{"numgrasp": 312, "translation_d": 4.5614721915513785e-09, "rotation_d": 5.571377796482278e-05, "width_d": 0.006628769630292378}