{"numgrasp": 309, "translation_d": 4.535750269473629e-09, "rotation_d": 5.5990523222540283e-05, "width_d": 0.006574739086582271}