{"numgrasp": 285, "translation_d": 4.648655872519669e-09, "rotation_d": 4.9147564204151046e-05, "width_d": 0.006688608765053797}