{"numgrasp": 282, "translation_d": 4.805071576522236e-09, "rotation_d": 4.889992106257574e-05, "width_d": 0.006588581599285853}