{"numgrasp": 278, "translation_d": 5.852534969834608e-09, "rotation_d": 6.287125950482589e-05, "width_d": 0.006653793501970946}