{"numgrasp": 279, "translation_d": 5.045523475791973e-09, "rotation_d": 4.519391794937552e-05, "width_d": 0.005525034064819048}