{"numgrasp": 253, "translation_d": 5.314231513319155e-09, "rotation_d": 4.0978641307900515e-05, "width_d": 0.0043457915203113946}