{"numgrasp": 153, "translation_d": 5.466646930647219e-09, "rotation_d": 4.126022624135194e-05, "width_d": 0.0027214341864511015}