{"numgrasp": 200, "translation_d": 5.13636616611036e-09, "rotation_d": 3.730206876922773e-05, "width_d": 0.0018094635550366502}