{"numgrasp": 161, "translation_d": 4.7709907965688645e-09, "rotation_d": 4.5013078235413764e-05, "width_d": 0.00205538412907715}