{"numgrasp": 155, "translation_d": 5.0531603880545504e-09, "rotation_d": 4.250214807855645e-05, "width_d": 0.0025264720353132485}