{"numgrasp": 189, "translation_d": 5.209693393892287e-09, "rotation_d": 3.592458755758258e-05, "width_d": 0.0034260144671231212}