{"numgrasp": 280, "translation_d": 4.499136621515304e-09, "rotation_d": 4.4076481896853215e-05, "width_d": 0.005665272050099151}