{"numgrasp": 296, "translation_d": 4.5684457109655534e-09, "rotation_d": 4.454139595962381e-05, "width_d": 0.00581175109910342}