{"numgrasp": 287, "translation_d": 4.267202410112812e-09, "rotation_d": 4.357448920834794e-05, "width_d": 0.006268011568725919}