{"numgrasp": 280, "translation_d": 4.534403088349449e-09, "rotation_d": 4.1362180220387545e-05, "width_d": 0.006945467938502989}