{"numgrasp": 283, "translation_d": 4.382722870584312e-09, "rotation_d": 4.60360069534586e-05, "width_d": 0.006696355541730349}