{"numgrasp": 267, "translation_d": 4.407999863784832e-09, "rotation_d": 4.5914379493601706e-05, "width_d": 0.006739605656862302}