{"numgrasp": 278, "translation_d": 4.478366939219293e-09, "rotation_d": 4.7226851055314334e-05, "width_d": 0.006326163205040929}