{"numgrasp": 246, "translation_d": 4.5672568595211785e-09, "rotation_d": 4.280620798254036e-05, "width_d": 0.00449328295224092}