{"numgrasp": 253, "translation_d": 4.544810394004948e-09, "rotation_d": 4.508945919659622e-05, "width_d": 0.004357211236731172}