{"numgrasp": 194, "translation_d": 4.902870161682132e-09, "rotation_d": 4.695598519585534e-05, "width_d": 0.0036476576704522453}