{"numgrasp": 180, "translation_d": 4.869573418909811e-09, "rotation_d": 4.976418534166924e-05, "width_d": 0.0032854981760062933}