{"numgrasp": 212, "translation_d": 4.834220955588523e-09, "rotation_d": 5.5138603406785244e-05, "width_d": 0.0034543384022223413}