{"numgrasp": 228, "translation_d": 4.562578733818489e-09, "rotation_d": 5.306792893522955e-05, "width_d": 0.003478063371858791}