{"numgrasp": 262, "translation_d": 4.549575694632335e-09, "rotation_d": 5.5272339839884913e-05, "width_d": 0.004223497066523408}