{"numgrasp": 279, "translation_d": 4.473133158013814e-09, "rotation_d": 5.5358718274009885e-05, "width_d": 0.005477777345929463}