{"numgrasp": 292, "translation_d": 4.4939040899556885e-09, "rotation_d": 5.540908350876196e-05, "width_d": 0.0059320868290087874}