{"numgrasp": 326, "translation_d": 6.303122329053852e-09, "rotation_d": 6.021474586927763e-05, "width_d": 0.005373080133133405}