{"numgrasp": 332, "translation_d": 6.1173827406330074e-09, "rotation_d": 5.7469649097856724e-05, "width_d": 0.005058528136413749}