{"numgrasp": 316, "translation_d": 5.744510361518853e-09, "rotation_d": 5.160936445480759e-05, "width_d": 0.004854771550869649}