{"numgrasp": 299, "translation_d": 5.911652813011763e-09, "rotation_d": 6.296325003599518e-05, "width_d": 0.0059049804143290795}