{"numgrasp": 296, "translation_d": 6.047737733199644e-09, "rotation_d": 6.032124370086598e-05, "width_d": 0.0065693205678956125}