{"numgrasp": 286, "translation_d": 5.760508637080596e-09, "rotation_d": 5.73693480017533e-05, "width_d": 0.006325828398500826}