{"numgrasp": 290, "translation_d": 5.970429216479628e-09, "rotation_d": 4.832410389225169e-05, "width_d": 0.005923075138809939}