{"numgrasp": 291, "translation_d": 6.174813148266221e-09, "rotation_d": 5.9301186871767016e-05, "width_d": 0.0053361200939270725}