{"numgrasp": 299, "translation_d": 6.001878119350736e-09, "rotation_d": 5.965488591879256e-05, "width_d": 0.0051910662646821905}