{"numgrasp": 307, "translation_d": 5.998198965661222e-09, "rotation_d": 6.005622375307399e-05, "width_d": 0.005029653777712964}