{"numgrasp": 317, "translation_d": 5.738165811628199e-09, "rotation_d": 5.907570298763959e-05, "width_d": 0.004495389357968748}