{"numgrasp": 307, "translation_d": 5.75792917462218e-09, "rotation_d": 5.6552400571075547e-05, "width_d": 0.004480838949994004}