{"numgrasp": 302, "translation_d": 5.5169683393596024e-09, "rotation_d": 4.422199192451011e-05, "width_d": 0.005216900786529216}