{"numgrasp": 291, "translation_d": 5.339145382372036e-09, "rotation_d": 4.1277943721861045e-05, "width_d": 0.004846686628329667}