{"numgrasp": 295, "translation_d": 5.593766539391941e-09, "rotation_d": 4.545003024480426e-05, "width_d": 0.004756412777911545}