{"numgrasp": 296, "translation_d": 5.7385595476271906e-09, "rotation_d": 4.362718973754168e-05, "width_d": 0.004334392979868853}