{"numgrasp": 306, "translation_d": 5.813711753591652e-09, "rotation_d": 4.368964452126016e-05, "width_d": 0.004587913305880359}