{"numgrasp": 311, "translation_d": 5.476972858047637e-09, "rotation_d": 4.1803991703238666e-05, "width_d": 0.004796937360691009}