{"numgrasp": 318, "translation_d": 6.1095514763305e-09, "rotation_d": 5.587543474896412e-05, "width_d": 0.006139670972854495}