{"numgrasp": 300, "translation_d": 5.787076695367602e-09, "rotation_d": 4.91482120098378e-05, "width_d": 0.003922352809563671}