{"numgrasp": 300, "translation_d": 5.569672333684909e-09, "rotation_d": 4.2067255310629e-05, "width_d": 0.00437435396612061}