{"numgrasp": 307, "translation_d": 5.6458662302538605e-09, "rotation_d": 3.805677949176419e-05, "width_d": 0.004140069590189608}