{"numgrasp": 294, "translation_d": 5.670493214307014e-09, "rotation_d": 3.7964347927219165e-05, "width_d": 0.0040428662094826205}