{"numgrasp": 301, "translation_d": 5.679624389766843e-09, "rotation_d": 3.7562270055380216e-05, "width_d": 0.00400701126438259}