{"numgrasp": 305, "translation_d": 5.523108641799775e-09, "rotation_d": 4.080465873595134e-05, "width_d": 0.00452497741938958}