{"numgrasp": 288, "translation_d": 5.53953615865109e-09, "rotation_d": 4.131407354703493e-05, "width_d": 0.0044160916423850735}