{"numgrasp": 299, "translation_d": 6.056193415109294e-09, "rotation_d": 4.898531836951656e-05, "width_d": 0.005169297095582379}