{"numgrasp": 288, "translation_d": 6.180508526821118e-09, "rotation_d": 5.89909402462662e-05, "width_d": 0.00528015576008484}