{"numgrasp": 318, "translation_d": 5.708474083363125e-09, "rotation_d": 5.8760246976146064e-05, "width_d": 0.005237211766052023}