{"numgrasp": 329, "translation_d": 5.718924526450417e-09, "rotation_d": 5.8759517648091585e-05, "width_d": 0.004681070101722186}