{"numgrasp": 333, "translation_d": 5.779186571626361e-09, "rotation_d": 6.241209460085513e-05, "width_d": 0.004501134696994574}