{"numgrasp": 338, "translation_d": 5.807253102639299e-09, "rotation_d": 6.167549706446204e-05, "width_d": 0.004457590752323396}