{"numgrasp": 295, "translation_d": 5.553786713641031e-09, "rotation_d": 5.7299104673599996e-05, "width_d": 0.006235071571149554}