{"numgrasp": 321, "translation_d": 5.575519008974393e-09, "rotation_d": 5.697205549268132e-05, "width_d": 0.005832635643527293}