{"numgrasp": 284, "translation_d": 6.59277827490047e-09, "rotation_d": 5.2918725149447946e-05, "width_d": 0.0046313581016155445}