{"numgrasp": 321, "translation_d": 5.554100216082142e-09, "rotation_d": 5.7510433814679095e-05, "width_d": 0.00578933234653686}