{"numgrasp": 288, "translation_d": 5.986181714045857e-09, "rotation_d": 5.241328428077641e-05, "width_d": 0.004800856503025703}