{"numgrasp": 326, "translation_d": 5.831587597866123e-09, "rotation_d": 5.496349649347414e-05, "width_d": 0.003886119977747308}