{"numgrasp": 270, "translation_d": 5.799388946178132e-09, "rotation_d": 4.805627804595967e-05, "width_d": 0.0060048115483029955}