{"numgrasp": 306, "translation_d": 5.550514999276761e-09, "rotation_d": 4.0472258338127144e-05, "width_d": 0.0053912920205031875}