{"numgrasp": 293, "translation_d": 6.259002419632072e-09, "rotation_d": 5.1068015041749774e-05, "width_d": 0.004953828376809181}