{"numgrasp": 337, "translation_d": 5.580574479817043e-09, "rotation_d": 3.6256848158495714e-05, "width_d": 0.00410783335299356}