{"numgrasp": 325, "translation_d": 5.594817403369463e-09, "rotation_d": 4.23695777824644e-05, "width_d": 0.0042404678478127}