{"numgrasp": 337, "translation_d": 5.647616399724454e-09, "rotation_d": 4.153373383429953e-05, "width_d": 0.004406445272169389}