{"numgrasp": 312, "translation_d": 5.536490772180354e-09, "rotation_d": 4.170981443019174e-05, "width_d": 0.005131334689664864}