{"numgrasp": 294, "translation_d": 6.052460638985197e-09, "rotation_d": 5.210289661304241e-05, "width_d": 0.004842795670588583}