{"numgrasp": 317, "translation_d": 5.671661350107671e-09, "rotation_d": 4.2717301627907165e-05, "width_d": 0.005152529862028298}