{"numgrasp": 323, "translation_d": 5.447710569921967e-09, "rotation_d": 4.392566775712212e-05, "width_d": 0.005180035683222695}