{"numgrasp": 314, "translation_d": 5.390637729444815e-09, "rotation_d": 4.877854820232229e-05, "width_d": 0.005646589724741691}