{"numgrasp": 314, "translation_d": 6.190327018411515e-09, "rotation_d": 5.664127643714186e-05, "width_d": 0.004130470614094007}