{"numgrasp": 290, "translation_d": 5.713312501080701e-09, "rotation_d": 6.365347529193409e-05, "width_d": 0.004614580723542585}