{"numgrasp": 286, "translation_d": 5.825919995647761e-09, "rotation_d": 5.907702924241206e-05, "width_d": 0.004563738251092601}