{"numgrasp": 286, "translation_d": 5.932627273615799e-09, "rotation_d": 5.7956788861099035e-05, "width_d": 0.004793919950358513}