{"numgrasp": 283, "translation_d": 5.944929624065372e-09, "rotation_d": 5.695097917651693e-05, "width_d": 0.004675683085879091}