{"numgrasp": 278, "translation_d": 5.7737821818853254e-09, "rotation_d": 5.674002427951438e-05, "width_d": 0.004868898634809321}