{"numgrasp": 283, "translation_d": 5.487509160383663e-09, "rotation_d": 5.54952508213306e-05, "width_d": 0.004962062025193609}