{"numgrasp": 281, "translation_d": 5.730117990070273e-09, "rotation_d": 5.540863184917024e-05, "width_d": 0.005114521246114513}