{"numgrasp": 294, "translation_d": 5.8365719537732626e-09, "rotation_d": 5.4161570051716746e-05, "width_d": 0.005396453985019516}