{"numgrasp": 292, "translation_d": 5.557662930800508e-09, "rotation_d": 5.3518682336147834e-05, "width_d": 0.005630377061639455}