{"numgrasp": 309, "translation_d": 5.5890235737600986e-09, "rotation_d": 5.3731681765694515e-05, "width_d": 0.00558550594920437}