{"numgrasp": 270, "translation_d": 5.610272531522409e-09, "rotation_d": 5.6187738892711226e-05, "width_d": 0.005586992615759393}