{"numgrasp": 276, "translation_d": 6.127416430362282e-09, "rotation_d": 6.115256661518259e-05, "width_d": 0.004705984809117569}