{"numgrasp": 290, "translation_d": 5.644096398211976e-09, "rotation_d": 6.064266404257234e-05, "width_d": 0.004571322267310258}