{"numgrasp": 271, "translation_d": 5.6963877798802524e-09, "rotation_d": 5.732236987896566e-05, "width_d": 0.004538608379096927}