{"numgrasp": 263, "translation_d": 5.573932657113576e-09, "rotation_d": 5.8368997617851725e-05, "width_d": 0.004792237339565508}