{"numgrasp": 267, "translation_d": 5.7914969357452684e-09, "rotation_d": 5.676631318068309e-05, "width_d": 0.005188875579172747}