{"numgrasp": 252, "translation_d": 5.299284391635184e-09, "rotation_d": 5.563737795471534e-05, "width_d": 0.005351256300830455}