{"numgrasp": 300, "translation_d": 6.417127803336241e-09, "rotation_d": 5.887799405610709e-05, "width_d": 0.004239346104565656}