{"numgrasp": 290, "translation_d": 5.505454766490726e-09, "rotation_d": 6.0974178236764556e-05, "width_d": 0.0040925557858862305}