{"numgrasp": 303, "translation_d": 5.981263316532095e-09, "rotation_d": 5.508053270416562e-05, "width_d": 0.004226602905817784}