{"numgrasp": 311, "translation_d": 5.891544900669194e-09, "rotation_d": 5.4375943474250135e-05, "width_d": 0.004244472163286753}