{"numgrasp": 299, "translation_d": 6.289776017768716e-09, "rotation_d": 5.242111731207762e-05, "width_d": 0.004312442883957838}