{"numgrasp": 310, "translation_d": 6.138431927961458e-09, "rotation_d": 5.103882081465771e-05, "width_d": 0.004532031324955096}