{"numgrasp": 296, "translation_d": 6.669054121989458e-09, "rotation_d": 5.1205272570552556e-05, "width_d": 0.004658933817821996}