{"numgrasp": 295, "translation_d": 6.22717167827856e-09, "rotation_d": 5.0272652291602015e-05, "width_d": 0.004774431178170342}