{"numgrasp": 301, "translation_d": 6.296008628893283e-09, "rotation_d": 4.780557419040485e-05, "width_d": 0.004912584948371018}