{"numgrasp": 315, "translation_d": 6.237003619768615e-09, "rotation_d": 4.59578717925805e-05, "width_d": 0.004583215619122304}