{"numgrasp": 296, "translation_d": 6.196070297146064e-09, "rotation_d": 4.574635365061222e-05, "width_d": 0.00453865784413526}