{"numgrasp": 269, "translation_d": 5.7747639347548666e-09, "rotation_d": 3.99439019922164e-05, "width_d": 0.004011349718138949}