{"numgrasp": 277, "translation_d": 6.421920598444694e-09, "rotation_d": 3.869777669675759e-05, "width_d": 0.003908562861649682}