{"numgrasp": 323, "translation_d": 6.1168752018336015e-09, "rotation_d": 4.087450343217701e-05, "width_d": 0.004360554878253841}