{"numgrasp": 307, "translation_d": 6.218563278047211e-09, "rotation_d": 4.255456481552733e-05, "width_d": 0.00474290445263516}