{"numgrasp": 301, "translation_d": 5.7221328857126156e-09, "rotation_d": 4.3129450242668974e-05, "width_d": 0.005113076987590213}