{"numgrasp": 312, "translation_d": 6.068369415688048e-09, "rotation_d": 4.292158025022382e-05, "width_d": 0.005033174010890949}