{"numgrasp": 317, "translation_d": 5.894775133242487e-09, "rotation_d": 4.106295488247273e-05, "width_d": 0.004400209370293407}