{"numgrasp": 314, "translation_d": 5.871413196445051e-09, "rotation_d": 3.5902502864267983e-05, "width_d": 0.0037562102414353668}