{"numgrasp": 301, "translation_d": 6.196239728420443e-09, "rotation_d": 3.5478494463516886e-05, "width_d": 0.004189762423119419}