{"numgrasp": 293, "translation_d": 6.405110784344712e-09, "rotation_d": 5.630053868045568e-05, "width_d": 0.004578196841442006}