{"numgrasp": 305, "translation_d": 5.936187792312766e-09, "rotation_d": 4.950567144465023e-05, "width_d": 0.0048344396516276636}