{"numgrasp": 296, "translation_d": 6.13818354612047e-09, "rotation_d": 5.6022211681134555e-05, "width_d": 0.004648491921868702}