{"numgrasp": 232, "translation_d": 5.879363593618923e-09, "rotation_d": 5.540540909527191e-05, "width_d": 0.003996262589167977}