{"numgrasp": 220, "translation_d": 5.5037909126367956e-09, "rotation_d": 5.611177368284693e-05, "width_d": 0.0042083568017499936}