{"numgrasp": 203, "translation_d": 5.723761700679303e-09, "rotation_d": 5.718934838854702e-05, "width_d": 0.004871793972138983}