{"numgrasp": 203, "translation_d": 5.320148030235543e-09, "rotation_d": 5.444420499043215e-05, "width_d": 0.00529447945326372}