{"numgrasp": 216, "translation_d": 5.6860678436333394e-09, "rotation_d": 5.4234505467339625e-05, "width_d": 0.004616069874316089}