{"numgrasp": 214, "translation_d": 5.926746782878109e-09, "rotation_d": 5.4612166537626095e-05, "width_d": 0.004222410646914674}