{"numgrasp": 254, "translation_d": 5.543375596240451e-09, "rotation_d": 5.469947066934389e-05, "width_d": 0.0034390640092466247}