{"numgrasp": 252, "translation_d": 5.140478507493736e-09, "rotation_d": 5.618608688594873e-05, "width_d": 0.003102904868995785}