{"numgrasp": 270, "translation_d": 5.522501806767458e-09, "rotation_d": 5.588915427144083e-05, "width_d": 0.0030406108859217895}