{"numgrasp": 268, "translation_d": 5.211789530289041e-09, "rotation_d": 5.0231542907949764e-05, "width_d": 0.002983931126011515}