{"numgrasp": 258, "translation_d": 5.331138734796359e-09, "rotation_d": 5.0941290055589565e-05, "width_d": 0.003024003177627236}