{"numgrasp": 253, "translation_d": 5.44039739483071e-09, "rotation_d": 5.074862949460986e-05, "width_d": 0.0030755736270278405}