{"numgrasp": 239, "translation_d": 5.145157557487615e-09, "rotation_d": 5.10624265359996e-05, "width_d": 0.003437195209914472}