{"numgrasp": 228, "translation_d": 5.381928644193727e-09, "rotation_d": 5.060608330322167e-05, "width_d": 0.0038329292626250113}