{"numgrasp": 236, "translation_d": 5.441827215374701e-09, "rotation_d": 5.022591325908161e-05, "width_d": 0.004286905233959906}