{"numgrasp": 218, "translation_d": 5.1322785818211025e-09, "rotation_d": 4.917293812962552e-05, "width_d": 0.004490717577521196}