{"numgrasp": 240, "translation_d": 5.0584336166742205e-09, "rotation_d": 5.23317012511774e-05, "width_d": 0.004143523983274417}