{"numgrasp": 256, "translation_d": 5.007619541746564e-09, "rotation_d": 4.596150324090799e-05, "width_d": 0.003758197850926749}