{"numgrasp": 276, "translation_d": 4.6017056260750565e-09, "rotation_d": 4.5267290655535764e-05, "width_d": 0.002778574647287868}