{"numgrasp": 272, "translation_d": 5.137086093616219e-09, "rotation_d": 7.225412856872011e-05, "width_d": 0.0027494081890385323}