{"numgrasp": 251, "translation_d": 4.7033501082185505e-09, "rotation_d": 4.496195695205156e-05, "width_d": 0.0032700686791079505}