{"numgrasp": 234, "translation_d": 4.589767514392074e-09, "rotation_d": 4.4975361212320846e-05, "width_d": 0.0038151677082779254}