{"numgrasp": 223, "translation_d": 4.969417040445412e-09, "rotation_d": 4.448088272650535e-05, "width_d": 0.004022178321338785}