{"numgrasp": 203, "translation_d": 4.473610616733244e-09, "rotation_d": 4.281766669354398e-05, "width_d": 0.0035017780255087666}