{"numgrasp": 208, "translation_d": 4.600992947767421e-09, "rotation_d": 4.344766403035514e-05, "width_d": 0.0037845501293277996}