{"numgrasp": 230, "translation_d": 4.941440565721608e-09, "rotation_d": 4.419526975456148e-05, "width_d": 0.0031929530366636206}