{"numgrasp": 221, "translation_d": 4.721664219491893e-09, "rotation_d": 4.5148064880710676e-05, "width_d": 0.0029409277131850577}