{"numgrasp": 239, "translation_d": 4.7597073207688e-09, "rotation_d": 4.486212120797521e-05, "width_d": 0.002809964562066012}