{"numgrasp": 244, "translation_d": 4.8447233055195546e-09, "rotation_d": 4.701641875530023e-05, "width_d": 0.002919301208646478}