{"numgrasp": 251, "translation_d": 6.976278177544155e-09, "rotation_d": 5.1740022125434456e-05, "width_d": 0.0038474643333792505}