{"numgrasp": 222, "translation_d": 4.7622410463997045e-09, "rotation_d": 5.2701798932524686e-05, "width_d": 0.0029118393155500334}