{"numgrasp": 213, "translation_d": 4.412277665084958e-09, "rotation_d": 4.778240619065973e-05, "width_d": 0.002989785977295444}