{"numgrasp": 218, "translation_d": 4.583823603538269e-09, "rotation_d": 4.653019045223541e-05, "width_d": 0.0029880277489837204}