{"numgrasp": 205, "translation_d": 4.475631842679825e-09, "rotation_d": 4.5642393971609596e-05, "width_d": 0.0028088454637141555}