{"numgrasp": 207, "translation_d": 4.534043008555232e-09, "rotation_d": 4.6045846664575353e-05, "width_d": 0.0028441628085832103}