{"numgrasp": 205, "translation_d": 4.500535643705957e-09, "rotation_d": 4.955649959367931e-05, "width_d": 0.0028681880044676106}