{"numgrasp": 216, "translation_d": 4.445820382781061e-09, "rotation_d": 5.1124916375192864e-05, "width_d": 0.0030927963455812803}