{"numgrasp": 201, "translation_d": 4.622706442870341e-09, "rotation_d": 5.364623074824024e-05, "width_d": 0.0028839079419544127}