{"numgrasp": 202, "translation_d": 4.975717810213996e-09, "rotation_d": 5.3087452610995485e-05, "width_d": 0.0029691149523728916}