{"numgrasp": 204, "translation_d": 4.770813690354311e-09, "rotation_d": 5.533578753415073e-05, "width_d": 0.002814897030097554}