{"numgrasp": 195, "translation_d": 4.890700961405908e-09, "rotation_d": 5.5641081266268927e-05, "width_d": 0.002799778160902993}