{"numgrasp": 197, "translation_d": 5.09708528063891e-09, "rotation_d": 5.627312723164091e-05, "width_d": 0.002892221591641386}