{"numgrasp": 198, "translation_d": 4.910562753965462e-09, "rotation_d": 5.6776110543553796e-05, "width_d": 0.002943961621773884}