{"numgrasp": 183, "translation_d": 5.027254983300905e-09, "rotation_d": 5.729810673653314e-05, "width_d": 0.002700524999706245}