{"numgrasp": 172, "translation_d": 4.779199908285151e-09, "rotation_d": 5.5160974933375825e-05, "width_d": 0.0032003290121514548}