{"numgrasp": 177, "translation_d": 4.608244309936176e-09, "rotation_d": 5.6165256573041786e-05, "width_d": 0.003070220753718645}