{"numgrasp": 187, "translation_d": 4.523919627927941e-09, "rotation_d": 5.4117813357476155e-05, "width_d": 0.0033590829994500767}