{"numgrasp": 199, "translation_d": 4.822638692761622e-09, "rotation_d": 5.344008133127032e-05, "width_d": 0.0034596833052524274}