{"numgrasp": 171, "translation_d": 4.847264600540409e-09, "rotation_d": 5.65808359379534e-05, "width_d": 0.0033719827438680092}