{"numgrasp": 169, "translation_d": 4.904410529585031e-09, "rotation_d": 5.690236107235244e-05, "width_d": 0.0034788328398698025}