{"numgrasp": 165, "translation_d": 4.842352890421117e-09, "rotation_d": 5.5067453599300177e-05, "width_d": 0.0033716797785167114}