{"numgrasp": 174, "translation_d": 5.109202169014381e-09, "rotation_d": 5.3629682361467166e-05, "width_d": 0.0035595873130638083}