{"numgrasp": 166, "translation_d": 4.869658588827787e-09, "rotation_d": 5.392504681317357e-05, "width_d": 0.0034379539791010356}