{"numgrasp": 180, "translation_d": 4.7748806622144415e-09, "rotation_d": 5.76879083351005e-05, "width_d": 0.0038562646133646792}