{"numgrasp": 278, "translation_d": 6.814230641181323e-09, "rotation_d": 5.307238881262057e-05, "width_d": 0.0029861922358165164}