{"numgrasp": 276, "translation_d": 6.9530202211202794e-09, "rotation_d": 4.892235781371495e-05, "width_d": 0.003024690884083556}