{"numgrasp": 299, "translation_d": 6.513691492601543e-09, "rotation_d": 4.761468116009177e-05, "width_d": 0.003128462291492794}