{"numgrasp": 296, "translation_d": 6.64952272890847e-09, "rotation_d": 4.651163282146438e-05, "width_d": 0.003093565223109556}