{"numgrasp": 289, "translation_d": 6.900842196143601e-09, "rotation_d": 4.738484595355352e-05, "width_d": 0.0032296804309191666}