{"numgrasp": 299, "translation_d": 7.2876738310878536e-09, "rotation_d": 5.611873209946617e-05, "width_d": 0.0030551152703362046}