{"numgrasp": 261, "translation_d": 7.001256563132298e-09, "rotation_d": 4.580535407132016e-05, "width_d": 0.0037426390604555068}