{"numgrasp": 240, "translation_d": 6.623548895353798e-09, "rotation_d": 4.653698280820917e-05, "width_d": 0.0044180572071396635}