{"numgrasp": 254, "translation_d": 6.748426873791907e-09, "rotation_d": 4.670368400880162e-05, "width_d": 0.004085421617849527}