{"numgrasp": 251, "translation_d": 6.524476636995357e-09, "rotation_d": 4.507614151852551e-05, "width_d": 0.0037582884212920284}