{"numgrasp": 256, "translation_d": 6.5260793008685765e-09, "rotation_d": 4.49503570407873e-05, "width_d": 0.003474339744100763}