{"numgrasp": 276, "translation_d": 6.077352623794462e-09, "rotation_d": 4.567774864953227e-05, "width_d": 0.0030977173307403577}