{"numgrasp": 275, "translation_d": 6.547755143177912e-09, "rotation_d": 4.661575296035617e-05, "width_d": 0.0031964970589727472}