{"numgrasp": 252, "translation_d": 6.7037461753672175e-09, "rotation_d": 4.939053814908703e-05, "width_d": 0.0036645998702535703}