{"numgrasp": 239, "translation_d": 5.986919989836182e-09, "rotation_d": 4.834891255043917e-05, "width_d": 0.004549088091892522}