{"numgrasp": 238, "translation_d": 5.6466936755954505e-09, "rotation_d": 4.790588874004377e-05, "width_d": 0.004536791651886288}