{"numgrasp": 234, "translation_d": 5.396263584975763e-09, "rotation_d": 4.8014544976511264e-05, "width_d": 0.004837226390703355}