{"numgrasp": 226, "translation_d": 5.23857932696225e-09, "rotation_d": 5.430686246833979e-05, "width_d": 0.0042430187351604}