{"numgrasp": 233, "translation_d": 5.809051617764077e-09, "rotation_d": 5.4541408525670674e-05, "width_d": 0.003977243953901675}