{"numgrasp": 244, "translation_d": 5.765715237946599e-09, "rotation_d": 5.340143378428201e-05, "width_d": 0.0037247255736045197}