{"numgrasp": 251, "translation_d": 5.7482953345969625e-09, "rotation_d": 5.3106920931147235e-05, "width_d": 0.003566780921892763}