{"numgrasp": 251, "translation_d": 5.614144539984543e-09, "rotation_d": 5.699169462040134e-05, "width_d": 0.0030806802637629977}