{"numgrasp": 253, "translation_d": 5.681589697462135e-09, "rotation_d": 5.669975951582286e-05, "width_d": 0.0032138156267267465}