{"numgrasp": 246, "translation_d": 5.6196654778769165e-09, "rotation_d": 5.706539434277027e-05, "width_d": 0.003277605209154855}