{"numgrasp": 299, "translation_d": 6.035963716721698e-09, "rotation_d": 4.828462632276533e-05, "width_d": 0.00441433491085149}