{"numgrasp": 279, "translation_d": 6.315740659778467e-09, "rotation_d": 4.880510581365197e-05, "width_d": 0.004447543947914823}