{"numgrasp": 261, "translation_d": 6.340809448134416e-09, "rotation_d": 5.4270848393380715e-05, "width_d": 0.00397172242771432}