{"numgrasp": 254, "translation_d": 6.156754855498016e-09, "rotation_d": 4.8128798275837194e-05, "width_d": 0.004879540173376752}