{"numgrasp": 300, "translation_d": 5.8709068054678816e-09, "rotation_d": 5.117887449395792e-05, "width_d": 0.003893163635615693}