{"numgrasp": 312, "translation_d": 5.721244914110803e-09, "rotation_d": 5.038201010927828e-05, "width_d": 0.0038235114498063904}