{"numgrasp": 319, "translation_d": 5.816447300527038e-09, "rotation_d": 5.102233998032579e-05, "width_d": 0.003882036796839199}