{"numgrasp": 321, "translation_d": 6.169155460253862e-09, "rotation_d": 5.1072651171997164e-05, "width_d": 0.003922241640892818}