{"numgrasp": 268, "translation_d": 6.928109802518142e-09, "rotation_d": 5.2226482306866115e-05, "width_d": 0.004057312342378959}