{"numgrasp": 299, "translation_d": 6.3049382993131475e-09, "rotation_d": 5.009064795136636e-05, "width_d": 0.0035507671923042192}