{"numgrasp": 323, "translation_d": 5.670712131092992e-09, "rotation_d": 5.520590797597446e-05, "width_d": 0.0036272209258714125}