{"numgrasp": 327, "translation_d": 5.537500976296953e-09, "rotation_d": 5.3348303537169945e-05, "width_d": 0.003814754370489471}