{"numgrasp": 308, "translation_d": 5.333477791685406e-09, "rotation_d": 5.319699993129361e-05, "width_d": 0.004077318706315434}