{"numgrasp": 308, "translation_d": 5.057882208648747e-09, "rotation_d": 5.5436361098243194e-05, "width_d": 0.0047576061923583}