{"numgrasp": 303, "translation_d": 5.204057879121304e-09, "rotation_d": 5.5282198890754943e-05, "width_d": 0.0040504943273696956}