{"numgrasp": 310, "translation_d": 4.992724688158807e-09, "rotation_d": 5.499027697322323e-05, "width_d": 0.004148042211819642}