{"numgrasp": 313, "translation_d": 5.451931684348267e-09, "rotation_d": 5.572327501791363e-05, "width_d": 0.003799003397887924}