{"numgrasp": 320, "translation_d": 5.842676230039898e-09, "rotation_d": 5.586883541372593e-05, "width_d": 0.003843554092137812}