{"numgrasp": 322, "translation_d": 5.355581252740548e-09, "rotation_d": 5.591956402019205e-05, "width_d": 0.0036362983442876566}