{"numgrasp": 334, "translation_d": 5.542435915031446e-09, "rotation_d": 5.695639735982718e-05, "width_d": 0.0035056347708928935}