{"numgrasp": 326, "translation_d": 5.205927717020447e-09, "rotation_d": 5.5451558943481046e-05, "width_d": 0.003414830590395574}