{"numgrasp": 296, "translation_d": 4.978487261845997e-09, "rotation_d": 5.069025408258274e-05, "width_d": 0.003508288823777736}