{"numgrasp": 296, "translation_d": 4.817969932833934e-09, "rotation_d": 5.126146111614728e-05, "width_d": 0.003783503972538075}