{"numgrasp": 318, "translation_d": 4.9751904775895044e-09, "rotation_d": 5.3294509751645566e-05, "width_d": 0.0037801439118533343}