{"numgrasp": 242, "translation_d": 7.16928994945128e-09, "rotation_d": 5.1861091513364835e-05, "width_d": 0.004769939857037472}