{"numgrasp": 286, "translation_d": 4.939679285886314e-09, "rotation_d": 5.426986449311747e-05, "width_d": 0.004601302644476922}