{"numgrasp": 259, "translation_d": 5.113693546428374e-09, "rotation_d": 5.0064640061208774e-05, "width_d": 0.005305898550039354}