{"numgrasp": 265, "translation_d": 5.1425080737527895e-09, "rotation_d": 5.185421338732353e-05, "width_d": 0.004312382809602598}