{"numgrasp": 261, "translation_d": 5.007826108805765e-09, "rotation_d": 5.1696659949233446e-05, "width_d": 0.004059731940336419}