{"numgrasp": 229, "translation_d": 4.898016600205914e-09, "rotation_d": 4.555756656571658e-05, "width_d": 0.0020283381271747323}