{"numgrasp": 241, "translation_d": 5.098074058084447e-09, "rotation_d": 4.729216570395428e-05, "width_d": 0.002319904618956112}