{"numgrasp": 237, "translation_d": 5.237013401065803e-09, "rotation_d": 4.5782180400410996e-05, "width_d": 0.0031323603964275616}