{"numgrasp": 235, "translation_d": 4.989706184846992e-09, "rotation_d": 4.619337649999526e-05, "width_d": 0.003208677647188421}