{"numgrasp": 253, "translation_d": 5.220174522840039e-09, "rotation_d": 4.723142694983829e-05, "width_d": 0.0036440570202493517}