{"numgrasp": 241, "translation_d": 4.772058224561075e-09, "rotation_d": 4.712248303021513e-05, "width_d": 0.004121559264985012}