{"numgrasp": 234, "translation_d": 5.0324563140045084e-09, "rotation_d": 4.4499507120612954e-05, "width_d": 0.0026131802131463613}