{"numgrasp": 217, "translation_d": 5.177625959923286e-09, "rotation_d": 4.4220126132615366e-05, "width_d": 0.0024385733300784996}