{"numgrasp": 237, "translation_d": 5.19870021544911e-09, "rotation_d": 4.257080922571667e-05, "width_d": 0.0024263550923932908}