{"numgrasp": 237, "translation_d": 5.2995499279901276e-09, "rotation_d": 4.2098209262603044e-05, "width_d": 0.00228105861137341}