{"numgrasp": 240, "translation_d": 4.816590779989636e-09, "rotation_d": 4.60932380911408e-05, "width_d": 0.001984485470806706}