{"numgrasp": 260, "translation_d": 5.366520735718459e-09, "rotation_d": 5.3385442626724096e-05, "width_d": 0.003146655253563476}