{"numgrasp": 248, "translation_d": 5.23321597767944e-09, "rotation_d": 4.4327552906057064e-05, "width_d": 0.0025887610487247944}