{"numgrasp": 234, "translation_d": 5.004404143322065e-09, "rotation_d": 0.00017037595030840508, "width_d": 0.0029228974431015835}