{"numgrasp": 221, "translation_d": 4.8425084627995144e-09, "rotation_d": 4.6029006349255265e-05, "width_d": 0.0034808167272254846}