{"numgrasp": 231, "translation_d": 4.946693521586978e-09, "rotation_d": 4.6010407769416244e-05, "width_d": 0.003896012288337112}