{"numgrasp": 309, "translation_d": 6.829091772924024e-09, "rotation_d": 5.311272253637911e-05, "width_d": 0.004178524157668175}