{"numgrasp": 248, "translation_d": 5.374527724195134e-09, "rotation_d": 5.534289007272897e-05, "width_d": 0.003629619498650205}