{"numgrasp": 236, "translation_d": 5.136955020384028e-09, "rotation_d": 5.602642947400478e-05, "width_d": 0.004466467352077739}