{"numgrasp": 241, "translation_d": 5.086292448542124e-09, "rotation_d": 5.5634447341965774e-05, "width_d": 0.004716571119696494}