{"numgrasp": 318, "translation_d": 6.588240920579334e-09, "rotation_d": 5.532569426540319e-05, "width_d": 0.003593092204883553}