{"numgrasp": 331, "translation_d": 6.992917467269418e-09, "rotation_d": 5.621147864188862e-05, "width_d": 0.003896593661247512}