{"numgrasp": 303, "translation_d": 6.741201961842466e-09, "rotation_d": 6.689983920381459e-05, "width_d": 0.0033949773733455667}