{"numgrasp": 308, "translation_d": 6.68662278469814e-09, "rotation_d": 5.5672672519464656e-05, "width_d": 0.0033577195460825376}