{"numgrasp": 307, "translation_d": 7.061407280870015e-09, "rotation_d": 5.196372496081402e-05, "width_d": 0.003663555262054523}