{"numgrasp": 331, "translation_d": 6.674598622821303e-09, "rotation_d": 5.593932157419358e-05, "width_d": 0.0039049132336482074}