{"numgrasp": 329, "translation_d": 6.334379252471056e-09, "rotation_d": 5.5559142890074184e-05, "width_d": 0.004250823320049734}