{"numgrasp": 297, "translation_d": 5.951131199541485e-09, "rotation_d": 5.1626511442858554e-05, "width_d": 0.0048565584884899425}