{"numgrasp": 270, "translation_d": 6.18695912522434e-09, "rotation_d": 4.9380488046023427e-05, "width_d": 0.004607103406221974}