{"numgrasp": 265, "translation_d": 6.075381573206576e-09, "rotation_d": 5.281138710350274e-05, "width_d": 0.004380879017793719}