{"numgrasp": 302, "translation_d": 7.0240569176618096e-09, "rotation_d": 5.3299225086976665e-05, "width_d": 0.0036083133334163277}