{"numgrasp": 282, "translation_d": 6.132938767679653e-09, "rotation_d": 5.053263110758113e-05, "width_d": 0.004352084424711242}