{"numgrasp": 285, "translation_d": 6.002784459628344e-09, "rotation_d": 5.108038248788106e-05, "width_d": 0.004259138973147944}