{"numgrasp": 295, "translation_d": 6.3900536726426385e-09, "rotation_d": 5.0793305005054483e-05, "width_d": 0.0041302507380149255}