{"numgrasp": 294, "translation_d": 6.313489754055061e-09, "rotation_d": 5.315624167517566e-05, "width_d": 0.003641831819772823}