{"numgrasp": 308, "translation_d": 6.2803540249477956e-09, "rotation_d": 5.303069532082507e-05, "width_d": 0.0038511700862408345}