{"numgrasp": 307, "translation_d": 6.240645942685199e-09, "rotation_d": 5.327004942516182e-05, "width_d": 0.003607011211224402}