{"numgrasp": 326, "translation_d": 6.45186774197799e-09, "rotation_d": 5.6864162541584565e-05, "width_d": 0.0034909463706529927}