{"numgrasp": 299, "translation_d": 6.30556203990945e-09, "rotation_d": 4.769156132202447e-05, "width_d": 0.0038124666667620297}