{"numgrasp": 294, "translation_d": 6.2686751761804405e-09, "rotation_d": 4.8494791455604024e-05, "width_d": 0.0037480306129963397}