{"numgrasp": 306, "translation_d": 6.255876182055937e-09, "rotation_d": 4.857727315918607e-05, "width_d": 0.003928203365272673}