{"numgrasp": 308, "translation_d": 5.994708723040309e-09, "rotation_d": 4.770319004044328e-05, "width_d": 0.004123682175937329}