{"numgrasp": 284, "translation_d": 5.991554219531784e-09, "rotation_d": 4.831848781564108e-05, "width_d": 0.004144267565403524}