{"numgrasp": 286, "translation_d": 6.143428164567575e-09, "rotation_d": 4.801632761331343e-05, "width_d": 0.00452844432270997}