{"numgrasp": 261, "translation_d": 5.953625999373344e-09, "rotation_d": 4.89724165245002e-05, "width_d": 0.004826263640360614}