{"numgrasp": 268, "translation_d": 6.241845224101206e-09, "rotation_d": 4.87964827478401e-05, "width_d": 0.004558009442358287}