{"numgrasp": 254, "translation_d": 5.91559295803511e-09, "rotation_d": 4.9576721479420025e-05, "width_d": 0.0049128268155865665}