{"numgrasp": 269, "translation_d": 5.912149842128487e-09, "rotation_d": 4.924539123939903e-05, "width_d": 0.004902519855219164}