{"numgrasp": 259, "translation_d": 6.292458555796592e-09, "rotation_d": 4.898741640042002e-05, "width_d": 0.004803515032316665}