{"numgrasp": 276, "translation_d": 5.67236603819644e-09, "rotation_d": 4.8049216341961076e-05, "width_d": 0.004646412346998529}