{"numgrasp": 309, "translation_d": 7.097436292231424e-09, "rotation_d": 5.3405083792057766e-05, "width_d": 0.0039027478671955244}