{"numgrasp": 309, "translation_d": 6.169456016901865e-09, "rotation_d": 4.661672648596372e-05, "width_d": 0.004341236653709856}