{"numgrasp": 311, "translation_d": 6.183183478092746e-09, "rotation_d": 4.683505020998246e-05, "width_d": 0.00398847849757566}