{"numgrasp": 282, "translation_d": 6.261016811260455e-09, "rotation_d": 4.475841123615772e-05, "width_d": 0.003606264127616962}