{"numgrasp": 286, "translation_d": 7.332632449312706e-09, "rotation_d": 5.310610828762653e-05, "width_d": 0.0037595336143935424}