{"numgrasp": 277, "translation_d": 6.264417182124616e-09, "rotation_d": 4.619096016699396e-05, "width_d": 0.00325374593997365}