{"numgrasp": 307, "translation_d": 6.267063751240601e-09, "rotation_d": 4.625999932212521e-05, "width_d": 0.00397150504648856}