{"numgrasp": 285, "translation_d": 6.370090918344467e-09, "rotation_d": 5.492744446021731e-05, "width_d": 0.0041882440369746705}