{"numgrasp": 254, "translation_d": 6.027765109782428e-09, "rotation_d": 5.256255487259756e-05, "width_d": 0.0047346639290233115}