{"numgrasp": 259, "translation_d": 5.873783489910978e-09, "rotation_d": 5.214172568290969e-05, "width_d": 0.005063535362158546}