{"numgrasp": 265, "translation_d": 5.60274686914502e-09, "rotation_d": 4.812769628962219e-05, "width_d": 0.0047501572913330155}