{"numgrasp": 202, "translation_d": 5.5572913323998556e-09, "rotation_d": 3.924953438021634e-05, "width_d": 0.003896805866184721}