{"numgrasp": 284, "translation_d": 5.722829052050054e-09, "rotation_d": 4.612211368179303e-05, "width_d": 0.004558044917142303}