{"numgrasp": 322, "translation_d": 5.838729143402264e-09, "rotation_d": 4.669805348244408e-05, "width_d": 0.00416658045686548}