{"numgrasp": 287, "translation_d": 6.048083703876728e-09, "rotation_d": 4.756792146108826e-05, "width_d": 0.0038386622762967373}