{"numgrasp": 309, "translation_d": 5.968278929207576e-09, "rotation_d": 4.627492337066184e-05, "width_d": 0.0035513681928703105}