{"numgrasp": 323, "translation_d": 6.236411849215396e-09, "rotation_d": 4.5138051042107336e-05, "width_d": 0.003660301997218938}