{"numgrasp": 297, "translation_d": 5.810969780266433e-09, "rotation_d": 4.0105708713782006e-05, "width_d": 0.0034394975516611336}