{"numgrasp": 305, "translation_d": 5.70079186961769e-09, "rotation_d": 4.0574560841094216e-05, "width_d": 0.003542629785541824}