{"numgrasp": 316, "translation_d": 6.112072869454256e-09, "rotation_d": 4.145294966547749e-05, "width_d": 0.003891554479581803}