{"numgrasp": 288, "translation_d": 6.122045539247156e-09, "rotation_d": 4.3712682930846495e-05, "width_d": 0.004505249646399397}