{"numgrasp": 305, "translation_d": 5.710261452284834e-09, "rotation_d": 4.6599677544215725e-05, "width_d": 0.0043673970240435}