{"numgrasp": 316, "translation_d": 5.535609329992531e-09, "rotation_d": 4.73492669565055e-05, "width_d": 0.004631036243396964}