{"numgrasp": 336, "translation_d": 5.708206760768713e-09, "rotation_d": 4.777107002028721e-05, "width_d": 0.004370325906040851}