{"numgrasp": 313, "translation_d": 5.816377885534235e-09, "rotation_d": 4.6342917174940106e-05, "width_d": 0.0036553793047327376}