{"numgrasp": 333, "translation_d": 5.6662523938709576e-09, "rotation_d": 4.595328878993479e-05, "width_d": 0.003646082868960334}