{"numgrasp": 216, "translation_d": 5.764166894492879e-09, "rotation_d": 4.285930359615284e-05, "width_d": 0.00443923586228275}