{"numgrasp": 315, "translation_d": 5.6501191403642335e-09, "rotation_d": 4.688940983753183e-05, "width_d": 0.0031290170255607445}