{"numgrasp": 303, "translation_d": 5.966326955646764e-09, "rotation_d": 5.548895403004435e-05, "width_d": 0.0030606653305067116}