{"numgrasp": 323, "translation_d": 5.577283546509877e-09, "rotation_d": 5.3223727187947806e-05, "width_d": 0.003961723826186297}