{"numgrasp": 340, "translation_d": 5.674331257634325e-09, "rotation_d": 5.39438914245272e-05, "width_d": 0.004220734250791719}