{"numgrasp": 325, "translation_d": 5.644801207629031e-09, "rotation_d": 5.5752220710817086e-05, "width_d": 0.004077132156914073}