{"numgrasp": 311, "translation_d": 5.472620578723008e-09, "rotation_d": 5.484751626794487e-05, "width_d": 0.004666142470371699}