{"numgrasp": 290, "translation_d": 5.587481765242272e-09, "rotation_d": 5.430584004372416e-05, "width_d": 0.004324031074189313}