{"numgrasp": 325, "translation_d": 5.5701216985844495e-09, "rotation_d": 5.814051195976715e-05, "width_d": 0.004211767456518418}