{"numgrasp": 314, "translation_d": 5.737210783635879e-09, "rotation_d": 5.8736034852189204e-05, "width_d": 0.0045111933211222}