{"numgrasp": 327, "translation_d": 5.869234511772429e-09, "rotation_d": 5.7992162373573466e-05, "width_d": 0.0033803723563908482}