{"numgrasp": 197, "translation_d": 5.667083190558006e-09, "rotation_d": 4.434764793574786e-05, "width_d": 0.0045405146779490995}