{"numgrasp": 331, "translation_d": 6.057145845188485e-09, "rotation_d": 5.605607226820563e-05, "width_d": 0.0041633492345942375}