{"numgrasp": 328, "translation_d": 5.9267162134770995e-09, "rotation_d": 5.6320265724068674e-05, "width_d": 0.004163511568289984}