{"numgrasp": 344, "translation_d": 5.7408332762217906e-09, "rotation_d": 5.696696594458416e-05, "width_d": 0.004302640865268888}