{"numgrasp": 307, "translation_d": 5.977449862951322e-09, "rotation_d": 5.650728792749885e-05, "width_d": 0.005642685310739176}