{"numgrasp": 283, "translation_d": 5.821170041585546e-09, "rotation_d": 5.7281316572728626e-05, "width_d": 0.00529055259782594}