{"numgrasp": 326, "translation_d": 5.530965676171228e-09, "rotation_d": 5.721737008811208e-05, "width_d": 0.005212958884519515}