{"numgrasp": 307, "translation_d": 5.472326614857735e-09, "rotation_d": 5.64969894568615e-05, "width_d": 0.0053000247222970975}