{"numgrasp": 284, "translation_d": 5.5632815460546904e-09, "rotation_d": 5.309991845773095e-05, "width_d": 0.005654299544714148}