{"numgrasp": 304, "translation_d": 5.848439914289694e-09, "rotation_d": 5.251682717948781e-05, "width_d": 0.005095503109589492}