{"numgrasp": 314, "translation_d": 6.1338903195612915e-09, "rotation_d": 5.335046125643166e-05, "width_d": 0.0047739068318330986}