{"numgrasp": 199, "translation_d": 6.04447975598759e-09, "rotation_d": 4.389803205359901e-05, "width_d": 0.004053443747349348}