{"numgrasp": 291, "translation_d": 5.85062837274869e-09, "rotation_d": 4.317723299177602e-05, "width_d": 0.002663491947645834}