{"numgrasp": 289, "translation_d": 5.833637318861937e-09, "rotation_d": 4.516196233634418e-05, "width_d": 0.0031167545525013244}