{"numgrasp": 274, "translation_d": 6.070716928517673e-09, "rotation_d": 4.562300375705205e-05, "width_d": 0.0032981010641705017}