{"numgrasp": 271, "translation_d": 6.0053257470317785e-09, "rotation_d": 4.606591443090085e-05, "width_d": 0.0038740077086839987}