{"numgrasp": 227, "translation_d": 6.0116271558213255e-09, "rotation_d": 4.3158357886382004e-05, "width_d": 0.004154291708970329}