{"numgrasp": 243, "translation_d": 5.997193801027475e-09, "rotation_d": 4.742567159413315e-05, "width_d": 0.004569673204479412}