{"numgrasp": 229, "translation_d": 5.663006542389538e-09, "rotation_d": 4.6915069800704334e-05, "width_d": 0.0037506137700704413}