{"numgrasp": 256, "translation_d": 5.7337535705267726e-09, "rotation_d": 4.250670363888863e-05, "width_d": 0.0028896721211622125}