{"numgrasp": 262, "translation_d": 5.85608232881613e-09, "rotation_d": 4.225246329154176e-05, "width_d": 0.002724648684786269}