{"numgrasp": 250, "translation_d": 5.849729860185803e-09, "rotation_d": 4.571364372867264e-05, "width_d": 0.002473972732071485}