{"numgrasp": 211, "translation_d": 6.315403959488636e-09, "rotation_d": 4.597424268333476e-05, "width_d": 0.0027634291115543946}