{"numgrasp": 199, "translation_d": 5.948109826645198e-09, "rotation_d": 4.53219932679222e-05, "width_d": 0.002734610973197546}