{"numgrasp": 224, "translation_d": 5.460561897157677e-09, "rotation_d": 4.7801621955253926e-05, "width_d": 0.0036378774627522097}