{"numgrasp": 208, "translation_d": 5.10448183137937e-09, "rotation_d": 4.9074067056766225e-05, "width_d": 0.0036331224809975442}