{"numgrasp": 231, "translation_d": 5.930608965600892e-09, "rotation_d": 4.019589466543501e-05, "width_d": 0.003785930954377713}