{"numgrasp": 249, "translation_d": 5.749432519893777e-09, "rotation_d": 3.8189893697041084e-05, "width_d": 0.003348436789395146}