{"numgrasp": 250, "translation_d": 5.617210129799656e-09, "rotation_d": 3.824283196795848e-05, "width_d": 0.0031010779801919092}