{"numgrasp": 272, "translation_d": 5.560649873153937e-09, "rotation_d": 4.0599862788874466e-05, "width_d": 0.003048874093404102}