{"numgrasp": 270, "translation_d": 5.564135651124263e-09, "rotation_d": 4.416431187187795e-05, "width_d": 0.00333399956732603}