{"numgrasp": 266, "translation_d": 6.266381802488547e-09, "rotation_d": 4.640602182769842e-05, "width_d": 0.00353590862961188}