{"numgrasp": 256, "translation_d": 6.250524647652649e-09, "rotation_d": 4.764006730102014e-05, "width_d": 0.004725132051250474}