{"numgrasp": 258, "translation_d": 6.208964715699993e-09, "rotation_d": 5.136252267154508e-05, "width_d": 0.004948704840981747}