{"numgrasp": 259, "translation_d": 6.336967532627072e-09, "rotation_d": 5.216252757786678e-05, "width_d": 0.004726292887058112}