{"numgrasp": 242, "translation_d": 5.873324796729523e-09, "rotation_d": 3.8620280040621625e-05, "width_d": 0.0031627980408083646}