{"numgrasp": 247, "translation_d": 5.891906894572974e-09, "rotation_d": 5.399376480103949e-05, "width_d": 0.004298483304283685}