{"numgrasp": 258, "translation_d": 6.536133216103871e-09, "rotation_d": 5.475281842161251e-05, "width_d": 0.004092748335222828}