{"numgrasp": 293, "translation_d": 6.742552630050568e-09, "rotation_d": 5.810150391748265e-05, "width_d": 0.003234639306688119}