{"numgrasp": 297, "translation_d": 6.591873970501473e-09, "rotation_d": 5.856702193962852e-05, "width_d": 0.003354184477520662}