{"numgrasp": 283, "translation_d": 6.26147464080267e-09, "rotation_d": 5.7131008427983286e-05, "width_d": 0.004307293284949701}