{"numgrasp": 240, "translation_d": 7.078557855127597e-09, "rotation_d": 5.234453054231856e-05, "width_d": 0.005261902238170332}