{"numgrasp": 289, "translation_d": 6.434817170539075e-09, "rotation_d": 5.705228914926786e-05, "width_d": 0.004113985837695707}