{"numgrasp": 288, "translation_d": 6.289303034036033e-09, "rotation_d": 5.79514453917022e-05, "width_d": 0.004005277987397025}