{"numgrasp": 298, "translation_d": 6.251239561405827e-09, "rotation_d": 5.898242651368683e-05, "width_d": 0.003276383161028752}