{"numgrasp": 279, "translation_d": 6.636781345708235e-09, "rotation_d": 5.8941545384236155e-05, "width_d": 0.0031837405655554376}