{"numgrasp": 271, "translation_d": 6.2026768026987526e-09, "rotation_d": 5.635073457701563e-05, "width_d": 0.003190805021926252}