{"numgrasp": 292, "translation_d": 6.218034678985325e-09, "rotation_d": 5.518912930889148e-05, "width_d": 0.003436021449216328}