{"numgrasp": 349, "translation_d": 5.89171328440327e-09, "rotation_d": 4.8308690977279794e-05, "width_d": 0.0030229048798094014}