{"numgrasp": 367, "translation_d": 6.258144046836249e-09, "rotation_d": 4.86576442225204e-05, "width_d": 0.0057212043461458235}