{"numgrasp": 362, "translation_d": 6.2583855556170115e-09, "rotation_d": 4.857524045440779e-05, "width_d": 0.005840610912056718}