{"numgrasp": 384, "translation_d": 5.654182852169854e-09, "rotation_d": 4.928296081357582e-05, "width_d": 0.005625949835390728}