{"numgrasp": 392, "translation_d": 5.701593941258558e-09, "rotation_d": 4.853209001352498e-05, "width_d": 0.004941841730487983}