{"numgrasp": 369, "translation_d": 5.777756739047949e-09, "rotation_d": 4.81574396252798e-05, "width_d": 0.004936073355016186}