{"numgrasp": 362, "translation_d": 5.86717257040062e-09, "rotation_d": 4.684351764537589e-05, "width_d": 0.004550942533309953}