{"numgrasp": 359, "translation_d": 5.459970135924369e-09, "rotation_d": 4.6766083782916795e-05, "width_d": 0.0036819849861339624}