{"numgrasp": 363, "translation_d": 5.754421399134841e-09, "rotation_d": 4.7659949327518274e-05, "width_d": 0.0034704426736985755}