{"numgrasp": 346, "translation_d": 5.4688873401488394e-09, "rotation_d": 4.716605481856174e-05, "width_d": 0.003315821728376643}