{"numgrasp": 333, "translation_d": 5.6127974457853555e-09, "rotation_d": 4.787888635766926e-05, "width_d": 0.0026589697798079523}