{"numgrasp": 344, "translation_d": 5.23432093519691e-09, "rotation_d": 4.7884285221840386e-05, "width_d": 0.0029658860382890213}