{"numgrasp": 363, "translation_d": 5.4206873809949735e-09, "rotation_d": 4.7583091517759484e-05, "width_d": 0.003428336546875874}