{"numgrasp": 361, "translation_d": 5.402109589575679e-09, "rotation_d": 4.817832058221395e-05, "width_d": 0.003624216493835119}