{"numgrasp": 388, "translation_d": 5.40051239829116e-09, "rotation_d": 4.990661468594352e-05, "width_d": 0.004768217076970767}