{"numgrasp": 380, "translation_d": 5.559765312163936e-09, "rotation_d": 4.982511177998491e-05, "width_d": 0.005054164315635568}