{"numgrasp": 383, "translation_d": 5.350723019673864e-09, "rotation_d": 5.093550397655992e-05, "width_d": 0.005267472375898066}