{"numgrasp": 367, "translation_d": 5.240836241873453e-09, "rotation_d": 5.2764904733717474e-05, "width_d": 0.0056473146744053316}