{"numgrasp": 349, "translation_d": 5.3111099598329125e-09, "rotation_d": 5.272759418098683e-05, "width_d": 0.005347113738901281}