{"numgrasp": 353, "translation_d": 4.983855955488072e-09, "rotation_d": 5.3187686727116176e-05, "width_d": 0.005133596977889477}