{"numgrasp": 362, "translation_d": 5.358167937734599e-09, "rotation_d": 5.257472609854666e-05, "width_d": 0.004704509213031481}