{"numgrasp": 378, "translation_d": 5.2026773947645564e-09, "rotation_d": 5.352667735763628e-05, "width_d": 0.004589948144689673}