{"numgrasp": 362, "translation_d": 5.216205130057264e-09, "rotation_d": 5.261020908694376e-05, "width_d": 0.004215593358434561}