{"numgrasp": 367, "translation_d": 5.349347550056774e-09, "rotation_d": 5.165900891967046e-05, "width_d": 0.0028816404421946073}