{"numgrasp": 349, "translation_d": 4.662387907441601e-09, "rotation_d": 5.418670633808404e-05, "width_d": 0.0025734122038191787}