{"numgrasp": 361, "translation_d": 4.921378923001524e-09, "rotation_d": 5.445397955394426e-05, "width_d": 0.0039719936441589285}