{"numgrasp": 393, "translation_d": 5.203136308016176e-09, "rotation_d": 5.4229978828927436e-05, "width_d": 0.004678035539741322}