{"numgrasp": 389, "translation_d": 5.127754634474907e-09, "rotation_d": 5.443714224275317e-05, "width_d": 0.004813671345967033}