{"numgrasp": 374, "translation_d": 5.097627639052242e-09, "rotation_d": 5.0324552855900526e-05, "width_d": 0.00547601063871733}