{"numgrasp": 395, "translation_d": 5.156210294037626e-09, "rotation_d": 5.1017655860345406e-05, "width_d": 0.005174020244609041}