{"numgrasp": 373, "translation_d": 5.254392265023178e-09, "rotation_d": 5.272323594032843e-05, "width_d": 0.004812221832176152}