{"numgrasp": 369, "translation_d": 4.997855540748337e-09, "rotation_d": 5.1943860129255296e-05, "width_d": 0.005058574520144769}