{"numgrasp": 370, "translation_d": 5.3535076173185784e-09, "rotation_d": 5.2353256949288024e-05, "width_d": 0.004779576616158951}