{"numgrasp": 360, "translation_d": 5.167121869317194e-09, "rotation_d": 5.308961384365567e-05, "width_d": 0.004176407849902657}