{"numgrasp": 335, "translation_d": 4.910962830715274e-09, "rotation_d": 5.335711990670103e-05, "width_d": 0.002851732869030449}