{"numgrasp": 329, "translation_d": 5.98773220104116e-09, "rotation_d": 4.5819156735921005e-05, "width_d": 0.005214762344440208}