{"numgrasp": 352, "translation_d": 5.125770153091379e-09, "rotation_d": 5.26661182400001e-05, "width_d": 0.0028311146756046786}