{"numgrasp": 368, "translation_d": 4.9083096792030055e-09, "rotation_d": 5.133115808488791e-05, "width_d": 0.0041468204441318796}