{"numgrasp": 374, "translation_d": 5.093687702808034e-09, "rotation_d": 5.070752983983319e-05, "width_d": 0.0048679078146072075}