{"numgrasp": 349, "translation_d": 5.959394988158101e-09, "rotation_d": 4.624575543398011e-05, "width_d": 0.0048737788678631004}