{"numgrasp": 397, "translation_d": 5.162019126125008e-09, "rotation_d": 5.004917283159815e-05, "width_d": 0.005532860818843168}