{"numgrasp": 386, "translation_d": 4.918366336952402e-09, "rotation_d": 4.9613638739013654e-05, "width_d": 0.0055806804490798985}