{"numgrasp": 373, "translation_d": 4.8624323951250885e-09, "rotation_d": 4.950484517361684e-05, "width_d": 0.005874794286621705}