{"numgrasp": 369, "translation_d": 4.9227439829988915e-09, "rotation_d": 4.566424833447836e-05, "width_d": 0.006036991811896274}