{"numgrasp": 339, "translation_d": 4.994160303319933e-09, "rotation_d": 4.719372054717555e-05, "width_d": 0.003144618326273191}