{"numgrasp": 348, "translation_d": 6.028074399665453e-09, "rotation_d": 4.66282584998393e-05, "width_d": 0.004359426707879043}