{"numgrasp": 366, "translation_d": 4.857126405546295e-09, "rotation_d": 4.692312986942942e-05, "width_d": 0.00299935327330876}