{"numgrasp": 357, "translation_d": 4.7520253703316e-09, "rotation_d": 4.668163045658108e-05, "width_d": 0.003839397833925839}