{"numgrasp": 350, "translation_d": 5.882166642816181e-09, "rotation_d": 4.618617369345741e-05, "width_d": 0.00442684695891666}