{"numgrasp": 388, "translation_d": 4.78218817187245e-09, "rotation_d": 4.572000531716524e-05, "width_d": 0.005069937780030905}