{"numgrasp": 380, "translation_d": 4.708861608723355e-09, "rotation_d": 4.5441709380410384e-05, "width_d": 0.005020853270507844}