{"numgrasp": 380, "translation_d": 4.451495713664948e-09, "rotation_d": 4.7152708704124884e-05, "width_d": 0.0061099172215056865}