{"numgrasp": 378, "translation_d": 4.639630051393798e-09, "rotation_d": 4.60329227183087e-05, "width_d": 0.005967802266585595}