{"numgrasp": 381, "translation_d": 4.549195762436126e-09, "rotation_d": 4.517124664937058e-05, "width_d": 0.005265914439815266}