{"numgrasp": 365, "translation_d": 4.565013388685847e-09, "rotation_d": 4.963434426602733e-05, "width_d": 0.003995441963629313}