{"numgrasp": 333, "translation_d": 4.6888457124066515e-09, "rotation_d": 4.943202030712706e-05, "width_d": 0.0036448903970214374}