{"numgrasp": 349, "translation_d": 4.655803604091109e-09, "rotation_d": 4.936127301812947e-05, "width_d": 0.004430613854266358}