{"numgrasp": 355, "translation_d": 4.599524370024338e-09, "rotation_d": 4.8916049144745264e-05, "width_d": 0.004799180233133562}