{"numgrasp": 374, "translation_d": 4.479105104341364e-09, "rotation_d": 4.770986062610702e-05, "width_d": 0.005982763439663772}