{"numgrasp": 391, "translation_d": 4.194073132083461e-09, "rotation_d": 4.661954268870337e-05, "width_d": 0.006734789678381716}