{"numgrasp": 337, "translation_d": 6.009155372652787e-09, "rotation_d": 4.635375586924924e-05, "width_d": 0.0035795980790615293}