{"numgrasp": 321, "translation_d": 5.560000795084882e-09, "rotation_d": 4.524842687821627e-05, "width_d": 0.0031378523974014525}