{"numgrasp": 338, "translation_d": 5.668056638993201e-09, "rotation_d": 4.898313741004199e-05, "width_d": 0.0031797519688400873}