{"numgrasp": 350, "translation_d": 5.958284883203123e-09, "rotation_d": 5.08867868578956e-05, "width_d": 0.004037799761416975}