{"numgrasp": 350, "translation_d": 5.900918251255186e-09, "rotation_d": 5.130429961060222e-05, "width_d": 0.004211362164292934}