{"numgrasp": 365, "translation_d": 5.95961392369938e-09, "rotation_d": 5.0482548182759686e-05, "width_d": 0.004536330763477562}