{"numgrasp": 328, "translation_d": 6.069239458018876e-09, "rotation_d": 5.0392608254794996e-05, "width_d": 0.004796146123618206}