{"numgrasp": 326, "translation_d": 6.403352890480182e-09, "rotation_d": 5.27640321886053e-05, "width_d": 0.005146603437340563}