{"numgrasp": 333, "translation_d": 5.869663255696345e-09, "rotation_d": 4.5292120834270466e-05, "width_d": 0.0034511779871427796}