{"numgrasp": 338, "translation_d": 6.523951540732934e-09, "rotation_d": 5.2615319189933053e-05, "width_d": 0.0048558621365678775}