{"numgrasp": 328, "translation_d": 6.337746755235846e-09, "rotation_d": 5.422229063648874e-05, "width_d": 0.004589908850455107}