{"numgrasp": 333, "translation_d": 6.05738584596023e-09, "rotation_d": 5.30011123276948e-05, "width_d": 0.004004925483078384}