{"numgrasp": 315, "translation_d": 5.643186012128931e-09, "rotation_d": 5.031617225511155e-05, "width_d": 0.003052611915554983}