{"numgrasp": 308, "translation_d": 6.0130730414545476e-09, "rotation_d": 5.4922413308637166e-05, "width_d": 0.0037030467119294197}