{"numgrasp": 346, "translation_d": 5.886681954174511e-09, "rotation_d": 5.382339678063617e-05, "width_d": 0.004050979148028604}