{"numgrasp": 335, "translation_d": 6.114095299710122e-09, "rotation_d": 5.4776607119582315e-05, "width_d": 0.004858141172794369}