{"numgrasp": 364, "translation_d": 6.311809125553766e-09, "rotation_d": 5.4313477208591084e-05, "width_d": 0.005393925021721562}