{"numgrasp": 360, "translation_d": 6.2925997256236535e-09, "rotation_d": 5.322341262017603e-05, "width_d": 0.004935086059415237}