{"numgrasp": 349, "translation_d": 6.328230212298374e-09, "rotation_d": 5.3067863777479385e-05, "width_d": 0.003981568437857151}