{"numgrasp": 316, "translation_d": 6.183989837180004e-09, "rotation_d": 5.448861366142877e-05, "width_d": 0.003626224769015528}