{"numgrasp": 315, "translation_d": 5.926180797003489e-09, "rotation_d": 5.359112080648774e-05, "width_d": 0.0034310306143430333}