{"numgrasp": 320, "translation_d": 6.013570318476433e-09, "rotation_d": 5.440514322091768e-05, "width_d": 0.0032033718059370246}