{"numgrasp": 321, "translation_d": 5.681475670976621e-09, "rotation_d": 5.5205962037646754e-05, "width_d": 0.0026364518076662504}