{"numgrasp": 342, "translation_d": 5.941969325794143e-09, "rotation_d": 5.078848588097995e-05, "width_d": 0.0029588491917207057}