{"numgrasp": 365, "translation_d": 6.01288727953426e-09, "rotation_d": 4.955149845791959e-05, "width_d": 0.004296208393149119}