{"numgrasp": 351, "translation_d": 6.034802611165233e-09, "rotation_d": 4.822624816442302e-05, "width_d": 0.004490051898031738}