{"numgrasp": 465, "translation_d": 6.172986852853949e-09, "rotation_d": 5.722177907226776e-05, "width_d": 0.004048336791688814}