{"numgrasp": 441, "translation_d": 5.622251002464003e-09, "rotation_d": 5.617977997334455e-05, "width_d": 0.004139699236231171}