{"numgrasp": 476, "translation_d": 6.126081871979426e-09, "rotation_d": 5.566512915763374e-05, "width_d": 0.005345208670725104}