{"numgrasp": 482, "translation_d": 5.448797528047459e-09, "rotation_d": 5.3862029462099976e-05, "width_d": 0.004982091316289586}