{"numgrasp": 472, "translation_d": 5.4270244876949455e-09, "rotation_d": 5.506303332041056e-05, "width_d": 0.00446766337390381}