{"numgrasp": 429, "translation_d": 6.209894109182434e-09, "rotation_d": 4.927515094156457e-05, "width_d": 0.005250663380296444}