{"numgrasp": 452, "translation_d": 5.911434905672814e-09, "rotation_d": 5.7218725514375316e-05, "width_d": 0.003975191681768668}