{"numgrasp": 474, "translation_d": 5.749601307790145e-09, "rotation_d": 5.762716478785891e-05, "width_d": 0.003559055823691826}