{"numgrasp": 462, "translation_d": 5.567638538211907e-09, "rotation_d": 5.490300760668336e-05, "width_d": 0.0024421523881225315}