{"numgrasp": 489, "translation_d": 5.8593264179247114e-09, "rotation_d": 5.5791663053114904e-05, "width_d": 0.002145416736454905}