{"numgrasp": 499, "translation_d": 5.65643463836035e-09, "rotation_d": 5.0766831718273966e-05, "width_d": 0.0022750039240238664}