{"numgrasp": 486, "translation_d": 5.609737033489262e-09, "rotation_d": 5.016992594023074e-05, "width_d": 0.0031864291593816305}