{"numgrasp": 500, "translation_d": 5.488814368452598e-09, "rotation_d": 5.2122892333101405e-05, "width_d": 0.003364258559703535}