{"numgrasp": 427, "translation_d": 6.129593073670802e-09, "rotation_d": 4.927666793122442e-05, "width_d": 0.005435261397910191}