{"numgrasp": 491, "translation_d": 5.347188877780759e-09, "rotation_d": 5.165955870930831e-05, "width_d": 0.004384110645758806}