{"numgrasp": 482, "translation_d": 5.124869139425079e-09, "rotation_d": 5.1204906805943174e-05, "width_d": 0.0045743171612673975}