{"numgrasp": 467, "translation_d": 5.110181927601071e-09, "rotation_d": 5.003599600905604e-05, "width_d": 0.004533221416668635}