{"numgrasp": 486, "translation_d": 5.0890077120986084e-09, "rotation_d": 5.129762496875777e-05, "width_d": 0.004801948061574977}