{"numgrasp": 509, "translation_d": 5.294549385735821e-09, "rotation_d": 4.358936234402111e-05, "width_d": 0.0034022557688333545}