{"numgrasp": 503, "translation_d": 5.263022236366461e-09, "rotation_d": 4.514001359764762e-05, "width_d": 0.003142955348109666}