{"numgrasp": 486, "translation_d": 5.533461261999274e-09, "rotation_d": 4.665486938051869e-05, "width_d": 0.002297303770600359}