{"numgrasp": 484, "translation_d": 5.20792942246834e-09, "rotation_d": 4.195489085403817e-05, "width_d": 0.002957660221927217}