{"numgrasp": 437, "translation_d": 5.504676054971894e-09, "rotation_d": 4.337177341222336e-05, "width_d": 0.003264180797925235}