{"numgrasp": 487, "translation_d": 5.166256824433593e-09, "rotation_d": 4.281752660993809e-05, "width_d": 0.004672530906034439}