{"numgrasp": 463, "translation_d": 5.278854436221252e-09, "rotation_d": 4.471677739253616e-05, "width_d": 0.005360216840269704}