{"numgrasp": 503, "translation_d": 5.265561534843467e-09, "rotation_d": 4.48560886795732e-05, "width_d": 0.003894749327511758}