{"numgrasp": 455, "translation_d": 5.4228925050416895e-09, "rotation_d": 4.424760729371224e-05, "width_d": 0.0039010018895179765}