{"numgrasp": 464, "translation_d": 5.684122353404395e-09, "rotation_d": 4.423508817412152e-05, "width_d": 0.0031803417242503838}