{"numgrasp": 491, "translation_d": 5.5255579939361985e-09, "rotation_d": 4.989280040979779e-05, "width_d": 0.002251853537887647}