{"numgrasp": 443, "translation_d": 5.49772237833032e-09, "rotation_d": 5.672520047301885e-05, "width_d": 0.0021989603050371143}