{"numgrasp": 459, "translation_d": 5.366495298858172e-09, "rotation_d": 5.5346007863076586e-05, "width_d": 0.002350502634294745}