{"numgrasp": 434, "translation_d": 5.461837392803034e-09, "rotation_d": 5.545272795741644e-05, "width_d": 0.0027134074318120654}