{"numgrasp": 434, "translation_d": 5.315565872368676e-09, "rotation_d": 5.224219563536281e-05, "width_d": 0.0030530986353515827}