{"numgrasp": 422, "translation_d": 5.469393489750673e-09, "rotation_d": 4.9507776982092264e-05, "width_d": 0.0036716048327183055}