{"numgrasp": 429, "translation_d": 6.230879490925045e-09, "rotation_d": 4.773162328768073e-05, "width_d": 0.005598007629733351}