{"numgrasp": 427, "translation_d": 5.3120503484081e-09, "rotation_d": 4.9263477961894956e-05, "width_d": 0.005475242073041187}