{"numgrasp": 471, "translation_d": 5.308656201865966e-09, "rotation_d": 5.251153195048435e-05, "width_d": 0.005680286285240432}