{"numgrasp": 433, "translation_d": 5.219215347833737e-09, "rotation_d": 5.058458190842782e-05, "width_d": 0.006386235564076535}