{"numgrasp": 448, "translation_d": 5.1670749455592916e-09, "rotation_d": 5.429785200132129e-05, "width_d": 0.006208153248619585}