{"numgrasp": 473, "translation_d": 6.50658366156037e-09, "rotation_d": 4.713364547095296e-05, "width_d": 0.005637509694548891}