{"numgrasp": 405, "translation_d": 5.034884266425743e-09, "rotation_d": 5.6087545048518336e-05, "width_d": 0.004354411242161744}