{"numgrasp": 468, "translation_d": 5.3548368006709766e-09, "rotation_d": 5.814663708749503e-05, "width_d": 0.0029521442586452795}