{"numgrasp": 454, "translation_d": 6.1246747084562235e-09, "rotation_d": 4.785898051863753e-05, "width_d": 0.005260510033678643}