{"numgrasp": 496, "translation_d": 4.959541616398763e-09, "rotation_d": 5.708329091817669e-05, "width_d": 0.0024598332901491528}