{"numgrasp": 447, "translation_d": 4.93621357819701e-09, "rotation_d": 5.8989923983819456e-05, "width_d": 0.0033253277095321825}