{"numgrasp": 437, "translation_d": 5.348055927708341e-09, "rotation_d": 5.839586905668302e-05, "width_d": 0.004392206099154336}