{"numgrasp": 424, "translation_d": 5.274087747814541e-09, "rotation_d": 5.794067019760569e-05, "width_d": 0.00451210168620866}