{"numgrasp": 505, "translation_d": 4.814458659799607e-09, "rotation_d": 5.666764940996301e-05, "width_d": 0.004939405879466081}