{"numgrasp": 491, "translation_d": 5.057168800633681e-09, "rotation_d": 5.55949653393255e-05, "width_d": 0.00407707987277738}