{"numgrasp": 449, "translation_d": 5.376439929627296e-09, "rotation_d": 5.6811101215015985e-05, "width_d": 0.003724820677929079}