{"numgrasp": 480, "translation_d": 6.0076437277312405e-09, "rotation_d": 4.801216154748042e-05, "width_d": 0.004666538718411392}