{"numgrasp": 468, "translation_d": 5.023888634991273e-09, "rotation_d": 4.8350839611906635e-05, "width_d": 0.0035027444811080665}