{"numgrasp": 527, "translation_d": 4.824580218483066e-09, "rotation_d": 5.119962101401988e-05, "width_d": 0.004678455421557548}