{"numgrasp": 477, "translation_d": 4.916971557838173e-09, "rotation_d": 5.2604803905132655e-05, "width_d": 0.005253936859595552}