{"numgrasp": 464, "translation_d": 6.176407540649349e-09, "rotation_d": 4.8474210022610194e-05, "width_d": 0.0044952427576034695}