{"numgrasp": 519, "translation_d": 4.825246443903202e-09, "rotation_d": 5.2991407119720736e-05, "width_d": 0.006389850776789113}