{"numgrasp": 475, "translation_d": 5.005495991316574e-09, "rotation_d": 5.395093479197276e-05, "width_d": 0.006496265412445482}