{"numgrasp": 440, "translation_d": 5.131626692672003e-09, "rotation_d": 5.3824536416070395e-05, "width_d": 0.007006015229263658}