{"numgrasp": 445, "translation_d": 5.883936593081251e-09, "rotation_d": 4.95825615253209e-05, "width_d": 0.0036746788796931454}