{"numgrasp": 467, "translation_d": 5.857366792625629e-09, "rotation_d": 4.872131521093012e-05, "width_d": 0.0035107580271741025}