{"numgrasp": 453, "translation_d": 5.802003655343582e-09, "rotation_d": 4.969559842942333e-05, "width_d": 0.0031979936195529555}