{"numgrasp": 476, "translation_d": 5.9973484871670084e-09, "rotation_d": 4.673760274473742e-05, "width_d": 0.00331535993195621}