{"numgrasp": 476, "translation_d": 5.849752002745753e-09, "rotation_d": 4.755116451160118e-05, "width_d": 0.003638228477782231}