{"numgrasp": 444, "translation_d": 6.056001238961526e-09, "rotation_d": 4.720197643194402e-05, "width_d": 0.004231595269521096}