{"numgrasp": 443, "translation_d": 6.205005976615619e-09, "rotation_d": 4.756143883367412e-05, "width_d": 0.005117779181392025}