{"numgrasp": 471, "translation_d": 6.091438366944985e-09, "rotation_d": 4.7519014730027037e-05, "width_d": 0.0052956593551953}