{"numgrasp": 457, "translation_d": 6.379806191377633e-09, "rotation_d": 4.7984483433490925e-05, "width_d": 0.005870647911611543}