{"numgrasp": 433, "translation_d": 6.297544115578087e-09, "rotation_d": 4.8288616537523735e-05, "width_d": 0.004658884400326678}