{"numgrasp": 460, "translation_d": 6.14138887642445e-09, "rotation_d": 4.608382552776114e-05, "width_d": 0.00330210745268819}