{"numgrasp": 437, "translation_d": 5.9123546266628584e-09, "rotation_d": 5.319664213253864e-05, "width_d": 0.0039453641842472345}