{"numgrasp": 458, "translation_d": 6.103708921302828e-09, "rotation_d": 4.5887055396649395e-05, "width_d": 0.0022423505080234815}