{"numgrasp": 466, "translation_d": 6.428984867314262e-09, "rotation_d": 4.567450380927424e-05, "width_d": 0.0023569233605966267}