{"numgrasp": 468, "translation_d": 5.931825439298779e-09, "rotation_d": 4.806555757595061e-05, "width_d": 0.0032988725162722936}