{"numgrasp": 456, "translation_d": 6.097486544481497e-09, "rotation_d": 5.144000866933286e-05, "width_d": 0.00507903417013608}