{"numgrasp": 437, "translation_d": 5.947526191911522e-09, "rotation_d": 5.623126343882347e-05, "width_d": 0.004200162874515625}