{"numgrasp": 477, "translation_d": 6.015042456376668e-09, "rotation_d": 5.5672925163954335e-05, "width_d": 0.0041165731675531555}