{"numgrasp": 476, "translation_d": 5.99770232650833e-09, "rotation_d": 5.4944096647257066e-05, "width_d": 0.003722876492954292}