{"numgrasp": 477, "translation_d": 6.089852729507647e-09, "rotation_d": 5.482468844723549e-05, "width_d": 0.0037602786934308003}