{"numgrasp": 475, "translation_d": 6.304922978158581e-09, "rotation_d": 5.482969279031102e-05, "width_d": 0.002904520311051822}