{"numgrasp": 424, "translation_d": 6.345729538715301e-09, "rotation_d": 4.994893447425931e-05, "width_d": 0.004594268684141689}