{"numgrasp": 500, "translation_d": 6.046277264211022e-09, "rotation_d": 5.803997491614799e-05, "width_d": 0.003310943741520898}