{"numgrasp": 474, "translation_d": 6.396941123361199e-09, "rotation_d": 4.640619561325809e-05, "width_d": 0.003530044606401548}