{"numgrasp": 481, "translation_d": 6.489485248228551e-09, "rotation_d": 4.498714860259914e-05, "width_d": 0.003920163072343077}