{"numgrasp": 400, "translation_d": 6.303285200956401e-09, "rotation_d": 3.95838421842862e-05, "width_d": 0.0034264512922393547}