{"numgrasp": 431, "translation_d": 6.123756039231263e-09, "rotation_d": 4.03363525271998e-05, "width_d": 0.0034432170995560164}