{"numgrasp": 465, "translation_d": 6.442132529543566e-09, "rotation_d": 4.1209146513001985e-05, "width_d": 0.0029560290796620267}