{"numgrasp": 477, "translation_d": 6.399849773057458e-09, "rotation_d": 4.177805538540554e-05, "width_d": 0.00300166912214368}