{"numgrasp": 455, "translation_d": 6.021321448196994e-09, "rotation_d": 4.206177294279418e-05, "width_d": 0.002661249446620365}