{"numgrasp": 600, "translation_d": 6.197632990946378e-09, "rotation_d": 4.200785578064965e-05, "width_d": 0.004013044936460507}