{"numgrasp": 427, "translation_d": 6.165520584551753e-09, "rotation_d": 4.291994722511798e-05, "width_d": 0.001693342465868857}