{"numgrasp": 418, "translation_d": 6.172041880257297e-09, "rotation_d": 4.233067014487703e-05, "width_d": 0.0020666466488919893}