{"numgrasp": 445, "translation_d": 6.0311470200583755e-09, "rotation_d": 4.2268291543867284e-05, "width_d": 0.0024564488923820888}