{"numgrasp": 428, "translation_d": 6.110687422107574e-09, "rotation_d": 4.32038572203935e-05, "width_d": 0.0027124494878699875}