{"numgrasp": 398, "translation_d": 5.985419014754478e-09, "rotation_d": 4.2310632887183504e-05, "width_d": 0.0032246713807954153}