{"numgrasp": 403, "translation_d": 6.090707736285991e-09, "rotation_d": 4.6856740342319364e-05, "width_d": 0.0031100151256731818}