{"numgrasp": 478, "translation_d": 5.773498605244927e-09, "rotation_d": 5.2218896614666045e-05, "width_d": 0.001805171132911294}