{"numgrasp": 459, "translation_d": 5.650506574590512e-09, "rotation_d": 5.634641366653118e-05, "width_d": 0.002827314346644956}