{"numgrasp": 447, "translation_d": 5.836370376931322e-09, "rotation_d": 5.564512136184511e-05, "width_d": 0.0029595973600771122}