{"numgrasp": 439, "translation_d": 5.816373377506807e-09, "rotation_d": 5.457227863765295e-05, "width_d": 0.0027415813480032233}