{"numgrasp": 616, "translation_d": 6.220289967743327e-09, "rotation_d": 4.463193808491093e-05, "width_d": 0.004516661101054073}