{"numgrasp": 437, "translation_d": 5.737848175912332e-09, "rotation_d": 5.43219543012311e-05, "width_d": 0.0032398723394484077}