{"numgrasp": 462, "translation_d": 5.808780704552985e-09, "rotation_d": 5.5385828221193355e-05, "width_d": 0.003591024243860277}