{"numgrasp": 636, "translation_d": 5.1002032916422015e-09, "rotation_d": 5.821850771843816e-05, "width_d": 0.004671737776774467}