{"numgrasp": 535, "translation_d": 5.2961441235051266e-09, "rotation_d": 5.90220539510474e-05, "width_d": 0.003958865202293478}