{"numgrasp": 523, "translation_d": 5.330078515330132e-09, "rotation_d": 5.9683528374110216e-05, "width_d": 0.003463530290081057}