{"numgrasp": 500, "translation_d": 5.313037073407303e-09, "rotation_d": 5.782900591481051e-05, "width_d": 0.0024207801957279256}