{"numgrasp": 506, "translation_d": 5.390295239395516e-09, "rotation_d": 5.233665403722547e-05, "width_d": 0.0022422542596498983}