{"numgrasp": 706, "translation_d": 4.795449232503267e-09, "rotation_d": 5.467076888892351e-05, "width_d": 0.004324436132419592}