{"numgrasp": 734, "translation_d": 4.476952087257726e-09, "rotation_d": 4.5488444284381124e-05, "width_d": 0.004427542483000688}