{"numgrasp": 576, "translation_d": 6.361333860335298e-09, "rotation_d": 3.8983061428393326e-05, "width_d": 0.0019877837290098945}