{"numgrasp": 711, "translation_d": 4.6201079643471126e-09, "rotation_d": 4.64534281051065e-05, "width_d": 0.0039885013136740565}