{"numgrasp": 700, "translation_d": 4.740518602270161e-09, "rotation_d": 4.546275436705143e-05, "width_d": 0.003747954339920439}