{"numgrasp": 675, "translation_d": 4.722271831141547e-09, "rotation_d": 4.6237166423781146e-05, "width_d": 0.0032529160567853718}