{"numgrasp": 579, "translation_d": 4.7155470026432575e-09, "rotation_d": 4.707286932723933e-05, "width_d": 0.0028233634422405907}