{"numgrasp": 523, "translation_d": 5.032759409172519e-09, "rotation_d": 4.6710426138182126e-05, "width_d": 0.0028243507310828555}