{"numgrasp": 519, "translation_d": 5.088576041938894e-09, "rotation_d": 4.636285231209647e-05, "width_d": 0.0025720572971251712}