{"numgrasp": 505, "translation_d": 5.155352919938538e-09, "rotation_d": 4.4424394024591655e-05, "width_d": 0.002459608797570179}