{"numgrasp": 574, "translation_d": 6.229083711773082e-09, "rotation_d": 4.820204132995887e-05, "width_d": 0.004015848381232907}