{"numgrasp": 694, "translation_d": 4.650913122090143e-09, "rotation_d": 3.744290464868643e-05, "width_d": 0.0029237539295560943}