{"numgrasp": 715, "translation_d": 4.576906937037937e-09, "rotation_d": 3.717709800565776e-05, "width_d": 0.003208403572263783}