{"numgrasp": 673, "translation_d": 4.408040572598329e-09, "rotation_d": 3.781078176809622e-05, "width_d": 0.003324658143439105}