{"numgrasp": 689, "translation_d": 4.547937444594278e-09, "rotation_d": 3.866953772637721e-05, "width_d": 0.0035616810324031805}