{"numgrasp": 644, "translation_d": 4.426333499450826e-09, "rotation_d": 3.7827641330500034e-05, "width_d": 0.004410314392103521}