{"numgrasp": 655, "translation_d": 4.523068029871239e-09, "rotation_d": 3.8053143333157805e-05, "width_d": 0.0034649499459613103}