{"numgrasp": 653, "translation_d": 4.574519562271381e-09, "rotation_d": 3.931063959081428e-05, "width_d": 0.0027428167096367317}