{"numgrasp": 558, "translation_d": 4.812924039789779e-09, "rotation_d": 4.097630923596402e-05, "width_d": 0.002699120828320809}