{"numgrasp": 561, "translation_d": 6.109231214403788e-09, "rotation_d": 4.734033988595705e-05, "width_d": 0.003361101014779222}