{"numgrasp": 471, "translation_d": 4.837343617193112e-09, "rotation_d": 4.445708613659032e-05, "width_d": 0.002211020212093519}