{"numgrasp": 479, "translation_d": 4.89453714120535e-09, "rotation_d": 4.717281959913237e-05, "width_d": 0.0031105271783211895}