{"numgrasp": 515, "translation_d": 4.705778226610538e-09, "rotation_d": 4.6379407519866286e-05, "width_d": 0.003576930270706471}