{"numgrasp": 585, "translation_d": 4.528575059875957e-09, "rotation_d": 4.457345987698208e-05, "width_d": 0.004100683646373571}