{"numgrasp": 597, "translation_d": 4.310694942804723e-09, "rotation_d": 4.320424385201323e-05, "width_d": 0.004133512180530307}