{"numgrasp": 559, "translation_d": 6.148608950324385e-09, "rotation_d": 4.3369621140738715e-05, "width_d": 0.0024799872429733198}