{"numgrasp": 591, "translation_d": 6.3144150011931545e-09, "rotation_d": 3.8734471403829673e-05, "width_d": 0.0021051948533692953}