{"numgrasp": 489, "translation_d": 5.989823689141583e-09, "rotation_d": 4.4263678617538e-05, "width_d": 0.0018695428301537574}