{"numgrasp": 529, "translation_d": 6.129669835259475e-09, "rotation_d": 5.39943795318684e-05, "width_d": 0.003114273413090943}