{"numgrasp": 541, "translation_d": 6.197267365669798e-09, "rotation_d": 5.472830369309388e-05, "width_d": 0.0033833037371481488}