{"numgrasp": 597, "translation_d": 6.260138204248932e-09, "rotation_d": 3.857786522427915e-05, "width_d": 0.0022485609728412955}