{"numgrasp": 563, "translation_d": 6.3213545381404226e-09, "rotation_d": 5.408554635707012e-05, "width_d": 0.004320971431020045}