{"numgrasp": 578, "translation_d": 6.290962102743638e-09, "rotation_d": 3.957031247907077e-05, "width_d": 0.0024682156946952455}