{"numgrasp": 537, "translation_d": 6.56209884833742e-09, "rotation_d": 6.0185322524735754e-05, "width_d": 0.0037334257413797864}