{"numgrasp": 520, "translation_d": 6.25501595388157e-09, "rotation_d": 5.9880616908300034e-05, "width_d": 0.0033555257407615426}