{"numgrasp": 482, "translation_d": 6.3450757270612295e-09, "rotation_d": 5.879630668854988e-05, "width_d": 0.0029455389760098243}