{"numgrasp": 480, "translation_d": 6.125818997444105e-09, "rotation_d": 5.8357103494703385e-05, "width_d": 0.002530710323740868}