{"numgrasp": 481, "translation_d": 6.327631164880632e-09, "rotation_d": 5.7299307748532266e-05, "width_d": 0.002360785588291514}