{"numgrasp": 475, "translation_d": 6.231529966257256e-09, "rotation_d": 5.3861768481982915e-05, "width_d": 0.002092551081765045}