{"numgrasp": 447, "translation_d": 6.07739486070142e-09, "rotation_d": 5.918302168755007e-05, "width_d": 0.002127474742675461}