{"numgrasp": 458, "translation_d": 6.260779074442498e-09, "rotation_d": 5.968220989710782e-05, "width_d": 0.002378282155937883}