{"numgrasp": 505, "translation_d": 6.3404806734616705e-09, "rotation_d": 5.987768501194385e-05, "width_d": 0.002787510527476795}