{"numgrasp": 490, "translation_d": 6.306323287850972e-09, "rotation_d": 5.997964085694277e-05, "width_d": 0.0030888974092078206}