{"numgrasp": 576, "translation_d": 6.295702463393922e-09, "rotation_d": 4.0489184409383825e-05, "width_d": 0.0027307325128676937}