{"numgrasp": 520, "translation_d": 6.61420989663478e-09, "rotation_d": 5.998222974494507e-05, "width_d": 0.003670522997224037}