{"numgrasp": 516, "translation_d": 6.644224939574666e-09, "rotation_d": 5.2973589127074024e-05, "width_d": 0.0043339712650813}