{"numgrasp": 510, "translation_d": 6.792200373583506e-09, "rotation_d": 5.389301260468966e-05, "width_d": 0.004078119676677573}