{"numgrasp": 514, "translation_d": 6.518685644360639e-09, "rotation_d": 5.359470546999261e-05, "width_d": 0.003991552141202797}