{"numgrasp": 479, "translation_d": 6.1844421796338e-09, "rotation_d": 5.418326233808072e-05, "width_d": 0.003145958296101419}