{"numgrasp": 467, "translation_d": 6.01262325127704e-09, "rotation_d": 5.1018944052818746e-05, "width_d": 0.0020528448854264217}