{"numgrasp": 470, "translation_d": 6.160138516795947e-09, "rotation_d": 4.9739341940966745e-05, "width_d": 0.002273200939324013}