{"numgrasp": 444, "translation_d": 5.171128421890088e-09, "rotation_d": 4.9276684615249454e-05, "width_d": 0.005846128168615792}