{"numgrasp": 462, "translation_d": 5.5911404207583335e-09, "rotation_d": 4.726554111963965e-05, "width_d": 0.005934449238579216}