{"numgrasp": 473, "translation_d": 5.464082642557627e-09, "rotation_d": 4.584830553210614e-05, "width_d": 0.005749957622684671}