{"numgrasp": 454, "translation_d": 5.371513142818263e-09, "rotation_d": 4.648942078208573e-05, "width_d": 0.004409396108139807}