{"numgrasp": 438, "translation_d": 5.554039801432096e-09, "rotation_d": 4.7146347301582396e-05, "width_d": 0.004020613769584641}