{"numgrasp": 430, "translation_d": 5.595165193567194e-09, "rotation_d": 5.019927787138933e-05, "width_d": 0.0036364706319826023}