{"numgrasp": 432, "translation_d": 5.656010963646832e-09, "rotation_d": 4.793782648573052e-05, "width_d": 0.0032342232587789363}