{"numgrasp": 434, "translation_d": 5.661638692614548e-09, "rotation_d": 4.921084234562858e-05, "width_d": 0.0033923835487627107}