{"numgrasp": 450, "translation_d": 5.6364664269357716e-09, "rotation_d": 4.795371185525929e-05, "width_d": 0.004701297188481777}