{"numgrasp": 476, "translation_d": 5.7075923719708e-09, "rotation_d": 4.669141425939781e-05, "width_d": 0.004962230681959975}