{"numgrasp": 440, "translation_d": 5.7054046701275604e-09, "rotation_d": 4.7487920657799286e-05, "width_d": 0.005702482643189715}