{"numgrasp": 471, "translation_d": 5.252905499807483e-09, "rotation_d": 4.72890572808949e-05, "width_d": 0.005459525846570498}