{"numgrasp": 453, "translation_d": 5.453135619140343e-09, "rotation_d": 4.6562581276112244e-05, "width_d": 0.005695490395913762}