{"numgrasp": 457, "translation_d": 5.569604985672009e-09, "rotation_d": 4.777046980243973e-05, "width_d": 0.006290099111847738}