{"numgrasp": 432, "translation_d": 5.519384941842551e-09, "rotation_d": 4.740332164938066e-05, "width_d": 0.005982978136912419}