{"numgrasp": 457, "translation_d": 5.796489830929036e-09, "rotation_d": 5.040866636994419e-05, "width_d": 0.006164817976690345}