{"numgrasp": 456, "translation_d": 5.630324307796204e-09, "rotation_d": 4.9971583959358984e-05, "width_d": 0.005910487377838782}