{"numgrasp": 470, "translation_d": 5.620433216138444e-09, "rotation_d": 5.0426136693320455e-05, "width_d": 0.004749039176232907}