{"numgrasp": 452, "translation_d": 5.759272416217493e-09, "rotation_d": 5.0085201476149545e-05, "width_d": 0.0041490351193852115}