{"numgrasp": 412, "translation_d": 5.616208079364168e-09, "rotation_d": 5.448707368201564e-05, "width_d": 0.0031905743121788386}