{"numgrasp": 411, "translation_d": 5.638996234692635e-09, "rotation_d": 5.256476836662109e-05, "width_d": 0.0033318006348607605}