{"numgrasp": 456, "translation_d": 5.481256925748859e-09, "rotation_d": 5.1421243973753514e-05, "width_d": 0.004888822776875045}