{"numgrasp": 449, "translation_d": 5.493530774366531e-09, "rotation_d": 5.135477746306163e-05, "width_d": 0.005292639974106312}