{"numgrasp": 456, "translation_d": 5.583844348044093e-09, "rotation_d": 5.2427837343484235e-05, "width_d": 0.005425559130531245}