{"numgrasp": 446, "translation_d": 5.911784338674674e-09, "rotation_d": 4.634842349613101e-05, "width_d": 0.006582173228757489}