{"numgrasp": 449, "translation_d": 5.5690863321955415e-09, "rotation_d": 5.2754725420077195e-05, "width_d": 0.006279321460071551}