{"numgrasp": 440, "translation_d": 5.425093133330329e-09, "rotation_d": 5.200735689422716e-05, "width_d": 0.006817070522841391}