{"numgrasp": 428, "translation_d": 5.4385035614817075e-09, "rotation_d": 5.0961600301276856e-05, "width_d": 0.0069134605238757325}