{"numgrasp": 450, "translation_d": 5.538326274928748e-09, "rotation_d": 5.115956758653251e-05, "width_d": 0.0067108866231567485}