{"numgrasp": 444, "translation_d": 5.260712737098036e-09, "rotation_d": 5.0866165487944505e-05, "width_d": 0.006471125292463246}