{"numgrasp": 444, "translation_d": 5.929374884754997e-09, "rotation_d": 4.883718837217381e-05, "width_d": 0.006387967351760608}