{"numgrasp": 440, "translation_d": 5.567845825945487e-09, "rotation_d": 5.1124823452058514e-05, "width_d": 0.005994469282445355}