{"numgrasp": 447, "translation_d": 5.766565452576308e-09, "rotation_d": 5.244066807694173e-05, "width_d": 0.004244484019370103}