{"numgrasp": 421, "translation_d": 5.543689707356726e-09, "rotation_d": 5.224237693234281e-05, "width_d": 0.0031407017480571176}