{"numgrasp": 444, "translation_d": 5.3769557474508e-09, "rotation_d": 5.078652340897308e-05, "width_d": 0.0045058381083507345}