{"numgrasp": 425, "translation_d": 5.250256098197673e-09, "rotation_d": 5.109432771689397e-05, "width_d": 0.005290185344384982}