{"numgrasp": 460, "translation_d": 6.059533881495101e-09, "rotation_d": 4.995341636189483e-05, "width_d": 0.005578737270864579}