{"numgrasp": 422, "translation_d": 5.122382412914935e-09, "rotation_d": 5.1227626356975586e-05, "width_d": 0.006205767959497151}