{"numgrasp": 403, "translation_d": 4.898881877208359e-09, "rotation_d": 5.078019622787828e-05, "width_d": 0.006785070267461793}