{"numgrasp": 408, "translation_d": 4.8008640799028496e-09, "rotation_d": 4.967194195614865e-05, "width_d": 0.006627875827019548}