{"numgrasp": 410, "translation_d": 4.824674272617124e-09, "rotation_d": 5.084018979091248e-05, "width_d": 0.006444825719995411}