{"numgrasp": 415, "translation_d": 4.747791476496697e-09, "rotation_d": 4.88459580627131e-05, "width_d": 0.006059358864943773}