{"numgrasp": 459, "translation_d": 6.071495984077898e-09, "rotation_d": 4.955430680563429e-05, "width_d": 0.005699223380430627}