{"numgrasp": 429, "translation_d": 4.8889339231516666e-09, "rotation_d": 4.96158698539111e-05, "width_d": 0.005708089967113994}