{"numgrasp": 437, "translation_d": 5.423074608522488e-09, "rotation_d": 5.002567827456437e-05, "width_d": 0.004476882049812156}