{"numgrasp": 363, "translation_d": 5.436509829317189e-09, "rotation_d": 4.686983042559125e-05, "width_d": 0.003333537233188539}