{"numgrasp": 385, "translation_d": 5.23034845496338e-09, "rotation_d": 4.6964016107307247e-05, "width_d": 0.004096823787877614}