{"numgrasp": 396, "translation_d": 5.291384136573966e-09, "rotation_d": 4.74195712318534e-05, "width_d": 0.004526073445099607}