{"numgrasp": 406, "translation_d": 5.021771572560156e-09, "rotation_d": 4.88299518628496e-05, "width_d": 0.005165036473785269}