{"numgrasp": 396, "translation_d": 4.666646240606191e-09, "rotation_d": 4.6991034625618404e-05, "width_d": 0.005521799579635463}