{"numgrasp": 384, "translation_d": 4.6840981055093726e-09, "rotation_d": 4.68569079364892e-05, "width_d": 0.005975675092572561}