{"numgrasp": 347, "translation_d": 4.18843137378628e-09, "rotation_d": 4.759089880693274e-05, "width_d": 0.006276972679971813}