{"numgrasp": 362, "translation_d": 4.474435847948036e-09, "rotation_d": 4.757662270290294e-05, "width_d": 0.006001602933221923}