{"numgrasp": 470, "translation_d": 5.923226516288434e-09, "rotation_d": 4.919342612632926e-05, "width_d": 0.004637374536648256}