{"numgrasp": 343, "translation_d": 4.476065581177248e-09, "rotation_d": 5.29795804048762e-05, "width_d": 0.003130794497829717}