{"numgrasp": 394, "translation_d": 4.5047809884465245e-09, "rotation_d": 4.7799736394096235e-05, "width_d": 0.003714249668515805}