{"numgrasp": 408, "translation_d": 4.676308395576468e-09, "rotation_d": 4.805183463271062e-05, "width_d": 0.0044053910874947335}