{"numgrasp": 478, "translation_d": 5.917501331776498e-09, "rotation_d": 4.916805122382723e-05, "width_d": 0.004512950711480888}