{"numgrasp": 343, "translation_d": 4.390985077978304e-09, "rotation_d": 4.6853506363272235e-05, "width_d": 0.005654974541334648}