{"numgrasp": 322, "translation_d": 4.307245962185832e-09, "rotation_d": 4.593999942816808e-05, "width_d": 0.0062383318620029115}