{"numgrasp": 434, "translation_d": 5.706798003500545e-09, "rotation_d": 4.906076080727187e-05, "width_d": 0.003844774730243509}