{"numgrasp": 427, "translation_d": 5.576666985026892e-09, "rotation_d": 4.88114674262737e-05, "width_d": 0.0033914777442135557}