{"numgrasp": 450, "translation_d": 5.763701214442783e-09, "rotation_d": 4.8556350727254524e-05, "width_d": 0.003245552054623994}