{"numgrasp": 432, "translation_d": 5.247053919687606e-09, "rotation_d": 4.762330282386514e-05, "width_d": 0.0030988766311062276}