{"numgrasp": 453, "translation_d": 6.10378378653407e-09, "rotation_d": 5.186338568317072e-05, "width_d": 0.003935313707864526}