{"numgrasp": 466, "translation_d": 5.970415036081674e-09, "rotation_d": 5.141435333036341e-05, "width_d": 0.004353437564109368}