{"numgrasp": 471, "translation_d": 6.0783153183950256e-09, "rotation_d": 5.1380008019621696e-05, "width_d": 0.005371333633982036}