{"numgrasp": 475, "translation_d": 5.916316511868436e-09, "rotation_d": 5.191780255578667e-05, "width_d": 0.00565115411675781}