{"numgrasp": 437, "translation_d": 6.160773000740107e-09, "rotation_d": 5.476214331549703e-05, "width_d": 0.0036058163115452735}