{"numgrasp": 425, "translation_d": 5.771232975207349e-09, "rotation_d": 5.214463297038697e-05, "width_d": 0.002781433670748904}