{"numgrasp": 456, "translation_d": 5.869731763541406e-09, "rotation_d": 5.543242158861898e-05, "width_d": 0.003577853578046793}