{"numgrasp": 466, "translation_d": 5.886487535885334e-09, "rotation_d": 5.527255722542709e-05, "width_d": 0.003893691904052786}