{"numgrasp": 464, "translation_d": 5.8702585113643866e-09, "rotation_d": 5.424757258275929e-05, "width_d": 0.004512911010628716}