{"numgrasp": 473, "translation_d": 6.0576710636715665e-09, "rotation_d": 5.357636930193736e-05, "width_d": 0.005040310795892068}