{"numgrasp": 456, "translation_d": 5.7122675770278074e-09, "rotation_d": 5.360712440153769e-05, "width_d": 0.005966450473792177}