{"numgrasp": 441, "translation_d": 5.531468522787044e-09, "rotation_d": 4.669387534888387e-05, "width_d": 0.004343758598644238}