{"numgrasp": 476, "translation_d": 5.978960074908396e-09, "rotation_d": 5.266871170559755e-05, "width_d": 0.005499874641300253}