{"numgrasp": 447, "translation_d": 5.734382770890691e-09, "rotation_d": 5.385157190361662e-05, "width_d": 0.004894334710625764}