{"numgrasp": 468, "translation_d": 5.755139199756619e-09, "rotation_d": 5.3642386195269096e-05, "width_d": 0.004230439930895722}