{"numgrasp": 450, "translation_d": 5.83420341503606e-09, "rotation_d": 5.380518199037582e-05, "width_d": 0.0037551299606323413}