{"numgrasp": 461, "translation_d": 5.838986884304566e-09, "rotation_d": 5.362276658955076e-05, "width_d": 0.0037587464578723467}