{"numgrasp": 433, "translation_d": 5.879053063152316e-09, "rotation_d": 5.40595048679978e-05, "width_d": 0.003384696605760263}