{"numgrasp": 440, "translation_d": 5.3555460326165225e-09, "rotation_d": 5.106350522452881e-05, "width_d": 0.003575313870933904}