{"numgrasp": 453, "translation_d": 5.671835302844707e-09, "rotation_d": 5.048808563066257e-05, "width_d": 0.004188855060862759}