{"numgrasp": 462, "translation_d": 5.194681122626449e-09, "rotation_d": 4.999925723062471e-05, "width_d": 0.004514968659477294}