{"numgrasp": 467, "translation_d": 5.624785087886811e-09, "rotation_d": 5.02026302771312e-05, "width_d": 0.004854574574331942}