{"numgrasp": 461, "translation_d": 5.543335630287908e-09, "rotation_d": 5.0117580045407195e-05, "width_d": 0.00505206500913313}