{"numgrasp": 397, "translation_d": 6.041468020122216e-09, "rotation_d": 5.398716553122095e-05, "width_d": 0.002542026726863737}