{"numgrasp": 401, "translation_d": 5.63669752697383e-09, "rotation_d": 4.811440825212576e-05, "width_d": 0.004378850687567323}