{"numgrasp": 408, "translation_d": 5.807066529859262e-09, "rotation_d": 4.75389439269296e-05, "width_d": 0.004532690540351866}