{"numgrasp": 434, "translation_d": 5.929942169401937e-09, "rotation_d": 5.142414995788201e-05, "width_d": 0.005373634089780811}