{"numgrasp": 399, "translation_d": 5.758568775823676e-09, "rotation_d": 5.132897703496973e-05, "width_d": 0.002922883707598858}