{"numgrasp": 523, "translation_d": 6.192336660444458e-09, "rotation_d": 4.077333622250531e-05, "width_d": 0.003334592804713835}