{"numgrasp": 390, "translation_d": 6.273299626657141e-09, "rotation_d": 5.614644237531612e-05, "width_d": 0.003490192752327337}