{"numgrasp": 395, "translation_d": 6.186114277010253e-09, "rotation_d": 5.530561503038952e-05, "width_d": 0.003365053868963432}