{"numgrasp": 411, "translation_d": 6.269039524822336e-09, "rotation_d": 5.5678609486614476e-05, "width_d": 0.004269164456923149}