{"numgrasp": 409, "translation_d": 6.044066536564497e-09, "rotation_d": 5.489234506227696e-05, "width_d": 0.004657811171314577}