{"numgrasp": 441, "translation_d": 5.458116527239975e-09, "rotation_d": 5.626668364678795e-05, "width_d": 0.005516163290777137}