{"numgrasp": 421, "translation_d": 5.866361324316321e-09, "rotation_d": 5.503940008437305e-05, "width_d": 0.004619289836982654}