{"numgrasp": 419, "translation_d": 6.068455489390075e-09, "rotation_d": 5.636716849175765e-05, "width_d": 0.004248042867213313}