{"numgrasp": 422, "translation_d": 5.943155709951656e-09, "rotation_d": 5.555139260188325e-05, "width_d": 0.004259464998859829}