{"numgrasp": 414, "translation_d": 5.962474010001545e-09, "rotation_d": 5.35904804055195e-05, "width_d": 0.0036381818767524817}