{"numgrasp": 463, "translation_d": 6.010420354986098e-09, "rotation_d": 5.153496154594801e-05, "width_d": 0.0033667669666866277}