{"numgrasp": 463, "translation_d": 6.116377612986396e-09, "rotation_d": 5.0972383736184646e-05, "width_d": 0.0036480212858951326}