{"numgrasp": 466, "translation_d": 6.1541653628761075e-09, "rotation_d": 5.193280481902888e-05, "width_d": 0.003994825760436015}