{"numgrasp": 447, "translation_d": 5.6904163342199015e-09, "rotation_d": 5.2858151254849446e-05, "width_d": 0.0042731221339434525}