{"numgrasp": 441, "translation_d": 5.872847422631976e-09, "rotation_d": 5.260069253621699e-05, "width_d": 0.00420508448851034}