{"numgrasp": 440, "translation_d": 5.8626622774701685e-09, "rotation_d": 5.3192149059524105e-05, "width_d": 0.005014845273092173}