{"numgrasp": 459, "translation_d": 5.820276825968078e-09, "rotation_d": 5.322670065004017e-05, "width_d": 0.005283361318914773}