{"numgrasp": 503, "translation_d": 6.35596404248118e-09, "rotation_d": 4.1666584112784424e-05, "width_d": 0.0041076642394612855}