{"numgrasp": 487, "translation_d": 5.978857125762433e-09, "rotation_d": 5.3105076596738217e-05, "width_d": 0.004407734668803587}