{"numgrasp": 485, "translation_d": 6.0373120235893e-09, "rotation_d": 5.398532532470259e-05, "width_d": 0.00402586608435983}