{"numgrasp": 478, "translation_d": 6.074141200248332e-09, "rotation_d": 5.3896494542040464e-05, "width_d": 0.0038009998096005214}