{"numgrasp": 492, "translation_d": 5.954866225329061e-09, "rotation_d": 5.333274422586291e-05, "width_d": 0.003653075169801066}