{"numgrasp": 470, "translation_d": 6.002072819020334e-09, "rotation_d": 5.342382265019431e-05, "width_d": 0.003418823811274483}