{"numgrasp": 462, "translation_d": 5.658828606601696e-09, "rotation_d": 5.51897943129368e-05, "width_d": 0.0028559677930783604}