{"numgrasp": 524, "translation_d": 5.8570696459627595e-09, "rotation_d": 5.287993667953381e-05, "width_d": 0.002822329069751555}