{"numgrasp": 523, "translation_d": 6.1628436195808334e-09, "rotation_d": 4.140673015056938e-05, "width_d": 0.003766387281166276}