{"numgrasp": 505, "translation_d": 6.020080538567219e-09, "rotation_d": 5.475518070285819e-05, "width_d": 0.003964391201304823}