{"numgrasp": 552, "translation_d": 5.699560946841348e-09, "rotation_d": 5.374459870460144e-05, "width_d": 0.004560295008465622}