{"numgrasp": 549, "translation_d": 5.829616623508273e-09, "rotation_d": 5.343723899533867e-05, "width_d": 0.00494356357690444}