{"numgrasp": 507, "translation_d": 6.356247048359494e-09, "rotation_d": 4.254200643190189e-05, "width_d": 0.0037611727664251643}