{"numgrasp": 556, "translation_d": 5.8842300762050525e-09, "rotation_d": 5.0781154256650165e-05, "width_d": 0.0037119583292948882}