{"numgrasp": 550, "translation_d": 5.735268887667109e-09, "rotation_d": 4.999592332104458e-05, "width_d": 0.002692744710141214}