{"numgrasp": 540, "translation_d": 5.5626486339177515e-09, "rotation_d": 4.880722242609389e-05, "width_d": 0.0026028135393622517}