{"numgrasp": 532, "translation_d": 6.466055031185621e-09, "rotation_d": 4.314213381143534e-05, "width_d": 0.0034741720864386472}