{"numgrasp": 604, "translation_d": 5.785028157113633e-09, "rotation_d": 4.5285905607413906e-05, "width_d": 0.0030304336799512944}