{"numgrasp": 598, "translation_d": 5.705149606281163e-09, "rotation_d": 4.576188786046632e-05, "width_d": 0.0030531715095808466}