{"numgrasp": 582, "translation_d": 5.8833636529163e-09, "rotation_d": 4.34702894218926e-05, "width_d": 0.003745316656521605}