{"numgrasp": 579, "translation_d": 5.514726295392739e-09, "rotation_d": 4.246444952505848e-05, "width_d": 0.002965235562344205}