{"numgrasp": 502, "translation_d": 6.433321584588074e-09, "rotation_d": 4.328103767720249e-05, "width_d": 0.00318127736527414}