{"numgrasp": 636, "translation_d": 5.736862480543609e-09, "rotation_d": 4.162940243914747e-05, "width_d": 0.003002882347777687}