{"numgrasp": 608, "translation_d": 5.85089551149404e-09, "rotation_d": 4.2701602079522885e-05, "width_d": 0.0026936205508346868}