{"numgrasp": 576, "translation_d": 5.595324633539279e-09, "rotation_d": 4.761099328725959e-05, "width_d": 0.002260003399187713}