{"numgrasp": 621, "translation_d": 5.701997306625043e-09, "rotation_d": 4.847280685081947e-05, "width_d": 0.002435024828110964}