{"numgrasp": 622, "translation_d": 5.6287996588815285e-09, "rotation_d": 4.4410900778686494e-05, "width_d": 0.002827174693373962}