{"numgrasp": 608, "translation_d": 5.6548903844905494e-09, "rotation_d": 4.341102977923664e-05, "width_d": 0.002832882248958357}