{"numgrasp": 620, "translation_d": 5.484204068850123e-09, "rotation_d": 4.265004735206491e-05, "width_d": 0.00305883123139238}