{"numgrasp": 653, "translation_d": 5.468282211480477e-09, "rotation_d": 4.160034813892175e-05, "width_d": 0.0031363791842595684}