{"numgrasp": 486, "translation_d": 6.3785266253324344e-09, "rotation_d": 4.237978627144315e-05, "width_d": 0.0022662656865685927}