{"numgrasp": 485, "translation_d": 5.987437166915536e-09, "rotation_d": 4.514060766878026e-05, "width_d": 0.0021722784020779986}