{"numgrasp": 460, "translation_d": 6.258130658763315e-09, "rotation_d": 4.3744483794946805e-05, "width_d": 0.0022727967089577286}