{"numgrasp": 475, "translation_d": 6.374104803014073e-09, "rotation_d": 4.56184692702593e-05, "width_d": 0.002823401452739067}