{"numgrasp": 529, "translation_d": 6.6637609714380474e-09, "rotation_d": 4.86318982084624e-05, "width_d": 0.003370600709550977}