{"numgrasp": 513, "translation_d": 6.570362293588382e-09, "rotation_d": 4.7846184203365386e-05, "width_d": 0.003458209233087648}