{"numgrasp": 524, "translation_d": 6.485099101188805e-09, "rotation_d": 4.673626176576707e-05, "width_d": 0.004131334747436148}