{"numgrasp": 505, "translation_d": 6.3542131104007675e-09, "rotation_d": 4.5680688797963006e-05, "width_d": 0.004453317657349921}