{"numgrasp": 508, "translation_d": 6.339326149422057e-09, "rotation_d": 4.992273136985712e-05, "width_d": 0.004750386658146476}