{"numgrasp": 514, "translation_d": 6.386629192629149e-09, "rotation_d": 5.1773263553780864e-05, "width_d": 0.004186480595476348}