{"numgrasp": 511, "translation_d": 6.438374695261384e-09, "rotation_d": 5.2953708852745333e-05, "width_d": 0.0038867560860309036}