{"numgrasp": 477, "translation_d": 6.223701197119625e-09, "rotation_d": 5.23300801830744e-05, "width_d": 0.003902829249684548}