{"numgrasp": 448, "translation_d": 6.17042555524754e-09, "rotation_d": 5.088455580920451e-05, "width_d": 0.00342750959647403}