{"numgrasp": 464, "translation_d": 6.1984369595089025e-09, "rotation_d": 5.01688628538058e-05, "width_d": 0.0032138469078757336}