{"numgrasp": 438, "translation_d": 6.4063193320925676e-09, "rotation_d": 5.326999805163846e-05, "width_d": 0.0029497037946898275}