{"numgrasp": 528, "translation_d": 6.534481380748889e-09, "rotation_d": 4.105265487696481e-05, "width_d": 0.0024081410803835543}