{"numgrasp": 468, "translation_d": 6.018544568170968e-09, "rotation_d": 5.4454908139821024e-05, "width_d": 0.004618532671706021}