{"numgrasp": 507, "translation_d": 6.313902014476567e-09, "rotation_d": 5.516950622782051e-05, "width_d": 0.0049255050988057}