{"numgrasp": 513, "translation_d": 6.074089276977751e-09, "rotation_d": 5.456770013427356e-05, "width_d": 0.005029035024226755}