{"numgrasp": 466, "translation_d": 5.872250966601188e-09, "rotation_d": 5.312278466556648e-05, "width_d": 0.004997501182469027}