{"numgrasp": 445, "translation_d": 5.851226918119805e-09, "rotation_d": 5.259304360740297e-05, "width_d": 0.004747909286412372}