{"numgrasp": 529, "translation_d": 6.57864219265482e-09, "rotation_d": 4.148524767669612e-05, "width_d": 0.002559288413178669}