{"numgrasp": 420, "translation_d": 5.69121074428318e-09, "rotation_d": 5.089363129949288e-05, "width_d": 0.003986616037032699}