{"numgrasp": 440, "translation_d": 6.026862149825994e-09, "rotation_d": 5.8226541788524574e-05, "width_d": 0.0034826591488007486}