{"numgrasp": 413, "translation_d": 6.310687906894623e-09, "rotation_d": 5.176824073516664e-05, "width_d": 0.0033442953252296507}