{"numgrasp": 426, "translation_d": 6.456894951024236e-09, "rotation_d": 5.3809042362559084e-05, "width_d": 0.003184549811750667}