{"numgrasp": 369, "translation_d": 6.1720801141359075e-09, "rotation_d": 4.810074851504352e-05, "width_d": 0.0028170461276916573}