{"numgrasp": 405, "translation_d": 5.81848513615199e-09, "rotation_d": 4.801041991765444e-05, "width_d": 0.0036456498798516975}