{"numgrasp": 391, "translation_d": 6.162731281006369e-09, "rotation_d": 4.885388306933598e-05, "width_d": 0.00376769772894241}