{"numgrasp": 399, "translation_d": 5.981597083263218e-09, "rotation_d": 4.832951651945291e-05, "width_d": 0.003851533326391035}