{"numgrasp": 254, "translation_d": 6.1049517845435655e-09, "rotation_d": 5.6697938732560526e-05, "width_d": 0.005389270978493432}