{"numgrasp": 248, "translation_d": 6.180035051529158e-09, "rotation_d": 5.647448395367959e-05, "width_d": 0.004981732363884026}