{"numgrasp": 275, "translation_d": 6.271384457641339e-09, "rotation_d": 6.987939747855838e-05, "width_d": 0.005449055252772613}