{"numgrasp": 265, "translation_d": 6.311430430147778e-09, "rotation_d": 4.691564872911912e-05, "width_d": 0.005166141183375222}