{"numgrasp": 238, "translation_d": 6.2796072488682676e-09, "rotation_d": 5.3241187483724537e-05, "width_d": 0.004275307743889007}