{"numgrasp": 229, "translation_d": 5.912568676000304e-09, "rotation_d": 5.70129599528012e-05, "width_d": 0.004298772098342278}