{"numgrasp": 372, "translation_d": 6.487743877164012e-09, "rotation_d": 4.752771268879439e-05, "width_d": 0.006248112746924885}