{"numgrasp": 226, "translation_d": 6.039446975156632e-09, "rotation_d": 5.7769701306485e-05, "width_d": 0.0037316890566354236}