{"numgrasp": 228, "translation_d": 6.198598995487547e-09, "rotation_d": 4.490642331145933e-05, "width_d": 0.0033241153317129664}