{"numgrasp": 226, "translation_d": 6.181183453203145e-09, "rotation_d": 4.5669790831725246e-05, "width_d": 0.00378932347973383}