{"numgrasp": 237, "translation_d": 6.168286227144478e-09, "rotation_d": 4.382945905772194e-05, "width_d": 0.004439302029008463}