{"numgrasp": 256, "translation_d": 6.420268657986026e-09, "rotation_d": 4.3050354026420426e-05, "width_d": 0.004680519458193281}