{"numgrasp": 284, "translation_d": 6.1497149250933765e-09, "rotation_d": 4.0646824071489375e-05, "width_d": 0.005021921740974226}