{"numgrasp": 286, "translation_d": 5.717152458447921e-09, "rotation_d": 3.89270567182397e-05, "width_d": 0.004733442901388002}