{"numgrasp": 280, "translation_d": 5.834831794645836e-09, "rotation_d": 3.786767515477764e-05, "width_d": 0.004646182659171882}