{"numgrasp": 257, "translation_d": 5.589266647977749e-09, "rotation_d": 3.9300088272485614e-05, "width_d": 0.0042682895277289905}