{"numgrasp": 262, "translation_d": 5.861355479477511e-09, "rotation_d": 3.969794419825967e-05, "width_d": 0.004277786730264088}