{"numgrasp": 268, "translation_d": 5.8423555180553885e-09, "rotation_d": 3.875065088236356e-05, "width_d": 0.004764951122983276}