{"numgrasp": 291, "translation_d": 5.456488266703459e-09, "rotation_d": 3.9269627578325814e-05, "width_d": 0.005304603737768513}