{"numgrasp": 285, "translation_d": 5.324778793547177e-09, "rotation_d": 4.496121442490716e-05, "width_d": 0.005113831565060305}