{"numgrasp": 279, "translation_d": 5.1870522567904e-09, "rotation_d": 4.379653981549733e-05, "width_d": 0.005023327605154042}