{"numgrasp": 280, "translation_d": 5.589757363090394e-09, "rotation_d": 4.359066186060474e-05, "width_d": 0.004380968635215991}