{"numgrasp": 283, "translation_d": 5.563910713887521e-09, "rotation_d": 4.114167493724048e-05, "width_d": 0.004688848589376285}