{"numgrasp": 346, "translation_d": 6.718607662627131e-09, "rotation_d": 4.903330777616725e-05, "width_d": 0.006266297471354439}