{"numgrasp": 288, "translation_d": 5.170468680003233e-09, "rotation_d": 4.9574448634895133e-05, "width_d": 0.004709808002851278}