{"numgrasp": 307, "translation_d": 5.348503052206923e-09, "rotation_d": 4.896064263577358e-05, "width_d": 0.004627516454040227}