{"numgrasp": 322, "translation_d": 5.129271933259343e-09, "rotation_d": 5.316970527862925e-05, "width_d": 0.004516789257848073}