{"numgrasp": 342, "translation_d": 4.85763232377276e-09, "rotation_d": 5.5690475961866495e-05, "width_d": 0.0053469566553646245}