{"numgrasp": 331, "translation_d": 5.098708390502742e-09, "rotation_d": 5.762351585347665e-05, "width_d": 0.0056494807773800225}