{"numgrasp": 338, "translation_d": 5.057183065302639e-09, "rotation_d": 5.938293789628106e-05, "width_d": 0.005349574752442125}