{"numgrasp": 335, "translation_d": 5.314226082150235e-09, "rotation_d": 5.101266084526458e-05, "width_d": 0.005169180040291436}