{"numgrasp": 332, "translation_d": 5.1242387823860095e-09, "rotation_d": 5.050225762896696e-05, "width_d": 0.004811980797299266}