{"numgrasp": 363, "translation_d": 4.948407967718215e-09, "rotation_d": 5.552744078903403e-05, "width_d": 0.005049668071189659}