{"numgrasp": 353, "translation_d": 4.816241678580878e-09, "rotation_d": 5.656477202243768e-05, "width_d": 0.004971040084900598}