{"numgrasp": 358, "translation_d": 4.937684806091538e-09, "rotation_d": 5.600879246102676e-05, "width_d": 0.005201232623637273}