{"numgrasp": 338, "translation_d": 4.597373038168991e-09, "rotation_d": 5.610965854429421e-05, "width_d": 0.0045032296497374506}