{"numgrasp": 372, "translation_d": 4.877874617250381e-09, "rotation_d": 5.630895128111889e-05, "width_d": 0.004889631500536943}