{"numgrasp": 389, "translation_d": 6.598219224059607e-09, "rotation_d": 4.2935343743407844e-05, "width_d": 0.006579269663732535}