{"numgrasp": 363, "translation_d": 4.5914225389970745e-09, "rotation_d": 5.1731860948327255e-05, "width_d": 0.005534184060740599}