{"numgrasp": 405, "translation_d": 4.558817871117088e-09, "rotation_d": 5.250757411955475e-05, "width_d": 0.005449623732170921}