{"numgrasp": 377, "translation_d": 6.7063080014500314e-09, "rotation_d": 4.2390497791713603e-05, "width_d": 0.00633036134313346}