{"numgrasp": 381, "translation_d": 4.6916841027587195e-09, "rotation_d": 5.4171207448450176e-05, "width_d": 0.005116908511753798}