{"numgrasp": 377, "translation_d": 4.802259252179221e-09, "rotation_d": 5.39567324223323e-05, "width_d": 0.004901523341868245}