{"numgrasp": 375, "translation_d": 4.680005682741692e-09, "rotation_d": 5.288788114048674e-05, "width_d": 0.004793164487111822}