{"numgrasp": 399, "translation_d": 6.64124907579387e-09, "rotation_d": 4.309215335895069e-05, "width_d": 0.006452640047714687}