{"numgrasp": 379, "translation_d": 4.5623141502847096e-09, "rotation_d": 4.823092727648607e-05, "width_d": 0.0053829628832369894}