{"numgrasp": 375, "translation_d": 4.556840927955564e-09, "rotation_d": 4.581761852709331e-05, "width_d": 0.005456956902612269}