{"numgrasp": 377, "translation_d": 4.314125705953003e-09, "rotation_d": 4.3948193092428514e-05, "width_d": 0.00589208174075708}