{"numgrasp": 379, "translation_d": 4.259912137025891e-09, "rotation_d": 4.064592505253166e-05, "width_d": 0.005664561324914452}