{"numgrasp": 383, "translation_d": 4.353770141576107e-09, "rotation_d": 4.2970955141550545e-05, "width_d": 0.005804514628919345}