{"numgrasp": 374, "translation_d": 4.196480180155435e-09, "rotation_d": 4.371456699752605e-05, "width_d": 0.005487281094563948}