{"numgrasp": 375, "translation_d": 4.564321029329046e-09, "rotation_d": 4.633124153688239e-05, "width_d": 0.004722909175155138}