{"numgrasp": 376, "translation_d": 4.0303544327609266e-09, "rotation_d": 4.5989144567975466e-05, "width_d": 0.0045630486126100045}