{"numgrasp": 368, "translation_d": 6.305632066259498e-09, "rotation_d": 4.827287593320649e-05, "width_d": 0.006178269280592757}