{"numgrasp": 354, "translation_d": 6.544496924104507e-09, "rotation_d": 4.4487322896688855e-05, "width_d": 0.0062104857124269}