{"numgrasp": 341, "translation_d": 6.5381568237965386e-09, "rotation_d": 5.123606638196483e-05, "width_d": 0.006660028171371949}