{"numgrasp": 367, "translation_d": 6.004727337055573e-09, "rotation_d": 4.0350949577050886e-05, "width_d": 0.005935501418217689}