{"numgrasp": 390, "translation_d": 6.08078852230095e-09, "rotation_d": 4.1945826788643895e-05, "width_d": 0.006229230623249361}