{"numgrasp": 381, "translation_d": 6.392691885243438e-09, "rotation_d": 4.1175993290591106e-05, "width_d": 0.006288449431472447}