{"numgrasp": 363, "translation_d": 6.345539382955112e-09, "rotation_d": 4.433925676785722e-05, "width_d": 0.0063641842688177954}