{"numgrasp": 343, "translation_d": 6.664074765919246e-09, "rotation_d": 5.036432526112121e-05, "width_d": 0.006546894628088715}