{"numgrasp": 346, "translation_d": 6.418986015386227e-09, "rotation_d": 5.008367635274358e-05, "width_d": 0.006321429733107792}