{"numgrasp": 338, "translation_d": 6.502840362227991e-09, "rotation_d": 4.987289840995211e-05, "width_d": 0.0065757332531217886}