{"numgrasp": 338, "translation_d": 6.185352816873568e-09, "rotation_d": 4.6182687204104324e-05, "width_d": 0.006089501775183702}