{"numgrasp": 342, "translation_d": 6.4606739125548805e-09, "rotation_d": 4.951925279828558e-05, "width_d": 0.005984793017248967}