{"numgrasp": 321, "translation_d": 6.047739843626087e-09, "rotation_d": 5.244096634563816e-05, "width_d": 0.006283174325298926}