{"numgrasp": 311, "translation_d": 6.361459434716676e-09, "rotation_d": 5.6317178746802675e-05, "width_d": 0.006412112449695659}