{"numgrasp": 293, "translation_d": 6.2342031514575915e-09, "rotation_d": 5.613370555257017e-05, "width_d": 0.006220239651108663}