{"numgrasp": 317, "translation_d": 6.327603490320767e-09, "rotation_d": 5.5262728185221425e-05, "width_d": 0.00599592889235723}