{"numgrasp": 331, "translation_d": 6.50221585195718e-09, "rotation_d": 5.4722716152698764e-05, "width_d": 0.006437859771820567}