{"numgrasp": 304, "translation_d": 6.224614670533471e-09, "rotation_d": 5.719656071561652e-05, "width_d": 0.0062173039097916626}