{"numgrasp": 302, "translation_d": 6.376345402788432e-09, "rotation_d": 5.78399208742122e-05, "width_d": 0.0060489430141286386}