{"numgrasp": 386, "translation_d": 6.418883684129054e-09, "rotation_d": 4.598385648749202e-05, "width_d": 0.006033745575199181}