{"numgrasp": 284, "translation_d": 6.2189771476557076e-09, "rotation_d": 5.878408332232218e-05, "width_d": 0.005707019265442655}