{"numgrasp": 281, "translation_d": 6.2466867704819456e-09, "rotation_d": 5.8768929517998755e-05, "width_d": 0.005641677624649665}