{"numgrasp": 250, "translation_d": 6.132070358123598e-09, "rotation_d": 5.836644428871339e-05, "width_d": 0.005082708056722084}