{"numgrasp": 284, "translation_d": 6.053628872220333e-09, "rotation_d": 5.8632619775345754e-05, "width_d": 0.005021170663210448}