{"numgrasp": 292, "translation_d": 6.2563134692186115e-09, "rotation_d": 5.8608001593257005e-05, "width_d": 0.00511614508470531}