{"numgrasp": 301, "translation_d": 6.200039035901125e-09, "rotation_d": 5.7753998222371035e-05, "width_d": 0.0055370827654089546}