{"numgrasp": 268, "translation_d": 5.982409648511028e-09, "rotation_d": 6.011115068375212e-05, "width_d": 0.004411725919037925}