{"numgrasp": 384, "translation_d": 6.744001296135078e-09, "rotation_d": 4.588979367539177e-05, "width_d": 0.006098773212871488}