{"numgrasp": 433, "translation_d": 5.46664914989583e-09, "rotation_d": 4.7777984711582396e-05, "width_d": 0.004578843737468816}