{"numgrasp": 442, "translation_d": 5.721566528198941e-09, "rotation_d": 4.703900823238466e-05, "width_d": 0.004723949308474347}