{"numgrasp": 433, "translation_d": 5.186372648647375e-09, "rotation_d": 4.656369191762218e-05, "width_d": 0.005208517356947081}