{"numgrasp": 431, "translation_d": 5.211212673864902e-09, "rotation_d": 4.658335818784971e-05, "width_d": 0.00512227889903685}