{"numgrasp": 414, "translation_d": 6.0562075033894815e-09, "rotation_d": 4.7432903417012846e-05, "width_d": 0.005340707224440192}