{"numgrasp": 437, "translation_d": 5.530132241805859e-09, "rotation_d": 4.8039793628481406e-05, "width_d": 0.0046744598050481026}