{"numgrasp": 433, "translation_d": 5.624967538517114e-09, "rotation_d": 4.577971801460986e-05, "width_d": 0.003858480850264618}