{"numgrasp": 411, "translation_d": 5.52930403089484e-09, "rotation_d": 4.486274445314748e-05, "width_d": 0.0037680515213303}