{"numgrasp": 421, "translation_d": 6.239236088573508e-09, "rotation_d": 5.194907369765321e-05, "width_d": 0.0046863374475110365}