{"numgrasp": 410, "translation_d": 5.568200841377914e-09, "rotation_d": 4.3031812309242123e-05, "width_d": 0.0031613879566347457}