{"numgrasp": 400, "translation_d": 5.6283074209641395e-09, "rotation_d": 4.603830558572661e-05, "width_d": 0.003229371917020665}