{"numgrasp": 415, "translation_d": 5.549442441873404e-09, "rotation_d": 4.7359160564965334e-05, "width_d": 0.003796178178548649}