{"numgrasp": 419, "translation_d": 5.604389714598415e-09, "rotation_d": 4.735611675575531e-05, "width_d": 0.003923783437878776}