{"numgrasp": 432, "translation_d": 5.448799683489139e-09, "rotation_d": 4.837931620027489e-05, "width_d": 0.004209928019488982}