{"numgrasp": 427, "translation_d": 5.538987991209694e-09, "rotation_d": 4.976255847259158e-05, "width_d": 0.004759473778036969}