{"numgrasp": 422, "translation_d": 5.785630383573304e-09, "rotation_d": 4.9537427967261866e-05, "width_d": 0.0048579195308492435}