{"numgrasp": 439, "translation_d": 5.57632193795559e-09, "rotation_d": 4.976757809622439e-05, "width_d": 0.00512041050392209}