{"numgrasp": 402, "translation_d": 5.2599911647392204e-09, "rotation_d": 5.09543083392119e-05, "width_d": 0.005122632437410007}