{"numgrasp": 431, "translation_d": 5.296355061386828e-09, "rotation_d": 5.204609088272865e-05, "width_d": 0.004371675258712765}