{"numgrasp": 411, "translation_d": 5.412070858813443e-09, "rotation_d": 5.197930832555363e-05, "width_d": 0.004293375821336869}