{"numgrasp": 419, "translation_d": 5.575843814128551e-09, "rotation_d": 5.148882963941612e-05, "width_d": 0.004090650943053189}