{"numgrasp": 394, "translation_d": 5.308903723901997e-09, "rotation_d": 5.317176815185005e-05, "width_d": 0.0036687298680595655}