{"numgrasp": 410, "translation_d": 5.490648218475111e-09, "rotation_d": 5.646682068113677e-05, "width_d": 0.0034901287726881655}