{"numgrasp": 409, "translation_d": 5.353284763336421e-09, "rotation_d": 5.5715964564007636e-05, "width_d": 0.003346504084891114}