{"numgrasp": 404, "translation_d": 5.16036488053685e-09, "rotation_d": 5.211684227938047e-05, "width_d": 0.005101410140895274}