{"numgrasp": 387, "translation_d": 5.252506566606782e-09, "rotation_d": 5.191809473695199e-05, "width_d": 0.0053472182163246005}