{"numgrasp": 390, "translation_d": 4.858760903343728e-09, "rotation_d": 5.194219856658437e-05, "width_d": 0.005949397491425194}