{"numgrasp": 389, "translation_d": 5.180885718226563e-09, "rotation_d": 5.289465183753381e-05, "width_d": 0.005483067803505234}