{"numgrasp": 400, "translation_d": 5.431262763193287e-09, "rotation_d": 5.3596971081358364e-05, "width_d": 0.005111263787079531}