{"numgrasp": 417, "translation_d": 5.025317038586589e-09, "rotation_d": 5.3589251063106155e-05, "width_d": 0.005206245754557955}