{"numgrasp": 417, "translation_d": 5.512380334433383e-09, "rotation_d": 5.5233748776400134e-05, "width_d": 0.003913897049352827}