{"numgrasp": 409, "translation_d": 5.502986614463023e-09, "rotation_d": 5.447710282915166e-05, "width_d": 0.0037830069220832815}