{"numgrasp": 414, "translation_d": 5.763246784652128e-09, "rotation_d": 5.101069753513627e-05, "width_d": 0.003841581590505}