{"numgrasp": 417, "translation_d": 5.5463473550135404e-09, "rotation_d": 5.2073166847726066e-05, "width_d": 0.004274683115633018}