{"numgrasp": 413, "translation_d": 5.590309352306794e-09, "rotation_d": 5.284497035851111e-05, "width_d": 0.0047949627677062396}