{"numgrasp": 420, "translation_d": 5.497854627409701e-09, "rotation_d": 5.250923951039164e-05, "width_d": 0.005028595029176696}