{"numgrasp": 422, "translation_d": 5.271576447891152e-09, "rotation_d": 5.1331416988347836e-05, "width_d": 0.005413549004507434}