{"numgrasp": 413, "translation_d": 5.329777092491906e-09, "rotation_d": 5.207119433282487e-05, "width_d": 0.005686770656845985}