{"numgrasp": 412, "translation_d": 5.038561442608026e-09, "rotation_d": 5.1386060584989905e-05, "width_d": 0.006064301204389479}