{"numgrasp": 402, "translation_d": 4.946463777726945e-09, "rotation_d": 4.8658103680339786e-05, "width_d": 0.00572720784941558}