{"numgrasp": 417, "translation_d": 5.1016652597869636e-09, "rotation_d": 4.8440482271796334e-05, "width_d": 0.005548466264308767}