{"numgrasp": 416, "translation_d": 5.115200543624151e-09, "rotation_d": 4.871578464366708e-05, "width_d": 0.005220863741460158}