{"numgrasp": 422, "translation_d": 5.729455188857032e-09, "rotation_d": 5.0293228915873e-05, "width_d": 0.0046609366589258055}