{"numgrasp": 398, "translation_d": 5.203684207854012e-09, "rotation_d": 4.657830208661819e-05, "width_d": 0.004642571748492216}