{"numgrasp": 406, "translation_d": 5.571986693684636e-09, "rotation_d": 4.6196924643365424e-05, "width_d": 0.004234868651777643}