{"numgrasp": 373, "translation_d": 5.4727551723907305e-09, "rotation_d": 3.9910851651011536e-05, "width_d": 0.003480413982337661}