{"numgrasp": 373, "translation_d": 5.81375942526875e-09, "rotation_d": 4.281780089348161e-05, "width_d": 0.003504670839711108}