{"numgrasp": 375, "translation_d": 5.606561513996661e-09, "rotation_d": 4.0466082662645245e-05, "width_d": 0.0037242854306783466}