{"numgrasp": 385, "translation_d": 5.637131506285033e-09, "rotation_d": 4.100945272743352e-05, "width_d": 0.004220709301632329}