{"numgrasp": 397, "translation_d": 5.418996554032016e-09, "rotation_d": 4.206549659437656e-05, "width_d": 0.00503638032246203}