{"numgrasp": 438, "translation_d": 5.648626572584609e-09, "rotation_d": 5.011227101787911e-05, "width_d": 0.004497913312458155}