{"numgrasp": 388, "translation_d": 5.355625173754823e-09, "rotation_d": 4.094851454069685e-05, "width_d": 0.0061117451185313115}