{"numgrasp": 399, "translation_d": 5.141982907929084e-09, "rotation_d": 4.118200141725951e-05, "width_d": 0.005605903248845271}