{"numgrasp": 397, "translation_d": 5.413036733098092e-09, "rotation_d": 4.0795331639605993e-05, "width_d": 0.005595885319057716}