{"numgrasp": 382, "translation_d": 5.897139905690625e-09, "rotation_d": 4.1554445368480596e-05, "width_d": 0.004100877987125547}