{"numgrasp": 371, "translation_d": 5.412197579292934e-09, "rotation_d": 4.2388946353545395e-05, "width_d": 0.003969072662159576}