{"numgrasp": 431, "translation_d": 6.048258828488441e-09, "rotation_d": 4.9630026320383424e-05, "width_d": 0.0044163459675720705}