{"numgrasp": 361, "translation_d": 5.5232550816757064e-09, "rotation_d": 5.06500197282105e-05, "width_d": 0.003596960265918871}