{"numgrasp": 374, "translation_d": 5.669869319765779e-09, "rotation_d": 4.877501046344234e-05, "width_d": 0.003884653554112694}