{"numgrasp": 389, "translation_d": 5.601435756476009e-09, "rotation_d": 4.8276741067442854e-05, "width_d": 0.004009302331998679}