{"numgrasp": 388, "translation_d": 5.600166736228239e-09, "rotation_d": 4.841610526346946e-05, "width_d": 0.004185145494547689}