{"numgrasp": 379, "translation_d": 5.8149129589276295e-09, "rotation_d": 4.683177330726187e-05, "width_d": 0.004315577463506909}