{"numgrasp": 401, "translation_d": 5.755656799895484e-09, "rotation_d": 4.6156874137441586e-05, "width_d": 0.004868301651130722}