{"numgrasp": 403, "translation_d": 5.4239504190448064e-09, "rotation_d": 4.566767130961456e-05, "width_d": 0.005263114913213519}