{"numgrasp": 415, "translation_d": 5.310426453280263e-09, "rotation_d": 4.590421734107419e-05, "width_d": 0.005530410684554818}