{"numgrasp": 402, "translation_d": 5.345999222633434e-09, "rotation_d": 4.999043969563316e-05, "width_d": 0.005904180692287235}