{"numgrasp": 433, "translation_d": 6.174154668344198e-09, "rotation_d": 4.7877850797411725e-05, "width_d": 0.0035372674017309803}