{"numgrasp": 419, "translation_d": 6.1522220413587245e-09, "rotation_d": 4.484548021386414e-05, "width_d": 0.003553075071751488}