{"numgrasp": 446, "translation_d": 6.30290393141268e-09, "rotation_d": 5.102293920441457e-05, "width_d": 0.003577981991306483}