{"numgrasp": 431, "translation_d": 5.8880682568848755e-09, "rotation_d": 5.215930499832101e-05, "width_d": 0.0036095341980973902}