{"numgrasp": 435, "translation_d": 5.884108655988192e-09, "rotation_d": 5.265680495182073e-05, "width_d": 0.0037735978860205257}