{"numgrasp": 431, "translation_d": 5.865754538336386e-09, "rotation_d": 5.2478369261627245e-05, "width_d": 0.0038543814630125563}