{"numgrasp": 423, "translation_d": 5.943472496181589e-09, "rotation_d": 5.2790869925780873e-05, "width_d": 0.0042374324998337345}