{"numgrasp": 411, "translation_d": 5.582039864685307e-09, "rotation_d": 5.31065724887561e-05, "width_d": 0.004890856528065683}