{"numgrasp": 425, "translation_d": 6.306225585135196e-09, "rotation_d": 4.577755970887314e-05, "width_d": 0.0037688925800428478}