{"numgrasp": 418, "translation_d": 5.782557413064361e-09, "rotation_d": 5.534972222571921e-05, "width_d": 0.004597492844420603}