{"numgrasp": 435, "translation_d": 5.5994200180388215e-09, "rotation_d": 5.617949368687207e-05, "width_d": 0.004566026693018808}