{"numgrasp": 427, "translation_d": 5.547391046977116e-09, "rotation_d": 5.563799287439402e-05, "width_d": 0.004445791360119661}