{"numgrasp": 417, "translation_d": 5.8515696254690864e-09, "rotation_d": 5.528659687338405e-05, "width_d": 0.004305385665912524}