{"numgrasp": 437, "translation_d": 5.611340280627082e-09, "rotation_d": 5.523886473401846e-05, "width_d": 0.004099964553731196}