{"numgrasp": 441, "translation_d": 5.7591144217070835e-09, "rotation_d": 5.564329158208618e-05, "width_d": 0.004113006600609147}