{"numgrasp": 446, "translation_d": 5.961557084959305e-09, "rotation_d": 5.556829697536667e-05, "width_d": 0.00397695196031723}