{"numgrasp": 450, "translation_d": 5.919594763787732e-09, "rotation_d": 5.5155592037159785e-05, "width_d": 0.0036884475226365357}