{"numgrasp": 429, "translation_d": 6.5579653337257786e-09, "rotation_d": 4.5145481175118456e-05, "width_d": 0.00394603659492627}