{"numgrasp": 431, "translation_d": 5.943874903568397e-09, "rotation_d": 5.375898688482742e-05, "width_d": 0.0033413532344357074}