{"numgrasp": 458, "translation_d": 5.594755485410493e-09, "rotation_d": 5.522695747383799e-05, "width_d": 0.004015841657482505}