{"numgrasp": 451, "translation_d": 5.511905317376211e-09, "rotation_d": 5.5100232165299515e-05, "width_d": 0.004225763880954046}