{"numgrasp": 453, "translation_d": 5.8213071682951605e-09, "rotation_d": 5.449105326694763e-05, "width_d": 0.004813454168886853}