{"numgrasp": 406, "translation_d": 5.7294803362437305e-09, "rotation_d": 5.281753268805742e-05, "width_d": 0.004903271317406527}