{"numgrasp": 448, "translation_d": 5.6722142480669375e-09, "rotation_d": 5.1658465490403824e-05, "width_d": 0.004840061683258421}