{"numgrasp": 451, "translation_d": 5.316526356711804e-09, "rotation_d": 5.22960321922912e-05, "width_d": 0.004170368568737723}