{"numgrasp": 445, "translation_d": 5.291810936848466e-09, "rotation_d": 5.2005746094729e-05, "width_d": 0.0038629772296473698}