{"numgrasp": 420, "translation_d": 5.281708484750532e-09, "rotation_d": 5.410136020658392e-05, "width_d": 0.0033743159063183443}