{"numgrasp": 409, "translation_d": 5.366592419279632e-09, "rotation_d": 5.004609635760605e-05, "width_d": 0.0032555190019952682}