{"numgrasp": 421, "translation_d": 6.2710613100757895e-09, "rotation_d": 4.58464955110922e-05, "width_d": 0.0043966862061269405}