{"numgrasp": 280, "translation_d": 6.293182578288645e-09, "rotation_d": 2.91158185394412e-05, "width_d": 0.002062342803634778}