{"numgrasp": 246, "translation_d": 6.9547218760724474e-09, "rotation_d": 5.634138308501246e-05, "width_d": 0.004376404621216043}