{"numgrasp": 261, "translation_d": 7.181975560952873e-09, "rotation_d": 5.308688921865222e-05, "width_d": 0.005196085454930597}