{"numgrasp": 235, "translation_d": 6.32886167470537e-09, "rotation_d": 3.6073850075910636e-05, "width_d": 0.0055323602131250585}