{"numgrasp": 222, "translation_d": 6.147227163334563e-09, "rotation_d": 3.686304150622598e-05, "width_d": 0.004929013889024627}