{"numgrasp": 207, "translation_d": 5.894721490429171e-09, "rotation_d": 3.780666603612123e-05, "width_d": 0.006187137645585463}