{"numgrasp": 267, "translation_d": 6.0449124630907965e-09, "rotation_d": 4.015063794234333e-05, "width_d": 0.004071614023882881}