{"numgrasp": 277, "translation_d": 6.546771013610836e-09, "rotation_d": 3.944244505465907e-05, "width_d": 0.004117583307868612}