{"numgrasp": 279, "translation_d": 6.436193278935869e-09, "rotation_d": 4.3486821270142025e-05, "width_d": 0.0025489598625651868}