{"numgrasp": 256, "translation_d": 6.389846299903165e-09, "rotation_d": 4.6567617779952035e-05, "width_d": 0.002366186249276654}