{"numgrasp": 192, "translation_d": 5.736634610512032e-09, "rotation_d": 3.786998424892894e-05, "width_d": 0.006373634479148135}