{"numgrasp": 275, "translation_d": 6.188875068979443e-09, "rotation_d": 2.8439185587572626e-05, "width_d": 0.0020292062700381646}