{"numgrasp": 280, "translation_d": 6.167163952649336e-09, "rotation_d": 2.8738126997305553e-05, "width_d": 0.002640523391512568}