{"numgrasp": 285, "translation_d": 6.4479803240246134e-09, "rotation_d": 2.9558541465014895e-05, "width_d": 0.0027867628392634226}