{"numgrasp": 254, "translation_d": 6.18226079965818e-09, "rotation_d": 3.0802433362733584e-05, "width_d": 0.0036549697136089945}