{"numgrasp": 272, "translation_d": 5.979761995425994e-09, "rotation_d": 3.087384748288882e-05, "width_d": 0.0040314238131547685}