{"numgrasp": 285, "translation_d": 6.1207897762005404e-09, "rotation_d": 3.0990807240493905e-05, "width_d": 0.004613078442037202}