{"numgrasp": 231, "translation_d": 5.516748843251666e-09, "rotation_d": 4.3409958833093656e-05, "width_d": 0.005274253225759555}