{"numgrasp": 281, "translation_d": 6.313042525420966e-09, "rotation_d": 3.5778122606193476e-05, "width_d": 0.003276480444526276}