{"numgrasp": 286, "translation_d": 6.210888673648934e-09, "rotation_d": 3.714848336114727e-05, "width_d": 0.0021884652515059867}