{"numgrasp": 270, "translation_d": 6.536977155949912e-09, "rotation_d": 3.7879572589682e-05, "width_d": 0.0018707623489021706}