{"numgrasp": 290, "translation_d": 6.604780467760392e-09, "rotation_d": 4.898610125509967e-05, "width_d": 0.003151755653023456}