{"numgrasp": 280, "translation_d": 6.054957735373166e-09, "rotation_d": 4.9033795969604345e-05, "width_d": 0.00345016529849031}