{"numgrasp": 263, "translation_d": 6.54347571437078e-09, "rotation_d": 4.543724826813541e-05, "width_d": 0.003701184511878625}