{"numgrasp": 266, "translation_d": 6.1253345994655605e-09, "rotation_d": 4.955592279584966e-05, "width_d": 0.004615629966105969}