{"numgrasp": 245, "translation_d": 5.857948169486647e-09, "rotation_d": 5.036643720743346e-05, "width_d": 0.004805101034220371}