{"numgrasp": 280, "translation_d": 5.525992283465605e-09, "rotation_d": 5.4767626513949545e-05, "width_d": 0.004915776779782749}