{"numgrasp": 296, "translation_d": 6.159283305953544e-09, "rotation_d": 5.540439356664865e-05, "width_d": 0.0044220367686495215}