{"numgrasp": 189, "translation_d": 6.805771824432173e-09, "rotation_d": 2.4687457169151825e-05, "width_d": 0.007135975556704848}