{"numgrasp": 286, "translation_d": 6.319195656362811e-09, "rotation_d": 5.6364872483044916e-05, "width_d": 0.00407836130107568}