{"numgrasp": 308, "translation_d": 6.269735106825842e-09, "rotation_d": 6.002751938514586e-05, "width_d": 0.0030496943826022623}