{"numgrasp": 293, "translation_d": 6.319950836078207e-09, "rotation_d": 6.25152104750774e-05, "width_d": 0.00217633075736051}