{"numgrasp": 213, "translation_d": 7.109014107759513e-09, "rotation_d": 2.4189249836632046e-05, "width_d": 0.0072590197748304205}