{"numgrasp": 291, "translation_d": 5.79763756028138e-09, "rotation_d": 6.524631934175408e-05, "width_d": 0.0017331839358881117}