{"numgrasp": 278, "translation_d": 5.881898439408141e-09, "rotation_d": 6.03317422374844e-05, "width_d": 0.0016636969791497818}