{"numgrasp": 302, "translation_d": 6.263297037950878e-09, "rotation_d": 6.380449548438201e-05, "width_d": 0.0024862396972476844}