{"numgrasp": 306, "translation_d": 5.829273601586815e-09, "rotation_d": 6.084844667563899e-05, "width_d": 0.0036614260326123384}