{"numgrasp": 284, "translation_d": 6.232835298712977e-09, "rotation_d": 5.841575207270265e-05, "width_d": 0.004087751513270278}