{"numgrasp": 290, "translation_d": 5.74768202890999e-09, "rotation_d": 5.702974531066737e-05, "width_d": 0.004506440000466891}