{"numgrasp": 261, "translation_d": 5.417892929306105e-09, "rotation_d": 5.4470419120140244e-05, "width_d": 0.005139944372802324}