{"numgrasp": 269, "translation_d": 5.102036273427927e-09, "rotation_d": 5.1731270408057196e-05, "width_d": 0.004435497732365634}