{"numgrasp": 282, "translation_d": 5.014459465337061e-09, "rotation_d": 5.286783037757007e-05, "width_d": 0.004255790767980535}