{"numgrasp": 182, "translation_d": 6.0719762186723975e-09, "rotation_d": 5.293821381193051e-05, "width_d": 0.0026247913337570906}