{"numgrasp": 305, "translation_d": 5.556645746328906e-09, "rotation_d": 5.791285871343701e-05, "width_d": 0.0028637918586954273}