{"numgrasp": 243, "translation_d": 6.418635522638036e-09, "rotation_d": 2.2624415174380246e-05, "width_d": 0.006001510762016257}