{"numgrasp": 282, "translation_d": 5.059817125874196e-09, "rotation_d": 3.610829162453145e-05, "width_d": 0.00207118412105569}