{"numgrasp": 298, "translation_d": 5.302236710293596e-09, "rotation_d": 4.83073886842128e-05, "width_d": 0.0030339481018087605}