{"numgrasp": 280, "translation_d": 5.339284731711488e-09, "rotation_d": 5.0429398596390447e-05, "width_d": 0.0037826364648812735}