{"numgrasp": 299, "translation_d": 4.913015877799511e-09, "rotation_d": 4.418615884955539e-05, "width_d": 0.00409353894219958}