{"numgrasp": 302, "translation_d": 5.159282308204994e-09, "rotation_d": 4.2976099250802804e-05, "width_d": 0.004561930579762565}