{"numgrasp": 291, "translation_d": 5.214630123192166e-09, "rotation_d": 4.01657702666814e-05, "width_d": 0.003848816563319456}