{"numgrasp": 254, "translation_d": 5.33722387726244e-09, "rotation_d": 3.448890922534026e-05, "width_d": 0.002591070441294283}