{"numgrasp": 249, "translation_d": 5.248009024209666e-09, "rotation_d": 3.229419018437787e-05, "width_d": 0.002533931138821925}