{"numgrasp": 244, "translation_d": 6.621156581925888e-09, "rotation_d": 2.3416693595558193e-05, "width_d": 0.005061564873003866}