{"numgrasp": 266, "translation_d": 5.356361318898392e-09, "rotation_d": 3.551723605542825e-05, "width_d": 0.004283588597605807}