{"numgrasp": 255, "translation_d": 5.131677286058146e-09, "rotation_d": 3.544679389090684e-05, "width_d": 0.005066855656106307}