{"numgrasp": 194, "translation_d": 6.031554169532843e-09, "rotation_d": 4.171986027128857e-05, "width_d": 0.0026312271713795164}