{"numgrasp": 243, "translation_d": 6.641544895398642e-09, "rotation_d": 2.7994688591998952e-05, "width_d": 0.00275060564849266}