{"numgrasp": 250, "translation_d": 6.545798480114968e-09, "rotation_d": 2.84258682516409e-05, "width_d": 0.003611702496940788}