{"numgrasp": 177, "translation_d": 6.183031870414331e-09, "rotation_d": 4.886954499838753e-05, "width_d": 0.003227821147502696}