{"numgrasp": 210, "translation_d": 7.663230855354746e-09, "rotation_d": 3.598216640111756e-05, "width_d": 0.005232054769965957}