{"numgrasp": 267, "translation_d": 7.074261250664233e-09, "rotation_d": 3.943569335559544e-05, "width_d": 0.005571992629832585}