{"numgrasp": 295, "translation_d": 7.410301968530513e-09, "rotation_d": 5.760719322056653e-05, "width_d": 0.005298878829676434}