{"numgrasp": 279, "translation_d": 7.495078775050104e-09, "rotation_d": 5.287271665453786e-05, "width_d": 0.004219482657443856}