{"numgrasp": 233, "translation_d": 8.287449676050545e-09, "rotation_d": 4.694312357316328e-05, "width_d": 0.0033337149818052922}