{"numgrasp": 247, "translation_d": 7.122377195711335e-09, "rotation_d": 3.320494731535151e-05, "width_d": 0.0025725286622888094}