{"numgrasp": 255, "translation_d": 7.466360172066901e-09, "rotation_d": 5.070002193849803e-05, "width_d": 0.002344469327655478}