{"numgrasp": 286, "translation_d": 7.602670833865489e-09, "rotation_d": 6.402775895254481e-05, "width_d": 0.0037623780745141967}