{"numgrasp": 288, "translation_d": 7.2676333277759125e-09, "rotation_d": 6.798025078337823e-05, "width_d": 0.00554589734209989}