{"numgrasp": 283, "translation_d": 7.040751939113832e-09, "rotation_d": 6.746417107726951e-05, "width_d": 0.005746384142923251}