{"numgrasp": 234, "translation_d": 6.753207187575682e-09, "rotation_d": 6.490336571388109e-05, "width_d": 0.004933464007415107}