{"numgrasp": 226, "translation_d": 6.802906901838361e-09, "rotation_d": 6.605954641088874e-05, "width_d": 0.004674670119336141}