{"numgrasp": 298, "translation_d": 7.063352983048401e-09, "rotation_d": 6.571744803927818e-05, "width_d": 0.004981865422043012}