{"numgrasp": 285, "translation_d": 6.777910548261818e-09, "rotation_d": 6.674672118486932e-05, "width_d": 0.00406968358040293}