{"numgrasp": 287, "translation_d": 6.489572576926438e-09, "rotation_d": 6.666402012985351e-05, "width_d": 0.0039773848354630065}