{"numgrasp": 283, "translation_d": 7.124328024803403e-09, "rotation_d": 6.667386693735366e-05, "width_d": 0.0036357375697719705}