{"numgrasp": 279, "translation_d": 6.624738733370318e-09, "rotation_d": 6.695299289175154e-05, "width_d": 0.0033070766932817557}