{"numgrasp": 265, "translation_d": 7.45784136979597e-09, "rotation_d": 6.647202955756359e-05, "width_d": 0.002510474856683204}