{"numgrasp": 198, "translation_d": 5.765935948949772e-09, "rotation_d": 4.009365061151997e-05, "width_d": 0.005287103825998249}