{"numgrasp": 267, "translation_d": 7.408791192187261e-09, "rotation_d": 6.307211331641426e-05, "width_d": 0.0022814401487179182}