{"numgrasp": 268, "translation_d": 7.114001018257513e-09, "rotation_d": 6.125983552702877e-05, "width_d": 0.002632294545585712}