{"numgrasp": 278, "translation_d": 7.15262688983902e-09, "rotation_d": 6.014436556926244e-05, "width_d": 0.0028130841975740483}