{"numgrasp": 274, "translation_d": 7.118950178408463e-09, "rotation_d": 5.906064341117158e-05, "width_d": 0.0031214654281907198}