{"numgrasp": 280, "translation_d": 7.090025769888006e-09, "rotation_d": 5.810351729992399e-05, "width_d": 0.003350457762214032}