{"numgrasp": 288, "translation_d": 7.097109475776173e-09, "rotation_d": 5.754801129922912e-05, "width_d": 0.003766727513627276}