{"numgrasp": 288, "translation_d": 7.283616146389058e-09, "rotation_d": 5.517285622318025e-05, "width_d": 0.004017140099826589}