{"numgrasp": 196, "translation_d": 6.178349846987274e-09, "rotation_d": 3.8365171106257895e-05, "width_d": 0.005355591289364837}