{"numgrasp": 314, "translation_d": 5.6023985531116425e-09, "rotation_d": 5.550255395633155e-05, "width_d": 0.0030790961190773425}