{"numgrasp": 338, "translation_d": 5.385186908750065e-09, "rotation_d": 5.78597084322557e-05, "width_d": 0.004799459399797756}