{"numgrasp": 342, "translation_d": 5.5062848481437575e-09, "rotation_d": 5.672573062741577e-05, "width_d": 0.005042648651401584}