{"numgrasp": 346, "translation_d": 4.938637296250105e-09, "rotation_d": 5.7337388759191915e-05, "width_d": 0.005114712332942672}