{"numgrasp": 320, "translation_d": 6.16618591922284e-09, "rotation_d": 5.384937951567537e-05, "width_d": 0.004518111097472356}