{"numgrasp": 359, "translation_d": 5.141981253706456e-09, "rotation_d": 5.769528133376292e-05, "width_d": 0.005166775296985551}