{"numgrasp": 326, "translation_d": 5.359174427776142e-09, "rotation_d": 6.0904293961609556e-05, "width_d": 0.0035525731931501706}