{"numgrasp": 302, "translation_d": 5.378423748467073e-09, "rotation_d": 6.110391373445225e-05, "width_d": 0.0031307475240975173}