{"numgrasp": 275, "translation_d": 5.500876374211205e-09, "rotation_d": 6.254937320069455e-05, "width_d": 0.0030128914400314815}