{"numgrasp": 295, "translation_d": 5.4295318254196185e-09, "rotation_d": 5.396816802249238e-05, "width_d": 0.0031131036323850396}