{"numgrasp": 336, "translation_d": 5.10224278185975e-09, "rotation_d": 5.495983899880176e-05, "width_d": 0.003804473059462023}