{"numgrasp": 363, "translation_d": 5.013148836824843e-09, "rotation_d": 5.3478739269478335e-05, "width_d": 0.004670488745726427}