{"numgrasp": 349, "translation_d": 5.146463760158257e-09, "rotation_d": 5.517583115345839e-05, "width_d": 0.004390219209707982}