{"numgrasp": 364, "translation_d": 5.1611480408937456e-09, "rotation_d": 5.426105298829759e-05, "width_d": 0.004992447060524979}