{"numgrasp": 366, "translation_d": 5.034746652591085e-09, "rotation_d": 5.428013877102248e-05, "width_d": 0.005161397683138079}