{"numgrasp": 343, "translation_d": 4.65453126652853e-09, "rotation_d": 5.414068286942398e-05, "width_d": 0.00550196105674572}