{"numgrasp": 347, "translation_d": 4.668222886924452e-09, "rotation_d": 5.377765483479264e-05, "width_d": 0.005543636341739854}