{"numgrasp": 356, "translation_d": 5.090163874351009e-09, "rotation_d": 4.88618344100794e-05, "width_d": 0.0051393408032591095}