{"numgrasp": 361, "translation_d": 5.256867519431473e-09, "rotation_d": 4.561876806814671e-05, "width_d": 0.003849717114266973}