{"numgrasp": 348, "translation_d": 4.9954453948896235e-09, "rotation_d": 4.495927664376847e-05, "width_d": 0.0036829129085053213}