{"numgrasp": 327, "translation_d": 5.0118265533132444e-09, "rotation_d": 4.375671876059307e-05, "width_d": 0.003334906919094027}