{"numgrasp": 354, "translation_d": 5.119934724619702e-09, "rotation_d": 4.4004496000908776e-05, "width_d": 0.0034078641533665144}