{"numgrasp": 301, "translation_d": 6.013490815869768e-09, "rotation_d": 5.250398687240537e-05, "width_d": 0.005321684922607151}