{"numgrasp": 301, "translation_d": 5.269279627395258e-09, "rotation_d": 3.799145705241542e-05, "width_d": 0.002741927654958554}