{"numgrasp": 315, "translation_d": 5.397156834631755e-09, "rotation_d": 3.9833946993274254e-05, "width_d": 0.0031976517351089127}