{"numgrasp": 319, "translation_d": 4.8576044345581105e-09, "rotation_d": 3.959688472897513e-05, "width_d": 0.0038012366797493613}