{"numgrasp": 346, "translation_d": 5.0395082573324776e-09, "rotation_d": 4.055234622051257e-05, "width_d": 0.004617375630720885}