{"numgrasp": 362, "translation_d": 4.9677411302733575e-09, "rotation_d": 3.974392716631663e-05, "width_d": 0.004758713869119053}