{"numgrasp": 341, "translation_d": 4.848713966805682e-09, "rotation_d": 3.917969430316789e-05, "width_d": 0.004926449921093402}