{"numgrasp": 357, "translation_d": 4.789357217409959e-09, "rotation_d": 4.128183446346089e-05, "width_d": 0.00551365079473787}