{"numgrasp": 352, "translation_d": 5.0364439326322574e-09, "rotation_d": 4.1203146136200226e-05, "width_d": 0.0056449794087588545}