{"numgrasp": 340, "translation_d": 5.130519152807459e-09, "rotation_d": 4.2251429251422634e-05, "width_d": 0.005266294953460136}