{"numgrasp": 282, "translation_d": 5.69397348885015e-09, "rotation_d": 4.509692023548527e-05, "width_d": 0.005678524442948366}