{"numgrasp": 332, "translation_d": 4.8963609536912e-09, "rotation_d": 4.251021470050968e-05, "width_d": 0.004834742694250518}