{"numgrasp": 320, "translation_d": 5.240183323019468e-09, "rotation_d": 4.3071186595196584e-05, "width_d": 0.004463437225717705}