{"numgrasp": 334, "translation_d": 5.233375921056815e-09, "rotation_d": 4.448222170501649e-05, "width_d": 0.004001340963701955}