{"numgrasp": 310, "translation_d": 5.1617071901840126e-09, "rotation_d": 4.915806816047881e-05, "width_d": 0.00330498921396388}