{"numgrasp": 284, "translation_d": 5.197233704838892e-09, "rotation_d": 5.874337781653836e-05, "width_d": 0.003310162576510617}