{"numgrasp": 319, "translation_d": 5.0846727322805625e-09, "rotation_d": 5.06104613035572e-05, "width_d": 0.004787483505702803}