{"numgrasp": 311, "translation_d": 5.884110361983605e-09, "rotation_d": 4.712225589881388e-05, "width_d": 0.005451564854464092}