{"numgrasp": 332, "translation_d": 5.055491596385005e-09, "rotation_d": 4.8928084354917274e-05, "width_d": 0.005794788185535129}