{"numgrasp": 324, "translation_d": 4.938424214773876e-09, "rotation_d": 5.509603372503968e-05, "width_d": 0.00581554361326794}