{"numgrasp": 331, "translation_d": 6.562966066836402e-09, "rotation_d": 6.172904821710001e-05, "width_d": 0.0032893730072384966}