{"numgrasp": 307, "translation_d": 5.088244791280087e-09, "rotation_d": 5.6565733541725054e-05, "width_d": 0.005172730999818784}