{"numgrasp": 323, "translation_d": 5.335233342065569e-09, "rotation_d": 5.749472066839878e-05, "width_d": 0.0047841611628746915}