{"numgrasp": 318, "translation_d": 5.260901869938275e-09, "rotation_d": 5.789955512408257e-05, "width_d": 0.004696552287464187}