{"numgrasp": 320, "translation_d": 5.404094304440333e-09, "rotation_d": 5.890010764520999e-05, "width_d": 0.004360843243744734}