{"numgrasp": 301, "translation_d": 5.115982420939293e-09, "rotation_d": 5.9303251380769565e-05, "width_d": 0.003970658576003515}