{"numgrasp": 312, "translation_d": 5.153497830688258e-09, "rotation_d": 5.907545406458769e-05, "width_d": 0.0038842314905017435}