{"numgrasp": 313, "translation_d": 5.848187420065554e-09, "rotation_d": 4.762522296640567e-05, "width_d": 0.0052818863130808975}