{"numgrasp": 274, "translation_d": 5.440713638807583e-09, "rotation_d": 5.81493820187316e-05, "width_d": 0.003919269063644651}