{"numgrasp": 303, "translation_d": 5.4875772357320205e-09, "rotation_d": 5.833269988454648e-05, "width_d": 0.005161746559418494}