{"numgrasp": 319, "translation_d": 5.828968411878086e-09, "rotation_d": 4.755838083813775e-05, "width_d": 0.005012824060102185}