{"numgrasp": 273, "translation_d": 5.2874344909883346e-09, "rotation_d": 5.5495694895197485e-05, "width_d": 0.005788548454228445}