{"numgrasp": 281, "translation_d": 5.3609377981553e-09, "rotation_d": 5.5811020908146936e-05, "width_d": 0.005254226339110828}