{"numgrasp": 282, "translation_d": 5.366270861948233e-09, "rotation_d": 5.6088218128805765e-05, "width_d": 0.004821541972672458}