{"numgrasp": 279, "translation_d": 5.276258516977091e-09, "rotation_d": 5.6484756756367765e-05, "width_d": 0.00477980617864613}