{"numgrasp": 263, "translation_d": 4.994768364956918e-09, "rotation_d": 5.178337445747771e-05, "width_d": 0.005030705327326917}