{"numgrasp": 260, "translation_d": 5.368835323899049e-09, "rotation_d": 5.3070130805595954e-05, "width_d": 0.0051345556863638935}