{"numgrasp": 253, "translation_d": 5.174672673993317e-09, "rotation_d": 5.349808181430594e-05, "width_d": 0.006647817524509486}