{"numgrasp": 300, "translation_d": 5.912857493153324e-09, "rotation_d": 4.9291786955447394e-05, "width_d": 0.004117157554729979}