{"numgrasp": 291, "translation_d": 6.020781514886112e-09, "rotation_d": 5.0786537563980625e-05, "width_d": 0.003912323991791747}