{"numgrasp": 307, "translation_d": 6.3805042515133345e-09, "rotation_d": 5.184523680390702e-05, "width_d": 0.0036305751207705923}