{"numgrasp": 316, "translation_d": 6.319669872093107e-09, "rotation_d": 5.7057931741484496e-05, "width_d": 0.003469979753822906}