{"numgrasp": 297, "translation_d": 5.882108630589908e-09, "rotation_d": 5.026185991755436e-05, "width_d": 0.0033516451199606164}