{"numgrasp": 308, "translation_d": 5.877867163076794e-09, "rotation_d": 4.65460216163143e-05, "width_d": 0.0033534469217386866}