{"numgrasp": 316, "translation_d": 5.7509077795360455e-09, "rotation_d": 4.4159271022319816e-05, "width_d": 0.0035123035387932284}