{"numgrasp": 320, "translation_d": 5.807328616477692e-09, "rotation_d": 4.1369717630028525e-05, "width_d": 0.003924748611220616}