{"numgrasp": 301, "translation_d": 5.743968628133809e-09, "rotation_d": 5.87494642589164e-05, "width_d": 0.0035688939316009948}