{"numgrasp": 312, "translation_d": 5.804435022089447e-09, "rotation_d": 4.069820884221193e-05, "width_d": 0.004762309370616599}