{"numgrasp": 293, "translation_d": 5.292362435578269e-09, "rotation_d": 4.303350137742726e-05, "width_d": 0.006106144898944898}