{"numgrasp": 301, "translation_d": 5.619171159341904e-09, "rotation_d": 4.291474151921466e-05, "width_d": 0.005020587447174684}