{"numgrasp": 305, "translation_d": 6.3352165267568945e-09, "rotation_d": 5.816733911301789e-05, "width_d": 0.003493426078220101}