{"numgrasp": 306, "translation_d": 5.862981053778369e-09, "rotation_d": 3.918335591865975e-05, "width_d": 0.0042334720315421156}