{"numgrasp": 308, "translation_d": 5.85367549377608e-09, "rotation_d": 3.594182187855103e-05, "width_d": 0.0034723687571300518}