{"numgrasp": 312, "translation_d": 6.030089636786432e-09, "rotation_d": 5.702017752157172e-05, "width_d": 0.0038848635186224875}