{"numgrasp": 300, "translation_d": 5.9890223802817434e-09, "rotation_d": 4.1566639652447195e-05, "width_d": 0.0037168028794752023}