{"numgrasp": 306, "translation_d": 6.331724208903211e-09, "rotation_d": 5.549971768756194e-05, "width_d": 0.0038135110327550768}