{"numgrasp": 320, "translation_d": 5.5286851696352395e-09, "rotation_d": 4.5495204738899476e-05, "width_d": 0.00491840018925894}