{"numgrasp": 312, "translation_d": 5.726794059860057e-09, "rotation_d": 4.603750902711401e-05, "width_d": 0.005050992764766529}