{"numgrasp": 302, "translation_d": 5.233044019528354e-09, "rotation_d": 5.267233570558413e-05, "width_d": 0.0056501408788746255}