{"numgrasp": 315, "translation_d": 5.466694060006845e-09, "rotation_d": 5.19834301510569e-05, "width_d": 0.005403949722836441}