{"numgrasp": 332, "translation_d": 5.369885434573009e-09, "rotation_d": 5.177243272129585e-05, "width_d": 0.005076049025013432}