{"numgrasp": 318, "translation_d": 6.194660384929909e-09, "rotation_d": 5.465750836048274e-05, "width_d": 0.004272599655540559}