{"numgrasp": 329, "translation_d": 5.5245583079496644e-09, "rotation_d": 5.2830715613390276e-05, "width_d": 0.004979884578584118}