{"numgrasp": 333, "translation_d": 5.700276745030692e-09, "rotation_d": 5.169549064469239e-05, "width_d": 0.004057957919286389}