{"numgrasp": 313, "translation_d": 5.615419908849022e-09, "rotation_d": 5.164627519896319e-05, "width_d": 0.003768723086984829}