{"numgrasp": 327, "translation_d": 5.830433728976556e-09, "rotation_d": 4.975372992752848e-05, "width_d": 0.0035102141410855597}