{"numgrasp": 297, "translation_d": 5.893100935628712e-09, "rotation_d": 4.912010173877688e-05, "width_d": 0.0033819048722145187}