{"numgrasp": 274, "translation_d": 5.784257196058594e-09, "rotation_d": 4.764360839632309e-05, "width_d": 0.0035172539100817445}