{"numgrasp": 266, "translation_d": 5.329921314626646e-09, "rotation_d": 5.519856080199613e-05, "width_d": 0.0028564561868311715}