{"numgrasp": 276, "translation_d": 5.4115301171351166e-09, "rotation_d": 5.7893824697814247e-05, "width_d": 0.003068365461271276}