{"numgrasp": 303, "translation_d": 5.520906672677281e-09, "rotation_d": 4.169630885663726e-05, "width_d": 0.0026248836026102635}