{"numgrasp": 216, "translation_d": 5.498919668525517e-09, "rotation_d": 5.8919308877407154e-05, "width_d": 0.004442306982107532}