{"numgrasp": 252, "translation_d": 5.4742348185610275e-09, "rotation_d": 6.11517389848649e-05, "width_d": 0.00518242434745522}