{"numgrasp": 268, "translation_d": 5.942228371243763e-09, "rotation_d": 5.6642049472034275e-05, "width_d": 0.005617149163477159}