{"numgrasp": 198, "translation_d": 5.186552071060775e-09, "rotation_d": 5.2786366458136025e-05, "width_d": 0.0038943943917749196}