{"numgrasp": 193, "translation_d": 5.119941045743108e-09, "rotation_d": 5.228940674624064e-05, "width_d": 0.0035671166636065278}