{"numgrasp": 207, "translation_d": 4.825250682670605e-09, "rotation_d": 5.2829068789560736e-05, "width_d": 0.0035801354172780592}