{"numgrasp": 210, "translation_d": 5.197882905652029e-09, "rotation_d": 5.083647007325595e-05, "width_d": 0.0030405416322457066}