{"numgrasp": 194, "translation_d": 4.870561256568744e-09, "rotation_d": 5.0512882963661665e-05, "width_d": 0.0028032958478577275}