{"numgrasp": 205, "translation_d": 4.7490104526487085e-09, "rotation_d": 5.0427980325966926e-05, "width_d": 0.002986449425676563}