{"numgrasp": 283, "translation_d": 6.2259678602102934e-09, "rotation_d": 3.3010740669059116e-05, "width_d": 0.002503354742060712}