{"numgrasp": 216, "translation_d": 4.765337604129696e-09, "rotation_d": 5.177766612872998e-05, "width_d": 0.002717103006117381}