{"numgrasp": 167, "translation_d": 4.442412236399502e-09, "rotation_d": 5.168876338303414e-05, "width_d": 0.002799955316078228}