{"numgrasp": 158, "translation_d": 4.3802683223486646e-09, "rotation_d": 5.588714704289046e-05, "width_d": 0.002727683672433516}