{"numgrasp": 130, "translation_d": 4.613808041539766e-09, "rotation_d": 5.7779079738301326e-05, "width_d": 0.002930051057567841}