{"numgrasp": 225, "translation_d": 5.45393432665664e-09, "rotation_d": 4.74064470585724e-05, "width_d": 0.0054135250507129145}