{"numgrasp": 249, "translation_d": 5.773294370377923e-09, "rotation_d": 4.5793664955843074e-05, "width_d": 0.005644872806135266}