{"numgrasp": 225, "translation_d": 5.310867931331117e-09, "rotation_d": 4.229516381119936e-05, "width_d": 0.005242986789281369}