{"numgrasp": 199, "translation_d": 4.9710917962250726e-09, "rotation_d": 4.840605552596692e-05, "width_d": 0.0043568994261227}