{"numgrasp": 199, "translation_d": 4.507877066903495e-09, "rotation_d": 4.9286617865525414e-05, "width_d": 0.003742865048467539}