{"numgrasp": 265, "translation_d": 4.491056870264751e-09, "rotation_d": 5.153913863095363e-05, "width_d": 0.003073536417818385}