{"numgrasp": 255, "translation_d": 4.6188637056803595e-09, "rotation_d": 5.172158499411549e-05, "width_d": 0.0034626494431348733}