{"numgrasp": 260, "translation_d": 4.877007917989257e-09, "rotation_d": 5.101121349129604e-05, "width_d": 0.0040682494628736755}