{"numgrasp": 286, "translation_d": 6.389094019472088e-09, "rotation_d": 2.8016739834679953e-05, "width_d": 0.0023614702013492277}