{"numgrasp": 236, "translation_d": 4.967736873334567e-09, "rotation_d": 4.960143288960724e-05, "width_d": 0.004470444564102768}