{"numgrasp": 253, "translation_d": 5.14855908920233e-09, "rotation_d": 4.9863694996222655e-05, "width_d": 0.0051610886897766875}