{"numgrasp": 288, "translation_d": 4.781055928060485e-09, "rotation_d": 5.557601666673962e-05, "width_d": 0.0042896862971622115}