{"numgrasp": 282, "translation_d": 4.8319541516603386e-09, "rotation_d": 5.63577766362995e-05, "width_d": 0.003921517061352119}