{"numgrasp": 309, "translation_d": 4.508042789343762e-09, "rotation_d": 5.671850137795564e-05, "width_d": 0.0028348569625122016}