{"numgrasp": 327, "translation_d": 4.451081036970496e-09, "rotation_d": 5.572123413994804e-05, "width_d": 0.0024691555164130384}