{"numgrasp": 318, "translation_d": 4.330505075953064e-09, "rotation_d": 5.6464973692299586e-05, "width_d": 0.0026589945579868508}