{"numgrasp": 310, "translation_d": 4.635228879556845e-09, "rotation_d": 5.7815062526094404e-05, "width_d": 0.0032416388178521834}