{"numgrasp": 305, "translation_d": 4.573427801345928e-09, "rotation_d": 5.8042256068918976e-05, "width_d": 0.003789287857927049}