{"numgrasp": 287, "translation_d": 4.67852947564431e-09, "rotation_d": 5.812463815816151e-05, "width_d": 0.004988972873536802}