{"numgrasp": 322, "translation_d": 4.778301375486526e-09, "rotation_d": 5.417274938912455e-05, "width_d": 0.004662877921459665}