{"numgrasp": 306, "translation_d": 4.824252474921245e-09, "rotation_d": 5.54028067596956e-05, "width_d": 0.004403294507372319}