{"numgrasp": 309, "translation_d": 4.788575486107256e-09, "rotation_d": 5.4668309773955306e-05, "width_d": 0.004291356550716134}