{"numgrasp": 282, "translation_d": 6.606806129155104e-09, "rotation_d": 4.784248852565308e-05, "width_d": 0.0029103728135530357}