{"numgrasp": 326, "translation_d": 4.344677068007935e-09, "rotation_d": 5.423724334237723e-05, "width_d": 0.0036140596271574876}