{"numgrasp": 321, "translation_d": 4.5057511334030164e-09, "rotation_d": 5.549822350744946e-05, "width_d": 0.0033148873858206743}