{"numgrasp": 314, "translation_d": 4.44269358788984e-09, "rotation_d": 5.246413331701445e-05, "width_d": 0.0024960064464278927}