{"numgrasp": 283, "translation_d": 6.330254425653597e-09, "rotation_d": 3.179399883247679e-05, "width_d": 0.0021477341938255083}