{"numgrasp": 276, "translation_d": 4.273715306657284e-09, "rotation_d": 4.22121724225775e-05, "width_d": 0.0018263442850411631}