{"numgrasp": 283, "translation_d": 4.58066401823514e-09, "rotation_d": 4.537341655987315e-05, "width_d": 0.0014780292325945585}