{"numgrasp": 311, "translation_d": 4.420612311948269e-09, "rotation_d": 4.8831244450204715e-05, "width_d": 0.0027627108614737585}