{"numgrasp": 328, "translation_d": 4.368522659624387e-09, "rotation_d": 4.885273625955964e-05, "width_d": 0.0031044454439608403}