{"numgrasp": 317, "translation_d": 6.369495547185902e-09, "rotation_d": 3.1548681045798854e-05, "width_d": 0.0019004736918294624}