{"numgrasp": 295, "translation_d": 4.5728905350724196e-09, "rotation_d": 4.777988862070331e-05, "width_d": 0.0037862209621363475}