{"numgrasp": 322, "translation_d": 4.383089584229058e-09, "rotation_d": 4.904642296688275e-05, "width_d": 0.004131708247092905}