{"numgrasp": 280, "translation_d": 4.233791784283189e-09, "rotation_d": 4.050908514990038e-05, "width_d": 0.0032457126803854004}