{"numgrasp": 255, "translation_d": 4.4442229461054235e-09, "rotation_d": 4.106543564648872e-05, "width_d": 0.003418673694172257}