{"numgrasp": 273, "translation_d": 4.246374644476866e-09, "rotation_d": 3.996510023623999e-05, "width_d": 0.0028159634982204526}