{"numgrasp": 324, "translation_d": 4.244793905672614e-09, "rotation_d": 3.9065303194133706e-05, "width_d": 0.00182998130589527}