{"numgrasp": 316, "translation_d": 4.1874705233726516e-09, "rotation_d": 3.946036800072912e-05, "width_d": 0.001703816754073542}