{"numgrasp": 296, "translation_d": 4.28696695927493e-09, "rotation_d": 3.979120131161153e-05, "width_d": 0.0016072410814410836}