{"numgrasp": 256, "translation_d": 4.098032833817592e-09, "rotation_d": 4.099441915298411e-05, "width_d": 0.0015798124628709454}