{"numgrasp": 288, "translation_d": 4.026784722178021e-09, "rotation_d": 3.6172079000130824e-05, "width_d": 0.0015589559008814386}