{"numgrasp": 308, "translation_d": 4.154203995135942e-09, "rotation_d": 3.679292717104515e-05, "width_d": 0.0014373678968669361}