{"numgrasp": 284, "translation_d": 3.806809908548279e-09, "rotation_d": 3.4945136311088256e-05, "width_d": 0.0014197330849698958}