{"numgrasp": 308, "translation_d": 6.165770030625654e-09, "rotation_d": 9.404113705924488e-05, "width_d": 0.0022924955047769497}