{"numgrasp": 280, "translation_d": 4.247219364717571e-09, "rotation_d": 3.541066365701783e-05, "width_d": 0.0016972319044034837}