{"numgrasp": 296, "translation_d": 3.95613986557899e-09, "rotation_d": 3.771402084428639e-05, "width_d": 0.00271227377286165}