{"numgrasp": 281, "translation_d": 6.433154872520547e-09, "rotation_d": 4.6023697598630543e-05, "width_d": 0.0031597889098219515}