{"numgrasp": 283, "translation_d": 6.845007456492159e-09, "rotation_d": 4.242046174791355e-05, "width_d": 0.0026246074896539764}