{"numgrasp": 308, "translation_d": 6.868236654553705e-09, "rotation_d": 4.3311813897042155e-05, "width_d": 0.0027578460769371706}