{"numgrasp": 289, "translation_d": 6.26315550155435e-09, "rotation_d": 3.724078694797432e-05, "width_d": 0.002398756328145289}