{"numgrasp": 292, "translation_d": 6.480972542764025e-09, "rotation_d": 3.610211973668138e-05, "width_d": 0.0027500053207378003}