{"numgrasp": 289, "translation_d": 6.6129687164433184e-09, "rotation_d": 4.587037042886713e-05, "width_d": 0.0033231523099184783}