{"numgrasp": 292, "translation_d": 6.483957120900533e-09, "rotation_d": 4.809913958100983e-05, "width_d": 0.002863479044979077}