{"numgrasp": 288, "translation_d": 5.965072662541931e-09, "rotation_d": 4.690736549021918e-05, "width_d": 0.0026533975157596156}