{"numgrasp": 302, "translation_d": 5.891916430981107e-09, "rotation_d": 4.7181768410521865e-05, "width_d": 0.002416308187481471}