{"numgrasp": 305, "translation_d": 6.449092127344563e-09, "rotation_d": 4.64091197134789e-05, "width_d": 0.0019443338442613639}