{"numgrasp": 288, "translation_d": 5.839642843773627e-09, "rotation_d": 4.483234494277796e-05, "width_d": 0.001998576822308799}