{"numgrasp": 257, "translation_d": 5.793368483616669e-09, "rotation_d": 4.312737224528814e-05, "width_d": 0.002324351298763428}