{"numgrasp": 332, "translation_d": 6.776652790910364e-09, "rotation_d": 3.87547703695266e-05, "width_d": 0.0024621221720152165}