{"numgrasp": 270, "translation_d": 5.8602686139194815e-09, "rotation_d": 4.2312619887681426e-05, "width_d": 0.002341703114510787}