{"numgrasp": 253, "translation_d": 5.659485312326473e-09, "rotation_d": 4.8791624307770364e-05, "width_d": 0.0024092971493741835}