{"numgrasp": 289, "translation_d": 6.557773618864134e-09, "rotation_d": 5.534660129122044e-05, "width_d": 0.0036305657685558345}