{"numgrasp": 295, "translation_d": 6.359852585246884e-09, "rotation_d": 5.503368070587778e-05, "width_d": 0.0037998049762010514}