{"numgrasp": 284, "translation_d": 6.542276143299069e-09, "rotation_d": 5.5665594984363695e-05, "width_d": 0.004121887197586921}