{"numgrasp": 281, "translation_d": 5.932673150084276e-09, "rotation_d": 6.139295010046432e-05, "width_d": 0.004549480400317061}