{"numgrasp": 261, "translation_d": 6.138177657368215e-09, "rotation_d": 6.0183890387208234e-05, "width_d": 0.004141245810149867}