{"numgrasp": 311, "translation_d": 6.289484441592041e-09, "rotation_d": 3.733436753553432e-05, "width_d": 0.002526412212298953}