{"numgrasp": 244, "translation_d": 5.15150469811674e-09, "rotation_d": 5.67209825410315e-05, "width_d": 0.0025152624290340213}