{"numgrasp": 227, "translation_d": 5.268856581495329e-09, "rotation_d": 5.6045912555922046e-05, "width_d": 0.002636115247457986}