{"numgrasp": 235, "translation_d": 5.458296336640758e-09, "rotation_d": 5.5096874672927974e-05, "width_d": 0.0033697409044291323}