{"numgrasp": 294, "translation_d": 5.841610699794406e-09, "rotation_d": 5.153647107826475e-05, "width_d": 0.0037147120875995303}