{"numgrasp": 306, "translation_d": 5.927410921070506e-09, "rotation_d": 5.3499343712921965e-05, "width_d": 0.003556941854582614}