{"numgrasp": 314, "translation_d": 5.763512532711205e-09, "rotation_d": 5.427647530844285e-05, "width_d": 0.0037728273235402717}