{"numgrasp": 338, "translation_d": 5.494068890187952e-09, "rotation_d": 5.0496150704117865e-05, "width_d": 0.0036806455709200527}