{"numgrasp": 324, "translation_d": 5.749628785208412e-09, "rotation_d": 5.01304428826954e-05, "width_d": 0.0036956460777363494}