{"numgrasp": 321, "translation_d": 5.62370156056581e-09, "rotation_d": 4.8476670893026214e-05, "width_d": 0.003624294940860291}