{"numgrasp": 328, "translation_d": 5.793205232707557e-09, "rotation_d": 4.843676027492692e-05, "width_d": 0.0036361432218670648}