{"numgrasp": 326, "translation_d": 5.498598098129495e-09, "rotation_d": 5.7045879388688564e-05, "width_d": 0.0036238145358182365}