{"numgrasp": 322, "translation_d": 5.326994783575491e-09, "rotation_d": 5.711882836943165e-05, "width_d": 0.003823020652308135}