{"numgrasp": 310, "translation_d": 5.722843751188913e-09, "rotation_d": 5.6147909626323466e-05, "width_d": 0.0032292182009925523}