{"numgrasp": 306, "translation_d": 5.5394671831175845e-09, "rotation_d": 5.6793463634888467e-05, "width_d": 0.00305017417106184}