{"numgrasp": 269, "translation_d": 6.336818585420374e-09, "rotation_d": 5.3738357302906716e-05, "width_d": 0.004319814463239682}