{"numgrasp": 313, "translation_d": 5.703110165726913e-09, "rotation_d": 5.646068884760781e-05, "width_d": 0.003382411932793804}