{"numgrasp": 293, "translation_d": 5.402798559196524e-09, "rotation_d": 5.556605929260761e-05, "width_d": 0.0034860755648384125}