{"numgrasp": 269, "translation_d": 6.42915843601386e-09, "rotation_d": 5.2726030230643594e-05, "width_d": 0.003677932635938653}