{"numgrasp": 305, "translation_d": 5.382816034038539e-09, "rotation_d": 5.719172763865802e-05, "width_d": 0.0033388815556460697}