{"numgrasp": 295, "translation_d": 5.491688664948836e-09, "rotation_d": 5.820422487810374e-05, "width_d": 0.0033495351679560625}