{"numgrasp": 292, "translation_d": 5.392056004777144e-09, "rotation_d": 5.722691763142821e-05, "width_d": 0.003328617294593372}