{"numgrasp": 302, "translation_d": 5.064966694445925e-09, "rotation_d": 5.128728540498793e-05, "width_d": 0.003362819801530713}