{"numgrasp": 302, "translation_d": 5.214516375236776e-09, "rotation_d": 5.3183469464849274e-05, "width_d": 0.0029982993598777923}