{"numgrasp": 286, "translation_d": 5.207098292653346e-09, "rotation_d": 5.4409810468785176e-05, "width_d": 0.003095532308774457}