{"numgrasp": 313, "translation_d": 5.2061937804417125e-09, "rotation_d": 0.0003308956254654942, "width_d": 0.0030970399888522095}