{"numgrasp": 314, "translation_d": 4.824204429941809e-09, "rotation_d": 5.22194675600786e-05, "width_d": 0.0032015423750333836}