{"numgrasp": 300, "translation_d": 4.744971294627828e-09, "rotation_d": 5.031489095263959e-05, "width_d": 0.0031177658754326285}