{"numgrasp": 302, "translation_d": 4.9501045707043e-09, "rotation_d": 4.894740058870248e-05, "width_d": 0.003009471197910801}