{"numgrasp": 303, "translation_d": 4.798048856125125e-09, "rotation_d": 4.790495272286515e-05, "width_d": 0.003024784327510435}