{"numgrasp": 289, "translation_d": 5.027683684766196e-09, "rotation_d": 4.753729023880909e-05, "width_d": 0.003052063974142819}