{"numgrasp": 297, "translation_d": 4.9186373592952406e-09, "rotation_d": 4.6778484677906166e-05, "width_d": 0.0028417980713773524}