{"numgrasp": 277, "translation_d": 4.836926789011154e-09, "rotation_d": 4.617950640449388e-05, "width_d": 0.0029319571648496836}