{"numgrasp": 282, "translation_d": 4.630100537815648e-09, "rotation_d": 4.572767439411231e-05, "width_d": 0.0028247090751898824}