{"numgrasp": 278, "translation_d": 4.876991849944063e-09, "rotation_d": 4.457569931117969e-05, "width_d": 0.002928308425479262}