{"numgrasp": 272, "translation_d": 6.648931470763754e-09, "rotation_d": 5.229902378744886e-05, "width_d": 0.004060970546415595}