{"numgrasp": 293, "translation_d": 4.397829243876302e-09, "rotation_d": 4.839414735093055e-05, "width_d": 0.003022362411319268}