{"numgrasp": 300, "translation_d": 4.779834162027001e-09, "rotation_d": 4.933287783434604e-05, "width_d": 0.003274464334902139}