{"numgrasp": 270, "translation_d": 4.928883706851017e-09, "rotation_d": 5.226842181854178e-05, "width_d": 0.003429786007431504}