{"numgrasp": 306, "translation_d": 6.4577978247508874e-09, "rotation_d": 5.271142269522127e-05, "width_d": 0.003644725852695236}