{"numgrasp": 267, "translation_d": 5.17634305019033e-09, "rotation_d": 4.680803176342289e-05, "width_d": 0.0029007282088834977}