{"numgrasp": 276, "translation_d": 4.663448003461529e-09, "rotation_d": 4.729621660223179e-05, "width_d": 0.0029266091207027713}