{"numgrasp": 258, "translation_d": 4.88150456270745e-09, "rotation_d": 4.5770318911682385e-05, "width_d": 0.0028789487792885886}