{"numgrasp": 263, "translation_d": 4.776437420302292e-09, "rotation_d": 5.075303685798221e-05, "width_d": 0.0026439879284734227}