{"numgrasp": 264, "translation_d": 4.955799763016496e-09, "rotation_d": 4.6973131678163225e-05, "width_d": 0.0027271377583718316}