{"numgrasp": 270, "translation_d": 4.8981892501151446e-09, "rotation_d": 4.851720786716771e-05, "width_d": 0.0028629503099953787}