{"numgrasp": 231, "translation_d": 4.774144798112838e-09, "rotation_d": 5.5766684823746716e-05, "width_d": 0.0029228245227979283}