{"numgrasp": 253, "translation_d": 4.699048803537916e-09, "rotation_d": 5.483592887243291e-05, "width_d": 0.0028288174684649964}