{"numgrasp": 251, "translation_d": 4.833739608022735e-09, "rotation_d": 4.9877295656873655e-05, "width_d": 0.002625886085498017}