{"numgrasp": 258, "translation_d": 4.477953634891411e-09, "rotation_d": 4.9155267527911024e-05, "width_d": 0.0029236679338292327}