{"numgrasp": 264, "translation_d": 4.8349537920360284e-09, "rotation_d": 4.8091680307787966e-05, "width_d": 0.002986407882239183}