{"numgrasp": 257, "translation_d": 4.3163978678145586e-09, "rotation_d": 4.756181007557902e-05, "width_d": 0.003660527843707778}