{"numgrasp": 262, "translation_d": 4.41394755395466e-09, "rotation_d": 5.087809240699565e-05, "width_d": 0.003418178701173078}