{"numgrasp": 257, "translation_d": 4.717148698571373e-09, "rotation_d": 5.1665482961370834e-05, "width_d": 0.0029647259566633116}