{"numgrasp": 254, "translation_d": 4.627698014867519e-09, "rotation_d": 5.1600341935678896e-05, "width_d": 0.0030751458493951307}