{"numgrasp": 230, "translation_d": 4.569743675041621e-09, "rotation_d": 5.5913120135852816e-05, "width_d": 0.0024743237580412383}