{"numgrasp": 218, "translation_d": 4.964791090256762e-09, "rotation_d": 5.670369036281676e-05, "width_d": 0.002810843132095934}