{"numgrasp": 208, "translation_d": 4.8333659453389326e-09, "rotation_d": 5.6089798853455586e-05, "width_d": 0.0026130586247061108}