{"numgrasp": 229, "translation_d": 4.559023236000381e-09, "rotation_d": 5.312357027298775e-05, "width_d": 0.002483416547401093}