{"numgrasp": 242, "translation_d": 4.688336178183159e-09, "rotation_d": 5.358554387180636e-05, "width_d": 0.0026946659250852573}