{"numgrasp": 244, "translation_d": 4.389230714872778e-09, "rotation_d": 5.212183321557964e-05, "width_d": 0.003148454617115226}