{"numgrasp": 243, "translation_d": 4.532156243659492e-09, "rotation_d": 5.215760143494289e-05, "width_d": 0.0034530207364922927}