{"numgrasp": 322, "translation_d": 6.5713754007269605e-09, "rotation_d": 5.6106360721399095e-05, "width_d": 0.0037975146555578195}