{"numgrasp": 316, "translation_d": 6.297689765812506e-09, "rotation_d": 5.4762343043733856e-05, "width_d": 0.0037407303479953615}