{"numgrasp": 334, "translation_d": 6.591605475781653e-09, "rotation_d": 5.6261521851105205e-05, "width_d": 0.0039007354580168456}