{"numgrasp": 324, "translation_d": 6.889091723445538e-09, "rotation_d": 5.5243160992672663e-05, "width_d": 0.003720384723536711}