{"numgrasp": 313, "translation_d": 6.557853698903912e-09, "rotation_d": 5.563549992344361e-05, "width_d": 0.0038688376508331295}