{"numgrasp": 320, "translation_d": 6.992639762918124e-09, "rotation_d": 5.4166779038261685e-05, "width_d": 0.003945832431400015}