{"numgrasp": 307, "translation_d": 6.2661954461605294e-09, "rotation_d": 5.038699871170549e-05, "width_d": 0.004161027456262209}