{"numgrasp": 269, "translation_d": 6.376972036543086e-09, "rotation_d": 4.931262491075893e-05, "width_d": 0.004219813518579604}