{"numgrasp": 275, "translation_d": 6.172831162669215e-09, "rotation_d": 4.772149943037407e-05, "width_d": 0.0038099809086499276}