{"numgrasp": 300, "translation_d": 6.563404867968328e-09, "rotation_d": 4.5984002494864726e-05, "width_d": 0.00420310153965044}