{"numgrasp": 288, "translation_d": 6.2419957632691e-09, "rotation_d": 4.6258236913141343e-05, "width_d": 0.0037758561599390626}