{"numgrasp": 326, "translation_d": 6.159087283208871e-09, "rotation_d": 5.4719006365934285e-05, "width_d": 0.003596027376288733}