{"numgrasp": 311, "translation_d": 6.4168578143214096e-09, "rotation_d": 4.677759303228442e-05, "width_d": 0.004071533547055465}