{"numgrasp": 315, "translation_d": 6.385742482464514e-09, "rotation_d": 5.1083776295892544e-05, "width_d": 0.0037399279979854145}