{"numgrasp": 327, "translation_d": 6.428686349871529e-09, "rotation_d": 4.8398567584688315e-05, "width_d": 0.003593460510292356}