{"numgrasp": 315, "translation_d": 6.006855534419751e-09, "rotation_d": 4.4240071505211356e-05, "width_d": 0.003823205445299085}