{"numgrasp": 316, "translation_d": 5.98490262521288e-09, "rotation_d": 4.4161962831693016e-05, "width_d": 0.003702015683578508}