{"numgrasp": 321, "translation_d": 6.573863935803851e-09, "rotation_d": 4.4900068593814406e-05, "width_d": 0.003899736851388586}