{"numgrasp": 315, "translation_d": 6.551719168480603e-09, "rotation_d": 4.42964591145419e-05, "width_d": 0.004106672745214212}