{"numgrasp": 315, "translation_d": 6.1641853074678405e-09, "rotation_d": 4.460944733327687e-05, "width_d": 0.0039446189538477035}