{"numgrasp": 325, "translation_d": 6.109098649595669e-09, "rotation_d": 4.278784481479137e-05, "width_d": 0.0036603122498346085}