{"numgrasp": 329, "translation_d": 6.146333802366344e-09, "rotation_d": 4.248372352235383e-05, "width_d": 0.003840474150682528}