{"numgrasp": 325, "translation_d": 6.2140475991211815e-09, "rotation_d": 4.2309846192282e-05, "width_d": 0.0035350710117383376}