{"numgrasp": 334, "translation_d": 5.96548090619671e-09, "rotation_d": 4.547821910706498e-05, "width_d": 0.0037214119010862997}