{"numgrasp": 320, "translation_d": 6.1918295525149545e-09, "rotation_d": 5.010733561403883e-05, "width_d": 0.003465361740950883}