{"numgrasp": 332, "translation_d": 5.91252220943814e-09, "rotation_d": 4.58510845707602e-05, "width_d": 0.00386623959833351}