{"numgrasp": 312, "translation_d": 5.666425136675693e-09, "rotation_d": 4.627511217229985e-05, "width_d": 0.003774529931014828}