{"numgrasp": 261, "translation_d": 5.94035933249657e-09, "rotation_d": 4.1137202026156745e-05, "width_d": 0.002991641786772201}