{"numgrasp": 252, "translation_d": 5.0049573433501284e-09, "rotation_d": 5.5894055566347175e-05, "width_d": 0.004545579484246408}