{"numgrasp": 244, "translation_d": 5.125329973436084e-09, "rotation_d": 4.900203521180826e-05, "width_d": 0.005017818235292586}