{"numgrasp": 267, "translation_d": 5.0677514119643425e-09, "rotation_d": 5.051659390936838e-05, "width_d": 0.004259164781149344}