{"numgrasp": 268, "translation_d": 5.296854524608377e-09, "rotation_d": 4.997672376616603e-05, "width_d": 0.003708576090113511}