{"numgrasp": 276, "translation_d": 5.641755335465052e-09, "rotation_d": 5.0397911024484644e-05, "width_d": 0.0036065294708480713}