{"numgrasp": 276, "translation_d": 5.591697545362086e-09, "rotation_d": 5.096688668343199e-05, "width_d": 0.003685073693530386}