{"numgrasp": 292, "translation_d": 5.52339123707057e-09, "rotation_d": 5.354851298899857e-05, "width_d": 0.0032993051393412735}