{"numgrasp": 247, "translation_d": 5.916012484237991e-09, "rotation_d": 4.531788989409159e-05, "width_d": 0.0033464909423737504}