{"numgrasp": 274, "translation_d": 5.6211947696842e-09, "rotation_d": 3.9985846208252915e-05, "width_d": 0.00324230781138209}