{"numgrasp": 267, "translation_d": 5.585098341589121e-09, "rotation_d": 4.106431828174322e-05, "width_d": 0.0038224262995207965}