{"numgrasp": 275, "translation_d": 5.38797730330063e-09, "rotation_d": 4.153576058019261e-05, "width_d": 0.004009307911481468}