{"numgrasp": 279, "translation_d": 5.399861707007058e-09, "rotation_d": 4.2841512187931314e-05, "width_d": 0.004180342266057636}