{"numgrasp": 233, "translation_d": 4.836241094629614e-09, "rotation_d": 4.451604599414976e-05, "width_d": 0.0054130239528163305}