{"numgrasp": 248, "translation_d": 5.171904205378982e-09, "rotation_d": 3.976025430725014e-05, "width_d": 0.004518816280950133}