{"numgrasp": 254, "translation_d": 5.069570301214325e-09, "rotation_d": 3.829843775053586e-05, "width_d": 0.004058146349221825}