{"numgrasp": 253, "translation_d": 5.7122379440992234e-09, "rotation_d": 3.597214014863295e-05, "width_d": 0.0037706119192514047}