{"numgrasp": 260, "translation_d": 5.397630962804885e-09, "rotation_d": 3.7205461938151874e-05, "width_d": 0.003826472106938827}