{"numgrasp": 255, "translation_d": 5.768678534123926e-09, "rotation_d": 3.634598465546372e-05, "width_d": 0.0034794807687447697}