{"numgrasp": 255, "translation_d": 6.022561663197132e-09, "rotation_d": 4.502967884668833e-05, "width_d": 0.00379222697540108}