{"numgrasp": 268, "translation_d": 5.529328737719086e-09, "rotation_d": 3.817840945787844e-05, "width_d": 0.0031178750405391658}