{"numgrasp": 258, "translation_d": 5.068890481171559e-09, "rotation_d": 4.575515361115209e-05, "width_d": 0.003934798190606264}