{"numgrasp": 239, "translation_d": 5.416937181282916e-09, "rotation_d": 4.381970926756722e-05, "width_d": 0.004435207452244804}