{"numgrasp": 231, "translation_d": 6.000415500014002e-09, "rotation_d": 4.504438282176281e-05, "width_d": 0.0039181183060478285}