{"numgrasp": 234, "translation_d": 4.991855626839994e-09, "rotation_d": 4.3679568074808554e-05, "width_d": 0.004696192600066561}