{"numgrasp": 225, "translation_d": 5.30087662589102e-09, "rotation_d": 4.5032243751175804e-05, "width_d": 0.005681366700698873}