{"numgrasp": 196, "translation_d": 4.870132781249076e-09, "rotation_d": 4.971535916837322e-05, "width_d": 0.005246756389238221}