{"numgrasp": 212, "translation_d": 4.996029583750823e-09, "rotation_d": 4.9477709585485314e-05, "width_d": 0.005501117047765814}