{"numgrasp": 243, "translation_d": 4.821240359068752e-09, "rotation_d": 5.26999097497681e-05, "width_d": 0.004932887515412254}