{"numgrasp": 238, "translation_d": 5.065301476952091e-09, "rotation_d": 5.254197005246622e-05, "width_d": 0.004585500861294578}