{"numgrasp": 256, "translation_d": 5.015886914088492e-09, "rotation_d": 5.652567806923146e-05, "width_d": 0.003831335407380654}