{"numgrasp": 249, "translation_d": 5.094562547407202e-09, "rotation_d": 5.933621144703865e-05, "width_d": 0.0036912898959706878}