{"numgrasp": 230, "translation_d": 6.1535339805826535e-09, "rotation_d": 4.380665091511248e-05, "width_d": 0.003823338814331248}