{"numgrasp": 259, "translation_d": 4.902394517437762e-09, "rotation_d": 6.286611592538758e-05, "width_d": 0.0041311964425694535}