{"numgrasp": 260, "translation_d": 5.057595327241437e-09, "rotation_d": 5.7181859844223654e-05, "width_d": 0.0056717534190685575}