{"numgrasp": 261, "translation_d": 4.692679531575854e-09, "rotation_d": 5.623436885379676e-05, "width_d": 0.0059735871408783045}