{"numgrasp": 232, "translation_d": 4.5863294304577965e-09, "rotation_d": 5.49151890449222e-05, "width_d": 0.006092700582361438}