{"numgrasp": 249, "translation_d": 5.205851687701538e-09, "rotation_d": 5.8593681618758174e-05, "width_d": 0.005396848885694066}