{"numgrasp": 243, "translation_d": 4.884989056902606e-09, "rotation_d": 5.864551896778818e-05, "width_d": 0.004898910518058887}