{"numgrasp": 235, "translation_d": 5.018593755412124e-09, "rotation_d": 5.878394044416556e-05, "width_d": 0.004988440261472373}