{"numgrasp": 244, "translation_d": 5.310176060605933e-09, "rotation_d": 5.843642580600236e-05, "width_d": 0.004434290674919461}