{"numgrasp": 244, "translation_d": 5.5189925804797806e-09, "rotation_d": 5.6915499712009964e-05, "width_d": 0.004047272647037555}