{"numgrasp": 230, "translation_d": 5.0307538419484446e-09, "rotation_d": 5.5432425866315466e-05, "width_d": 0.004101501351290997}