{"numgrasp": 245, "translation_d": 5.29868222377415e-09, "rotation_d": 4.059268197747523e-05, "width_d": 0.003694389296571906}