{"numgrasp": 239, "translation_d": 5.532420426284675e-09, "rotation_d": 5.039585228718622e-05, "width_d": 0.00460544788254778}