{"numgrasp": 233, "translation_d": 5.4291116600667155e-09, "rotation_d": 5.2978809928071916e-05, "width_d": 0.004767176719022988}