{"numgrasp": 228, "translation_d": 4.995211500304856e-09, "rotation_d": 4.5998167559451946e-05, "width_d": 0.004877926659193825}