{"numgrasp": 236, "translation_d": 5.198955445784358e-09, "rotation_d": 4.543533665845084e-05, "width_d": 0.004648899167315349}