{"numgrasp": 236, "translation_d": 5.5401480997050195e-09, "rotation_d": 4.1709870473946616e-05, "width_d": 0.00428107423630734}