{"numgrasp": 248, "translation_d": 5.272802299407492e-09, "rotation_d": 3.9355068470424526e-05, "width_d": 0.0035749919342136674}