{"numgrasp": 247, "translation_d": 5.633632359705613e-09, "rotation_d": 3.8490666283388575e-05, "width_d": 0.0034958129208214404}