{"numgrasp": 245, "translation_d": 5.2940778329497795e-09, "rotation_d": 3.6623373750040036e-05, "width_d": 0.003787732184474518}