{"numgrasp": 243, "translation_d": 5.803526168629027e-09, "rotation_d": 3.797121753847892e-05, "width_d": 0.003522020080801081}