{"numgrasp": 242, "translation_d": 5.9980300062652585e-09, "rotation_d": 3.8159465357054715e-05, "width_d": 0.0031692123468485896}