{"numgrasp": 248, "translation_d": 5.611168708787049e-09, "rotation_d": 3.943835738877195e-05, "width_d": 0.003673302208367661}