{"numgrasp": 249, "translation_d": 5.454980297832345e-09, "rotation_d": 3.9687163307975644e-05, "width_d": 0.0042143610038511}