{"numgrasp": 246, "translation_d": 5.1819358726026465e-09, "rotation_d": 3.9630013247818104e-05, "width_d": 0.004158980799119978}