{"numgrasp": 228, "translation_d": 5.156512577695326e-09, "rotation_d": 4.032223290783676e-05, "width_d": 0.004058092978117029}