{"numgrasp": 236, "translation_d": 5.238018394659358e-09, "rotation_d": 4.073683250564164e-05, "width_d": 0.004239732832984548}