{"numgrasp": 221, "translation_d": 4.7840320610717284e-09, "rotation_d": 4.1373225919237824e-05, "width_d": 0.004638162116204026}