{"numgrasp": 244, "translation_d": 6.0518484476470995e-09, "rotation_d": 4.1410318208501315e-05, "width_d": 0.0030892544976541315}