{"numgrasp": 231, "translation_d": 5.813458092982462e-09, "rotation_d": 3.6380081023996297e-05, "width_d": 0.0029736824461826243}