{"numgrasp": 248, "translation_d": 5.518631079100867e-09, "rotation_d": 3.566004069040222e-05, "width_d": 0.0031596887710498545}