{"numgrasp": 267, "translation_d": 6.572879402702846e-09, "rotation_d": 4.2183490122472554e-05, "width_d": 0.003353616344424055}