{"numgrasp": 259, "translation_d": 6.593210941585422e-09, "rotation_d": 4.498985380932368e-05, "width_d": 0.003595935844189529}