{"numgrasp": 266, "translation_d": 5.774862513394608e-09, "rotation_d": 4.466001058550266e-05, "width_d": 0.0038454448471661284}