{"numgrasp": 250, "translation_d": 5.9901102896068576e-09, "rotation_d": 4.734389367009817e-05, "width_d": 0.004066142689177602}