{"numgrasp": 233, "translation_d": 6.278552729484137e-09, "rotation_d": 4.670431522658192e-05, "width_d": 0.004174575328401531}