{"numgrasp": 252, "translation_d": 5.919624533854793e-09, "rotation_d": 5.061885527558616e-05, "width_d": 0.004712405534892024}