{"numgrasp": 236, "translation_d": 6.005364137143143e-09, "rotation_d": 5.00807696746887e-05, "width_d": 0.0042527249619449675}