{"numgrasp": 268, "translation_d": 5.9833813310202164e-09, "rotation_d": 4.7380924340625265e-05, "width_d": 0.002939652375142406}