{"numgrasp": 265, "translation_d": 6.439956349632199e-09, "rotation_d": 4.779884700770661e-05, "width_d": 0.003617814655393736}