{"numgrasp": 261, "translation_d": 6.010888157244558e-09, "rotation_d": 4.712945481058718e-05, "width_d": 0.0033123838054123275}