{"numgrasp": 249, "translation_d": 5.9300758064863965e-09, "rotation_d": 4.812034115437476e-05, "width_d": 0.0032525647432910094}