{"numgrasp": 247, "translation_d": 5.9860714519676876e-09, "rotation_d": 4.4799535178465416e-05, "width_d": 0.0029627139982265393}