{"numgrasp": 243, "translation_d": 5.713357999818047e-09, "rotation_d": 3.908554775525292e-05, "width_d": 0.0026689600658898966}