{"numgrasp": 239, "translation_d": 5.842613730801081e-09, "rotation_d": 4.928197628145004e-05, "width_d": 0.0027074784975116666}