{"numgrasp": 248, "translation_d": 5.48258138255592e-09, "rotation_d": 5.113820372433664e-05, "width_d": 0.0030658852383668987}