{"numgrasp": 247, "translation_d": 5.4241357559245e-09, "rotation_d": 5.3432208818184626e-05, "width_d": 0.0029714756114605514}