{"numgrasp": 269, "translation_d": 6.007773668314834e-09, "rotation_d": 5.4426712083358645e-05, "width_d": 0.003677314860669121}