{"numgrasp": 271, "translation_d": 5.773984820256561e-09, "rotation_d": 5.316895360269246e-05, "width_d": 0.0038489712143345584}