{"numgrasp": 269, "translation_d": 5.986996954262134e-09, "rotation_d": 5.4195735830500046e-05, "width_d": 0.004051444950839534}