{"numgrasp": 256, "translation_d": 5.675192375037909e-09, "rotation_d": 5.437522779212165e-05, "width_d": 0.004410092199400646}