{"numgrasp": 265, "translation_d": 5.597487433883725e-09, "rotation_d": 5.665823648208312e-05, "width_d": 0.004924135293827052}