{"numgrasp": 266, "translation_d": 5.315028745232457e-09, "rotation_d": 5.645907026890213e-05, "width_d": 0.004624366821192252}