{"numgrasp": 269, "translation_d": 6.057715784780718e-09, "rotation_d": 4.642292331301007e-05, "width_d": 0.0032752491614952434}