{"numgrasp": 273, "translation_d": 5.712315467756271e-09, "rotation_d": 5.798676446900908e-05, "width_d": 0.004169946567319708}