{"numgrasp": 276, "translation_d": 5.834249106745005e-09, "rotation_d": 5.872005689547995e-05, "width_d": 0.003749325534164508}