{"numgrasp": 274, "translation_d": 5.611357380258382e-09, "rotation_d": 5.930738645189634e-05, "width_d": 0.0032520274866083177}