{"numgrasp": 279, "translation_d": 5.668893050103088e-09, "rotation_d": 5.9792345930990165e-05, "width_d": 0.003025499925713598}