{"numgrasp": 250, "translation_d": 5.3772453042503985e-09, "rotation_d": 5.970394715071024e-05, "width_d": 0.00307040437479244}