{"numgrasp": 276, "translation_d": 5.584816977233011e-09, "rotation_d": 6.054065030967763e-05, "width_d": 0.003032815983700617}