{"numgrasp": 264, "translation_d": 5.532953983012173e-09, "rotation_d": 5.769270498148021e-05, "width_d": 0.0036361781895650307}