{"numgrasp": 272, "translation_d": 5.272903393501904e-09, "rotation_d": 5.6779025005693364e-05, "width_d": 0.003974932327295121}