{"numgrasp": 259, "translation_d": 6.322664014112192e-09, "rotation_d": 4.465824263976826e-05, "width_d": 0.0030495239507634282}