{"numgrasp": 116, "translation_d": 5.745770491980157e-09, "rotation_d": 5.3783680069550455e-05, "width_d": 0.003954587547224836}