{"numgrasp": 105, "translation_d": 5.774307627089456e-09, "rotation_d": 5.3239953780288686e-05, "width_d": 0.004164745723461406}