{"numgrasp": 120, "translation_d": 5.773057316700965e-09, "rotation_d": 5.170897048729878e-05, "width_d": 0.003612493322934731}