{"numgrasp": 118, "translation_d": 5.928657635404281e-09, "rotation_d": 5.106385530424574e-05, "width_d": 0.003208090706271538}