{"numgrasp": 120, "translation_d": 5.712177751165863e-09, "rotation_d": 5.6130574728560214e-05, "width_d": 0.0015578744529921903}