{"numgrasp": 118, "translation_d": 6.103293100687212e-09, "rotation_d": 4.547156036470126e-05, "width_d": 0.0015660377574981343}