{"numgrasp": 121, "translation_d": 6.121759596662635e-09, "rotation_d": 4.621221684927582e-05, "width_d": 0.0016962377859313963}