{"numgrasp": 126, "translation_d": 5.783975077010575e-09, "rotation_d": 4.6999630571426355e-05, "width_d": 0.0018047452591059957}