{"numgrasp": 127, "translation_d": 5.4307797450853445e-09, "rotation_d": 4.7086401921375206e-05, "width_d": 0.0018988530108106172}