{"numgrasp": 138, "translation_d": 5.9120410572769545e-09, "rotation_d": 4.751631984571004e-05, "width_d": 0.0024803333888934976}