{"numgrasp": 125, "translation_d": 5.6604417300956514e-09, "rotation_d": 4.736068648306238e-05, "width_d": 0.0029250314831558966}