{"numgrasp": 118, "translation_d": 5.844764367800138e-09, "rotation_d": 4.761864422194789e-05, "width_d": 0.00304426808854344}