{"numgrasp": 115, "translation_d": 5.667463105934159e-09, "rotation_d": 4.9167585295566196e-05, "width_d": 0.003694547216550783}