{"numgrasp": 114, "translation_d": 5.8257129562917705e-09, "rotation_d": 4.44938320498218e-05, "width_d": 0.0033991470845240296}