{"numgrasp": 131, "translation_d": 5.742418456731505e-09, "rotation_d": 4.267357874418395e-05, "width_d": 0.003378121534573138}