{"numgrasp": 124, "translation_d": 6.00730703024373e-09, "rotation_d": 4.336855803971845e-05, "width_d": 0.00291829404399446}