{"numgrasp": 120, "translation_d": 5.540868026912246e-09, "rotation_d": 4.222422654492045e-05, "width_d": 0.0027653095403204755}