{"numgrasp": 118, "translation_d": 5.75360864229314e-09, "rotation_d": 4.126080715248527e-05, "width_d": 0.0022142172952266887}