{"numgrasp": 125, "translation_d": 6.170412189737429e-09, "rotation_d": 4.5403681495222185e-05, "width_d": 0.0025241769171011103}