{"numgrasp": 118, "translation_d": 5.845521138731346e-09, "rotation_d": 4.063077812188647e-05, "width_d": 0.0018415329789016096}