{"numgrasp": 123, "translation_d": 6.114983443684273e-09, "rotation_d": 4.0491014167234764e-05, "width_d": 0.001655520313416182}