{"numgrasp": 107, "translation_d": 6.3124624609478685e-09, "rotation_d": 4.600227295809112e-05, "width_d": 0.0015776778104723012}