{"numgrasp": 122, "translation_d": 5.8571175048873794e-09, "rotation_d": 4.211897049164747e-05, "width_d": 0.002177382104103384}