{"numgrasp": 127, "translation_d": 5.719320164273041e-09, "rotation_d": 4.2830221321805685e-05, "width_d": 0.0025395060882745027}