{"numgrasp": 116, "translation_d": 6.689138506335539e-09, "rotation_d": 4.322254053016821e-05, "width_d": 0.0027001943121234004}