{"numgrasp": 122, "translation_d": 5.932085980777646e-09, "rotation_d": 4.51469325216773e-05, "width_d": 0.004381626273350467}