{"numgrasp": 125, "translation_d": 5.9105727230478734e-09, "rotation_d": 4.476965510232303e-05, "width_d": 0.003166424491510258}