{"numgrasp": 101, "translation_d": 6.196425220374685e-09, "rotation_d": 4.681125881122479e-05, "width_d": 0.004015047251951784}