{"numgrasp": 98, "translation_d": 6.354204777540319e-09, "rotation_d": 4.8600654542909336e-05, "width_d": 0.003670437571521067}