{"numgrasp": 114, "translation_d": 5.207999004500042e-09, "rotation_d": 4.176286162900147e-05, "width_d": 0.0044209007916670194}