{"numgrasp": 107, "translation_d": 6.712157222214219e-09, "rotation_d": 5.0935677982130214e-05, "width_d": 0.0036481024893908385}