{"numgrasp": 111, "translation_d": 6.472425701474827e-09, "rotation_d": 5.163003287445753e-05, "width_d": 0.00293190244055641}