{"numgrasp": 101, "translation_d": 6.1037440711428646e-09, "rotation_d": 6.0336567666526754e-05, "width_d": 0.0017749779868890382}