{"numgrasp": 106, "translation_d": 7.0633288195957225e-09, "rotation_d": 5.987888091025921e-05, "width_d": 0.0022207095578356227}