{"numgrasp": 113, "translation_d": 6.175967978549568e-09, "rotation_d": 5.877319260947956e-05, "width_d": 0.002803350020969292}