{"numgrasp": 111, "translation_d": 6.890674621785761e-09, "rotation_d": 5.8133419730654896e-05, "width_d": 0.0030370577175349335}