{"numgrasp": 109, "translation_d": 6.0299658989861114e-09, "rotation_d": 5.514102054075428e-05, "width_d": 0.0032181772171717363}