{"numgrasp": 103, "translation_d": 6.361180864529637e-09, "rotation_d": 5.0400459619947853e-05, "width_d": 0.004084136403766902}