{"numgrasp": 90, "translation_d": 6.599788371613986e-09, "rotation_d": 5.48848993364823e-05, "width_d": 0.0038863284612836637}