{"numgrasp": 103, "translation_d": 6.477726329552912e-09, "rotation_d": 5.476895724303628e-05, "width_d": 0.00409730150902884}