{"numgrasp": 114, "translation_d": 6.02502340480638e-09, "rotation_d": 5.7100182182675405e-05, "width_d": 0.002709161245816969}