{"numgrasp": 113, "translation_d": 6.415784965899851e-09, "rotation_d": 5.737922084300672e-05, "width_d": 0.002518199817804713}