{"numgrasp": 103, "translation_d": 6.538697011674286e-09, "rotation_d": 5.277235392983072e-05, "width_d": 0.0030166666494074682}