{"numgrasp": 100, "translation_d": 6.1017053723543585e-09, "rotation_d": 5.370926178511928e-05, "width_d": 0.003095767103714347}