{"numgrasp": 101, "translation_d": 5.949224325827311e-09, "rotation_d": 5.73045894264716e-05, "width_d": 0.003888999710671482}