{"numgrasp": 102, "translation_d": 5.667615435471048e-09, "rotation_d": 5.7601567800560265e-05, "width_d": 0.003972681556703713}