{"numgrasp": 87, "translation_d": 5.598971745449703e-09, "rotation_d": 5.740869296312613e-05, "width_d": 0.004178392832391317}