{"numgrasp": 129, "translation_d": 6.570587528542764e-09, "rotation_d": 3.914610015621499e-05, "width_d": 0.00334109759931581}