{"numgrasp": 95, "translation_d": 5.622214626483213e-09, "rotation_d": 4.8482322911089125e-05, "width_d": 0.0032304642942105393}