{"numgrasp": 111, "translation_d": 5.736030185358199e-09, "rotation_d": 4.56891294950281e-05, "width_d": 0.0031966537364591847}