{"numgrasp": 127, "translation_d": 6.019804377132949e-09, "rotation_d": 3.9900660382176705e-05, "width_d": 0.003042659829608187}