{"numgrasp": 107, "translation_d": 5.654112647785072e-09, "rotation_d": 4.133352731195398e-05, "width_d": 0.0023689136827570187}