{"numgrasp": 104, "translation_d": 5.996218137275497e-09, "rotation_d": 4.0456469592425675e-05, "width_d": 0.0030959976605087077}