{"numgrasp": 85, "translation_d": 5.5115330543228145e-09, "rotation_d": 4.090569419589554e-05, "width_d": 0.003623983634415616}