{"numgrasp": 126, "translation_d": 6.153286724376212e-09, "rotation_d": 5.538019591168889e-05, "width_d": 0.001730681487019296}