{"numgrasp": 133, "translation_d": 6.560197110397286e-09, "rotation_d": 4.357851080545438e-05, "width_d": 0.001891229303055048}