{"numgrasp": 134, "translation_d": 6.455845758908247e-09, "rotation_d": 3.896223696045501e-05, "width_d": 0.002223654614208954}