{"numgrasp": 131, "translation_d": 6.352102294905324e-09, "rotation_d": 3.905509839114391e-05, "width_d": 0.0023216739728200634}