{"numgrasp": 129, "translation_d": 6.114534376277653e-09, "rotation_d": 3.7568552511629544e-05, "width_d": 0.0026888277831467523}