{"numgrasp": 121, "translation_d": 6.641156026484727e-09, "rotation_d": 5.3745724259734876e-05, "width_d": 0.0019391755487226812}