{"numgrasp": 126, "translation_d": 5.6573401223894886e-09, "rotation_d": 4.553614401570386e-05, "width_d": 0.0038024373104964065}