{"numgrasp": 134, "translation_d": 5.829566191665454e-09, "rotation_d": 5.190491386302094e-05, "width_d": 0.003447164431331277}