{"numgrasp": 136, "translation_d": 6.462194104284839e-09, "rotation_d": 4.130802606447223e-05, "width_d": 0.0019548632623703315}