{"numgrasp": 127, "translation_d": 6.105912257692043e-09, "rotation_d": 4.096116056497219e-05, "width_d": 0.0019490320505956115}