{"numgrasp": 137, "translation_d": 6.445415598140093e-09, "rotation_d": 5.063015080381141e-05, "width_d": 0.001977886248456956}