{"numgrasp": 126, "translation_d": 6.467725715410961e-09, "rotation_d": 5.011848098326013e-05, "width_d": 0.0025086537755319533}