{"numgrasp": 125, "translation_d": 5.421345562528391e-09, "rotation_d": 5.411671058244928e-05, "width_d": 0.0033686268987519774}