{"numgrasp": 133, "translation_d": 5.816549427922376e-09, "rotation_d": 5.380557461945345e-05, "width_d": 0.00340653804098587}