{"numgrasp": 127, "translation_d": 5.55906640550662e-09, "rotation_d": 5.231558434630411e-05, "width_d": 0.004005287278093504}