{"numgrasp": 126, "translation_d": 6.017800322331587e-09, "rotation_d": 5.481744536831331e-05, "width_d": 0.0032699838108582705}