{"numgrasp": 125, "translation_d": 5.932584275663263e-09, "rotation_d": 5.7064849135625896e-05, "width_d": 0.0023703425015912352}