{"numgrasp": 122, "translation_d": 6.327202529715613e-09, "rotation_d": 5.8307728097525734e-05, "width_d": 0.0021198251753173133}