{"numgrasp": 124, "translation_d": 6.092110617597269e-09, "rotation_d": 5.598340698402429e-05, "width_d": 0.0018100224793361254}