{"numgrasp": 123, "translation_d": 6.339239942596798e-09, "rotation_d": 5.487793941588271e-05, "width_d": 0.001760947731667523}