{"numgrasp": 129, "translation_d": 6.145807424089269e-09, "rotation_d": 4.877725060331871e-05, "width_d": 0.002894757107008843}