{"numgrasp": 130, "translation_d": 6.110307738406788e-09, "rotation_d": 5.964719918022003e-05, "width_d": 0.0016886173425395069}