{"numgrasp": 119, "translation_d": 5.2976624704217365e-09, "rotation_d": 5.8320890922412996e-05, "width_d": 0.001913263232893842}