{"numgrasp": 126, "translation_d": 6.165528815409569e-09, "rotation_d": 5.7016770232108465e-05, "width_d": 0.0021687569938068944}