{"numgrasp": 199, "translation_d": 5.869979863853949e-09, "rotation_d": 5.055616769429538e-05, "width_d": 0.004161643513285391}