{"numgrasp": 208, "translation_d": 6.058440556239334e-09, "rotation_d": 5.052834411310257e-05, "width_d": 0.004575794562143113}