{"numgrasp": 206, "translation_d": 6.3084027718520185e-09, "rotation_d": 5.282499575686752e-05, "width_d": 0.00471004931856839}