{"numgrasp": 219, "translation_d": 6.244000468063709e-09, "rotation_d": 5.796145568402356e-05, "width_d": 0.004859150118953753}