{"numgrasp": 188, "translation_d": 5.551485175446943e-09, "rotation_d": 5.774495992970423e-05, "width_d": 0.003355404914714156}