{"numgrasp": 193, "translation_d": 5.803112139176151e-09, "rotation_d": 5.8206855523257385e-05, "width_d": 0.003150643525291214}