{"numgrasp": 185, "translation_d": 5.445438461346356e-09, "rotation_d": 5.7705686740663736e-05, "width_d": 0.0022162791399071924}