{"numgrasp": 186, "translation_d": 5.799846841825258e-09, "rotation_d": 5.6367735331004594e-05, "width_d": 0.0021162189320573584}