{"numgrasp": 207, "translation_d": 5.819465277425886e-09, "rotation_d": 6.185411991427009e-05, "width_d": 0.003568361322154618}