{"numgrasp": 216, "translation_d": 5.530969149567294e-09, "rotation_d": 6.171993501540662e-05, "width_d": 0.0037517354686538266}