{"numgrasp": 246, "translation_d": 6.0547400843354294e-09, "rotation_d": 5.028577185912559e-05, "width_d": 0.0032901511574351615}