{"numgrasp": 231, "translation_d": 5.507640219104252e-09, "rotation_d": 5.6912807336401555e-05, "width_d": 0.004216726502028412}