{"numgrasp": 209, "translation_d": 5.3324746794368336e-09, "rotation_d": 5.805242252439422e-05, "width_d": 0.003579188462529464}