{"numgrasp": 225, "translation_d": 5.576327546773296e-09, "rotation_d": 5.669095342713653e-05, "width_d": 0.003338068251009347}