{"numgrasp": 223, "translation_d": 5.40381305370567e-09, "rotation_d": 5.3830840526585796e-05, "width_d": 0.0030864753291744308}