{"numgrasp": 210, "translation_d": 5.316087060650972e-09, "rotation_d": 5.514612128839225e-05, "width_d": 0.0027751192855965993}