{"numgrasp": 216, "translation_d": 5.218615877141788e-09, "rotation_d": 4.3544852121674385e-05, "width_d": 0.002984052747310405}