{"numgrasp": 222, "translation_d": 5.30948588292915e-09, "rotation_d": 4.7960943411840566e-05, "width_d": 0.0034347628453579053}