{"numgrasp": 217, "translation_d": 5.373523015686779e-09, "rotation_d": 4.941812144365317e-05, "width_d": 0.0038489089834504143}