{"numgrasp": 213, "translation_d": 5.2087666939833775e-09, "rotation_d": 4.953305137273189e-05, "width_d": 0.004023287403080725}