{"numgrasp": 209, "translation_d": 4.897723808821793e-09, "rotation_d": 5.0003145209229896e-05, "width_d": 0.004164790891296313}