{"numgrasp": 212, "translation_d": 4.9368211339365875e-09, "rotation_d": 4.162174878020324e-05, "width_d": 0.003908100128108142}