{"numgrasp": 218, "translation_d": 5.300483154723057e-09, "rotation_d": 4.010188120612389e-05, "width_d": 0.0038744596399424122}