{"numgrasp": 217, "translation_d": 5.096110406506099e-09, "rotation_d": 4.149697031205489e-05, "width_d": 0.003680791403979254}