{"numgrasp": 229, "translation_d": 4.904961159551406e-09, "rotation_d": 4.319213015700041e-05, "width_d": 0.00354871583224753}