{"numgrasp": 223, "translation_d": 5.367610103767496e-09, "rotation_d": 4.1161565909850144e-05, "width_d": 0.003033615417985103}