{"numgrasp": 210, "translation_d": 4.941564028724246e-09, "rotation_d": 4.074997339535296e-05, "width_d": 0.0030236374238135372}