{"numgrasp": 240, "translation_d": 6.1317409620752314e-09, "rotation_d": 4.81661720887175e-05, "width_d": 0.003909398927467512}