{"numgrasp": 209, "translation_d": 5.165596055322507e-09, "rotation_d": 4.219431122482371e-05, "width_d": 0.0025663084691523556}