{"numgrasp": 226, "translation_d": 5.373651111238136e-09, "rotation_d": 4.507165251743436e-05, "width_d": 0.0031183927568436626}