{"numgrasp": 216, "translation_d": 5.066801479785702e-09, "rotation_d": 4.37829548352014e-05, "width_d": 0.003825122920404197}