{"numgrasp": 234, "translation_d": 4.845619598224665e-09, "rotation_d": 4.1760714971710335e-05, "width_d": 0.003647481861107957}