{"numgrasp": 245, "translation_d": 6.303718669079876e-09, "rotation_d": 4.8495923396274844e-05, "width_d": 0.0036422717966710697}