{"numgrasp": 217, "translation_d": 4.7936521208656745e-09, "rotation_d": 4.236553674636167e-05, "width_d": 0.0038389921884081145}