{"numgrasp": 218, "translation_d": 4.990768604635184e-09, "rotation_d": 4.1911896866504625e-05, "width_d": 0.003827270688268061}