{"numgrasp": 217, "translation_d": 5.062526928836021e-09, "rotation_d": 4.1737450598831716e-05, "width_d": 0.004097301169325464}