{"numgrasp": 209, "translation_d": 4.882374954361858e-09, "rotation_d": 4.491877040900934e-05, "width_d": 0.004029695640408157}