{"numgrasp": 232, "translation_d": 5.004545805792464e-09, "rotation_d": 4.746807991693597e-05, "width_d": 0.003928033060452788}