{"numgrasp": 236, "translation_d": 5.1081842396257565e-09, "rotation_d": 4.778329053275331e-05, "width_d": 0.0038234459539105807}