{"numgrasp": 243, "translation_d": 4.8798526151039464e-09, "rotation_d": 4.956689198617126e-05, "width_d": 0.0035362134202245044}