{"numgrasp": 249, "translation_d": 6.218279174235153e-09, "rotation_d": 4.9065185027854934e-05, "width_d": 0.0033584746020799204}