{"numgrasp": 249, "translation_d": 4.939462785802968e-09, "rotation_d": 5.5431947198375586e-05, "width_d": 0.003119664257223764}