{"numgrasp": 225, "translation_d": 4.779700168336675e-09, "rotation_d": 5.558602286378601e-05, "width_d": 0.0026243078234674064}