{"numgrasp": 221, "translation_d": 5.005906962045016e-09, "rotation_d": 5.616683516006033e-05, "width_d": 0.002916281009521845}