{"numgrasp": 220, "translation_d": 4.877095281361002e-09, "rotation_d": 5.3728093357860536e-05, "width_d": 0.004231764043805423}