{"numgrasp": 223, "translation_d": 4.6363867180916826e-09, "rotation_d": 5.226282568509324e-05, "width_d": 0.004620001462125496}