{"numgrasp": 244, "translation_d": 4.8303627014190266e-09, "rotation_d": 5.359411291132965e-05, "width_d": 0.004265829938409658}