{"numgrasp": 239, "translation_d": 4.904517382279455e-09, "rotation_d": 5.450169010604051e-05, "width_d": 0.004248851575538792}