{"numgrasp": 249, "translation_d": 4.742660773811942e-09, "rotation_d": 5.522049271584783e-05, "width_d": 0.004054580549140649}