{"numgrasp": 229, "translation_d": 5.135010938614842e-09, "rotation_d": 5.646147674754025e-05, "width_d": 0.0030897219907529546}