{"numgrasp": 252, "translation_d": 4.471343363379567e-09, "rotation_d": 5.4164369108761295e-05, "width_d": 0.003907933847571296}