{"numgrasp": 248, "translation_d": 4.700798669679279e-09, "rotation_d": 5.3636552222634536e-05, "width_d": 0.004024334857358189}