{"numgrasp": 254, "translation_d": 4.646331057024731e-09, "rotation_d": 5.350261488298919e-05, "width_d": 0.0042957558484417475}