{"numgrasp": 220, "translation_d": 5.8382175379659355e-09, "rotation_d": 5.679893738234997e-05, "width_d": 0.002129101800747068}