{"numgrasp": 218, "translation_d": 5.977313332973302e-09, "rotation_d": 5.689113888664442e-05, "width_d": 0.001997576962328149}