{"numgrasp": 233, "translation_d": 5.9064947396107395e-09, "rotation_d": 5.30316538707317e-05, "width_d": 0.0022753106637731124}