{"numgrasp": 236, "translation_d": 6.3840296913025224e-09, "rotation_d": 4.6197834361230915e-05, "width_d": 0.0046282323050647715}