{"numgrasp": 232, "translation_d": 6.46020545789447e-09, "rotation_d": 4.669376944749604e-05, "width_d": 0.004105003294900161}