{"numgrasp": 226, "translation_d": 5.845197524990398e-09, "rotation_d": 5.634747832529343e-05, "width_d": 0.002145633855712671}