{"numgrasp": 231, "translation_d": 6.135792153897366e-09, "rotation_d": 4.337616797632877e-05, "width_d": 0.004081163368799668}