{"numgrasp": 237, "translation_d": 6.511116314744065e-09, "rotation_d": 4.552002001622105e-05, "width_d": 0.0037708789836801673}