{"numgrasp": 231, "translation_d": 6.16761097626729e-09, "rotation_d": 4.4395435184714224e-05, "width_d": 0.0032204981417025126}