{"numgrasp": 231, "translation_d": 6.1583609432188806e-09, "rotation_d": 4.992419064460765e-05, "width_d": 0.0020594125830130454}