{"numgrasp": 246, "translation_d": 6.2117990843036764e-09, "rotation_d": 4.4533333447721524e-05, "width_d": 0.002253951640696033}