{"numgrasp": 229, "translation_d": 6.393994494201466e-09, "rotation_d": 4.219209754434568e-05, "width_d": 0.002382202779236392}