{"numgrasp": 205, "translation_d": 5.951684856870113e-09, "rotation_d": 4.264000677597313e-05, "width_d": 0.003601232148198436}