{"numgrasp": 205, "translation_d": 6.143119240955843e-09, "rotation_d": 4.215461921945956e-05, "width_d": 0.0037847150199406287}