{"numgrasp": 214, "translation_d": 6.227304313964851e-09, "rotation_d": 4.406319583200656e-05, "width_d": 0.004065179431166885}