{"numgrasp": 218, "translation_d": 5.821745047966978e-09, "rotation_d": 4.3713049970542976e-05, "width_d": 0.00446562015992436}