{"numgrasp": 206, "translation_d": 6.0250532535343994e-09, "rotation_d": 4.400851879758139e-05, "width_d": 0.004796191267701936}