{"numgrasp": 214, "translation_d": 6.087177981316471e-09, "rotation_d": 4.604409767215948e-05, "width_d": 0.005206734865063554}