{"numgrasp": 215, "translation_d": 6.0659501507060385e-09, "rotation_d": 4.637946150685359e-05, "width_d": 0.0050702933098122575}