{"numgrasp": 244, "translation_d": 6.216960974341779e-09, "rotation_d": 5.444070097524473e-05, "width_d": 0.002757046204253244}