{"numgrasp": 219, "translation_d": 5.800105712150735e-09, "rotation_d": 4.427058765432882e-05, "width_d": 0.0032825963820747486}