{"numgrasp": 225, "translation_d": 6.177055959431244e-09, "rotation_d": 4.0890273084177704e-05, "width_d": 0.0022527888713151346}