{"numgrasp": 221, "translation_d": 6.257507526237848e-09, "rotation_d": 4.1651426597699485e-05, "width_d": 0.0021734203218141852}