{"numgrasp": 201, "translation_d": 5.902832702128671e-09, "rotation_d": 4.5105694202985e-05, "width_d": 0.0021995451184649894}