{"numgrasp": 199, "translation_d": 5.627702724434534e-09, "rotation_d": 4.870562707516164e-05, "width_d": 0.0024423482826434182}