{"numgrasp": 200, "translation_d": 5.993061665382322e-09, "rotation_d": 5.011280293044816e-05, "width_d": 0.003161219871224929}