{"numgrasp": 243, "translation_d": 5.925531569407622e-09, "rotation_d": 5.246580510746989e-05, "width_d": 0.002928322073847203}