{"numgrasp": 306, "translation_d": 4.7524525248540465e-09, "rotation_d": 5.28584042002429e-05, "width_d": 0.004629239016670055}