{"numgrasp": 314, "translation_d": 4.721109538364773e-09, "rotation_d": 5.221296537740842e-05, "width_d": 0.005387874990784177}