{"numgrasp": 279, "translation_d": 4.482238786211741e-09, "rotation_d": 5.179093878065465e-05, "width_d": 0.005989308041152851}