{"numgrasp": 308, "translation_d": 4.5065325564969356e-09, "rotation_d": 5.177096077833073e-05, "width_d": 0.004907317380279639}