{"numgrasp": 312, "translation_d": 4.638015770962397e-09, "rotation_d": 5.099959611464016e-05, "width_d": 0.0032001639986033704}