{"numgrasp": 279, "translation_d": 4.668961629934177e-09, "rotation_d": 5.125601878990555e-05, "width_d": 0.0026095327343655787}