{"numgrasp": 345, "translation_d": 6.654818291377048e-09, "rotation_d": 4.9536601652187396e-05, "width_d": 0.004014946190229116}