{"numgrasp": 282, "translation_d": 4.451514198593719e-09, "rotation_d": 4.796901915314486e-05, "width_d": 0.002266186270843863}