{"numgrasp": 284, "translation_d": 4.513469503357252e-09, "rotation_d": 4.81912736156552e-05, "width_d": 0.003087658678339657}