{"numgrasp": 294, "translation_d": 4.4342303309758054e-09, "rotation_d": 4.7952241759752054e-05, "width_d": 0.005757005655425973}