{"numgrasp": 286, "translation_d": 4.25123440062863e-09, "rotation_d": 4.4540906713275524e-05, "width_d": 0.007818861144915248}