{"numgrasp": 282, "translation_d": 4.16835303157264e-09, "rotation_d": 4.9046987553802946e-05, "width_d": 0.005555316405043269}