{"numgrasp": 256, "translation_d": 4.274064461600041e-09, "rotation_d": 5.0140438538644476e-05, "width_d": 0.0019023024015833057}