{"numgrasp": 263, "translation_d": 4.1412812561955216e-09, "rotation_d": 4.992395001993551e-05, "width_d": 0.002270416205278679}