{"numgrasp": 277, "translation_d": 4.1066856866796375e-09, "rotation_d": 4.85219666617911e-05, "width_d": 0.0032702474751772695}