{"numgrasp": 280, "translation_d": 4.158970716196922e-09, "rotation_d": 4.939556607538085e-05, "width_d": 0.00424073615435561}