{"numgrasp": 292, "translation_d": 4.342598420510188e-09, "rotation_d": 4.8977363569588134e-05, "width_d": 0.0049486700314683016}