{"numgrasp": 277, "translation_d": 4.117761543497835e-09, "rotation_d": 5.153658660385426e-05, "width_d": 0.006847676700129278}