{"numgrasp": 292, "translation_d": 3.899499050750383e-09, "rotation_d": 5.025991814180009e-05, "width_d": 0.007418189040626455}