{"numgrasp": 261, "translation_d": 3.945814941688983e-09, "rotation_d": 5.711568615959478e-05, "width_d": 0.008068787502428088}