{"numgrasp": 279, "translation_d": 4.047573969984095e-09, "rotation_d": 5.2888156723726085e-05, "width_d": 0.006267739853166619}