{"numgrasp": 275, "translation_d": 3.965315676884507e-09, "rotation_d": 5.2999280931024813e-05, "width_d": 0.00610174406001263}