{"numgrasp": 286, "translation_d": 3.9340823531504196e-09, "rotation_d": 5.227529558849627e-05, "width_d": 0.005233422062190969}