{"numgrasp": 255, "translation_d": 4.189082263872577e-09, "rotation_d": 5.498877218478919e-05, "width_d": 0.002277522797303134}