{"numgrasp": 152, "translation_d": 4.3878925534467655e-09, "rotation_d": 5.993762190209832e-05, "width_d": 0.002211722189025001}