{"numgrasp": 237, "translation_d": 4.000128201094856e-09, "rotation_d": 5.767595018845599e-05, "width_d": 0.004935678122369099}