{"numgrasp": 234, "translation_d": 4.271252147786754e-09, "rotation_d": 5.7190100526432345e-05, "width_d": 0.005313224113410827}