{"numgrasp": 277, "translation_d": 6.9035735025474655e-09, "rotation_d": 5.123348137805358e-05, "width_d": 0.0040590483670701364}