{"numgrasp": 261, "translation_d": 4.041436089665201e-09, "rotation_d": 5.6380148580731186e-05, "width_d": 0.005722550972782623}