{"numgrasp": 268, "translation_d": 4.083751612848429e-09, "rotation_d": 5.6398153024864255e-05, "width_d": 0.0069637394618970415}