{"numgrasp": 313, "translation_d": 6.3813206325479745e-09, "rotation_d": 5.199023424140586e-05, "width_d": 0.00232446081813462}