{"numgrasp": 253, "translation_d": 4.362649809102502e-09, "rotation_d": 6.115694865612701e-05, "width_d": 0.005842976694107392}