{"numgrasp": 233, "translation_d": 4.597607768009606e-09, "rotation_d": 6.076633801165476e-05, "width_d": 0.004288566136443664}