{"numgrasp": 225, "translation_d": 4.219441002715454e-09, "rotation_d": 6.149027789576691e-05, "width_d": 0.004023172352729145}