{"numgrasp": 234, "translation_d": 4.4198342553527165e-09, "rotation_d": 6.177918856502039e-05, "width_d": 0.0035505470560519728}