{"numgrasp": 217, "translation_d": 4.583074171056512e-09, "rotation_d": 6.221913786065403e-05, "width_d": 0.0026005875592553904}