{"numgrasp": 222, "translation_d": 4.713250250349486e-09, "rotation_d": 5.6584288426305516e-05, "width_d": 0.00302721777551359}