{"numgrasp": 266, "translation_d": 4.086614990107011e-09, "rotation_d": 5.74069725735036e-05, "width_d": 0.0067359199831406496}