{"numgrasp": 209, "translation_d": 4.4421361206416955e-09, "rotation_d": 4.87339593000908e-05, "width_d": 0.005489059837090068}