{"numgrasp": 224, "translation_d": 4.381637710376987e-09, "rotation_d": 5.071179358140054e-05, "width_d": 0.005452440858449327}