{"numgrasp": 336, "translation_d": 6.585114667731614e-09, "rotation_d": 4.848622797459255e-05, "width_d": 0.0034357779473224537}