{"numgrasp": 254, "translation_d": 4.30436359164629e-09, "rotation_d": 5.274844803663393e-05, "width_d": 0.004127811501450786}