{"numgrasp": 240, "translation_d": 4.546917666654287e-09, "rotation_d": 5.187312903235231e-05, "width_d": 0.003707706984296553}