{"numgrasp": 333, "translation_d": 6.39015914632865e-09, "rotation_d": 4.826768570794193e-05, "width_d": 0.003260906714964613}