{"numgrasp": 223, "translation_d": 4.902521709534862e-09, "rotation_d": 4.005404160348706e-05, "width_d": 0.0034848145485002285}