{"numgrasp": 239, "translation_d": 4.9204228073468e-09, "rotation_d": 4.262732633847783e-05, "width_d": 0.004352752487297941}