{"numgrasp": 332, "translation_d": 6.235877058818627e-09, "rotation_d": 4.6325195611114066e-05, "width_d": 0.0030565269351350345}