{"numgrasp": 236, "translation_d": 4.651753799541763e-09, "rotation_d": 4.415419885658175e-05, "width_d": 0.004435070073687919}