{"numgrasp": 233, "translation_d": 4.442430620872072e-09, "rotation_d": 4.433984109726886e-05, "width_d": 0.005260505477582428}