{"numgrasp": 344, "translation_d": 6.234557533359589e-09, "rotation_d": 4.739287980238782e-05, "width_d": 0.0029433829103873185}