{"numgrasp": 330, "translation_d": 6.467976791577757e-09, "rotation_d": 4.754460702710558e-05, "width_d": 0.002727500086725717}