{"numgrasp": 337, "translation_d": 6.253594285875776e-09, "rotation_d": 5.1324087549832095e-05, "width_d": 0.0026430505805840406}