{"numgrasp": 313, "translation_d": 5.941143778027104e-09, "rotation_d": 4.715773874670565e-05, "width_d": 0.0023711055388310545}