{"numgrasp": 306, "translation_d": 6.368964137974912e-09, "rotation_d": 4.9192228644789685e-05, "width_d": 0.0027047317939086417}