{"numgrasp": 307, "translation_d": 6.409212866336961e-09, "rotation_d": 4.772105289446799e-05, "width_d": 0.0029086402877638736}