{"numgrasp": 277, "translation_d": 6.299115726378986e-09, "rotation_d": 4.98943036561245e-05, "width_d": 0.003448928903318024}