{"numgrasp": 251, "translation_d": 6.955148550405477e-09, "rotation_d": 5.285567987869416e-05, "width_d": 0.003404363270930116}