{"numgrasp": 230, "translation_d": 6.622491746362562e-09, "rotation_d": 5.066918729593623e-05, "width_d": 0.0036735279648326376}