{"numgrasp": 234, "translation_d": 6.247539078931231e-09, "rotation_d": 4.87003866050379e-05, "width_d": 0.0037087208810020274}