{"numgrasp": 305, "translation_d": 6.088639449025761e-09, "rotation_d": 4.8627210359253055e-05, "width_d": 0.00253168738591056}