{"numgrasp": 303, "translation_d": 5.778917093671866e-09, "rotation_d": 4.839344457532567e-05, "width_d": 0.002282408677726434}