{"numgrasp": 304, "translation_d": 5.968104677612137e-09, "rotation_d": 4.629119800951766e-05, "width_d": 0.001921537785399655}