{"numgrasp": 342, "translation_d": 5.582362533853946e-09, "rotation_d": 4.714435211931456e-05, "width_d": 0.0037333134921073573}