{"numgrasp": 300, "translation_d": 5.15118973115176e-09, "rotation_d": 4.779552341371731e-05, "width_d": 0.0050812335875634615}