{"numgrasp": 323, "translation_d": 5.5516044130928806e-09, "rotation_d": 5.0230949803220874e-05, "width_d": 0.0044642495588294}