{"numgrasp": 312, "translation_d": 5.481975306273854e-09, "rotation_d": 4.9455692129730726e-05, "width_d": 0.004117021966152341}