{"numgrasp": 319, "translation_d": 5.392287082899863e-09, "rotation_d": 5.1897764338564407e-05, "width_d": 0.0030997952228040042}