{"numgrasp": 335, "translation_d": 5.427534706329852e-09, "rotation_d": 5.235879239099842e-05, "width_d": 0.0030333347465562855}