{"numgrasp": 304, "translation_d": 5.233897269296608e-09, "rotation_d": 5.249090387690726e-05, "width_d": 0.0018058702556993014}