{"numgrasp": 266, "translation_d": 5.693512149770194e-09, "rotation_d": 5.212586545923912e-05, "width_d": 0.0011309424265703077}