{"numgrasp": 270, "translation_d": 5.638723429971584e-09, "rotation_d": 5.324016730022234e-05, "width_d": 0.0012716351766258523}