{"numgrasp": 400, "translation_d": 5.317153383953677e-09, "rotation_d": 4.185411139161388e-05, "width_d": 0.002248235436288045}