{"numgrasp": 369, "translation_d": 4.758993180377469e-09, "rotation_d": 5.6223860986002125e-05, "width_d": 0.0037162800692523068}