{"numgrasp": 371, "translation_d": 4.927643763073027e-09, "rotation_d": 5.724489407186766e-05, "width_d": 0.0038696422039349886}