{"numgrasp": 430, "translation_d": 5.1116949173961055e-09, "rotation_d": 5.096452198397964e-05, "width_d": 0.003507164208011863}