{"numgrasp": 393, "translation_d": 4.937506042108793e-09, "rotation_d": 5.0198430835328015e-05, "width_d": 0.0033208929782452866}