{"numgrasp": 388, "translation_d": 4.821968745215748e-09, "rotation_d": 5.102240587319884e-05, "width_d": 0.0031984860344605745}