{"numgrasp": 396, "translation_d": 5.03939160848227e-09, "rotation_d": 5.170056452039388e-05, "width_d": 0.002592835082510428}