{"numgrasp": 407, "translation_d": 5.096664731456717e-09, "rotation_d": 5.305044005803989e-05, "width_d": 0.002463046665776423}