{"numgrasp": 315, "translation_d": 5.499369527955541e-09, "rotation_d": 4.19115660862092e-05, "width_d": 0.006095624350213692}