{"numgrasp": 392, "translation_d": 5.043568494662072e-09, "rotation_d": 4.134402874018146e-05, "width_d": 0.0023388998192814163}