{"numgrasp": 408, "translation_d": 4.943599060792393e-09, "rotation_d": 4.0955826505318e-05, "width_d": 0.0024010684326759278}