{"numgrasp": 397, "translation_d": 4.85073225143345e-09, "rotation_d": 5.211080515144144e-05, "width_d": 0.002459975874123152}