{"numgrasp": 392, "translation_d": 4.8003162802118345e-09, "rotation_d": 4.159221760472972e-05, "width_d": 0.002559178293586816}