{"numgrasp": 411, "translation_d": 5.043208871192187e-09, "rotation_d": 4.1766241830495454e-05, "width_d": 0.0026446375347190243}