{"numgrasp": 403, "translation_d": 5.0106850121782235e-09, "rotation_d": 4.144098875864811e-05, "width_d": 0.003001597595000131}