{"numgrasp": 405, "translation_d": 4.963456510412768e-09, "rotation_d": 4.251604271615189e-05, "width_d": 0.002936502248777264}