{"numgrasp": 402, "translation_d": 4.626703470455864e-09, "rotation_d": 4.036439227659257e-05, "width_d": 0.0032509458263834438}