{"numgrasp": 401, "translation_d": 4.824482270809255e-09, "rotation_d": 4.065836393167956e-05, "width_d": 0.0032891014902340565}