{"numgrasp": 446, "translation_d": 4.8726527765975345e-09, "rotation_d": 3.9450525971548166e-05, "width_d": 0.003100950560040161}