{"numgrasp": 428, "translation_d": 4.795756997372207e-09, "rotation_d": 3.7425196849265554e-05, "width_d": 0.002900658394494591}