{"numgrasp": 433, "translation_d": 4.859578438213095e-09, "rotation_d": 3.639725768910712e-05, "width_d": 0.0025379513013314317}