{"numgrasp": 423, "translation_d": 4.722027720165384e-09, "rotation_d": 3.6007801512287465e-05, "width_d": 0.0025873710702030007}