{"numgrasp": 328, "translation_d": 5.678816494611102e-09, "rotation_d": 4.192932546892163e-05, "width_d": 0.006392404633237168}