{"numgrasp": 434, "translation_d": 4.743983555601933e-09, "rotation_d": 5.0345592903841075e-05, "width_d": 0.002425870238624523}