{"numgrasp": 466, "translation_d": 4.589775127319057e-09, "rotation_d": 4.321449147088354e-05, "width_d": 0.003905134642246444}