{"numgrasp": 500, "translation_d": 4.618500483603952e-09, "rotation_d": 5.099678700546919e-05, "width_d": 0.004052623833560619}