{"numgrasp": 503, "translation_d": 4.740225482047103e-09, "rotation_d": 5.182133983714484e-05, "width_d": 0.003744428314207094}