{"numgrasp": 507, "translation_d": 4.645978841546643e-09, "rotation_d": 5.21050983634486e-05, "width_d": 0.003448395606448689}