{"numgrasp": 507, "translation_d": 4.736210012141326e-09, "rotation_d": 5.247909575323913e-05, "width_d": 0.0036598127193954123}