{"numgrasp": 500, "translation_d": 4.683563110877881e-09, "rotation_d": 5.356779567060628e-05, "width_d": 0.003171631627798227}