{"numgrasp": 489, "translation_d": 4.632849327667411e-09, "rotation_d": 5.512912394161453e-05, "width_d": 0.0028537125221430866}