{"numgrasp": 474, "translation_d": 4.669738376653771e-09, "rotation_d": 5.633084466492542e-05, "width_d": 0.0028594446884185904}