{"numgrasp": 391, "translation_d": 4.791257086834458e-09, "rotation_d": 6.117108780963812e-05, "width_d": 0.0027962420064145967}