{"numgrasp": 447, "translation_d": 4.79655381756643e-09, "rotation_d": 6.163842719648205e-05, "width_d": 0.0030840535616147545}