{"numgrasp": 481, "translation_d": 4.690504929326955e-09, "rotation_d": 6.0300266323711276e-05, "width_d": 0.003578497543643951}