{"numgrasp": 453, "translation_d": 4.755784379960656e-09, "rotation_d": 5.976746253932386e-05, "width_d": 0.0036743572761850905}