{"numgrasp": 483, "translation_d": 4.765712790337974e-09, "rotation_d": 5.842839122141977e-05, "width_d": 0.004054936403307629}