{"numgrasp": 463, "translation_d": 4.761001473659451e-09, "rotation_d": 5.788829602100644e-05, "width_d": 0.005269990658773815}