{"numgrasp": 462, "translation_d": 4.7775657125489275e-09, "rotation_d": 5.953202673024876e-05, "width_d": 0.004732595102903624}