{"numgrasp": 353, "translation_d": 6.528653853184156e-09, "rotation_d": 5.6236687739562824e-05, "width_d": 0.0031414649089633695}