{"numgrasp": 438, "translation_d": 4.779182912892585e-09, "rotation_d": 6.0716877482038676e-05, "width_d": 0.00436319893515808}