{"numgrasp": 424, "translation_d": 4.593825935391249e-09, "rotation_d": 6.0142067853933126e-05, "width_d": 0.003225042007399565}