{"numgrasp": 407, "translation_d": 4.650180752447341e-09, "rotation_d": 5.45174179157125e-05, "width_d": 0.003084564482415687}