{"numgrasp": 358, "translation_d": 4.376389490880697e-09, "rotation_d": 4.737569623929729e-05, "width_d": 0.0034185499970949937}