{"numgrasp": 393, "translation_d": 4.569966775895551e-09, "rotation_d": 5.0909849230280664e-05, "width_d": 0.0036086107663347066}