{"numgrasp": 427, "translation_d": 4.465186245675805e-09, "rotation_d": 5.538449470136859e-05, "width_d": 0.004310854217782338}