{"numgrasp": 415, "translation_d": 4.345378009882427e-09, "rotation_d": 5.669597070479864e-05, "width_d": 0.004419884782498532}