{"numgrasp": 408, "translation_d": 4.332527234826231e-09, "rotation_d": 5.7404296745735956e-05, "width_d": 0.0047038781959484535}