{"numgrasp": 355, "translation_d": 5.8473527350823164e-09, "rotation_d": 3.7657850154982785e-05, "width_d": 0.005421628786095188}