{"numgrasp": 428, "translation_d": 4.675127720163021e-09, "rotation_d": 5.8975530923999253e-05, "width_d": 0.005378127106320013}