{"numgrasp": 452, "translation_d": 4.785481180447237e-09, "rotation_d": 5.9015650387765125e-05, "width_d": 0.005507702072581816}