{"numgrasp": 445, "translation_d": 4.734034314443822e-09, "rotation_d": 5.939605395487239e-05, "width_d": 0.005805362244589277}