{"numgrasp": 391, "translation_d": 4.802286570120276e-09, "rotation_d": 5.5472636246096925e-05, "width_d": 0.006517823865820505}