{"numgrasp": 377, "translation_d": 4.803125248736916e-09, "rotation_d": 5.371458244964464e-05, "width_d": 0.006565772357292294}