{"numgrasp": 365, "translation_d": 4.293741008863745e-09, "rotation_d": 5.3729269916232065e-05, "width_d": 0.006329600997368604}