{"numgrasp": 378, "translation_d": 4.2691568133236425e-09, "rotation_d": 5.2743044060862895e-05, "width_d": 0.006192152517666365}