{"numgrasp": 364, "translation_d": 4.577874504075043e-09, "rotation_d": 5.18913414571399e-05, "width_d": 0.005922881239781908}