{"numgrasp": 348, "translation_d": 4.4651030742105165e-09, "rotation_d": 4.9214804196030013e-05, "width_d": 0.005444032620316554}