{"numgrasp": 359, "translation_d": 4.537751538743933e-09, "rotation_d": 4.6642342718806925e-05, "width_d": 0.004761846571220844}