{"numgrasp": 319, "translation_d": 4.605542533445608e-09, "rotation_d": 4.1393950290307275e-05, "width_d": 0.0036951790357818695}