{"numgrasp": 346, "translation_d": 5.847423207743985e-09, "rotation_d": 3.861128769279799e-05, "width_d": 0.00502489426811118}