{"numgrasp": 303, "translation_d": 4.410881195166437e-09, "rotation_d": 4.0089406273493616e-05, "width_d": 0.0036319204676910095}