{"numgrasp": 242, "translation_d": 4.292948908897648e-09, "rotation_d": 4.288118829193084e-05, "width_d": 0.007635187922592246}