{"numgrasp": 279, "translation_d": 4.277763544347017e-09, "rotation_d": 4.7063471446661854e-05, "width_d": 0.007877833147299233}