{"numgrasp": 312, "translation_d": 5.995048330656836e-09, "rotation_d": 3.643964805989125e-05, "width_d": 0.004883765156867525}