{"numgrasp": 361, "translation_d": 6.714177596022601e-09, "rotation_d": 4.4452133006972346e-05, "width_d": 0.003343341801263892}