{"numgrasp": 362, "translation_d": 6.500962203893175e-09, "rotation_d": 4.721581550636772e-05, "width_d": 0.0032438538499484065}