{"numgrasp": 319, "translation_d": 5.9753779371056574e-09, "rotation_d": 3.61196545425444e-05, "width_d": 0.00391352902821653}