{"numgrasp": 324, "translation_d": 6.013224498251249e-09, "rotation_d": 3.7700346967734995e-05, "width_d": 0.004187601907774762}