{"numgrasp": 390, "translation_d": 5.426236162699526e-09, "rotation_d": 5.0727589618363666e-05, "width_d": 0.0049953532607695215}