{"numgrasp": 371, "translation_d": 5.7349679301937304e-09, "rotation_d": 4.7509375351776226e-05, "width_d": 0.004352964259109814}