{"numgrasp": 350, "translation_d": 5.7490997049589e-09, "rotation_d": 4.797897937922208e-05, "width_d": 0.004115380870297848}