{"numgrasp": 309, "translation_d": 5.8189622266661955e-09, "rotation_d": 4.64589107751246e-05, "width_d": 0.004564944889991845}