{"numgrasp": 358, "translation_d": 5.9480854778565236e-09, "rotation_d": 5.100764205988564e-05, "width_d": 0.0029228946277895804}