{"numgrasp": 361, "translation_d": 5.219029339354164e-09, "rotation_d": 5.543235737448982e-05, "width_d": 0.003911556199450301}