{"numgrasp": 397, "translation_d": 5.0445476281475934e-09, "rotation_d": 5.584873165471271e-05, "width_d": 0.004520345739107956}