{"numgrasp": 447, "translation_d": 5.285302531479595e-09, "rotation_d": 5.6885140252013835e-05, "width_d": 0.005417028106352437}