{"numgrasp": 408, "translation_d": 5.283025318643184e-09, "rotation_d": 5.636598540268523e-05, "width_d": 0.004772701024974862}