{"numgrasp": 416, "translation_d": 5.17814291737667e-09, "rotation_d": 5.766089857244511e-05, "width_d": 0.004666909999017795}