{"numgrasp": 312, "translation_d": 5.648617189454373e-09, "rotation_d": 4.427791330629094e-05, "width_d": 0.005131857690781122}