{"numgrasp": 402, "translation_d": 5.113450012280057e-09, "rotation_d": 5.8495905400046516e-05, "width_d": 0.0041270816183744015}