{"numgrasp": 339, "translation_d": 5.15487502710564e-09, "rotation_d": 5.920365199331223e-05, "width_d": 0.003117955970705959}