{"numgrasp": 367, "translation_d": 5.458704500495683e-09, "rotation_d": 5.997504108845835e-05, "width_d": 0.0030231999664492703}