{"numgrasp": 373, "translation_d": 5.690438991528626e-09, "rotation_d": 5.98609833656047e-05, "width_d": 0.00245174923983452}