{"numgrasp": 394, "translation_d": 5.072229030663274e-09, "rotation_d": 6.059095188985106e-05, "width_d": 0.0026301180020342255}