{"numgrasp": 376, "translation_d": 4.846645741161912e-09, "rotation_d": 5.7882477095340806e-05, "width_d": 0.003485770834461228}