{"numgrasp": 304, "translation_d": 6.19414214761201e-09, "rotation_d": 4.4548467645764284e-05, "width_d": 0.0052725637439673565}