{"numgrasp": 300, "translation_d": 5.597891926207752e-09, "rotation_d": 4.3802043607477396e-05, "width_d": 0.004050713733172992}