{"numgrasp": 333, "translation_d": 6.597653011981236e-09, "rotation_d": 4.439031563279128e-05, "width_d": 0.0038311518002421127}