{"numgrasp": 320, "translation_d": 6.468389264926651e-09, "rotation_d": 4.295009659539708e-05, "width_d": 0.003555077758468503}