{"numgrasp": 318, "translation_d": 6.865784991320647e-09, "rotation_d": 4.3805019835765956e-05, "width_d": 0.0031450644825616754}