{"numgrasp": 289, "translation_d": 6.1433917149969706e-09, "rotation_d": 4.5586520469408356e-05, "width_d": 0.0028186961109401662}