{"numgrasp": 300, "translation_d": 5.938688462759964e-09, "rotation_d": 4.412953285347019e-05, "width_d": 0.003796991269110222}