{"numgrasp": 342, "translation_d": 5.7992959887816165e-09, "rotation_d": 4.0010643536180906e-05, "width_d": 0.0031542639762737923}