{"numgrasp": 356, "translation_d": 5.612189196498784e-09, "rotation_d": 3.913222553493921e-05, "width_d": 0.0034148590419515444}