{"numgrasp": 359, "translation_d": 5.799657808744478e-09, "rotation_d": 3.8936866199493264e-05, "width_d": 0.0037825467853271856}