{"numgrasp": 379, "translation_d": 6.027195311376164e-09, "rotation_d": 4.006844201401645e-05, "width_d": 0.00396072571703511}