{"numgrasp": 282, "translation_d": 5.414723873137155e-09, "rotation_d": 4.3531756184156444e-05, "width_d": 0.004423893604970306}