{"numgrasp": 356, "translation_d": 5.9223100238593394e-09, "rotation_d": 4.15620277446938e-05, "width_d": 0.004472635743778055}