{"numgrasp": 341, "translation_d": 6.0556077986462996e-09, "rotation_d": 4.0393278754465654e-05, "width_d": 0.004965230958653643}