{"numgrasp": 331, "translation_d": 5.9916263905500116e-09, "rotation_d": 4.247740368076399e-05, "width_d": 0.005183011201403922}