{"numgrasp": 379, "translation_d": 5.932445418465906e-09, "rotation_d": 4.5455099385926976e-05, "width_d": 0.004129610265346356}