{"numgrasp": 354, "translation_d": 5.774603513171979e-09, "rotation_d": 4.413801832173901e-05, "width_d": 0.00400499027989962}