{"numgrasp": 326, "translation_d": 5.6387761332809434e-09, "rotation_d": 4.42499917012791e-05, "width_d": 0.0030636892645064698}