{"numgrasp": 325, "translation_d": 5.307127016628613e-09, "rotation_d": 4.717706807538617e-05, "width_d": 0.002921661266612875}