{"numgrasp": 344, "translation_d": 5.535430640256842e-09, "rotation_d": 5.7614553518176844e-05, "width_d": 0.002911537211820242}