{"numgrasp": 353, "translation_d": 5.326604353722229e-09, "rotation_d": 5.5930151488938874e-05, "width_d": 0.0031601970695615523}