{"numgrasp": 329, "translation_d": 5.540973522113123e-09, "rotation_d": 5.398512134851204e-05, "width_d": 0.0035024238580768133}