{"numgrasp": 342, "translation_d": 5.784399439611809e-09, "rotation_d": 5.3238312365973684e-05, "width_d": 0.00433562873760921}