{"numgrasp": 332, "translation_d": 5.6592017292384815e-09, "rotation_d": 5.222209623377775e-05, "width_d": 0.00482419556508279}