{"numgrasp": 336, "translation_d": 5.855134409248554e-09, "rotation_d": 5.523676402893121e-05, "width_d": 0.004325841347355376}