{"numgrasp": 354, "translation_d": 5.3738882389879255e-09, "rotation_d": 5.595056364930552e-05, "width_d": 0.004082251033360637}