{"numgrasp": 346, "translation_d": 5.348014883753819e-09, "rotation_d": 5.846358732364925e-05, "width_d": 0.0036683710288329115}