{"numgrasp": 354, "translation_d": 5.123506870239685e-09, "rotation_d": 5.8620749064714015e-05, "width_d": 0.0035521163913967823}