{"numgrasp": 365, "translation_d": 5.006510282986076e-09, "rotation_d": 5.891899068202674e-05, "width_d": 0.003503928059045954}