{"numgrasp": 363, "translation_d": 5.0660921766267405e-09, "rotation_d": 5.676288887985894e-05, "width_d": 0.002902151293795885}