{"numgrasp": 358, "translation_d": 5.025185090337097e-09, "rotation_d": 5.6810491699786986e-05, "width_d": 0.002921244768832751}