{"numgrasp": 362, "translation_d": 5.053583028972445e-09, "rotation_d": 5.6628127869756844e-05, "width_d": 0.0030522739803840225}