{"numgrasp": 347, "translation_d": 5.17625688902609e-09, "rotation_d": 5.680657467520341e-05, "width_d": 0.003252244313623959}