{"numgrasp": 371, "translation_d": 5.357976924316937e-09, "rotation_d": 5.64586661817214e-05, "width_d": 0.003562818178943183}