{"numgrasp": 353, "translation_d": 5.046416196887245e-09, "rotation_d": 5.645440318671237e-05, "width_d": 0.003691197997915017}