{"numgrasp": 273, "translation_d": 5.650017118635197e-09, "rotation_d": 4.5825979758157955e-05, "width_d": 0.004592832136476705}