{"numgrasp": 370, "translation_d": 5.4489485422837505e-09, "rotation_d": 5.574302898186759e-05, "width_d": 0.003988855016742476}