{"numgrasp": 353, "translation_d": 5.316334371056044e-09, "rotation_d": 5.5104651676329144e-05, "width_d": 0.003966355481059621}