{"numgrasp": 341, "translation_d": 5.7212867356997686e-09, "rotation_d": 5.092579281682625e-05, "width_d": 0.0043269285824489865}