{"numgrasp": 356, "translation_d": 5.203804129277482e-09, "rotation_d": 5.0993141715397485e-05, "width_d": 0.003816108691347867}