{"numgrasp": 349, "translation_d": 4.991434282099574e-09, "rotation_d": 5.206811945320586e-05, "width_d": 0.0034477066395156896}