{"numgrasp": 361, "translation_d": 5.098112242863147e-09, "rotation_d": 4.7481670936545486e-05, "width_d": 0.0033315757564523828}