{"numgrasp": 273, "translation_d": 5.961028525808813e-09, "rotation_d": 4.7853975815340286e-05, "width_d": 0.004334639836044738}