{"numgrasp": 354, "translation_d": 4.930844411026753e-09, "rotation_d": 4.759961050617155e-05, "width_d": 0.0035094883576580944}