{"numgrasp": 340, "translation_d": 5.0676116205920465e-09, "rotation_d": 4.722239507214223e-05, "width_d": 0.003682401465875573}