{"numgrasp": 338, "translation_d": 5.020300782544243e-09, "rotation_d": 4.9006996570224866e-05, "width_d": 0.0036408155325431675}