{"numgrasp": 306, "translation_d": 4.853422642407115e-09, "rotation_d": 4.671820201514417e-05, "width_d": 0.003734743011504515}