{"numgrasp": 356, "translation_d": 5.081298012417668e-09, "rotation_d": 4.570903327647901e-05, "width_d": 0.0034482027783526666}