{"numgrasp": 352, "translation_d": 4.686091273196382e-09, "rotation_d": 4.560263038740721e-05, "width_d": 0.0031449906769688905}