{"numgrasp": 354, "translation_d": 5.0075538981517106e-09, "rotation_d": 4.5295161983238345e-05, "width_d": 0.0029826306613409044}