{"numgrasp": 359, "translation_d": 5.142203594865376e-09, "rotation_d": 4.3353553352864306e-05, "width_d": 0.0027165314793470697}