{"numgrasp": 326, "translation_d": 5.383284363115888e-09, "rotation_d": 4.930514401475842e-05, "width_d": 0.002772541838063676}