{"numgrasp": 279, "translation_d": 4.715931303684779e-09, "rotation_d": 4.816135397117562e-05, "width_d": 0.00365185176843098}