{"numgrasp": 277, "translation_d": 5.401791055539201e-09, "rotation_d": 4.692659417437054e-05, "width_d": 0.003820938933605627}