{"numgrasp": 271, "translation_d": 5.913894499964298e-09, "rotation_d": 5.174725078038794e-05, "width_d": 0.0033690599532224487}