{"numgrasp": 266, "translation_d": 5.7038462131072094e-09, "rotation_d": 5.2815383686328045e-05, "width_d": 0.0038509233423481073}