{"numgrasp": 274, "translation_d": 6.1069540749300416e-09, "rotation_d": 5.331023219998109e-05, "width_d": 0.004216393402475477}