{"numgrasp": 273, "translation_d": 6.012554636369958e-09, "rotation_d": 5.275373488661624e-05, "width_d": 0.00433337353734462}