{"numgrasp": 258, "translation_d": 6.030209228690322e-09, "rotation_d": 5.0990559964511586e-05, "width_d": 0.004735761579971744}