{"numgrasp": 267, "translation_d": 5.609168940571369e-09, "rotation_d": 4.026413987236211e-05, "width_d": 0.0031187306609747533}