{"numgrasp": 262, "translation_d": 6.4378171269446755e-09, "rotation_d": 5.6434502828778874e-05, "width_d": 0.004541232865539688}