{"numgrasp": 270, "translation_d": 6.265857638324892e-09, "rotation_d": 5.700121169496466e-05, "width_d": 0.003775300267099074}