{"numgrasp": 270, "translation_d": 6.10553417208332e-09, "rotation_d": 5.70888959280121e-05, "width_d": 0.003668972695492452}