{"numgrasp": 280, "translation_d": 5.547840021227981e-09, "rotation_d": 5.478826367139238e-05, "width_d": 0.0032181815835635244}