{"numgrasp": 260, "translation_d": 5.795874323522689e-09, "rotation_d": 5.7908244312644024e-05, "width_d": 0.003117326137488426}