{"numgrasp": 264, "translation_d": 5.6911803876094986e-09, "rotation_d": 5.8738949162589555e-05, "width_d": 0.0036067189455302054}