{"numgrasp": 261, "translation_d": 6.057732364823315e-09, "rotation_d": 5.743198223860191e-05, "width_d": 0.004441528215872998}