{"numgrasp": 263, "translation_d": 6.135763406547361e-09, "rotation_d": 5.765892566040887e-05, "width_d": 0.004652638963348545}