{"numgrasp": 257, "translation_d": 6.484719050324606e-09, "rotation_d": 5.6247134005340494e-05, "width_d": 0.005017868929932427}