{"numgrasp": 284, "translation_d": 6.556275045151802e-09, "rotation_d": 5.192734303968891e-05, "width_d": 0.004788409449519413}