{"numgrasp": 274, "translation_d": 6.385881219152971e-09, "rotation_d": 5.327854348035657e-05, "width_d": 0.0043372272827323765}