{"numgrasp": 272, "translation_d": 6.479515360313482e-09, "rotation_d": 5.742445879455981e-05, "width_d": 0.004201300041559338}