{"numgrasp": 278, "translation_d": 6.4355809733286656e-09, "rotation_d": 5.505879286296769e-05, "width_d": 0.0041784428867295085}