{"numgrasp": 263, "translation_d": 6.369651831157814e-09, "rotation_d": 5.6866350287337995e-05, "width_d": 0.004016038229726391}