{"numgrasp": 258, "translation_d": 6.021561456971185e-09, "rotation_d": 5.5994711226629904e-05, "width_d": 0.00349133340824848}