{"numgrasp": 250, "translation_d": 5.744732814351703e-09, "rotation_d": 5.756769780571441e-05, "width_d": 0.0031722600257865488}