{"numgrasp": 241, "translation_d": 5.777298425233255e-09, "rotation_d": 5.7994036134095764e-05, "width_d": 0.0031275705748492625}