{"numgrasp": 298, "translation_d": 5.6999477939915566e-09, "rotation_d": 4.3191747421970175e-05, "width_d": 0.0036892130526414405}