{"numgrasp": 248, "translation_d": 6.183127122023888e-09, "rotation_d": 0.00011819635363624222, "width_d": 0.0029837345862841085}