{"numgrasp": 253, "translation_d": 6.476310604695473e-09, "rotation_d": 5.416035600267851e-05, "width_d": 0.002826467844822921}