{"numgrasp": 288, "translation_d": 6.152434828305248e-09, "rotation_d": 5.1518272720189534e-05, "width_d": 0.00301267799592507}