{"numgrasp": 289, "translation_d": 6.144454367956678e-09, "rotation_d": 5.303497841572996e-05, "width_d": 0.003355748554742983}