{"numgrasp": 315, "translation_d": 7.61897952122492e-09, "rotation_d": 4.972404312747414e-05, "width_d": 0.0024596385483633813}