{"numgrasp": 286, "translation_d": 6.947469985120828e-09, "rotation_d": 4.153090926307291e-05, "width_d": 0.003533990116774258}