{"numgrasp": 221, "translation_d": 6.929748502300158e-09, "rotation_d": 4.061935527724261e-05, "width_d": 0.003538541010817603}