{"numgrasp": 300, "translation_d": 7.196194789337022e-09, "rotation_d": 4.8682432931945385e-05, "width_d": 0.002650654634263518}