{"numgrasp": 247, "translation_d": 6.990220176675989e-09, "rotation_d": 4.1463754023302976e-05, "width_d": 0.003401505427358778}