{"numgrasp": 310, "translation_d": 7.347837726146623e-09, "rotation_d": 4.3425239816487156e-05, "width_d": 0.0032706288981404564}