{"numgrasp": 314, "translation_d": 7.419416851082401e-09, "rotation_d": 4.379296084152225e-05, "width_d": 0.0032216560397282453}