{"numgrasp": 312, "translation_d": 7.191922494680278e-09, "rotation_d": 4.548823114854812e-05, "width_d": 0.002927043302776149}