{"numgrasp": 317, "translation_d": 7.236497763429841e-09, "rotation_d": 4.385131757072074e-05, "width_d": 0.0028478357964044454}