{"numgrasp": 294, "translation_d": 7.694400603137802e-09, "rotation_d": 4.9343144164560415e-05, "width_d": 0.00282377819071424}