{"numgrasp": 318, "translation_d": 6.792248168033334e-09, "rotation_d": 4.777813617135836e-05, "width_d": 0.0025170524760330143}