{"numgrasp": 312, "translation_d": 6.964171334325195e-09, "rotation_d": 4.857595161114597e-05, "width_d": 0.002770246309295524}