{"numgrasp": 278, "translation_d": 7.018905094493148e-09, "rotation_d": 5.9008102466971555e-05, "width_d": 0.002925364938380544}