{"numgrasp": 263, "translation_d": 7.130499374305283e-09, "rotation_d": 4.971569108556901e-05, "width_d": 0.003327762119890003}