{"numgrasp": 249, "translation_d": 6.9563637948462625e-09, "rotation_d": 4.9913857484317555e-05, "width_d": 0.0029997275771138816}