{"numgrasp": 245, "translation_d": 6.785888644594554e-09, "rotation_d": 5.177666866790379e-05, "width_d": 0.003262024491182444}