{"numgrasp": 241, "translation_d": 6.191001362747925e-09, "rotation_d": 5.85008639481496e-05, "width_d": 0.002873190823573426}