{"numgrasp": 287, "translation_d": 7.214808145592362e-09, "rotation_d": 5.021425744256837e-05, "width_d": 0.0029112100500287893}