{"numgrasp": 274, "translation_d": 6.809112809309911e-09, "rotation_d": 5.724445276112913e-05, "width_d": 0.0029942294877608523}