{"numgrasp": 293, "translation_d": 6.2110231978148875e-09, "rotation_d": 5.614093601980497e-05, "width_d": 0.002977758272258363}