{"numgrasp": 301, "translation_d": 6.715589144497067e-09, "rotation_d": 5.606920847898573e-05, "width_d": 0.002820651626411737}