{"numgrasp": 325, "translation_d": 6.8574304684925545e-09, "rotation_d": 5.583155838169804e-05, "width_d": 0.0028795267351526266}