{"numgrasp": 318, "translation_d": 6.259014300268826e-09, "rotation_d": 5.679009225549748e-05, "width_d": 0.00250610957522834}