{"numgrasp": 298, "translation_d": 6.371631905926482e-09, "rotation_d": 5.832049090907849e-05, "width_d": 0.002737727151585225}