{"numgrasp": 271, "translation_d": 6.9712825986651265e-09, "rotation_d": 5.0932860286660424e-05, "width_d": 0.00278187360923465}