{"numgrasp": 249, "translation_d": 6.561488119481638e-09, "rotation_d": 5.8640374733754824e-05, "width_d": 0.0030083041995037072}