{"numgrasp": 237, "translation_d": 6.1759397628150774e-09, "rotation_d": 5.9350851312843475e-05, "width_d": 0.0029809536457244346}