{"numgrasp": 257, "translation_d": 6.242023214476456e-09, "rotation_d": 5.464020812975234e-05, "width_d": 0.0026720147737813787}