{"numgrasp": 265, "translation_d": 6.024703366424872e-09, "rotation_d": 5.523669631103666e-05, "width_d": 0.0028713101085126275}