{"numgrasp": 286, "translation_d": 6.071939325440772e-09, "rotation_d": 5.407865747667783e-05, "width_d": 0.002496390972158878}