{"numgrasp": 325, "translation_d": 5.420924843051125e-09, "rotation_d": 4.28878832885001e-05, "width_d": 0.0023529251011943225}