{"numgrasp": 318, "translation_d": 5.646756265944305e-09, "rotation_d": 4.67589792617573e-05, "width_d": 0.00241362024834011}