{"numgrasp": 279, "translation_d": 5.541862205111156e-09, "rotation_d": 4.995226636111164e-05, "width_d": 0.0027119601934053445}