{"numgrasp": 215, "translation_d": 5.673531616432008e-09, "rotation_d": 5.053440246859568e-05, "width_d": 0.0023761223481544476}