{"numgrasp": 235, "translation_d": 4.9679640889235945e-09, "rotation_d": 4.6891521981686216e-05, "width_d": 0.002151980819785176}