{"numgrasp": 259, "translation_d": 5.708410787096009e-09, "rotation_d": 4.7582535562767724e-05, "width_d": 0.0021028014678546553}