{"numgrasp": 269, "translation_d": 5.793069611355033e-09, "rotation_d": 4.734370385080295e-05, "width_d": 0.00239503237894341}