{"numgrasp": 297, "translation_d": 7.46730176504058e-09, "rotation_d": 4.9685450281606065e-05, "width_d": 0.0031761402974845626}