{"numgrasp": 294, "translation_d": 6.920201788498155e-09, "rotation_d": 4.454328963638005e-05, "width_d": 0.0026453502488127047}