{"numgrasp": 286, "translation_d": 5.399510141486024e-09, "rotation_d": 4.655721015390691e-05, "width_d": 0.002290353532841513}