{"numgrasp": 287, "translation_d": 5.484950195605325e-09, "rotation_d": 4.695481550170169e-05, "width_d": 0.0024281468640900807}