{"numgrasp": 295, "translation_d": 5.382722745646174e-09, "rotation_d": 4.519739140141984e-05, "width_d": 0.002463302133419245}