{"numgrasp": 305, "translation_d": 5.15453049799948e-09, "rotation_d": 4.423292903529084e-05, "width_d": 0.002476809589873483}