{"numgrasp": 294, "translation_d": 5.196903230012448e-09, "rotation_d": 4.743476122026839e-05, "width_d": 0.002269519454579004}