{"numgrasp": 272, "translation_d": 4.8990701614287465e-09, "rotation_d": 4.7725279875413516e-05, "width_d": 0.0023122644293697334}