{"numgrasp": 278, "translation_d": 5.056437623954352e-09, "rotation_d": 4.363361538967635e-05, "width_d": 0.002142033964402071}