{"numgrasp": 307, "translation_d": 7.3141090744528115e-09, "rotation_d": 4.934389736597247e-05, "width_d": 0.0029295029655891937}