{"numgrasp": 271, "translation_d": 5.363163931715663e-09, "rotation_d": 4.5332559769903084e-05, "width_d": 0.002257968137490303}