{"numgrasp": 243, "translation_d": 5.384349337243575e-09, "rotation_d": 4.646005131356013e-05, "width_d": 0.0020215454932917807}