{"numgrasp": 236, "translation_d": 5.074737699361141e-09, "rotation_d": 4.537764477104837e-05, "width_d": 0.0022195595396014636}