{"numgrasp": 240, "translation_d": 4.938058943649204e-09, "rotation_d": 4.622919268515254e-05, "width_d": 0.002223658120317593}