{"numgrasp": 246, "translation_d": 4.956348933423827e-09, "rotation_d": 4.356542732216493e-05, "width_d": 0.0025670511835795273}