{"numgrasp": 243, "translation_d": 4.960771024783944e-09, "rotation_d": 4.6481959494727836e-05, "width_d": 0.002240468269149244}