{"numgrasp": 253, "translation_d": 5.165703746651198e-09, "rotation_d": 4.526375990879602e-05, "width_d": 0.002573097430519464}