{"numgrasp": 251, "translation_d": 5.128489391613522e-09, "rotation_d": 4.6638478393976326e-05, "width_d": 0.002494043216679521}