{"numgrasp": 252, "translation_d": 5.015901430594709e-09, "rotation_d": 4.7675522862526706e-05, "width_d": 0.0022737091045638177}