{"numgrasp": 253, "translation_d": 5.17380984034769e-09, "rotation_d": 4.7279561267881997e-05, "width_d": 0.0022631634278667176}