{"numgrasp": 223, "translation_d": 4.980059391173073e-09, "rotation_d": 4.918438436679811e-05, "width_d": 0.0024513816184690107}