{"numgrasp": 233, "translation_d": 4.8367918634999e-09, "rotation_d": 4.755713162947942e-05, "width_d": 0.002582050169040169}