{"numgrasp": 235, "translation_d": 4.863573391481687e-09, "rotation_d": 4.7830079627787024e-05, "width_d": 0.0026952209458718838}