{"numgrasp": 229, "translation_d": 4.773655781358552e-09, "rotation_d": 4.757671768878791e-05, "width_d": 0.0024833860090751484}