{"numgrasp": 210, "translation_d": 4.99228170875056e-09, "rotation_d": 4.589335918553667e-05, "width_d": 0.0025540637025762065}