{"numgrasp": 204, "translation_d": 4.6331907561165585e-09, "rotation_d": 4.537386956562604e-05, "width_d": 0.002340002027395222}