{"numgrasp": 308, "translation_d": 7.593843986937988e-09, "rotation_d": 5.0002245621364326e-05, "width_d": 0.0026086311283599756}