{"numgrasp": 307, "translation_d": 6.9815868512567735e-09, "rotation_d": 5.036839606110709e-05, "width_d": 0.0026322312315835727}