{"numgrasp": 313, "translation_d": 7.252719442398517e-09, "rotation_d": 5.266204657572877e-05, "width_d": 0.0027906418424403358}