{"numgrasp": 313, "translation_d": 7.58091213824865e-09, "rotation_d": 5.2998843929720835e-05, "width_d": 0.0029667000275576294}