{"numgrasp": 286, "translation_d": 7.49929917884336e-09, "rotation_d": 5.252948568936542e-05, "width_d": 0.0031734208216837342}