{"numgrasp": 299, "translation_d": 7.256183079605253e-09, "rotation_d": 5.5430845780086195e-05, "width_d": 0.0027965171536021753}