{"numgrasp": 287, "translation_d": 7.1643185992443576e-09, "rotation_d": 5.3416917937035016e-05, "width_d": 0.0028312882580596}