{"numgrasp": 286, "translation_d": 7.196032238978288e-09, "rotation_d": 5.28172624784894e-05, "width_d": 0.0027678403699443487}