{"numgrasp": 298, "translation_d": 6.779481013112237e-09, "rotation_d": 4.719736266504162e-05, "width_d": 0.0024909830341298786}