{"numgrasp": 287, "translation_d": 7.017160764884706e-09, "rotation_d": 5.203475019626894e-05, "width_d": 0.0025826497896424723}