{"numgrasp": 277, "translation_d": 7.259714645304658e-09, "rotation_d": 5.410743320289164e-05, "width_d": 0.002804078685586468}