{"numgrasp": 289, "translation_d": 7.3257339586823236e-09, "rotation_d": 5.4611173817911354e-05, "width_d": 0.0026551311668989858}