{"numgrasp": 313, "translation_d": 7.643215369164188e-09, "rotation_d": 5.597396784021783e-05, "width_d": 0.003265627084223455}