{"numgrasp": 306, "translation_d": 7.274070767021283e-09, "rotation_d": 4.810488625300704e-05, "width_d": 0.0025151559948145977}