{"numgrasp": 285, "translation_d": 7.906486074292e-09, "rotation_d": 5.6717866794654166e-05, "width_d": 0.003831854273457789}