{"numgrasp": 231, "translation_d": 7.593551823428656e-09, "rotation_d": 5.765328226544955e-05, "width_d": 0.003428283427218174}