{"numgrasp": 283, "translation_d": 7.59723941413872e-09, "rotation_d": 4.971486597065181e-05, "width_d": 0.003637464057490605}