{"numgrasp": 290, "translation_d": 7.364158248638937e-09, "rotation_d": 4.963808867738729e-05, "width_d": 0.0035785973974566277}