{"numgrasp": 312, "translation_d": 8.006404515468037e-09, "rotation_d": 5.2082196535299815e-05, "width_d": 0.002996208114384388}