{"numgrasp": 302, "translation_d": 7.777212345143265e-09, "rotation_d": 5.232721331423082e-05, "width_d": 0.002904525479766031}