{"numgrasp": 272, "translation_d": 7.568396476758942e-09, "rotation_d": 5.3316960488437404e-05, "width_d": 0.0025419531885877986}