{"numgrasp": 265, "translation_d": 7.462642479686738e-09, "rotation_d": 5.408458388112768e-05, "width_d": 0.0027533177128022117}