{"numgrasp": 320, "translation_d": 7.198182365289491e-09, "rotation_d": 4.613771773835687e-05, "width_d": 0.0027673910357549434}