{"numgrasp": 319, "translation_d": 7.211146815827719e-09, "rotation_d": 4.50079866601085e-05, "width_d": 0.003146983612633062}