{"numgrasp": 273, "translation_d": 7.295580437840556e-09, "rotation_d": 4.397007017106143e-05, "width_d": 0.003338092377953386}