{"numgrasp": 281, "translation_d": 7.160300477515468e-09, "rotation_d": 4.376182977461573e-05, "width_d": 0.0035550418197080372}