{"numgrasp": 130, "translation_d": 6.192849974689503e-09, "rotation_d": 5.659101358171361e-05, "width_d": 0.003755407863915413}