{"numgrasp": 136, "translation_d": 5.82927525819703e-09, "rotation_d": 6.368766387430784e-05, "width_d": 0.004350956915291439}