{"numgrasp": 143, "translation_d": 5.780830245376266e-09, "rotation_d": 5.1457854101199046e-05, "width_d": 0.0045465357313657735}