{"numgrasp": 125, "translation_d": 6.493671575583409e-09, "rotation_d": 5.073253351989389e-05, "width_d": 0.005113874593841389}