{"numgrasp": 136, "translation_d": 5.917426262714491e-09, "rotation_d": 5.326145092738034e-05, "width_d": 0.004457233131049035}