{"numgrasp": 143, "translation_d": 5.6524825772628265e-09, "rotation_d": 5.283960656117348e-05, "width_d": 0.0037666942592934926}