{"numgrasp": 140, "translation_d": 5.687038953985072e-09, "rotation_d": 5.54316818412287e-05, "width_d": 0.0042527190979769714}