{"numgrasp": 130, "translation_d": 5.7778242770549296e-09, "rotation_d": 5.5609647196753216e-05, "width_d": 0.004296136252279008}