{"numgrasp": 108, "translation_d": 5.016987516251308e-09, "rotation_d": 5.236219741997931e-05, "width_d": 0.005096702370239729}