{"numgrasp": 134, "translation_d": 5.813462248726812e-09, "rotation_d": 5.460889828917865e-05, "width_d": 0.004599910935564873}