{"numgrasp": 136, "translation_d": 5.87244486457064e-09, "rotation_d": 5.412717117550639e-05, "width_d": 0.004794175907223713}