{"numgrasp": 110, "translation_d": 4.877349889059291e-09, "rotation_d": 5.2110905336037096e-05, "width_d": 0.005923990718460988}