{"numgrasp": 134, "translation_d": 5.945135091284463e-09, "rotation_d": 5.2232021143447504e-05, "width_d": 0.0046867278945160505}