{"numgrasp": 140, "translation_d": 6.342044025338253e-09, "rotation_d": 5.241879513709749e-05, "width_d": 0.003918571601705412}