{"numgrasp": 140, "translation_d": 6.169405314184949e-09, "rotation_d": 5.339635927306996e-05, "width_d": 0.0043427399894190475}