{"numgrasp": 142, "translation_d": 6.192960578737817e-09, "rotation_d": 5.27575998831945e-05, "width_d": 0.004078670041981111}