{"numgrasp": 147, "translation_d": 6.094631644373188e-09, "rotation_d": 4.809727043018143e-05, "width_d": 0.003977825816991854}