{"numgrasp": 144, "translation_d": 6.391251442639695e-09, "rotation_d": 4.8689933741302507e-05, "width_d": 0.003918659974191649}