{"numgrasp": 131, "translation_d": 6.4117700541733356e-09, "rotation_d": 4.920383760076083e-05, "width_d": 0.004557828535954415}