{"numgrasp": 119, "translation_d": 4.672937866929955e-09, "rotation_d": 5.335644585384053e-05, "width_d": 0.0064126364353331335}