{"numgrasp": 123, "translation_d": 5.920316688927253e-09, "rotation_d": 4.787691754915274e-05, "width_d": 0.004935655571241249}