{"numgrasp": 111, "translation_d": 5.905900720349491e-09, "rotation_d": 4.579094463651911e-05, "width_d": 0.004466659161453815}