{"numgrasp": 118, "translation_d": 5.010999622305644e-09, "rotation_d": 4.8547253209270216e-05, "width_d": 0.005741356431445379}