{"numgrasp": 137, "translation_d": 6.739974726145608e-09, "rotation_d": 4.508519849316596e-05, "width_d": 0.004293189701804831}