{"numgrasp": 147, "translation_d": 6.30435849373921e-09, "rotation_d": 4.4346532671853626e-05, "width_d": 0.003926530191821143}