{"numgrasp": 135, "translation_d": 6.798556242200777e-09, "rotation_d": 4.349405147597635e-05, "width_d": 0.0037890016359051703}