{"numgrasp": 114, "translation_d": 5.101869786848126e-09, "rotation_d": 4.8849961008748165e-05, "width_d": 0.005799620944409109}