{"numgrasp": 128, "translation_d": 6.398320050009599e-09, "rotation_d": 4.477529387416307e-05, "width_d": 0.003979932500206082}