{"numgrasp": 137, "translation_d": 7.077251590461645e-09, "rotation_d": 4.586903995483199e-05, "width_d": 0.003808971488181965}