{"numgrasp": 136, "translation_d": 6.703489804316862e-09, "rotation_d": 4.410581245033298e-05, "width_d": 0.004107202908576473}