{"numgrasp": 128, "translation_d": 6.8179941263152515e-09, "rotation_d": 4.5051787247738034e-05, "width_d": 0.004530796691729138}