{"numgrasp": 126, "translation_d": 6.725829063814567e-09, "rotation_d": 4.683354774465517e-05, "width_d": 0.004630993106550869}