{"numgrasp": 111, "translation_d": 6.669645172260553e-09, "rotation_d": 4.92055694396321e-05, "width_d": 0.004690533684042351}