{"numgrasp": 119, "translation_d": 6.511617826297381e-09, "rotation_d": 4.548470515705361e-05, "width_d": 0.004428733798360712}