{"numgrasp": 133, "translation_d": 6.833085612477113e-09, "rotation_d": 4.861716073329947e-05, "width_d": 0.004224253900265041}