{"numgrasp": 136, "translation_d": 6.494353842874972e-09, "rotation_d": 5.0292641798056485e-05, "width_d": 0.0037958196421054896}