{"numgrasp": 130, "translation_d": 6.772745255033767e-09, "rotation_d": 5.021385246643405e-05, "width_d": 0.0038758824028524174}