{"numgrasp": 135, "translation_d": 6.437237388928702e-09, "rotation_d": 5.1044760486065114e-05, "width_d": 0.003776752806387321}