{"numgrasp": 123, "translation_d": 5.009492835476435e-09, "rotation_d": 4.949198241370822e-05, "width_d": 0.0052492775093149185}