{"numgrasp": 114, "translation_d": 4.882915897690439e-09, "rotation_d": 5.0038424899018474e-05, "width_d": 0.005147402105192251}