{"numgrasp": 131, "translation_d": 6.899482006699313e-09, "rotation_d": 5.149343149661811e-05, "width_d": 0.0042134817042200415}