{"numgrasp": 127, "translation_d": 7.043561892899107e-09, "rotation_d": 4.968240026981157e-05, "width_d": 0.004643191623161807}