{"numgrasp": 116, "translation_d": 6.29342386356386e-09, "rotation_d": 5.375899884588153e-05, "width_d": 0.004244385782116062}