{"numgrasp": 102, "translation_d": 6.272148704985483e-09, "rotation_d": 5.445328174442581e-05, "width_d": 0.004092617969777703}