{"numgrasp": 111, "translation_d": 6.110935779911756e-09, "rotation_d": 5.561789633048851e-05, "width_d": 0.004785277864409926}