{"numgrasp": 122, "translation_d": 6.503318755512115e-09, "rotation_d": 5.6237588799323964e-05, "width_d": 0.0039624023144333295}