{"numgrasp": 126, "translation_d": 6.499165232532698e-09, "rotation_d": 5.669447209462083e-05, "width_d": 0.004334248731179834}