{"numgrasp": 128, "translation_d": 6.684279366399259e-09, "rotation_d": 5.635351939480526e-05, "width_d": 0.00394599509927582}