{"numgrasp": 119, "translation_d": 6.976319837932558e-09, "rotation_d": 5.788317189631489e-05, "width_d": 0.003965063755965031}