{"numgrasp": 118, "translation_d": 6.75794798847897e-09, "rotation_d": 5.800661890458688e-05, "width_d": 0.003793751158792283}