{"numgrasp": 107, "translation_d": 4.859663701668326e-09, "rotation_d": 4.942594887377555e-05, "width_d": 0.00447052555367912}