{"numgrasp": 123, "translation_d": 6.4968924518236775e-09, "rotation_d": 5.5543241308593414e-05, "width_d": 0.003624821591697453}