{"numgrasp": 118, "translation_d": 6.162658625611506e-09, "rotation_d": 5.9023441983781064e-05, "width_d": 0.003985492404769995}