{"numgrasp": 105, "translation_d": 4.997651174949137e-09, "rotation_d": 4.9244855017849705e-05, "width_d": 0.004121037137700314}