{"numgrasp": 118, "translation_d": 6.086987096179222e-09, "rotation_d": 5.748631079887413e-05, "width_d": 0.004197623269412981}