{"numgrasp": 115, "translation_d": 5.41049628829426e-09, "rotation_d": 5.3292941922704314e-05, "width_d": 0.003345126454620549}