{"numgrasp": 114, "translation_d": 5.591803678457401e-09, "rotation_d": 5.4192389326843326e-05, "width_d": 0.003309010266954937}