{"numgrasp": 113, "translation_d": 4.971482493130989e-09, "rotation_d": 5.290103446976889e-05, "width_d": 0.0035444379127287495}