{"numgrasp": 120, "translation_d": 5.604118187391505e-09, "rotation_d": 5.1926517014504794e-05, "width_d": 0.003531508293956113}