{"numgrasp": 121, "translation_d": 5.315959919985387e-09, "rotation_d": 4.9455840188627317e-05, "width_d": 0.003800862352391938}