{"numgrasp": 115, "translation_d": 5.166838277723232e-09, "rotation_d": 4.786037315216252e-05, "width_d": 0.004127163626404784}