{"numgrasp": 118, "translation_d": 5.3497833777541615e-09, "rotation_d": 4.666234271044188e-05, "width_d": 0.0046692843411321044}