{"numgrasp": 128, "translation_d": 5.428912266673586e-09, "rotation_d": 4.766886226372177e-05, "width_d": 0.005489015553383946}