{"numgrasp": 125, "translation_d": 5.028675112765687e-09, "rotation_d": 4.5129279137722906e-05, "width_d": 0.006069406569734737}