{"numgrasp": 122, "translation_d": 5.142259657488919e-09, "rotation_d": 4.603011915141936e-05, "width_d": 0.00597834382436746}