{"numgrasp": 124, "translation_d": 5.657961486122633e-09, "rotation_d": 4.464429994247349e-05, "width_d": 0.005237701206420805}