{"numgrasp": 120, "translation_d": 5.6166212885449704e-09, "rotation_d": 4.452851642463033e-05, "width_d": 0.004513727899527129}