{"numgrasp": 113, "translation_d": 5.746366879668908e-09, "rotation_d": 5.3407489303197723e-05, "width_d": 0.0036804291996877215}