{"numgrasp": 139, "translation_d": 5.6426746521181566e-09, "rotation_d": 4.757274598047006e-05, "width_d": 0.005005304019138634}