{"numgrasp": 139, "translation_d": 5.817702088815498e-09, "rotation_d": 4.444852302488308e-05, "width_d": 0.005174383356306227}