{"numgrasp": 133, "translation_d": 5.573211130014627e-09, "rotation_d": 4.77736934679503e-05, "width_d": 0.005434349766201586}