{"numgrasp": 133, "translation_d": 5.894247140022464e-09, "rotation_d": 4.9347194916311946e-05, "width_d": 0.005304306649446965}