{"numgrasp": 105, "translation_d": 5.747022521238353e-09, "rotation_d": 5.178111947950712e-05, "width_d": 0.00444598771523217}