{"numgrasp": 133, "translation_d": 6.5610222013041185e-09, "rotation_d": 4.6978878932618123e-05, "width_d": 0.004889411516619147}