{"numgrasp": 135, "translation_d": 5.936848904127344e-09, "rotation_d": 4.786038991524125e-05, "width_d": 0.004738281705710432}