{"numgrasp": 141, "translation_d": 6.104132888060651e-09, "rotation_d": 4.596266793202505e-05, "width_d": 0.0040815240918206114}