{"numgrasp": 130, "translation_d": 6.11702554525221e-09, "rotation_d": 4.411804735049386e-05, "width_d": 0.004092858012719698}