{"numgrasp": 137, "translation_d": 6.5037524774022235e-09, "rotation_d": 4.8843826036141553e-05, "width_d": 0.00392966240075765}