{"numgrasp": 131, "translation_d": 6.073895756643964e-09, "rotation_d": 4.9754261714306556e-05, "width_d": 0.0039876998595243405}