{"numgrasp": 108, "translation_d": 5.490893203115752e-09, "rotation_d": 5.099108780143609e-05, "width_d": 0.004856823498653241}