{"numgrasp": 276, "translation_d": 6.2476021123193155e-09, "rotation_d": 4.6633513343742425e-05, "width_d": 0.0035730486350508193}