{"numgrasp": 266, "translation_d": 6.081170105633651e-09, "rotation_d": 4.327166129138198e-05, "width_d": 0.004502857870464286}