{"numgrasp": 275, "translation_d": 5.9246692337358455e-09, "rotation_d": 4.311312226130178e-05, "width_d": 0.0045087270211074115}