{"numgrasp": 284, "translation_d": 6.2747311609665855e-09, "rotation_d": 4.0973879599996845e-05, "width_d": 0.0034706518470495698}