{"numgrasp": 282, "translation_d": 6.114521505873272e-09, "rotation_d": 4.1177786419669344e-05, "width_d": 0.003015558346527289}