{"numgrasp": 273, "translation_d": 6.354860165465447e-09, "rotation_d": 4.079599306364508e-05, "width_d": 0.0025479386231437523}