{"numgrasp": 304, "translation_d": 5.738610184166509e-09, "rotation_d": 4.533067915717124e-05, "width_d": 0.0026011699575718013}