{"numgrasp": 263, "translation_d": 5.804529003884949e-09, "rotation_d": 4.597478031475741e-05, "width_d": 0.0032421126173150815}