{"numgrasp": 314, "translation_d": 6.016689697559186e-09, "rotation_d": 4.4951818768935894e-05, "width_d": 0.003662307048663942}