{"numgrasp": 269, "translation_d": 5.849740141199019e-09, "rotation_d": 4.428459970853258e-05, "width_d": 0.003948096317020766}