{"numgrasp": 276, "translation_d": 5.930718553200173e-09, "rotation_d": 4.4277327706314995e-05, "width_d": 0.004461349214081548}