{"numgrasp": 273, "translation_d": 5.944411595877598e-09, "rotation_d": 4.4004474813461424e-05, "width_d": 0.004377511046796612}