{"numgrasp": 265, "translation_d": 5.684323436349596e-09, "rotation_d": 5.0182396312307714e-05, "width_d": 0.004015351024656796}