{"numgrasp": 296, "translation_d": 6.176239636313152e-09, "rotation_d": 4.5162594816953165e-05, "width_d": 0.0038037262278681544}