{"numgrasp": 274, "translation_d": 5.696236391147013e-09, "rotation_d": 5.0769292655072784e-05, "width_d": 0.0036730336618464796}