{"numgrasp": 282, "translation_d": 5.678784738745601e-09, "rotation_d": 5.238639210263856e-05, "width_d": 0.0026098581024673858}