{"numgrasp": 253, "translation_d": 5.552784135276857e-09, "rotation_d": 5.8795903828145175e-05, "width_d": 0.0026796218568990574}