{"numgrasp": 277, "translation_d": 5.5686248402378126e-09, "rotation_d": 5.743857363166197e-05, "width_d": 0.0026522953097336387}