{"numgrasp": 272, "translation_d": 5.832599988032193e-09, "rotation_d": 5.696592478155303e-05, "width_d": 0.0037995090608074814}