{"numgrasp": 273, "translation_d": 5.588280635010915e-09, "rotation_d": 6.475710896306656e-05, "width_d": 0.0038725327846339448}