{"numgrasp": 273, "translation_d": 5.449109711404558e-09, "rotation_d": 5.979611060272861e-05, "width_d": 0.0031549002709523742}