{"numgrasp": 281, "translation_d": 5.3278943694110165e-09, "rotation_d": 5.862795914005468e-05, "width_d": 0.0031723798605875694}