{"numgrasp": 265, "translation_d": 5.478317007718546e-09, "rotation_d": 5.9413366986614995e-05, "width_d": 0.0031780128726252477}