{"numgrasp": 281, "translation_d": 5.388149758069245e-09, "rotation_d": 5.7149111119317847e-05, "width_d": 0.0029088396611666027}