{"numgrasp": 287, "translation_d": 6.379092979869301e-09, "rotation_d": 5.0259252236363565e-05, "width_d": 0.004000877720164541}