{"numgrasp": 261, "translation_d": 4.795372671277385e-09, "rotation_d": 4.812532058135365e-05, "width_d": 0.002626425044020793}