{"numgrasp": 290, "translation_d": 5.3585103179244815e-09, "rotation_d": 5.38584579850532e-05, "width_d": 0.002973144417303848}