{"numgrasp": 243, "translation_d": 4.787946150228e-09, "rotation_d": 5.272963862895019e-05, "width_d": 0.003165237520104688}