{"numgrasp": 302, "translation_d": 5.127717906283413e-09, "rotation_d": 5.501091043155277e-05, "width_d": 0.0033801308154503378}