{"numgrasp": 323, "translation_d": 5.0980875173760845e-09, "rotation_d": 5.514440178472955e-05, "width_d": 0.0034853101659893158}