{"numgrasp": 230, "translation_d": 5.102998011776676e-09, "rotation_d": 5.5791244062542645e-05, "width_d": 0.0032901452542398353}