{"numgrasp": 249, "translation_d": 5.2703207671041924e-09, "rotation_d": 5.6402623682201234e-05, "width_d": 0.003690812918150218}