{"numgrasp": 304, "translation_d": 5.113074618137152e-09, "rotation_d": 5.5073776635929896e-05, "width_d": 0.003968021831615648}