{"numgrasp": 300, "translation_d": 4.791817339060974e-09, "rotation_d": 4.914113635873058e-05, "width_d": 0.003489950564193336}