{"numgrasp": 283, "translation_d": 5.125690850552016e-09, "rotation_d": 4.828462370570905e-05, "width_d": 0.0034085359253039653}