{"numgrasp": 287, "translation_d": 4.9919848413732195e-09, "rotation_d": 4.61365010361352e-05, "width_d": 0.002961508900943188}