{"numgrasp": 283, "translation_d": 4.649369492105483e-09, "rotation_d": 4.464399880430575e-05, "width_d": 0.0029034067418787692}