{"numgrasp": 271, "translation_d": 4.5340126426534915e-09, "rotation_d": 4.0911132126775594e-05, "width_d": 0.003151846949836294}