{"numgrasp": 254, "translation_d": 4.619537220329485e-09, "rotation_d": 4.176829602784702e-05, "width_d": 0.003967346722163964}