{"numgrasp": 276, "translation_d": 4.6486452472730885e-09, "rotation_d": 4.1244580751954366e-05, "width_d": 0.0038114379122734694}