{"numgrasp": 274, "translation_d": 4.425689669786969e-09, "rotation_d": 4.161554554889746e-05, "width_d": 0.004081601130464975}