{"numgrasp": 243, "translation_d": 4.562907735534972e-09, "rotation_d": 3.676417715124294e-05, "width_d": 0.003540269217919732}