{"numgrasp": 257, "translation_d": 4.3126731076151326e-09, "rotation_d": 3.7775163913660636e-05, "width_d": 0.0035840913724629144}