{"numgrasp": 243, "translation_d": 4.693504907806984e-09, "rotation_d": 3.8937067061802485e-05, "width_d": 0.00323632041223041}