{"numgrasp": 207, "translation_d": 5.1167075411618786e-09, "rotation_d": 4.456950736738984e-05, "width_d": 0.0022570471147553483}