{"numgrasp": 205, "translation_d": 5.061355971137118e-09, "rotation_d": 4.661730534077584e-05, "width_d": 0.0023409922718831072}