{"numgrasp": 227, "translation_d": 4.726729286895208e-09, "rotation_d": 4.365380026683993e-05, "width_d": 0.0032937875774767126}