{"numgrasp": 224, "translation_d": 4.704517600638825e-09, "rotation_d": 4.394536448470485e-05, "width_d": 0.0033558626019724548}