{"numgrasp": 297, "translation_d": 6.188074343830216e-09, "rotation_d": 4.582988724618016e-05, "width_d": 0.002414413438337475}