{"numgrasp": 306, "translation_d": 6.143146416972728e-09, "rotation_d": 4.404556852993081e-05, "width_d": 0.002603625021763191}