{"numgrasp": 284, "translation_d": 6.158970128183955e-09, "rotation_d": 4.772021022892479e-05, "width_d": 0.0024289544240805533}