{"numgrasp": 287, "translation_d": 6.093904867178542e-09, "rotation_d": 4.890691481199181e-05, "width_d": 0.0023776724618886653}