{"numgrasp": 307, "translation_d": 6.100218133987949e-09, "rotation_d": 5.266865271254943e-05, "width_d": 0.002751253753808011}