{"numgrasp": 298, "translation_d": 6.188576809751723e-09, "rotation_d": 5.32522897441034e-05, "width_d": 0.0031152155452070585}