{"numgrasp": 296, "translation_d": 6.450818387896999e-09, "rotation_d": 5.5790984802034476e-05, "width_d": 0.003353640111682175}