{"numgrasp": 287, "translation_d": 6.489891044150511e-09, "rotation_d": 5.466690567941162e-05, "width_d": 0.0037207761635773863}