{"numgrasp": 268, "translation_d": 6.07391946203698e-09, "rotation_d": 5.369143409045381e-05, "width_d": 0.003765905886766329}