{"numgrasp": 298, "translation_d": 6.091643313751953e-09, "rotation_d": 5.584722940377683e-05, "width_d": 0.0035898023399348607}