{"numgrasp": 310, "translation_d": 6.406706089729931e-09, "rotation_d": 5.6842069672437343e-05, "width_d": 0.00331786219564306}