{"numgrasp": 296, "translation_d": 6.3256158698966e-09, "rotation_d": 5.598612684505844e-05, "width_d": 0.003132654544875862}