{"numgrasp": 297, "translation_d": 6.143072967215053e-09, "rotation_d": 5.663212427091193e-05, "width_d": 0.003154563897115369}