{"numgrasp": 291, "translation_d": 6.156449590422921e-09, "rotation_d": 5.684791209321376e-05, "width_d": 0.0028085548242183355}