{"numgrasp": 285, "translation_d": 6.227629757594841e-09, "rotation_d": 4.380284916259063e-05, "width_d": 0.002956127833602295}