{"numgrasp": 301, "translation_d": 6.3721585678118505e-09, "rotation_d": 5.6341391688725116e-05, "width_d": 0.002691531774343529}