{"numgrasp": 301, "translation_d": 6.5673558746824295e-09, "rotation_d": 5.491455871890205e-05, "width_d": 0.0030142620900363275}