{"numgrasp": 289, "translation_d": 6.107173038755843e-09, "rotation_d": 4.9689890858614076e-05, "width_d": 0.003625987524275865}