{"numgrasp": 292, "translation_d": 6.17172618005528e-09, "rotation_d": 4.8607179105800636e-05, "width_d": 0.003364293068657828}