{"numgrasp": 281, "translation_d": 6.289507086366396e-09, "rotation_d": 4.954990397855755e-05, "width_d": 0.0032083349241900355}