{"numgrasp": 301, "translation_d": 6.356800512653986e-09, "rotation_d": 5.116718634651679e-05, "width_d": 0.0027041071093600287}