{"numgrasp": 284, "translation_d": 6.506010549659252e-09, "rotation_d": 4.856652379337193e-05, "width_d": 0.0027411096604374107}