{"numgrasp": 276, "translation_d": 6.089905195394507e-09, "rotation_d": 4.6737203799469274e-05, "width_d": 0.0026744778215874614}