{"numgrasp": 277, "translation_d": 6.060777992191888e-09, "rotation_d": 4.630094489504058e-05, "width_d": 0.0027497981988830484}