{"numgrasp": 138, "translation_d": 5.35457096580512e-09, "rotation_d": 4.2290420442032294e-05, "width_d": 0.005337358688315525}