{"numgrasp": 121, "translation_d": 4.5138129954703845e-09, "rotation_d": 4.5713380055281206e-05, "width_d": 0.005964253752453936}