{"numgrasp": 121, "translation_d": 4.518668668500471e-09, "rotation_d": 4.472241517566206e-05, "width_d": 0.005246664964872018}