{"numgrasp": 133, "translation_d": 5.099339959615176e-09, "rotation_d": 4.104388921869688e-05, "width_d": 0.00378451228838531}