{"numgrasp": 134, "translation_d": 4.597880133792169e-09, "rotation_d": 5.5913498024422474e-05, "width_d": 0.004250138870931457}