{"numgrasp": 132, "translation_d": 4.382740488793692e-09, "rotation_d": 5.4904566018278534e-05, "width_d": 0.003780140936737391}