{"numgrasp": 126, "translation_d": 4.332690944402856e-09, "rotation_d": 5.303272002901515e-05, "width_d": 0.00462563953401635}