{"numgrasp": 111, "translation_d": 4.258579439462149e-09, "rotation_d": 5.079834480928178e-05, "width_d": 0.005308692936512574}