{"numgrasp": 123, "translation_d": 4.441941864093052e-09, "rotation_d": 5.874775279748046e-05, "width_d": 0.006176129505796473}