{"numgrasp": 128, "translation_d": 4.699486477794202e-09, "rotation_d": 6.138227744199977e-05, "width_d": 0.0048787602606942095}