{"numgrasp": 140, "translation_d": 4.554742078312729e-09, "rotation_d": 5.932927310696379e-05, "width_d": 0.004446851507271797}