{"numgrasp": 135, "translation_d": 4.412949807213797e-09, "rotation_d": 6.004559261300175e-05, "width_d": 0.005062214118210171}