{"numgrasp": 132, "translation_d": 4.691385506710503e-09, "rotation_d": 6.125283265129464e-05, "width_d": 0.0035425479124536288}