{"numgrasp": 132, "translation_d": 4.6360899472299225e-09, "rotation_d": 6.172565650463479e-05, "width_d": 0.0038890556075710818}