{"numgrasp": 140, "translation_d": 4.528578967009016e-09, "rotation_d": 6.175969792091472e-05, "width_d": 0.003991650994457312}