{"numgrasp": 149, "translation_d": 4.515758636109254e-09, "rotation_d": 6.0960127876740785e-05, "width_d": 0.004444632189015086}