{"numgrasp": 128, "translation_d": 4.9468771769018716e-09, "rotation_d": 6.127154170467843e-05, "width_d": 0.0031975744990734756}