{"numgrasp": 157, "translation_d": 7.676135948535786e-09, "rotation_d": 5.0505423543246555e-05, "width_d": 0.004855801216748233}