{"numgrasp": 136, "translation_d": 4.0657014669266264e-09, "rotation_d": 5.816143838284351e-05, "width_d": 0.0065029975410957515}