{"numgrasp": 143, "translation_d": 4.645831758159492e-09, "rotation_d": 5.754867661139628e-05, "width_d": 0.0061081532501391375}