{"numgrasp": 149, "translation_d": 7.098485914423094e-09, "rotation_d": 4.9783639015088024e-05, "width_d": 0.0044992403198267795}