{"numgrasp": 137, "translation_d": 4.782132106090968e-09, "rotation_d": 5.5767662838321106e-05, "width_d": 0.005218304577937544}