{"numgrasp": 145, "translation_d": 4.5650738758445454e-09, "rotation_d": 5.5419612529633615e-05, "width_d": 0.00553835978558892}