{"numgrasp": 142, "translation_d": 4.852733336817445e-09, "rotation_d": 5.2436356059387355e-05, "width_d": 0.004633527130143413}