{"numgrasp": 142, "translation_d": 4.651101806534997e-09, "rotation_d": 5.0628966510625145e-05, "width_d": 0.004133652915063541}