{"numgrasp": 143, "translation_d": 4.723207711761773e-09, "rotation_d": 4.999041004762453e-05, "width_d": 0.003944821103507445}