{"numgrasp": 143, "translation_d": 4.6887882706287795e-09, "rotation_d": 4.782149782138973e-05, "width_d": 0.00396906491456967}