{"numgrasp": 158, "translation_d": 7.269410891852893e-09, "rotation_d": 4.99981165973835e-05, "width_d": 0.004954936817040741}