{"numgrasp": 153, "translation_d": 4.619226177318048e-09, "rotation_d": 3.968397210366302e-05, "width_d": 0.004037429304584316}