{"numgrasp": 147, "translation_d": 4.872940229941349e-09, "rotation_d": 4.026696649783793e-05, "width_d": 0.003975379354483153}