{"numgrasp": 155, "translation_d": 7.649104296693367e-09, "rotation_d": 5.2446396643954564e-05, "width_d": 0.004624051033530818}