{"numgrasp": 164, "translation_d": 7.0918316019722864e-09, "rotation_d": 4.164952605253162e-05, "width_d": 0.003988876515748584}