{"numgrasp": 157, "translation_d": 4.750763837966834e-09, "rotation_d": 3.6816247270990706e-05, "width_d": 0.005433043609082799}