{"numgrasp": 142, "translation_d": 4.430748287926369e-09, "rotation_d": 3.795907233604693e-05, "width_d": 0.004905873341286171}