{"numgrasp": 141, "translation_d": 4.812863768106016e-09, "rotation_d": 3.697630755652623e-05, "width_d": 0.0044715242930896655}