{"numgrasp": 141, "translation_d": 4.313584403919661e-09, "rotation_d": 3.557134819240339e-05, "width_d": 0.004574572375718875}