{"numgrasp": 135, "translation_d": 4.662297708502688e-09, "rotation_d": 3.556195816312296e-05, "width_d": 0.004172162477240017}