{"numgrasp": 131, "translation_d": 4.872109939816667e-09, "rotation_d": 3.757271649652905e-05, "width_d": 0.00366611064541923}