{"numgrasp": 164, "translation_d": 7.578080667277088e-09, "rotation_d": 5.355129357773071e-05, "width_d": 0.004529777015928785}