{"numgrasp": 131, "translation_d": 4.99157379467134e-09, "rotation_d": 4.122397243020275e-05, "width_d": 0.0035904538988105242}