{"numgrasp": 120, "translation_d": 5.242824538520075e-09, "rotation_d": 4.6961228764864914e-05, "width_d": 0.003786306151570015}