{"numgrasp": 132, "translation_d": 4.85663739364954e-09, "rotation_d": 3.999193494809713e-05, "width_d": 0.004605001456009902}