{"numgrasp": 132, "translation_d": 4.487473627652979e-09, "rotation_d": 4.061960245446646e-05, "width_d": 0.005534970603064661}