{"numgrasp": 115, "translation_d": 4.594085350203726e-09, "rotation_d": 5.528912783541579e-05, "width_d": 0.00551733952609478}