{"numgrasp": 157, "translation_d": 7.415087900997937e-09, "rotation_d": 5.4400692811079055e-05, "width_d": 0.004324599015560112}