{"numgrasp": 110, "translation_d": 4.287124474880333e-09, "rotation_d": 5.414387178197348e-05, "width_d": 0.005250644972413414}