{"numgrasp": 115, "translation_d": 4.742939228942689e-09, "rotation_d": 5.420229481292166e-05, "width_d": 0.0047031788649802755}