{"numgrasp": 119, "translation_d": 5.423390795620288e-09, "rotation_d": 5.708822653866939e-05, "width_d": 0.004215541495211752}