{"numgrasp": 113, "translation_d": 5.516053289101531e-09, "rotation_d": 6.0312773023538926e-05, "width_d": 0.0037627975562896767}