{"numgrasp": 112, "translation_d": 5.4752022521884306e-09, "rotation_d": 6.656801462894545e-05, "width_d": 0.003949343419978832}