{"numgrasp": 102, "translation_d": 5.0921876065432795e-09, "rotation_d": 6.537661808584454e-05, "width_d": 0.004307410003950044}