{"numgrasp": 115, "translation_d": 5.722851775392412e-09, "rotation_d": 6.523232166632966e-05, "width_d": 0.004163067965727953}