{"numgrasp": 107, "translation_d": 4.918996332418111e-09, "rotation_d": 6.400746291041521e-05, "width_d": 0.005510840907218061}