{"numgrasp": 108, "translation_d": 4.93854926923966e-09, "rotation_d": 6.395788595118821e-05, "width_d": 0.0055315462776249595}