{"numgrasp": 162, "translation_d": 7.104477360235364e-09, "rotation_d": 5.365885125184742e-05, "width_d": 0.0040602934611759815}