{"numgrasp": 165, "translation_d": 7.146244165747368e-09, "rotation_d": 5.1063510642490093e-05, "width_d": 0.003977476713014778}