{"numgrasp": 164, "translation_d": 6.662816264621506e-09, "rotation_d": 4.362305632193317e-05, "width_d": 0.003953424446124242}