{"numgrasp": 165, "translation_d": 7.143089316380248e-09, "rotation_d": 4.816379643368918e-05, "width_d": 0.0038220890574499696}