{"numgrasp": 159, "translation_d": 6.938524859045267e-09, "rotation_d": 5.790764706907154e-05, "width_d": 0.003883906777501961}