{"numgrasp": 160, "translation_d": 6.829519935121803e-09, "rotation_d": 5.803860175111507e-05, "width_d": 0.003944759528079581}