{"numgrasp": 160, "translation_d": 6.693553688899555e-09, "rotation_d": 5.8012749136098186e-05, "width_d": 0.003879796599816011}