{"numgrasp": 162, "translation_d": 7.029678725304759e-09, "rotation_d": 5.751293499008501e-05, "width_d": 0.00394215836126174}