{"numgrasp": 160, "translation_d": 6.99333458506699e-09, "rotation_d": 5.5779391028724966e-05, "width_d": 0.004451624545400411}