{"numgrasp": 156, "translation_d": 7.008340137223507e-09, "rotation_d": 4.6084692547743546e-05, "width_d": 0.003959972676947861}