{"numgrasp": 152, "translation_d": 7.107402020835016e-09, "rotation_d": 5.4680941128176826e-05, "width_d": 0.004393712007004334}