{"numgrasp": 154, "translation_d": 6.9707421677590836e-09, "rotation_d": 5.32498580882482e-05, "width_d": 0.0048780845339987415}