{"numgrasp": 143, "translation_d": 6.938828982157238e-09, "rotation_d": 4.928825130575963e-05, "width_d": 0.004935626021264178}