{"numgrasp": 145, "translation_d": 6.973582061037365e-09, "rotation_d": 5.035772353853866e-05, "width_d": 0.004877353555452331}