{"numgrasp": 156, "translation_d": 6.912743384762517e-09, "rotation_d": 5.370574103299416e-05, "width_d": 0.004195225665838611}