{"numgrasp": 155, "translation_d": 6.393515715344841e-09, "rotation_d": 5.9099181033130284e-05, "width_d": 0.003935566699002126}