{"numgrasp": 128, "translation_d": 6.360959394739274e-09, "rotation_d": 5.94982281592836e-05, "width_d": 0.00376534911918875}