{"numgrasp": 161, "translation_d": 6.6744792285140726e-09, "rotation_d": 5.034550042087887e-05, "width_d": 0.004152578355871519}