{"numgrasp": 149, "translation_d": 6.473242776885507e-09, "rotation_d": 5.234523255476264e-05, "width_d": 0.004608133835805733}