{"numgrasp": 146, "translation_d": 6.167166520842795e-09, "rotation_d": 5.048541017093125e-05, "width_d": 0.004772038608348818}