{"numgrasp": 138, "translation_d": 6.601622954836991e-09, "rotation_d": 5.183813877204141e-05, "width_d": 0.005281287837085698}