{"numgrasp": 148, "translation_d": 5.896175456430295e-09, "rotation_d": 4.5421031376033185e-05, "width_d": 0.004973788880546008}