{"numgrasp": 149, "translation_d": 6.1514116124790995e-09, "rotation_d": 4.490574316646921e-05, "width_d": 0.003978580999422802}