{"numgrasp": 150, "translation_d": 5.2718568463594986e-09, "rotation_d": 4.6232229177306385e-05, "width_d": 0.0038224179888251917}