{"numgrasp": 145, "translation_d": 5.73519713448143e-09, "rotation_d": 4.694437792819391e-05, "width_d": 0.004047290030723386}