{"numgrasp": 141, "translation_d": 5.693944129599721e-09, "rotation_d": 4.823924465614916e-05, "width_d": 0.0036540710654551145}