{"numgrasp": 159, "translation_d": 7.489205394485312e-09, "rotation_d": 5.0787193266891904e-05, "width_d": 0.004369453846745575}