{"numgrasp": 136, "translation_d": 5.412915610519322e-09, "rotation_d": 3.891981223287968e-05, "width_d": 0.00290183863584876}