{"numgrasp": 140, "translation_d": 5.227756102429509e-09, "rotation_d": 3.726345228140687e-05, "width_d": 0.004070942140457191}