{"numgrasp": 417, "translation_d": 5.7868153818675614e-09, "rotation_d": 5.353187820534635e-05, "width_d": 0.004590491499229953}