{"numgrasp": 440, "translation_d": 5.733022004823317e-09, "rotation_d": 5.476475220391934e-05, "width_d": 0.0053155314647425666}