{"numgrasp": 423, "translation_d": 5.6285129017384596e-09, "rotation_d": 5.300520261041392e-05, "width_d": 0.004981333909750236}