{"numgrasp": 427, "translation_d": 5.5794242063719735e-09, "rotation_d": 5.333182220106162e-05, "width_d": 0.0045091728301741695}