{"numgrasp": 510, "translation_d": 6.995518742308601e-09, "rotation_d": 5.376944012289576e-05, "width_d": 0.004320186508094822}