{"numgrasp": 440, "translation_d": 5.778067183767979e-09, "rotation_d": 5.419687481992425e-05, "width_d": 0.0042060648177782035}