{"numgrasp": 420, "translation_d": 5.516539702691417e-09, "rotation_d": 5.1975678007239785e-05, "width_d": 0.003104429101198863}