{"numgrasp": 419, "translation_d": 5.675089905881748e-09, "rotation_d": 5.193952156020478e-05, "width_d": 0.0030764935420135777}