{"numgrasp": 517, "translation_d": 6.917726133771165e-09, "rotation_d": 5.396570278782224e-05, "width_d": 0.004570059056534505}