{"numgrasp": 410, "translation_d": 5.679066616033651e-09, "rotation_d": 5.112690931621327e-05, "width_d": 0.002789819402388982}