{"numgrasp": 420, "translation_d": 5.899373192315108e-09, "rotation_d": 5.246096405785139e-05, "width_d": 0.002930680969840997}