{"numgrasp": 421, "translation_d": 5.642650076713374e-09, "rotation_d": 5.15635687793723e-05, "width_d": 0.003224726058000583}