{"numgrasp": 501, "translation_d": 7.240941676721782e-09, "rotation_d": 5.466584850653158e-05, "width_d": 0.00460097008756912}