{"numgrasp": 402, "translation_d": 5.608085675417906e-09, "rotation_d": 5.135174037724787e-05, "width_d": 0.003468530928730143}