{"numgrasp": 421, "translation_d": 5.310225446388983e-09, "rotation_d": 5.049427950729557e-05, "width_d": 0.004083793140535002}