{"numgrasp": 428, "translation_d": 5.230510109724547e-09, "rotation_d": 4.917256101190522e-05, "width_d": 0.004229974973119651}