{"numgrasp": 414, "translation_d": 5.486720738944937e-09, "rotation_d": 4.882268068971909e-05, "width_d": 0.0044346385142054415}