{"numgrasp": 415, "translation_d": 5.649838847431917e-09, "rotation_d": 5.0764212465941945e-05, "width_d": 0.0027121574336961877}