{"numgrasp": 415, "translation_d": 5.448275124417092e-09, "rotation_d": 5.128760815944602e-05, "width_d": 0.0026434912899726184}