{"numgrasp": 428, "translation_d": 5.627282389797155e-09, "rotation_d": 5.206768229942165e-05, "width_d": 0.0028238576271047257}