{"numgrasp": 439, "translation_d": 5.3777713492338506e-09, "rotation_d": 5.219276206925834e-05, "width_d": 0.002161532755090403}