{"numgrasp": 448, "translation_d": 5.1627976596433804e-09, "rotation_d": 4.9811973840399944e-05, "width_d": 0.0025221449285762506}