{"numgrasp": 446, "translation_d": 5.1670166369512345e-09, "rotation_d": 4.999401329700803e-05, "width_d": 0.0024369187206558576}