{"numgrasp": 448, "translation_d": 5.200765385049229e-09, "rotation_d": 4.94411248086922e-05, "width_d": 0.0029441905195152934}