{"numgrasp": 417, "translation_d": 5.148361514160298e-09, "rotation_d": 4.613851377119597e-05, "width_d": 0.003368605129355636}