{"numgrasp": 400, "translation_d": 5.160893914952661e-09, "rotation_d": 4.5979033762861615e-05, "width_d": 0.003704790282774783}