{"numgrasp": 386, "translation_d": 5.483786552835303e-09, "rotation_d": 4.549251036406116e-05, "width_d": 0.003346974461783197}