{"numgrasp": 411, "translation_d": 5.327071095207811e-09, "rotation_d": 4.498898170826448e-05, "width_d": 0.0036564384094897357}