{"numgrasp": 466, "translation_d": 7.041085494253919e-09, "rotation_d": 5.30335895977891e-05, "width_d": 0.005432282450411976}