{"numgrasp": 414, "translation_d": 5.105546976157251e-09, "rotation_d": 4.83002631528623e-05, "width_d": 0.0025042498861560206}