{"numgrasp": 481, "translation_d": 6.690747362144354e-09, "rotation_d": 5.408716644943379e-05, "width_d": 0.00530458939030128}