{"numgrasp": 423, "translation_d": 5.00577394406027e-09, "rotation_d": 5.004264225716479e-05, "width_d": 0.0023735596015108883}