{"numgrasp": 387, "translation_d": 4.727970530348024e-09, "rotation_d": 5.2305412996670935e-05, "width_d": 0.0026332262896845023}