{"numgrasp": 404, "translation_d": 4.952528713267356e-09, "rotation_d": 4.911388986354102e-05, "width_d": 0.0029620348235036894}