{"numgrasp": 409, "translation_d": 4.778462862883718e-09, "rotation_d": 4.950967254153313e-05, "width_d": 0.004301364827115163}