{"numgrasp": 481, "translation_d": 6.7250763491698235e-09, "rotation_d": 5.348487832556816e-05, "width_d": 0.0050770225113467736}