{"numgrasp": 403, "translation_d": 4.701841557373678e-09, "rotation_d": 5.12362479921552e-05, "width_d": 0.0034531320769199997}