{"numgrasp": 395, "translation_d": 4.887795083982901e-09, "rotation_d": 5.098316805625514e-05, "width_d": 0.0037085836754966513}