{"numgrasp": 395, "translation_d": 4.817005494947454e-09, "rotation_d": 5.2296195456262986e-05, "width_d": 0.002594057437650776}