{"numgrasp": 501, "translation_d": 6.653587930026133e-09, "rotation_d": 5.385563487676589e-05, "width_d": 0.004741436773829568}