{"numgrasp": 382, "translation_d": 4.561536799126711e-09, "rotation_d": 5.4017794551759146e-05, "width_d": 0.0027454462359638504}