{"numgrasp": 385, "translation_d": 4.703857710023778e-09, "rotation_d": 5.2748416134385445e-05, "width_d": 0.0030711017110770745}