{"numgrasp": 382, "translation_d": 4.588613383827141e-09, "rotation_d": 5.297543304338026e-05, "width_d": 0.0033086272966569253}