{"numgrasp": 504, "translation_d": 6.809797428321993e-09, "rotation_d": 5.420347792974528e-05, "width_d": 0.0046096094815186684}