{"numgrasp": 369, "translation_d": 4.682883360148517e-09, "rotation_d": 5.279763559518395e-05, "width_d": 0.004249749294148057}