{"numgrasp": 345, "translation_d": 4.32378692592671e-09, "rotation_d": 5.348449366138285e-05, "width_d": 0.005589048467782799}