{"numgrasp": 352, "translation_d": 4.297917973021828e-09, "rotation_d": 5.3805923696355634e-05, "width_d": 0.0052478341983433355}