{"numgrasp": 339, "translation_d": 4.287061461884316e-09, "rotation_d": 5.1457591616473014e-05, "width_d": 0.004690998613133194}