{"numgrasp": 355, "translation_d": 4.2150720866671404e-09, "rotation_d": 5.141091272669751e-05, "width_d": 0.003762605582164748}