{"numgrasp": 400, "translation_d": 4.628909178958867e-09, "rotation_d": 5.2735680271161026e-05, "width_d": 0.003106053905540557}