{"numgrasp": 387, "translation_d": 4.7500350666532905e-09, "rotation_d": 5.311187991514139e-05, "width_d": 0.002644297295082961}