{"numgrasp": 369, "translation_d": 5.005774979574969e-09, "rotation_d": 5.348831625634413e-05, "width_d": 0.002493761815171233}