{"numgrasp": 375, "translation_d": 4.692071796888212e-09, "rotation_d": 5.3846812376880866e-05, "width_d": 0.0034110322327129436}