{"numgrasp": 506, "translation_d": 6.7291965786257225e-09, "rotation_d": 5.428391608606347e-05, "width_d": 0.004129295372933256}