{"numgrasp": 374, "translation_d": 4.252934438823104e-09, "rotation_d": 5.253100237097434e-05, "width_d": 0.005528981527563618}