{"numgrasp": 365, "translation_d": 4.490547216111155e-09, "rotation_d": 5.3416192449641575e-05, "width_d": 0.005339586471885298}