{"numgrasp": 387, "translation_d": 4.43972325225413e-09, "rotation_d": 5.373807678842996e-05, "width_d": 0.005982677844100528}