{"numgrasp": 482, "translation_d": 6.6415727249972735e-09, "rotation_d": 5.419552272681387e-05, "width_d": 0.003939738902509475}