{"numgrasp": 494, "translation_d": 6.901637625153098e-09, "rotation_d": 5.3806615814297965e-05, "width_d": 0.003715250207590487}