{"numgrasp": 438, "translation_d": 6.7394948531242915e-09, "rotation_d": 5.3625217272895804e-05, "width_d": 0.0036687622099451952}