{"numgrasp": 465, "translation_d": 6.547592545443321e-09, "rotation_d": 5.289871578572283e-05, "width_d": 0.004359921238720465}