{"numgrasp": 462, "translation_d": 6.7481916840778214e-09, "rotation_d": 5.203053871137565e-05, "width_d": 0.004471618792154045}