{"numgrasp": 494, "translation_d": 6.843940164446937e-09, "rotation_d": 5.045316805511373e-05, "width_d": 0.0034697679561847476}