{"numgrasp": 484, "translation_d": 6.7036579540272985e-09, "rotation_d": 5.2157355472098346e-05, "width_d": 0.004738547762678627}