{"numgrasp": 452, "translation_d": 6.4090603113723966e-09, "rotation_d": 5.200394922610853e-05, "width_d": 0.00525705683268342}