{"numgrasp": 485, "translation_d": 6.513420396976939e-09, "rotation_d": 5.1705999125506234e-05, "width_d": 0.005587265346701143}