{"numgrasp": 464, "translation_d": 6.596808332923329e-09, "rotation_d": 4.862494689318396e-05, "width_d": 0.0060086143425623975}