{"numgrasp": 467, "translation_d": 6.311036404390723e-09, "rotation_d": 4.922052094548777e-05, "width_d": 0.00552061392530326}