{"numgrasp": 431, "translation_d": 6.186566192474787e-09, "rotation_d": 5.0694062198200366e-05, "width_d": 0.004130982952431683}