{"numgrasp": 396, "translation_d": 6.256309358355477e-09, "rotation_d": 5.192528879287706e-05, "width_d": 0.0032977784997529863}