{"numgrasp": 434, "translation_d": 6.392695275693816e-09, "rotation_d": 4.995851890808139e-05, "width_d": 0.004296834258854483}