{"numgrasp": 439, "translation_d": 6.2470728598485436e-09, "rotation_d": 5.0245094166227303e-05, "width_d": 0.004655110065491435}