{"numgrasp": 442, "translation_d": 6.310127614176369e-09, "rotation_d": 4.855697648099719e-05, "width_d": 0.00468493387537038}