{"numgrasp": 437, "translation_d": 6.054985818189671e-09, "rotation_d": 4.879991273772e-05, "width_d": 0.005035495018363206}