{"numgrasp": 434, "translation_d": 6.271632158891751e-09, "rotation_d": 5.2406214888079206e-05, "width_d": 0.005783380475420119}