{"numgrasp": 443, "translation_d": 5.950376755853728e-09, "rotation_d": 5.182320253541334e-05, "width_d": 0.005575516568491257}