{"numgrasp": 523, "translation_d": 7.090283520361059e-09, "rotation_d": 5.335535035917508e-05, "width_d": 0.004029582888342147}