{"numgrasp": 429, "translation_d": 6.120493092560422e-09, "rotation_d": 5.470300669522467e-05, "width_d": 0.004794411964434752}