{"numgrasp": 417, "translation_d": 6.110220218889952e-09, "rotation_d": 5.063279599025098e-05, "width_d": 0.0043703697260061}