{"numgrasp": 411, "translation_d": 6.097956813121953e-09, "rotation_d": 5.005401855522194e-05, "width_d": 0.004280992071649771}