{"numgrasp": 416, "translation_d": 6.0951249465174284e-09, "rotation_d": 5.166791918579408e-05, "width_d": 0.004136142860163303}