{"numgrasp": 415, "translation_d": 5.856877064238759e-09, "rotation_d": 4.9399662776766614e-05, "width_d": 0.003944052034611694}