{"numgrasp": 511, "translation_d": 7.224531350796117e-09, "rotation_d": 5.25123926685458e-05, "width_d": 0.003966493652337142}