{"numgrasp": 410, "translation_d": 5.870762372060904e-09, "rotation_d": 4.9243363103086575e-05, "width_d": 0.003230378677349455}