{"numgrasp": 397, "translation_d": 5.9003463297829914e-09, "rotation_d": 4.987816558006001e-05, "width_d": 0.003291067225105174}