{"numgrasp": 411, "translation_d": 5.928116300563903e-09, "rotation_d": 5.084902121924253e-05, "width_d": 0.00337764950074347}