{"numgrasp": 427, "translation_d": 5.771936292570698e-09, "rotation_d": 5.3715506900202466e-05, "width_d": 0.004254938420423394}