{"numgrasp": 282, "translation_d": 5.420524804975012e-09, "rotation_d": 5.025973390440965e-05, "width_d": 0.005294611247785283}