{"numgrasp": 281, "translation_d": 5.484235718811426e-09, "rotation_d": 5.098516373337172e-05, "width_d": 0.0058790871761730795}