{"numgrasp": 275, "translation_d": 5.77156545879139e-09, "rotation_d": 5.014473667945349e-05, "width_d": 0.005851586003412642}