{"numgrasp": 282, "translation_d": 5.5326668659494884e-09, "rotation_d": 5.0746150842486686e-05, "width_d": 0.006409840199006298}