{"numgrasp": 299, "translation_d": 5.6649315564849805e-09, "rotation_d": 4.923263349248139e-05, "width_d": 0.007059507093478762}