{"numgrasp": 291, "translation_d": 5.613175203553727e-09, "rotation_d": 4.9073582410039666e-05, "width_d": 0.0064037850928107985}