{"numgrasp": 287, "translation_d": 5.4354725023582485e-09, "rotation_d": 4.947620291546052e-05, "width_d": 0.005956346412991204}