{"numgrasp": 290, "translation_d": 5.699288890820258e-09, "rotation_d": 4.92273313110935e-05, "width_d": 0.004755479323796093}