{"numgrasp": 293, "translation_d": 5.5926828018095815e-09, "rotation_d": 4.9494365218084444e-05, "width_d": 0.004396044958767029}