{"numgrasp": 279, "translation_d": 5.326685301548939e-09, "rotation_d": 4.8475912597103226e-05, "width_d": 0.003659281991939078}