{"numgrasp": 274, "translation_d": 5.331963314806263e-09, "rotation_d": 4.917802098056403e-05, "width_d": 0.0033379061436229424}