{"numgrasp": 266, "translation_d": 5.920978959137682e-09, "rotation_d": 4.5471922986405904e-05, "width_d": 0.005280303420076995}