{"numgrasp": 277, "translation_d": 5.558532432048104e-09, "rotation_d": 5.02113210462429e-05, "width_d": 0.002833947663371123}