{"numgrasp": 269, "translation_d": 5.328663435998385e-09, "rotation_d": 4.8836762907778534e-05, "width_d": 0.0029769044662705394}