{"numgrasp": 270, "translation_d": 5.822575321529858e-09, "rotation_d": 4.874527953979695e-05, "width_d": 0.003184513359541748}