{"numgrasp": 271, "translation_d": 5.5964379583079985e-09, "rotation_d": 4.8879327163356354e-05, "width_d": 0.003546838475977153}