{"numgrasp": 290, "translation_d": 5.555078611697908e-09, "rotation_d": 4.865917949675803e-05, "width_d": 0.004340827016623777}