{"numgrasp": 277, "translation_d": 5.7886274122536775e-09, "rotation_d": 5.0744933239285384e-05, "width_d": 0.007031327906955243}