{"numgrasp": 280, "translation_d": 5.507460485880242e-09, "rotation_d": 4.959487098387446e-05, "width_d": 0.0061676523248045375}