{"numgrasp": 280, "translation_d": 5.462652438225359e-09, "rotation_d": 4.974051419966034e-05, "width_d": 0.0053246851395459425}