{"numgrasp": 291, "translation_d": 5.559876195127428e-09, "rotation_d": 4.9557100744112976e-05, "width_d": 0.005253552281471365}