{"numgrasp": 275, "translation_d": 5.6824922066854505e-09, "rotation_d": 5.0115520987460296e-05, "width_d": 0.004854059122722769}