{"numgrasp": 270, "translation_d": 5.197474593601682e-09, "rotation_d": 4.9557623154831196e-05, "width_d": 0.0035555667901981183}