{"numgrasp": 264, "translation_d": 5.68534964885216e-09, "rotation_d": 5.2168613757225536e-05, "width_d": 0.0031191147459309096}