{"numgrasp": 246, "translation_d": 6.123077998499156e-09, "rotation_d": 4.62178434995851e-05, "width_d": 0.006023457609314464}