{"numgrasp": 262, "translation_d": 5.761760632955307e-09, "rotation_d": 5.2316502999836856e-05, "width_d": 0.002843545092668883}