{"numgrasp": 267, "translation_d": 5.551309685199243e-09, "rotation_d": 5.1619210859641056e-05, "width_d": 0.0037981494865363436}