{"numgrasp": 273, "translation_d": 5.809870477046988e-09, "rotation_d": 5.0933316136195396e-05, "width_d": 0.00521503615551575}