{"numgrasp": 270, "translation_d": 5.67152435275676e-09, "rotation_d": 5.011296916513828e-05, "width_d": 0.0056771505117309195}