{"numgrasp": 271, "translation_d": 5.830565801810232e-09, "rotation_d": 4.807671814145369e-05, "width_d": 0.006269895708824574}