{"numgrasp": 269, "translation_d": 5.5454939008195735e-09, "rotation_d": 5.081076581034381e-05, "width_d": 0.006432319902786384}