{"numgrasp": 279, "translation_d": 5.7896048741081275e-09, "rotation_d": 5.1776225286295e-05, "width_d": 0.004945165715871604}