{"numgrasp": 276, "translation_d": 6.015402081405427e-09, "rotation_d": 5.2618681010378525e-05, "width_d": 0.003726205080116167}