{"numgrasp": 282, "translation_d": 5.4359363396961025e-09, "rotation_d": 5.253401875117968e-05, "width_d": 0.003396492062828259}