{"numgrasp": 277, "translation_d": 5.625978477250989e-09, "rotation_d": 5.2625169204499646e-05, "width_d": 0.00289389963607161}