{"numgrasp": 260, "translation_d": 5.694542354139557e-09, "rotation_d": 5.289310098673521e-05, "width_d": 0.0027955070524091482}