{"numgrasp": 280, "translation_d": 5.2174382900563895e-09, "rotation_d": 5.130875778188713e-05, "width_d": 0.0032662814394506293}