{"numgrasp": 277, "translation_d": 5.732474352678674e-09, "rotation_d": 5.185729097315629e-05, "width_d": 0.004416601865282522}