{"numgrasp": 292, "translation_d": 5.6136209286529985e-09, "rotation_d": 5.1751934367288544e-05, "width_d": 0.004778840845071493}