{"numgrasp": 257, "translation_d": 5.555615531180598e-09, "rotation_d": 5.278333102091972e-05, "width_d": 0.005682608578817773}