{"numgrasp": 275, "translation_d": 5.268155358915746e-09, "rotation_d": 5.261575292968932e-05, "width_d": 0.006116475946230198}