{"numgrasp": 273, "translation_d": 5.6568692738067455e-09, "rotation_d": 5.219763602779953e-05, "width_d": 0.0062646890717790275}