{"numgrasp": 275, "translation_d": 5.607006929597628e-09, "rotation_d": 5.0991432409032897e-05, "width_d": 0.005996197850427244}