{"numgrasp": 274, "translation_d": 5.549051778272811e-09, "rotation_d": 5.117068017108835e-05, "width_d": 0.005553734276511296}