{"numgrasp": 281, "translation_d": 5.313373453423121e-09, "rotation_d": 5.0971382254861516e-05, "width_d": 0.004951212903335413}