{"numgrasp": 292, "translation_d": 5.286624081230965e-09, "rotation_d": 5.0983893994293676e-05, "width_d": 0.0037792520736002638}