{"numgrasp": 293, "translation_d": 5.30271390466076e-09, "rotation_d": 4.937872610404252e-05, "width_d": 0.0035539303839795785}