{"numgrasp": 292, "translation_d": 5.105811083863241e-09, "rotation_d": 4.839348038545373e-05, "width_d": 0.003065142399051982}