{"numgrasp": 295, "translation_d": 5.360128190975115e-09, "rotation_d": 4.807944798676822e-05, "width_d": 0.003628159139040248}