{"numgrasp": 238, "translation_d": 5.717061200444509e-09, "rotation_d": 4.721642744604024e-05, "width_d": 0.005154473142729502}