{"numgrasp": 300, "translation_d": 5.132815215898852e-09, "rotation_d": 4.970676185447913e-05, "width_d": 0.0050115351053131914}