{"numgrasp": 275, "translation_d": 5.018296254291829e-09, "rotation_d": 4.810587718132265e-05, "width_d": 0.005099828749419587}