{"numgrasp": 290, "translation_d": 5.034624400870661e-09, "rotation_d": 4.798408452694619e-05, "width_d": 0.005305861480241452}