{"numgrasp": 277, "translation_d": 5.084764222465244e-09, "rotation_d": 4.950063492415486e-05, "width_d": 0.0055760496422986175}