{"numgrasp": 272, "translation_d": 4.6842314923729325e-09, "rotation_d": 5.141773899083886e-05, "width_d": 0.005553895778061405}