{"numgrasp": 272, "translation_d": 4.719520110965314e-09, "rotation_d": 4.7629456600045724e-05, "width_d": 0.006037864655947195}