{"numgrasp": 283, "translation_d": 4.991831062300869e-09, "rotation_d": 4.732268205201022e-05, "width_d": 0.004971531939606911}