{"numgrasp": 278, "translation_d": 5.071741215581686e-09, "rotation_d": 4.776103366622767e-05, "width_d": 0.004736352755059297}