{"numgrasp": 297, "translation_d": 5.129076833308189e-09, "rotation_d": 4.6869451682085785e-05, "width_d": 0.004615001162529958}