{"numgrasp": 299, "translation_d": 4.941941144093539e-09, "rotation_d": 4.8188952681155644e-05, "width_d": 0.0033306558056276363}