{"numgrasp": 294, "translation_d": 5.116304590969904e-09, "rotation_d": 4.7776930729141914e-05, "width_d": 0.003191535193214663}