{"numgrasp": 276, "translation_d": 5.218913265385209e-09, "rotation_d": 4.8342299064304285e-05, "width_d": 0.003646140575800519}