{"numgrasp": 286, "translation_d": 5.212627797659812e-09, "rotation_d": 4.958206673304395e-05, "width_d": 0.003936510262557973}