{"numgrasp": 279, "translation_d": 4.955000826374515e-09, "rotation_d": 4.796101372574313e-05, "width_d": 0.005280775339747988}