{"numgrasp": 271, "translation_d": 5.169799312468314e-09, "rotation_d": 5.014377365265934e-05, "width_d": 0.005865434345692287}