{"numgrasp": 229, "translation_d": 6.213171523438659e-09, "rotation_d": 4.732064717114304e-05, "width_d": 0.0035381562777415205}