{"numgrasp": 239, "translation_d": 6.3425865196835715e-09, "rotation_d": 4.709428612533285e-05, "width_d": 0.0032399318931105093}