{"numgrasp": 284, "translation_d": 5.8474948731553355e-09, "rotation_d": 5.135152983344705e-05, "width_d": 0.004489882867435002}