{"numgrasp": 252, "translation_d": 5.82748069320454e-09, "rotation_d": 5.025789305171561e-05, "width_d": 0.00492320339581904}