{"numgrasp": 246, "translation_d": 6.217251283423325e-09, "rotation_d": 4.574613997818455e-05, "width_d": 0.0037554651653830574}