{"numgrasp": 245, "translation_d": 6.210101075642454e-09, "rotation_d": 5.1168602123673575e-05, "width_d": 0.006220756541687336}