{"numgrasp": 256, "translation_d": 5.576871382214096e-09, "rotation_d": 5.135086702241771e-05, "width_d": 0.006729970478380851}