{"numgrasp": 248, "translation_d": 5.624007550157353e-09, "rotation_d": 5.2367818515117686e-05, "width_d": 0.006171431291716226}