{"numgrasp": 254, "translation_d": 5.486427752049023e-09, "rotation_d": 5.253369261939929e-05, "width_d": 0.005459019592698873}