{"numgrasp": 262, "translation_d": 5.935200309585674e-09, "rotation_d": 5.315046776621119e-05, "width_d": 0.004032271451201474}