{"numgrasp": 253, "translation_d": 5.642910096280798e-09, "rotation_d": 5.172066403900592e-05, "width_d": 0.0034081354624739043}