{"numgrasp": 253, "translation_d": 6.174843174904085e-09, "rotation_d": 4.5670418198491836e-05, "width_d": 0.004059103326200136}