{"numgrasp": 238, "translation_d": 5.917626645093894e-09, "rotation_d": 5.0816476240692894e-05, "width_d": 0.0031296390772736957}