{"numgrasp": 251, "translation_d": 5.661113226617221e-09, "rotation_d": 5.437418455035789e-05, "width_d": 0.003259527893638755}