{"numgrasp": 282, "translation_d": 5.558149284670793e-09, "rotation_d": 5.4117121652923294e-05, "width_d": 0.004030206724699323}