{"numgrasp": 277, "translation_d": 5.548307146087408e-09, "rotation_d": 5.4184498620381246e-05, "width_d": 0.004107532962829334}