{"numgrasp": 285, "translation_d": 5.8123269583189995e-09, "rotation_d": 5.447310032857426e-05, "width_d": 0.005405863717622533}