{"numgrasp": 253, "translation_d": 5.68751479716199e-09, "rotation_d": 5.359315280703163e-05, "width_d": 0.005600385808793901}