{"numgrasp": 271, "translation_d": 5.7379411184608706e-09, "rotation_d": 5.49905699481977e-05, "width_d": 0.006271667370990717}