{"numgrasp": 281, "translation_d": 5.5941377631866325e-09, "rotation_d": 5.4506807103809204e-05, "width_d": 0.005653415912141426}