{"numgrasp": 275, "translation_d": 5.595443358543298e-09, "rotation_d": 5.391741827312932e-05, "width_d": 0.0049029352760337815}