{"numgrasp": 282, "translation_d": 5.6495771881313075e-09, "rotation_d": 5.4186854740931204e-05, "width_d": 0.0040608272204750075}