{"numgrasp": 269, "translation_d": 5.701226853329569e-09, "rotation_d": 5.483574980053666e-05, "width_d": 0.00373610617748176}