{"numgrasp": 259, "translation_d": 5.64905757510548e-09, "rotation_d": 5.232084675275217e-05, "width_d": 0.003336695325843592}