{"numgrasp": 285, "translation_d": 5.33470404047658e-09, "rotation_d": 5.084902866545099e-05, "width_d": 0.0036935050148125077}