{"numgrasp": 292, "translation_d": 5.549671076814807e-09, "rotation_d": 5.0889124595522376e-05, "width_d": 0.003910249354727351}