{"numgrasp": 284, "translation_d": 5.578195472643746e-09, "rotation_d": 5.189551472105387e-05, "width_d": 0.0046973359396868235}