{"numgrasp": 459, "translation_d": 6.561216258626236e-09, "rotation_d": 6.0799643264182824e-05, "width_d": 0.005632162453508074}