{"numgrasp": 456, "translation_d": 6.502933838019553e-09, "rotation_d": 5.684731777242192e-05, "width_d": 0.0059428695874942875}