{"numgrasp": 464, "translation_d": 7.50355621420143e-09, "rotation_d": 4.1405036191723745e-05, "width_d": 0.004308547517043825}