{"numgrasp": 527, "translation_d": 6.307208421166302e-09, "rotation_d": 5.4536897084970837e-05, "width_d": 0.004850718674183077}