{"numgrasp": 526, "translation_d": 6.2367781586835e-09, "rotation_d": 5.5142532420149135e-05, "width_d": 0.004615062678100224}