{"numgrasp": 507, "translation_d": 6.394971363789645e-09, "rotation_d": 5.406572158345688e-05, "width_d": 0.004059911143751752}