{"numgrasp": 476, "translation_d": 6.409762180494521e-09, "rotation_d": 5.529732371408951e-05, "width_d": 0.002887257017826222}