{"numgrasp": 458, "translation_d": 6.5409941397369595e-09, "rotation_d": 5.639089231062389e-05, "width_d": 0.0025500292826152776}