{"numgrasp": 432, "translation_d": 5.730207658057258e-09, "rotation_d": 4.311649605431508e-05, "width_d": 0.002774144241744771}