{"numgrasp": 522, "translation_d": 6.290818480212111e-09, "rotation_d": 4.4173484253368496e-05, "width_d": 0.004779140001513635}