{"numgrasp": 499, "translation_d": 6.197874600342094e-09, "rotation_d": 4.653793733934517e-05, "width_d": 0.005672511899468279}