{"numgrasp": 495, "translation_d": 6.172486144610494e-09, "rotation_d": 4.644945597680877e-05, "width_d": 0.006275334521648922}