{"numgrasp": 472, "translation_d": 5.893234390220206e-09, "rotation_d": 4.6918689555010985e-05, "width_d": 0.006519356212014527}