{"numgrasp": 483, "translation_d": 6.301987168405826e-09, "rotation_d": 4.016442586308308e-05, "width_d": 0.005986254145767685}