{"numgrasp": 517, "translation_d": 6.2962974069650165e-09, "rotation_d": 3.886651966956981e-05, "width_d": 0.004826915968907864}