{"numgrasp": 501, "translation_d": 6.2350299270047095e-09, "rotation_d": 3.79889147480098e-05, "width_d": 0.0040979864179998115}