{"numgrasp": 508, "translation_d": 6.171078835289388e-09, "rotation_d": 3.737902449697305e-05, "width_d": 0.003606441748267149}