{"numgrasp": 463, "translation_d": 5.9995129969029e-09, "rotation_d": 3.763720419021885e-05, "width_d": 0.0033383964523905126}