{"numgrasp": 442, "translation_d": 5.6774264771670304e-09, "rotation_d": 3.8427125933144375e-05, "width_d": 0.003238364891156241}