{"numgrasp": 433, "translation_d": 7.259133102761798e-09, "rotation_d": 3.79883247181113e-05, "width_d": 0.0048342019428935495}