{"numgrasp": 413, "translation_d": 5.884141401119038e-09, "rotation_d": 3.655212153277176e-05, "width_d": 0.0025144661541985046}