{"numgrasp": 445, "translation_d": 5.641786328276072e-09, "rotation_d": 5.113179154620958e-05, "width_d": 0.00307490297036629}