{"numgrasp": 490, "translation_d": 5.9091322659167054e-09, "rotation_d": 4.821347773019281e-05, "width_d": 0.0035051982334691964}