{"numgrasp": 480, "translation_d": 5.843161227463799e-09, "rotation_d": 4.6094923590056223e-05, "width_d": 0.0036636128715788322}