{"numgrasp": 497, "translation_d": 5.710790665161013e-09, "rotation_d": 4.533514886241086e-05, "width_d": 0.004001543868564335}