{"numgrasp": 491, "translation_d": 5.822680674661762e-09, "rotation_d": 4.5113589733753334e-05, "width_d": 0.004228489505351782}