{"numgrasp": 500, "translation_d": 5.936079520806134e-09, "rotation_d": 4.424283224950427e-05, "width_d": 0.004507217421117546}