{"numgrasp": 425, "translation_d": 7.418761677819018e-09, "rotation_d": 3.679156819274014e-05, "width_d": 0.004753627581654121}