{"numgrasp": 502, "translation_d": 6.14002884347013e-09, "rotation_d": 4.284131602721604e-05, "width_d": 0.005275813092126667}