{"numgrasp": 492, "translation_d": 6.1673425343038325e-09, "rotation_d": 4.345189390143292e-05, "width_d": 0.005972325613922571}