{"numgrasp": 520, "translation_d": 5.762038685021279e-09, "rotation_d": 5.3095771740803294e-05, "width_d": 0.0066675264019549095}