{"numgrasp": 525, "translation_d": 5.659103918070174e-09, "rotation_d": 5.266688519004756e-05, "width_d": 0.005612350635626033}