{"numgrasp": 515, "translation_d": 5.738578202867978e-09, "rotation_d": 5.405171612573854e-05, "width_d": 0.004401763694751148}