{"numgrasp": 543, "translation_d": 5.67213411255379e-09, "rotation_d": 5.669233122362685e-05, "width_d": 0.0036820922890616996}