{"numgrasp": 485, "translation_d": 5.312734549802888e-09, "rotation_d": 6.218459396517339e-05, "width_d": 0.003111412351182471}