{"numgrasp": 522, "translation_d": 5.312687490020089e-09, "rotation_d": 6.0308684241662705e-05, "width_d": 0.0046299159578004154}