{"numgrasp": 514, "translation_d": 5.575652395380925e-09, "rotation_d": 6.0124565996876e-05, "width_d": 0.0051491626834398695}