{"numgrasp": 486, "translation_d": 5.106534533590334e-09, "rotation_d": 5.79427975135336e-05, "width_d": 0.006464948889105681}