{"numgrasp": 502, "translation_d": 5.012425992565522e-09, "rotation_d": 5.896419361739556e-05, "width_d": 0.006460644877583662}