{"numgrasp": 469, "translation_d": 5.182757013689219e-09, "rotation_d": 6.014843478106376e-05, "width_d": 0.005943641182704233}