{"numgrasp": 462, "translation_d": 7.48709063365899e-09, "rotation_d": 3.845997563706048e-05, "width_d": 0.00438181647433208}