{"numgrasp": 443, "translation_d": 7.310433389591078e-09, "rotation_d": 5.316460857256679e-05, "width_d": 0.0029759344175160104}