{"numgrasp": 517, "translation_d": 5.293805937942997e-09, "rotation_d": 6.179710749134798e-05, "width_d": 0.005060503345001211}