{"numgrasp": 510, "translation_d": 5.21110438457069e-09, "rotation_d": 6.158967314614453e-05, "width_d": 0.004224119267210104}