{"numgrasp": 417, "translation_d": 4.945090943539325e-09, "rotation_d": 4.540818718623662e-05, "width_d": 0.002674862654048653}