{"numgrasp": 432, "translation_d": 4.728066892974869e-09, "rotation_d": 4.7476181225611236e-05, "width_d": 0.002769556135712026}