{"numgrasp": 459, "translation_d": 7.337014667447037e-09, "rotation_d": 3.832722777381694e-05, "width_d": 0.0040017102965210095}