{"numgrasp": 464, "translation_d": 4.737991696466063e-09, "rotation_d": 5.5798466236758893e-05, "width_d": 0.005637081447511027}