{"numgrasp": 450, "translation_d": 4.242611824340888e-09, "rotation_d": 4.6655252966442166e-05, "width_d": 0.0057930491629159505}