{"numgrasp": 432, "translation_d": 4.414911084232983e-09, "rotation_d": 4.7413454994475346e-05, "width_d": 0.005560456859156221}