{"numgrasp": 412, "translation_d": 4.231811002045332e-09, "rotation_d": 4.7138741078821534e-05, "width_d": 0.0052993097172117105}