{"numgrasp": 486, "translation_d": 7.51914291500339e-09, "rotation_d": 3.849800493767771e-05, "width_d": 0.003705447137178373}