{"numgrasp": 437, "translation_d": 4.625667730049196e-09, "rotation_d": 4.663649236769748e-05, "width_d": 0.004784413670610337}