{"numgrasp": 449, "translation_d": 4.570120759330514e-09, "rotation_d": 4.694015746472681e-05, "width_d": 0.004274619777228278}