{"numgrasp": 421, "translation_d": 4.765983162264952e-09, "rotation_d": 4.661067525157147e-05, "width_d": 0.0036154693832327204}