{"numgrasp": 429, "translation_d": 4.6254166207573e-09, "rotation_d": 4.5882957734946795e-05, "width_d": 0.0033352812157777818}