{"numgrasp": 400, "translation_d": 4.717285858662283e-09, "rotation_d": 4.481318733341182e-05, "width_d": 0.0029919182818861187}