{"numgrasp": 390, "translation_d": 4.8699075704587965e-09, "rotation_d": 4.2220927943754984e-05, "width_d": 0.0029315185765376637}