{"numgrasp": 474, "translation_d": 7.294411942824014e-09, "rotation_d": 3.775111406094052e-05, "width_d": 0.003505701977643391}