{"numgrasp": 363, "translation_d": 5.099018483650733e-09, "rotation_d": 3.551947820221425e-05, "width_d": 0.0024911456588476897}