{"numgrasp": 383, "translation_d": 4.2908860430663275e-09, "rotation_d": 3.940004067790907e-05, "width_d": 0.004448101895117086}