{"numgrasp": 383, "translation_d": 4.53504578245696e-09, "rotation_d": 3.913114627276319e-05, "width_d": 0.004881546443052695}