{"numgrasp": 384, "translation_d": 4.459924032058745e-09, "rotation_d": 3.756757045190191e-05, "width_d": 0.005254541501467138}