{"numgrasp": 480, "translation_d": 7.1013413052923485e-09, "rotation_d": 3.904187154405649e-05, "width_d": 0.0031869256951843295}