{"numgrasp": 452, "translation_d": 7.213011782490377e-09, "rotation_d": 4.02200895790956e-05, "width_d": 0.003067289073382677}