{"numgrasp": 468, "translation_d": 7.277438885675709e-09, "rotation_d": 3.768835453481351e-05, "width_d": 0.002994608830466325}