{"numgrasp": 481, "translation_d": 7.495264509376466e-09, "rotation_d": 3.824246026866717e-05, "width_d": 0.0029584927762683396}