{"numgrasp": 507, "translation_d": 7.670344036931785e-09, "rotation_d": 4.00312924592592e-05, "width_d": 0.0033975240002762177}