{"numgrasp": 494, "translation_d": 7.618955409401739e-09, "rotation_d": 3.959007025142564e-05, "width_d": 0.003522271593891727}