{"numgrasp": 437, "translation_d": 7.391609121780866e-09, "rotation_d": 4.806535473565238e-05, "width_d": 0.003320063809135968}