{"numgrasp": 495, "translation_d": 7.907114925670941e-09, "rotation_d": 4.057576751603901e-05, "width_d": 0.0038990685854166265}