{"numgrasp": 474, "translation_d": 7.74788212391999e-09, "rotation_d": 4.137799381868327e-05, "width_d": 0.003934125560111563}