{"numgrasp": 441, "translation_d": 7.665410955608518e-09, "rotation_d": 4.11144063363368e-05, "width_d": 0.004160229386139449}