{"numgrasp": 491, "translation_d": 7.462072912913677e-09, "rotation_d": 4.734806808953292e-05, "width_d": 0.004187515984332955}