{"numgrasp": 490, "translation_d": 7.727275782396318e-09, "rotation_d": 4.834183972404667e-05, "width_d": 0.003691147222922414}