{"numgrasp": 493, "translation_d": 7.676121137860206e-09, "rotation_d": 4.7390862003720206e-05, "width_d": 0.0035207754538522716}