{"numgrasp": 482, "translation_d": 7.522086066415877e-09, "rotation_d": 5.047594756819617e-05, "width_d": 0.003072134025791416}