{"numgrasp": 499, "translation_d": 7.50128539505481e-09, "rotation_d": 5.365194217401531e-05, "width_d": 0.0033078035592062475}