{"numgrasp": 476, "translation_d": 6.3679502460513055e-09, "rotation_d": 5.862257544948568e-05, "width_d": 0.005070220459330925}