{"numgrasp": 508, "translation_d": 6.833413457774332e-09, "rotation_d": 5.908350634927137e-05, "width_d": 0.003972082116874933}