{"numgrasp": 501, "translation_d": 6.775374368507853e-09, "rotation_d": 5.883930116721938e-05, "width_d": 0.0036581574141649562}