{"numgrasp": 474, "translation_d": 7.317377712428241e-09, "rotation_d": 5.7677337597320694e-05, "width_d": 0.0027845412260594964}