{"numgrasp": 458, "translation_d": 7.373115805306465e-09, "rotation_d": 5.479716957688501e-05, "width_d": 0.0025317027956620226}