{"numgrasp": 465, "translation_d": 6.824891449720474e-09, "rotation_d": 6.034355618090115e-05, "width_d": 0.0025569527669253816}