{"numgrasp": 490, "translation_d": 6.7214597442067045e-09, "rotation_d": 6.021813537471486e-05, "width_d": 0.003308020657373366}