{"numgrasp": 511, "translation_d": 6.4251834237718334e-09, "rotation_d": 6.03145292156045e-05, "width_d": 0.004024392526376634}