{"numgrasp": 511, "translation_d": 6.703475500646173e-09, "rotation_d": 5.995192976454945e-05, "width_d": 0.004266361852511857}