{"numgrasp": 276, "translation_d": 5.946677053596567e-09, "rotation_d": 4.089574100128491e-05, "width_d": 0.0034293347057784878}