{"numgrasp": 280, "translation_d": 6.742281238775793e-09, "rotation_d": 4.79804662939959e-05, "width_d": 0.004840675730666321}