{"numgrasp": 272, "translation_d": 6.864225893695639e-09, "rotation_d": 4.7629211574425244e-05, "width_d": 0.0048451868335698985}