{"numgrasp": 257, "translation_d": 6.488613081342056e-09, "rotation_d": 3.948172805714798e-05, "width_d": 0.006264918634777532}