{"numgrasp": 283, "translation_d": 5.861629454111785e-09, "rotation_d": 4.31472689219108e-05, "width_d": 0.004176057262546298}