{"numgrasp": 269, "translation_d": 5.995141159229322e-09, "rotation_d": 4.291668848645908e-05, "width_d": 0.0036212588804436607}