{"numgrasp": 267, "translation_d": 5.834674525836951e-09, "rotation_d": 4.1243722153708365e-05, "width_d": 0.006408255740697671}