{"numgrasp": 268, "translation_d": 5.89155677861795e-09, "rotation_d": 3.987230101752828e-05, "width_d": 0.0034424312770682023}