{"numgrasp": 279, "translation_d": 5.737398027918373e-09, "rotation_d": 4.069118355931959e-05, "width_d": 0.003982341139461635}