{"numgrasp": 270, "translation_d": 5.7189591055807394e-09, "rotation_d": 4.180684522959646e-05, "width_d": 0.006783407161443502}