{"numgrasp": 256, "translation_d": 5.378111670976748e-09, "rotation_d": 4.2689578472489674e-05, "width_d": 0.004886340291841207}