{"numgrasp": 270, "translation_d": 5.887425983919501e-09, "rotation_d": 4.325901999629113e-05, "width_d": 0.0041896547252720465}