{"numgrasp": 292, "translation_d": 5.537715072840801e-09, "rotation_d": 4.5309567507448196e-05, "width_d": 0.004068629282407322}