{"numgrasp": 290, "translation_d": 5.91010550127004e-09, "rotation_d": 4.530822932126494e-05, "width_d": 0.003620407649455674}