{"numgrasp": 296, "translation_d": 5.664420879922681e-09, "rotation_d": 4.683134831254715e-05, "width_d": 0.0036574196432458705}