{"numgrasp": 281, "translation_d": 5.821548398797215e-09, "rotation_d": 4.031868770234082e-05, "width_d": 0.007323471809889733}