{"numgrasp": 293, "translation_d": 6.046985122127275e-09, "rotation_d": 5.6570308902329906e-05, "width_d": 0.0038135150898134995}