{"numgrasp": 296, "translation_d": 5.693011948172515e-09, "rotation_d": 5.3299219774308967e-05, "width_d": 0.003910057465567675}