{"numgrasp": 282, "translation_d": 5.8477469205895e-09, "rotation_d": 4.915350073908208e-05, "width_d": 0.004736216414574499}