{"numgrasp": 257, "translation_d": 5.454955852313398e-09, "rotation_d": 4.647014900288323e-05, "width_d": 0.004827976978174623}