{"numgrasp": 281, "translation_d": 5.94120760998268e-09, "rotation_d": 5.4633287296982926e-05, "width_d": 0.005006450881850723}