{"numgrasp": 297, "translation_d": 5.983887180257574e-09, "rotation_d": 5.743081687512256e-05, "width_d": 0.004820363911363801}