{"numgrasp": 297, "translation_d": 5.944582881150305e-09, "rotation_d": 5.845247540916211e-05, "width_d": 0.004298475704391193}