{"numgrasp": 306, "translation_d": 6.199701256554977e-09, "rotation_d": 5.851702806865715e-05, "width_d": 0.004003167261399225}