{"numgrasp": 303, "translation_d": 6.133988572279273e-09, "rotation_d": 6.042192269854648e-05, "width_d": 0.0038899046729665545}