{"numgrasp": 267, "translation_d": 5.675115407217623e-09, "rotation_d": 4.905373396951275e-05, "width_d": 0.007232245793722567}