{"numgrasp": 295, "translation_d": 6.363643680256333e-09, "rotation_d": 5.875389265474286e-05, "width_d": 0.004971103207856296}