{"numgrasp": 267, "translation_d": 6.0625347677126484e-09, "rotation_d": 4.760345020895371e-05, "width_d": 0.006912155181259993}