{"numgrasp": 295, "translation_d": 6.094059100253656e-09, "rotation_d": 5.8649156006418443e-05, "width_d": 0.004866669399582601}