{"numgrasp": 286, "translation_d": 6.1233436309132325e-09, "rotation_d": 5.783234127480353e-05, "width_d": 0.005200893279746468}