{"numgrasp": 268, "translation_d": 5.8060494475740845e-09, "rotation_d": 5.683185640259151e-05, "width_d": 0.0057229091028645615}