{"numgrasp": 288, "translation_d": 5.713209900003653e-09, "rotation_d": 5.779840236129474e-05, "width_d": 0.006220754655051681}