{"numgrasp": 286, "translation_d": 6.092377476858136e-09, "rotation_d": 5.785458656923741e-05, "width_d": 0.0058482360361627895}