{"numgrasp": 224, "translation_d": 6.125652847132845e-09, "rotation_d": 4.709776418425626e-05, "width_d": 0.003962578427672315}