{"numgrasp": 306, "translation_d": 6.146619651010367e-09, "rotation_d": 5.743417315803535e-05, "width_d": 0.0055516392968047645}