{"numgrasp": 300, "translation_d": 6.400042494967529e-09, "rotation_d": 5.7121152794558274e-05, "width_d": 0.00516898394407426}