{"numgrasp": 312, "translation_d": 5.827675229059215e-09, "rotation_d": 5.5339925162671577e-05, "width_d": 0.005187482949795372}