{"numgrasp": 308, "translation_d": 6.204210694156901e-09, "rotation_d": 5.32694569007959e-05, "width_d": 0.004655983413934709}