{"numgrasp": 260, "translation_d": 5.976508543483769e-09, "rotation_d": 4.6829773346886687e-05, "width_d": 0.0064168090690255985}