{"numgrasp": 312, "translation_d": 5.9628371012512815e-09, "rotation_d": 3.8834284655449576e-05, "width_d": 0.004051788352257067}