{"numgrasp": 304, "translation_d": 6.066453925401064e-09, "rotation_d": 4.265915071903935e-05, "width_d": 0.004604896706084206}