{"numgrasp": 306, "translation_d": 6.1031768369534735e-09, "rotation_d": 4.6655936356446975e-05, "width_d": 0.0047751564536205994}