{"numgrasp": 314, "translation_d": 6.200732942277228e-09, "rotation_d": 4.8358988537642816e-05, "width_d": 0.005128548779365332}