{"numgrasp": 309, "translation_d": 6.300580542628831e-09, "rotation_d": 4.91970526856706e-05, "width_d": 0.005524868288462668}