{"numgrasp": 269, "translation_d": 6.320927066008415e-09, "rotation_d": 4.630085737569212e-05, "width_d": 0.006033309660323751}