{"numgrasp": 283, "translation_d": 5.800277056771186e-09, "rotation_d": 5.244408271810148e-05, "width_d": 0.006243372910140207}