{"numgrasp": 282, "translation_d": 5.767298905301755e-09, "rotation_d": 4.6525242494209384e-05, "width_d": 0.006802451688718726}