{"numgrasp": 264, "translation_d": 6.543779967211986e-09, "rotation_d": 4.5590735430586766e-05, "width_d": 0.005787744867541401}