{"numgrasp": 308, "translation_d": 5.970175114252968e-09, "rotation_d": 4.0278240145008056e-05, "width_d": 0.005244844703115085}