{"numgrasp": 313, "translation_d": 5.973580431462398e-09, "rotation_d": 4.1726445916117135e-05, "width_d": 0.004958233240506829}