{"numgrasp": 314, "translation_d": 5.922187287542921e-09, "rotation_d": 3.993411238556084e-05, "width_d": 0.004868353149208479}