{"numgrasp": 305, "translation_d": 6.215209280812953e-09, "rotation_d": 4.0779739608490355e-05, "width_d": 0.00469173891116816}