{"numgrasp": 295, "translation_d": 6.247340647196908e-09, "rotation_d": 4.068942209259114e-05, "width_d": 0.004374793349663495}