{"numgrasp": 273, "translation_d": 6.221107267248219e-09, "rotation_d": 4.3870191970257695e-05, "width_d": 0.005255235620362576}