{"numgrasp": 288, "translation_d": 6.204928904759524e-09, "rotation_d": 4.9172729499418924e-05, "width_d": 0.004324537329511043}