{"numgrasp": 279, "translation_d": 6.2069781919842214e-09, "rotation_d": 4.558033768175099e-05, "width_d": 0.00490761575918166}