{"numgrasp": 285, "translation_d": 5.852846299480722e-09, "rotation_d": 4.3978116763032685e-05, "width_d": 0.004851538782323614}