{"numgrasp": 286, "translation_d": 6.068253849637745e-09, "rotation_d": 4.268792249981524e-05, "width_d": 0.005104543852755735}