{"numgrasp": 276, "translation_d": 5.8922492964166734e-09, "rotation_d": 4.275014052042716e-05, "width_d": 0.005322261226084012}