{"numgrasp": 307, "translation_d": 6.214584261618241e-09, "rotation_d": 3.942714219972537e-05, "width_d": 0.005899986967163468}