{"numgrasp": 305, "translation_d": 5.916923648305031e-09, "rotation_d": 4.148225684762048e-05, "width_d": 0.006343503766803259}