{"numgrasp": 271, "translation_d": 5.996083971901873e-09, "rotation_d": 4.280321102896647e-05, "width_d": 0.004942341451748689}