{"numgrasp": 257, "translation_d": 6.009995411412125e-09, "rotation_d": 4.216235037900908e-05, "width_d": 0.0045728678419591105}