{"numgrasp": 234, "translation_d": 6.136717045774079e-09, "rotation_d": 4.5596135720895495e-05, "width_d": 0.004215709206683598}