{"numgrasp": 216, "translation_d": 6.006656353045201e-09, "rotation_d": 4.265003122028958e-05, "width_d": 0.004139879743991683}