{"numgrasp": 255, "translation_d": 5.779234356835059e-09, "rotation_d": 4.0850729070457465e-05, "width_d": 0.003949461216082383}