{"numgrasp": 263, "translation_d": 6.430012459492536e-09, "rotation_d": 4.7223454535148084e-05, "width_d": 0.004423408678386859}