{"numgrasp": 285, "translation_d": 5.9781007125158114e-09, "rotation_d": 5.375205490381146e-05, "width_d": 0.005299128515907885}