{"numgrasp": 286, "translation_d": 5.948522457194222e-09, "rotation_d": 5.4541807763536464e-05, "width_d": 0.005707133416418017}