{"numgrasp": 291, "translation_d": 5.808061792557557e-09, "rotation_d": 5.571852106154967e-05, "width_d": 0.006017155581304987}