{"numgrasp": 293, "translation_d": 6.0347129115954975e-09, "rotation_d": 5.503757587712643e-05, "width_d": 0.006485859377090359}