{"numgrasp": 284, "translation_d": 6.33575645053065e-09, "rotation_d": 6.023290431264379e-05, "width_d": 0.00589425722143255}