{"numgrasp": 282, "translation_d": 5.949646923272333e-09, "rotation_d": 5.9787627520946964e-05, "width_d": 0.005523027003061994}