{"numgrasp": 269, "translation_d": 6.130592937481184e-09, "rotation_d": 5.8602433349701005e-05, "width_d": 0.004805012459987516}