{"numgrasp": 271, "translation_d": 6.255513366818421e-09, "rotation_d": 5.148119913379763e-05, "width_d": 0.003933133116449277}