{"numgrasp": 273, "translation_d": 5.998189525650981e-09, "rotation_d": 5.614050628621545e-05, "width_d": 0.003692025128383204}