{"numgrasp": 280, "translation_d": 6.290567394491195e-09, "rotation_d": 5.93197703138213e-05, "width_d": 0.0038553949770209163}