{"numgrasp": 275, "translation_d": 6.1681791994908474e-09, "rotation_d": 5.981755222617317e-05, "width_d": 0.005127738302170573}