{"numgrasp": 268, "translation_d": 5.947598359849255e-09, "rotation_d": 5.997377293316826e-05, "width_d": 0.005327312034971518}