{"numgrasp": 273, "translation_d": 6.0870638772486585e-09, "rotation_d": 5.972496593745511e-05, "width_d": 0.005647690038777501}