{"numgrasp": 277, "translation_d": 5.8674771552586754e-09, "rotation_d": 5.892855152585721e-05, "width_d": 0.006327773439361275}