{"numgrasp": 292, "translation_d": 6.301664783612987e-09, "rotation_d": 6.143716755406848e-05, "width_d": 0.0035467211515161465}