{"numgrasp": 286, "translation_d": 6.312733403418089e-09, "rotation_d": 5.549871873029159e-05, "width_d": 0.003562923040025475}