{"numgrasp": 288, "translation_d": 6.475382140912003e-09, "rotation_d": 5.405073882666813e-05, "width_d": 0.0035257053835481425}