{"numgrasp": 285, "translation_d": 6.339989460045946e-09, "rotation_d": 5.261420688606737e-05, "width_d": 0.0034777998054399163}