{"numgrasp": 281, "translation_d": 6.557223491858255e-09, "rotation_d": 5.082545061939132e-05, "width_d": 0.0041534243128875615}