{"numgrasp": 281, "translation_d": 6.725964481891665e-09, "rotation_d": 5.060422443134181e-05, "width_d": 0.003948284333717625}