{"numgrasp": 317, "translation_d": 4.715770874491008e-09, "rotation_d": 4.973327724085952e-05, "width_d": 0.0051581873973247224}