{"numgrasp": 300, "translation_d": 4.75363697682238e-09, "rotation_d": 5.101262572936663e-05, "width_d": 0.0052904793152290415}