{"numgrasp": 272, "translation_d": 4.842506641880027e-09, "rotation_d": 4.988321885265556e-05, "width_d": 0.005131765958694821}