{"numgrasp": 303, "translation_d": 4.338408490599642e-09, "rotation_d": 4.780208586180147e-05, "width_d": 0.005312116834392901}