{"numgrasp": 319, "translation_d": 4.322766679397082e-09, "rotation_d": 4.8540274345503915e-05, "width_d": 0.00531274070221212}