{"numgrasp": 316, "translation_d": 5.973179662449818e-09, "rotation_d": 3.5637143243959e-05, "width_d": 0.006252720119436576}