{"numgrasp": 322, "translation_d": 4.113768099390299e-09, "rotation_d": 4.824295527087884e-05, "width_d": 0.0054654381173632905}