{"numgrasp": 291, "translation_d": 4.554459447500299e-09, "rotation_d": 4.844399213542168e-05, "width_d": 0.006178524381333933}