{"numgrasp": 303, "translation_d": 4.351260599735099e-09, "rotation_d": 4.129584992877728e-05, "width_d": 0.006152211886580377}