{"numgrasp": 295, "translation_d": 4.198585421696386e-09, "rotation_d": 4.1393183006634764e-05, "width_d": 0.005805225334558258}