{"numgrasp": 320, "translation_d": 3.964364851225706e-09, "rotation_d": 4.2178095932476374e-05, "width_d": 0.005968402947379405}