{"numgrasp": 290, "translation_d": 5.788382262131826e-09, "rotation_d": 3.6258017700835654e-05, "width_d": 0.005639604642355426}