{"numgrasp": 322, "translation_d": 3.886219649016466e-09, "rotation_d": 4.722496606229544e-05, "width_d": 0.005448846582623443}