{"numgrasp": 320, "translation_d": 4.20156997167106e-09, "rotation_d": 4.7012945286835485e-05, "width_d": 0.005543076497999908}