{"numgrasp": 314, "translation_d": 4.208117923860102e-09, "rotation_d": 4.8057102371997155e-05, "width_d": 0.005646141761046105}