{"numgrasp": 308, "translation_d": 4.092059792913735e-09, "rotation_d": 4.778802046135213e-05, "width_d": 0.005973877403985962}