{"numgrasp": 319, "translation_d": 4.056593769923771e-09, "rotation_d": 4.7768240178351776e-05, "width_d": 0.005711507798132912}