{"numgrasp": 323, "translation_d": 4.1017219873427346e-09, "rotation_d": 4.6768547843502934e-05, "width_d": 0.005796339336401411}