{"numgrasp": 326, "translation_d": 4.190538145861757e-09, "rotation_d": 4.497290854493718e-05, "width_d": 0.005743953420053126}