{"numgrasp": 319, "translation_d": 4.33178935178101e-09, "rotation_d": 4.2902208536275505e-05, "width_d": 0.006293579075334439}