{"numgrasp": 251, "translation_d": 5.8461151296669065e-09, "rotation_d": 3.649838712564715e-05, "width_d": 0.006154606132709178}