{"numgrasp": 309, "translation_d": 4.098092033022622e-09, "rotation_d": 4.187392870744394e-05, "width_d": 0.006219766077036358}