{"numgrasp": 348, "translation_d": 4.1827047236158314e-09, "rotation_d": 4.921938002967643e-05, "width_d": 0.0063253705194679325}