{"numgrasp": 303, "translation_d": 4.182553849661641e-09, "rotation_d": 4.9574982984696004e-05, "width_d": 0.005805696007416067}