{"numgrasp": 280, "translation_d": 4.142710208461584e-09, "rotation_d": 4.8659283994974574e-05, "width_d": 0.006053777954937525}