{"numgrasp": 365, "translation_d": 4.127310517752523e-09, "rotation_d": 5.3133687663955694e-05, "width_d": 0.006500976026848519}