{"numgrasp": 366, "translation_d": 4.4033609616287556e-09, "rotation_d": 5.488874948005495e-05, "width_d": 0.0063106848035943035}