{"numgrasp": 363, "translation_d": 4.117008805802353e-09, "rotation_d": 5.521273846371958e-05, "width_d": 0.006726970134966538}