{"numgrasp": 356, "translation_d": 4.128331402853207e-09, "rotation_d": 5.9284234950955505e-05, "width_d": 0.006589808372723632}