{"numgrasp": 373, "translation_d": 3.789766760599857e-09, "rotation_d": 6.051888201959956e-05, "width_d": 0.006719223950541147}