{"numgrasp": 355, "translation_d": 3.776987471281458e-09, "rotation_d": 6.257896006703878e-05, "width_d": 0.006527932896156427}