{"numgrasp": 278, "translation_d": 5.974369198512975e-09, "rotation_d": 3.873754953164857e-05, "width_d": 0.00616398818415417}