{"numgrasp": 337, "translation_d": 4.010818310340628e-09, "rotation_d": 5.899787551816483e-05, "width_d": 0.006705040400714282}