{"numgrasp": 352, "translation_d": 4.148549370335387e-09, "rotation_d": 6.028537338915622e-05, "width_d": 0.006911039144798085}