{"numgrasp": 348, "translation_d": 3.944879608736555e-09, "rotation_d": 6.004978697417434e-05, "width_d": 0.00697654712961864}