{"numgrasp": 393, "translation_d": 4.0063567895832765e-09, "rotation_d": 5.460168353828104e-05, "width_d": 0.00748477750967338}