{"numgrasp": 295, "translation_d": 6.207382776260329e-09, "rotation_d": 3.7814663157563166e-05, "width_d": 0.005989473589737842}