{"numgrasp": 299, "translation_d": 5.861591982957314e-09, "rotation_d": 4.527239079751208e-05, "width_d": 0.00708971808310145}