{"numgrasp": 397, "translation_d": 3.947145772565083e-09, "rotation_d": 5.5684547387578215e-05, "width_d": 0.007180368829515054}