{"numgrasp": 379, "translation_d": 4.1043561856828016e-09, "rotation_d": 5.497789599640895e-05, "width_d": 0.00738617868220653}