{"numgrasp": 373, "translation_d": 4.016589800975411e-09, "rotation_d": 5.578554347281433e-05, "width_d": 0.007345330821282542}