{"numgrasp": 341, "translation_d": 4.015216730864073e-09, "rotation_d": 4.1806667614162466e-05, "width_d": 0.007959012734414475}