{"numgrasp": 349, "translation_d": 4.039686401184871e-09, "rotation_d": 4.3417322946964656e-05, "width_d": 0.007703170064231483}