{"numgrasp": 372, "translation_d": 4.008672288066669e-09, "rotation_d": 4.9596212894226395e-05, "width_d": 0.00784710667967019}