{"numgrasp": 400, "translation_d": 3.869263413555533e-09, "rotation_d": 4.871194977355527e-05, "width_d": 0.007928830557910955}