{"numgrasp": 393, "translation_d": 3.999345598970451e-09, "rotation_d": 4.9127833214274634e-05, "width_d": 0.00801823789812064}