{"numgrasp": 381, "translation_d": 3.865115335830799e-09, "rotation_d": 4.0106966023123235e-05, "width_d": 0.008328620622853342}