{"numgrasp": 404, "translation_d": 3.878776010661896e-09, "rotation_d": 4.0662471783913556e-05, "width_d": 0.008185893187825439}