{"numgrasp": 396, "translation_d": 3.9600463110134585e-09, "rotation_d": 4.098014066064241e-05, "width_d": 0.008026873977456021}