{"numgrasp": 405, "translation_d": 3.90954595062348e-09, "rotation_d": 3.8733463525160336e-05, "width_d": 0.008022313701170604}