{"numgrasp": 383, "translation_d": 4.145258310697613e-09, "rotation_d": 3.9118534136140415e-05, "width_d": 0.007802250106657225}