{"numgrasp": 383, "translation_d": 4.0991170069320425e-09, "rotation_d": 3.496015144991716e-05, "width_d": 0.007806714090293109}