{"numgrasp": 348, "translation_d": 4.248763121921727e-09, "rotation_d": 3.456443301527552e-05, "width_d": 0.0076874666741082705}