{"numgrasp": 330, "translation_d": 4.477197120539078e-09, "rotation_d": 3.817148192613388e-05, "width_d": 0.008080438537017358}