{"numgrasp": 362, "translation_d": 4.068330392940586e-09, "rotation_d": 3.6274543720488045e-05, "width_d": 0.00791188400151224}