{"numgrasp": 311, "translation_d": 5.620316923376237e-09, "rotation_d": 3.557105781415351e-05, "width_d": 0.006860770066557123}