{"numgrasp": 329, "translation_d": 5.712748817219896e-09, "rotation_d": 3.493426214086931e-05, "width_d": 0.006238679560996553}