{"numgrasp": 310, "translation_d": 5.3163869801487145e-09, "rotation_d": 3.7016235709094454e-05, "width_d": 0.006829653557280386}