{"numgrasp": 298, "translation_d": 5.570956418043825e-09, "rotation_d": 4.332374690000847e-05, "width_d": 0.006507837445245649}