{"numgrasp": 313, "translation_d": 5.78483563600315e-09, "rotation_d": 4.394372595406028e-05, "width_d": 0.006084520163494517}