{"numgrasp": 303, "translation_d": 5.92498306212666e-09, "rotation_d": 4.087330444584278e-05, "width_d": 0.006415332037316935}