{"numgrasp": 329, "translation_d": 6.287063508010171e-09, "rotation_d": 4.6106946521786244e-05, "width_d": 0.005979863013990216}