{"numgrasp": 313, "translation_d": 5.944423644569207e-09, "rotation_d": 4.460989279717087e-05, "width_d": 0.005856747697154343}