{"numgrasp": 302, "translation_d": 5.957511359932249e-09, "rotation_d": 4.61855591192699e-05, "width_d": 0.005897616186470208}