{"numgrasp": 318, "translation_d": 6.137271478304024e-09, "rotation_d": 4.578405858415292e-05, "width_d": 0.0061928656092678}