{"numgrasp": 313, "translation_d": 5.858463487051537e-09, "rotation_d": 5.055622010825985e-05, "width_d": 0.00535516775229408}