{"numgrasp": 279, "translation_d": 5.645057106709756e-09, "rotation_d": 4.9991969212937036e-05, "width_d": 0.005173096424720503}