{"numgrasp": 262, "translation_d": 5.6057076795979154e-09, "rotation_d": 5.0158996619307964e-05, "width_d": 0.005307936004019303}