{"numgrasp": 261, "translation_d": 5.335290705489326e-09, "rotation_d": 4.945416201812013e-05, "width_d": 0.005620038683036564}