{"numgrasp": 296, "translation_d": 5.5728846837610245e-09, "rotation_d": 5.135461081492336e-05, "width_d": 0.005591746506108408}