{"numgrasp": 262, "translation_d": 5.486576870825597e-09, "rotation_d": 5.400050373663242e-05, "width_d": 0.00629348734070104}