{"numgrasp": 267, "translation_d": 5.351375461579553e-09, "rotation_d": 5.490755921304622e-05, "width_d": 0.005589327581507477}