{"numgrasp": 282, "translation_d": 5.2672418301570284e-09, "rotation_d": 5.369315049257519e-05, "width_d": 0.005093354052599779}