{"numgrasp": 325, "translation_d": 5.4170432672993554e-09, "rotation_d": 5.129990908876036e-05, "width_d": 0.005819109777928093}