{"numgrasp": 307, "translation_d": 4.876832580631743e-09, "rotation_d": 5.0510772739567046e-05, "width_d": 0.00514771719367193}