{"numgrasp": 282, "translation_d": 5.738557514290584e-09, "rotation_d": 3.605326827656263e-05, "width_d": 0.006897931546475122}