{"numgrasp": 314, "translation_d": 5.353246222917568e-09, "rotation_d": 5.5771539239289186e-05, "width_d": 0.005197084989310518}