{"numgrasp": 304, "translation_d": 4.947655386590034e-09, "rotation_d": 5.722946308451897e-05, "width_d": 0.005579609519690648}