{"numgrasp": 278, "translation_d": 4.775162480919481e-09, "rotation_d": 5.736092842398444e-05, "width_d": 0.0058335984404096755}