{"numgrasp": 271, "translation_d": 4.95540243436019e-09, "rotation_d": 5.8831785038021005e-05, "width_d": 0.006132767849920379}