{"numgrasp": 278, "translation_d": 5.520744655210658e-09, "rotation_d": 5.824222671096916e-05, "width_d": 0.0063436796788642735}