{"numgrasp": 275, "translation_d": 5.235856037991183e-09, "rotation_d": 5.8617031408964464e-05, "width_d": 0.006095396612127618}