{"numgrasp": 278, "translation_d": 5.039692306089419e-09, "rotation_d": 5.685794392911791e-05, "width_d": 0.006264876322983172}