{"numgrasp": 278, "translation_d": 4.713801097900802e-09, "rotation_d": 5.3447811437293556e-05, "width_d": 0.005975810144303112}