{"numgrasp": 342, "translation_d": 5.5933362040230166e-09, "rotation_d": 5.400490496736465e-05, "width_d": 0.0029502582662525073}