{"numgrasp": 383, "translation_d": 5.1261793154432486e-09, "rotation_d": 4.970114566217666e-05, "width_d": 0.005478751002888613}