{"numgrasp": 418, "translation_d": 5.639448026534338e-09, "rotation_d": 5.291671527477895e-05, "width_d": 0.0059557012421617315}