{"numgrasp": 423, "translation_d": 5.652597835397836e-09, "rotation_d": 5.4440814145563324e-05, "width_d": 0.006091129674874592}