{"numgrasp": 362, "translation_d": 5.231226698157032e-09, "rotation_d": 5.226138066978576e-05, "width_d": 0.004387292555883058}