{"numgrasp": 318, "translation_d": 5.066953981123245e-09, "rotation_d": 4.999090821865599e-05, "width_d": 0.003477086098900791}