{"numgrasp": 329, "translation_d": 4.93617661916033e-09, "rotation_d": 5.3897632225512756e-05, "width_d": 0.0031371905020148045}