{"numgrasp": 345, "translation_d": 5.17904550330466e-09, "rotation_d": 5.353411895205076e-05, "width_d": 0.0034797141914692385}