{"numgrasp": 343, "translation_d": 4.9822986385216394e-09, "rotation_d": 5.307742628754752e-05, "width_d": 0.0035972827269210883}