{"numgrasp": 346, "translation_d": 4.9810353521823545e-09, "rotation_d": 5.379180180001294e-05, "width_d": 0.003618834572359121}