{"numgrasp": 383, "translation_d": 4.7810311529564435e-09, "rotation_d": 5.4340922972227765e-05, "width_d": 0.00431353938827381}