{"numgrasp": 385, "translation_d": 4.846027009225777e-09, "rotation_d": 5.3717429985723216e-05, "width_d": 0.005186369420521397}