{"numgrasp": 393, "translation_d": 4.943859842735356e-09, "rotation_d": 5.3576860278897886e-05, "width_d": 0.005476131207311296}