{"numgrasp": 391, "translation_d": 5.2067294242110005e-09, "rotation_d": 5.0731859002438854e-05, "width_d": 0.0055457280616660505}