{"numgrasp": 390, "translation_d": 4.526902599556057e-09, "rotation_d": 5.200767202172032e-05, "width_d": 0.005203423522165538}