{"numgrasp": 386, "translation_d": 4.685987153281989e-09, "rotation_d": 5.333105834081351e-05, "width_d": 0.004108149333552817}