{"numgrasp": 341, "translation_d": 6.302381612287667e-09, "rotation_d": 5.5634014613928994e-05, "width_d": 0.005235748645866919}