{"numgrasp": 390, "translation_d": 4.887447152637351e-09, "rotation_d": 4.954136157906694e-05, "width_d": 0.002960417129374009}