{"numgrasp": 407, "translation_d": 4.979092519793724e-09, "rotation_d": 5.0950812836643634e-05, "width_d": 0.0034130310887513842}