{"numgrasp": 421, "translation_d": 5.2709417570475525e-09, "rotation_d": 5.1491714490151606e-05, "width_d": 0.003505197693669724}