{"numgrasp": 410, "translation_d": 5.011085857592868e-09, "rotation_d": 5.107903000776579e-05, "width_d": 0.003951717962816358}