{"numgrasp": 344, "translation_d": 6.5689433280845496e-09, "rotation_d": 5.4868146854297485e-05, "width_d": 0.005249829598428706}