{"numgrasp": 438, "translation_d": 4.937693307951026e-09, "rotation_d": 4.935055495568293e-05, "width_d": 0.004668005992869623}