{"numgrasp": 447, "translation_d": 4.8360768996292725e-09, "rotation_d": 4.9450040680096494e-05, "width_d": 0.004697553970065665}