{"numgrasp": 422, "translation_d": 4.873053558960461e-09, "rotation_d": 4.9338174614182564e-05, "width_d": 0.004361972956162527}