{"numgrasp": 407, "translation_d": 5.190177234527402e-09, "rotation_d": 4.7992067938491784e-05, "width_d": 0.0036285047686274385}