{"numgrasp": 413, "translation_d": 5.126393730621268e-09, "rotation_d": 4.820894312582311e-05, "width_d": 0.003720487493538475}