{"numgrasp": 391, "translation_d": 4.987349839728038e-09, "rotation_d": 4.749381944024648e-05, "width_d": 0.003287536498544163}