{"numgrasp": 391, "translation_d": 5.278347418552274e-09, "rotation_d": 4.495736166995197e-05, "width_d": 0.0028770564568812865}