{"numgrasp": 409, "translation_d": 5.041068825739649e-09, "rotation_d": 4.564488821899054e-05, "width_d": 0.003556504230306056}