{"numgrasp": 422, "translation_d": 4.941390500263627e-09, "rotation_d": 4.5791314715479984e-05, "width_d": 0.003931975351707701}