{"numgrasp": 427, "translation_d": 5.120702423746197e-09, "rotation_d": 4.6808725576362796e-05, "width_d": 0.004169132144200145}