{"numgrasp": 440, "translation_d": 4.901842807369848e-09, "rotation_d": 4.620492616384157e-05, "width_d": 0.004412623828766454}