{"numgrasp": 435, "translation_d": 4.7116083579653625e-09, "rotation_d": 4.746960559604165e-05, "width_d": 0.004856388683439907}