{"numgrasp": 418, "translation_d": 4.842116369878117e-09, "rotation_d": 4.6785442639701334e-05, "width_d": 0.004870400806667797}