{"numgrasp": 375, "translation_d": 4.797672523461469e-09, "rotation_d": 4.469216792909017e-05, "width_d": 0.004993124399814566}