{"numgrasp": 370, "translation_d": 5.072431986134816e-09, "rotation_d": 4.618850404555155e-05, "width_d": 0.004649026767974238}