{"numgrasp": 367, "translation_d": 4.822062173693357e-09, "rotation_d": 4.7200758338843586e-05, "width_d": 0.004261326013932045}