{"numgrasp": 419, "translation_d": 5.109264910842131e-09, "rotation_d": 4.639350383651592e-05, "width_d": 0.0041271803128173174}