{"numgrasp": 421, "translation_d": 4.621516075574917e-09, "rotation_d": 4.6706504089605124e-05, "width_d": 0.0039002335843818935}