{"numgrasp": 423, "translation_d": 4.569723801091095e-09, "rotation_d": 5.0666015900308054e-05, "width_d": 0.0029276197679628654}