{"numgrasp": 409, "translation_d": 4.735898416827943e-09, "rotation_d": 5.587751178477108e-05, "width_d": 0.0029367518420403303}