{"numgrasp": 421, "translation_d": 4.811901091134228e-09, "rotation_d": 5.4016387112735834e-05, "width_d": 0.0033532224669314296}