{"numgrasp": 370, "translation_d": 5.8647789899562735e-09, "rotation_d": 5.8014425893795285e-05, "width_d": 0.004609135835331541}