{"numgrasp": 375, "translation_d": 4.739218709951799e-09, "rotation_d": 4.63808245217267e-05, "width_d": 0.005166775785257777}