{"numgrasp": 427, "translation_d": 4.4836507250804836e-09, "rotation_d": 4.943160159616226e-05, "width_d": 0.005183997694068992}