{"numgrasp": 405, "translation_d": 4.7796883850110625e-09, "rotation_d": 5.631356859186087e-05, "width_d": 0.0034554797131692836}