{"numgrasp": 373, "translation_d": 4.553477437733025e-09, "rotation_d": 5.5335302976023906e-05, "width_d": 0.003000548631778993}