{"numgrasp": 371, "translation_d": 6.357012520703764e-09, "rotation_d": 5.74498362510477e-05, "width_d": 0.004322774445271758}