{"numgrasp": 379, "translation_d": 4.5683466683557445e-09, "rotation_d": 5.380055994060529e-05, "width_d": 0.0035576588080933535}