{"numgrasp": 393, "translation_d": 4.510647522275913e-09, "rotation_d": 5.4405480728252295e-05, "width_d": 0.0037797381114105457}