{"numgrasp": 392, "translation_d": 4.402133916431583e-09, "rotation_d": 5.1547363986674005e-05, "width_d": 0.005207753866288742}