{"numgrasp": 376, "translation_d": 6.548510643951506e-09, "rotation_d": 5.714780486292228e-05, "width_d": 0.003705357548308552}