{"numgrasp": 382, "translation_d": 6.404327537503567e-09, "rotation_d": 5.7339153986651136e-05, "width_d": 0.003466469889513518}