{"numgrasp": 373, "translation_d": 6.38067302243662e-09, "rotation_d": 5.743063040104226e-05, "width_d": 0.0034411823788183717}