{"numgrasp": 355, "translation_d": 6.505273988024379e-09, "rotation_d": 5.722830658044632e-05, "width_d": 0.0027728330630571807}