{"numgrasp": 360, "translation_d": 6.380414592106298e-09, "rotation_d": 5.699322940424104e-05, "width_d": 0.00273945245953946}