{"numgrasp": 370, "translation_d": 6.302023517073716e-09, "rotation_d": 5.7109950109735385e-05, "width_d": 0.002598936027640443}