{"numgrasp": 390, "translation_d": 6.230200613458476e-09, "rotation_d": 5.642509171958316e-05, "width_d": 0.004741760725226635}