{"numgrasp": 380, "translation_d": 6.323933400037625e-09, "rotation_d": 5.592328927489693e-05, "width_d": 0.005506045025546425}