{"numgrasp": 382, "translation_d": 6.165729103241638e-09, "rotation_d": 5.531714193151951e-05, "width_d": 0.005644233454795402}