{"numgrasp": 384, "translation_d": 5.967328654073049e-09, "rotation_d": 5.655325580731673e-05, "width_d": 0.005967538935456693}