{"numgrasp": 393, "translation_d": 6.017411760837257e-09, "rotation_d": 4.97142712787899e-05, "width_d": 0.006417698299028313}