{"numgrasp": 409, "translation_d": 6.007011632789317e-09, "rotation_d": 5.053901023845412e-05, "width_d": 0.006157805496058178}