{"numgrasp": 399, "translation_d": 6.152184588901984e-09, "rotation_d": 5.050421073518354e-05, "width_d": 0.005894068540140824}