{"numgrasp": 395, "translation_d": 5.939147089135576e-09, "rotation_d": 5.0544806279258795e-05, "width_d": 0.005046293601317069}