{"numgrasp": 384, "translation_d": 6.199297417300423e-09, "rotation_d": 5.1287502794865325e-05, "width_d": 0.00440560962119798}