{"numgrasp": 394, "translation_d": 6.311692872996426e-09, "rotation_d": 5.096190678111034e-05, "width_d": 0.004186055284385926}