{"numgrasp": 363, "translation_d": 6.427906403761648e-09, "rotation_d": 5.682307081544394e-05, "width_d": 0.00322417213427756}