{"numgrasp": 374, "translation_d": 6.1409661541161626e-09, "rotation_d": 4.801366427397726e-05, "width_d": 0.0031408660064937096}