{"numgrasp": 385, "translation_d": 6.141656510374207e-09, "rotation_d": 4.814922576327415e-05, "width_d": 0.003330205170034975}