{"numgrasp": 384, "translation_d": 6.4500235299522545e-09, "rotation_d": 4.768566549520011e-05, "width_d": 0.0037215520146551013}