{"numgrasp": 398, "translation_d": 5.8828711349686095e-09, "rotation_d": 4.725104784765104e-05, "width_d": 0.0041125480106365435}