{"numgrasp": 421, "translation_d": 6.237742023106994e-09, "rotation_d": 4.6979233622068304e-05, "width_d": 0.004455971816564121}