{"numgrasp": 366, "translation_d": 6.475086037820367e-09, "rotation_d": 5.536086370704535e-05, "width_d": 0.0033046526822774597}