{"numgrasp": 407, "translation_d": 5.817448736214064e-09, "rotation_d": 4.742041179143168e-05, "width_d": 0.005274852686434824}