{"numgrasp": 408, "translation_d": 6.170122693686997e-09, "rotation_d": 4.764671765100315e-05, "width_d": 0.0054119404223114025}