{"numgrasp": 404, "translation_d": 5.869932551016703e-09, "rotation_d": 4.75203977756538e-05, "width_d": 0.006149874826432742}