{"numgrasp": 402, "translation_d": 6.024976426097845e-09, "rotation_d": 4.963287596998758e-05, "width_d": 0.006227452493260646}