{"numgrasp": 425, "translation_d": 5.4223880877465345e-09, "rotation_d": 4.7413257598281507e-05, "width_d": 0.005754253734766647}