{"numgrasp": 408, "translation_d": 5.673812540244085e-09, "rotation_d": 4.466526922844772e-05, "width_d": 0.004633929450035234}