{"numgrasp": 388, "translation_d": 5.757455742727467e-09, "rotation_d": 4.379750281097484e-05, "width_d": 0.004183833983730892}