{"numgrasp": 383, "translation_d": 5.667864598010559e-09, "rotation_d": 4.439186519254928e-05, "width_d": 0.0037420605016297184}