{"numgrasp": 361, "translation_d": 5.833200255426027e-09, "rotation_d": 4.367095917870338e-05, "width_d": 0.0032028535554622824}