{"numgrasp": 346, "translation_d": 6.148908210061437e-09, "rotation_d": 4.3974236300139906e-05, "width_d": 0.003078687386062767}