{"numgrasp": 353, "translation_d": 5.604022505787506e-09, "rotation_d": 4.5870561980040025e-05, "width_d": 0.003224076638330017}