{"numgrasp": 365, "translation_d": 5.350193924248788e-09, "rotation_d": 4.642692807470704e-05, "width_d": 0.0034079236867012117}