{"numgrasp": 354, "translation_d": 5.314262549401591e-09, "rotation_d": 4.663900360848424e-05, "width_d": 0.004090598668915788}