{"numgrasp": 352, "translation_d": 5.455434967204576e-09, "rotation_d": 4.71567488470554e-05, "width_d": 0.004253820436463598}