{"numgrasp": 352, "translation_d": 6.735274342241944e-09, "rotation_d": 5.718673352778359e-05, "width_d": 0.00432471782170867}