{"numgrasp": 487, "translation_d": 5.783205876969641e-09, "rotation_d": 5.392314234701592e-05, "width_d": 0.003138198048308795}