{"numgrasp": 545, "translation_d": 5.128500121035661e-09, "rotation_d": 4.829086448522649e-05, "width_d": 0.00645582655059065}