{"numgrasp": 570, "translation_d": 5.2406410203746225e-09, "rotation_d": 4.8955560368575626e-05, "width_d": 0.006922406657942365}