{"numgrasp": 547, "translation_d": 5.175294701872148e-09, "rotation_d": 4.926782770910395e-05, "width_d": 0.007440748451543632}