{"numgrasp": 548, "translation_d": 5.083631915087791e-09, "rotation_d": 4.982114742825904e-05, "width_d": 0.007813585095997317}