{"numgrasp": 545, "translation_d": 4.912168508209251e-09, "rotation_d": 5.055481678102888e-05, "width_d": 0.008129977841313944}