{"numgrasp": 533, "translation_d": 4.956230161130264e-09, "rotation_d": 5.134556034993007e-05, "width_d": 0.0071856423631010075}