{"numgrasp": 517, "translation_d": 5.197110848649208e-09, "rotation_d": 5.1248959729510424e-05, "width_d": 0.004425744459276052}