{"numgrasp": 534, "translation_d": 5.1670443107720324e-09, "rotation_d": 5.1679530491779104e-05, "width_d": 0.003588136504209111}