{"numgrasp": 517, "translation_d": 5.3055510077392876e-09, "rotation_d": 5.299022105829729e-05, "width_d": 0.004204003644580127}