{"numgrasp": 504, "translation_d": 5.167181034770629e-09, "rotation_d": 5.2816033159900536e-05, "width_d": 0.0055032429115924}