{"numgrasp": 608, "translation_d": 6.050156712557825e-09, "rotation_d": 5.2898108503244035e-05, "width_d": 0.005477762312983775}