{"numgrasp": 561, "translation_d": 5.153289701985834e-09, "rotation_d": 5.1524089352892825e-05, "width_d": 0.006559124472500797}