{"numgrasp": 598, "translation_d": 5.9365793420113986e-09, "rotation_d": 5.204561370762665e-05, "width_d": 0.005730397489552333}