{"numgrasp": 516, "translation_d": 5.189890688129153e-09, "rotation_d": 5.23996180513433e-05, "width_d": 0.0061139057253353606}