{"numgrasp": 517, "translation_d": 5.183169891157125e-09, "rotation_d": 5.285942269926282e-05, "width_d": 0.004771544105567058}