{"numgrasp": 485, "translation_d": 5.290917588040901e-09, "rotation_d": 5.277615537780397e-05, "width_d": 0.004130306725715556}