{"numgrasp": 607, "translation_d": 6.011357581489875e-09, "rotation_d": 5.296608907495949e-05, "width_d": 0.006071568628989298}