{"numgrasp": 462, "translation_d": 5.31528004298437e-09, "rotation_d": 5.051564666567179e-05, "width_d": 0.0037935241363608063}