{"numgrasp": 526, "translation_d": 4.950198191394193e-09, "rotation_d": 5.09741612159608e-05, "width_d": 0.0042705018329410194}