{"numgrasp": 518, "translation_d": 5.135701152675689e-09, "rotation_d": 5.16044103098859e-05, "width_d": 0.004957941467857239}