{"numgrasp": 621, "translation_d": 5.898490053557546e-09, "rotation_d": 5.305529585889694e-05, "width_d": 0.006020300006777183}