{"numgrasp": 542, "translation_d": 4.915307740185993e-09, "rotation_d": 5.082074584577282e-05, "width_d": 0.005973733268951761}