{"numgrasp": 540, "translation_d": 5.009204110714744e-09, "rotation_d": 5.036232042262899e-05, "width_d": 0.0064093911855007644}