{"numgrasp": 559, "translation_d": 4.692091820188192e-09, "rotation_d": 4.882983481357554e-05, "width_d": 0.007595411347770669}