{"numgrasp": 596, "translation_d": 5.991702329602118e-09, "rotation_d": 5.412617222877778e-05, "width_d": 0.006357581108916118}