{"numgrasp": 538, "translation_d": 4.926366890019664e-09, "rotation_d": 4.80427703001225e-05, "width_d": 0.005461233439233599}