{"numgrasp": 546, "translation_d": 5.1914962195775496e-09, "rotation_d": 4.749284103629053e-05, "width_d": 0.004901579602613109}