{"numgrasp": 523, "translation_d": 4.9961153810812214e-09, "rotation_d": 4.884091022562012e-05, "width_d": 0.0044659802603120545}