{"numgrasp": 509, "translation_d": 4.855121422460014e-09, "rotation_d": 4.8765073462411784e-05, "width_d": 0.004024820625771511}