{"numgrasp": 487, "translation_d": 4.965688972242252e-09, "rotation_d": 4.843316528382113e-05, "width_d": 0.0035831287219405057}