{"numgrasp": 470, "translation_d": 5.0890462908089604e-09, "rotation_d": 4.771496294863159e-05, "width_d": 0.003145216217796765}