{"numgrasp": 519, "translation_d": 5.018108984263126e-09, "rotation_d": 4.8021780133616934e-05, "width_d": 0.003368231783521972}