{"numgrasp": 522, "translation_d": 5.0450385376222006e-09, "rotation_d": 4.6813584481173943e-05, "width_d": 0.0039484374885481585}