{"numgrasp": 560, "translation_d": 5.0470934888114405e-09, "rotation_d": 4.6991129170268385e-05, "width_d": 0.004138478764461891}