{"numgrasp": 569, "translation_d": 4.9536619147562245e-09, "rotation_d": 4.6730593934426416e-05, "width_d": 0.004527301357414258}