{"numgrasp": 586, "translation_d": 4.963029125293853e-09, "rotation_d": 4.779695977131724e-05, "width_d": 0.006304275609818477}