{"numgrasp": 604, "translation_d": 4.859975407939774e-09, "rotation_d": 4.812163583779827e-05, "width_d": 0.006627421433747504}