{"numgrasp": 564, "translation_d": 4.6056398005775244e-09, "rotation_d": 4.773001146362155e-05, "width_d": 0.007847358846934663}