{"numgrasp": 572, "translation_d": 4.7597298489070785e-09, "rotation_d": 4.761381961334237e-05, "width_d": 0.006665605716779913}