{"numgrasp": 611, "translation_d": 6.079138675227919e-09, "rotation_d": 5.447552799770207e-05, "width_d": 0.005786797707742614}