{"numgrasp": 510, "translation_d": 4.9305528852149954e-09, "rotation_d": 4.992508751111403e-05, "width_d": 0.0034604662147340987}