{"numgrasp": 608, "translation_d": 6.0883217487345126e-09, "rotation_d": 5.400818646339633e-05, "width_d": 0.0054005928486478665}