{"numgrasp": 472, "translation_d": 5.134805182209533e-09, "rotation_d": 5.357501236360471e-05, "width_d": 0.0033994093714016915}