{"numgrasp": 520, "translation_d": 5.254344678368447e-09, "rotation_d": 5.19500804724403e-05, "width_d": 0.0036733026843650193}