{"numgrasp": 607, "translation_d": 4.889733060786414e-09, "rotation_d": 5.0587883379995925e-05, "width_d": 0.0044569932130330125}