{"numgrasp": 596, "translation_d": 4.838555415253543e-09, "rotation_d": 4.93801197000331e-05, "width_d": 0.00432923353416693}