{"numgrasp": 611, "translation_d": 5.983640220488656e-09, "rotation_d": 5.445443142250727e-05, "width_d": 0.005260275750905308}