{"numgrasp": 580, "translation_d": 4.912796670401235e-09, "rotation_d": 4.7964075349608867e-05, "width_d": 0.005877658087181725}