{"numgrasp": 594, "translation_d": 4.70192788053392e-09, "rotation_d": 4.7751220672500215e-05, "width_d": 0.006547587656928908}