{"numgrasp": 577, "translation_d": 4.5302786354207715e-09, "rotation_d": 4.957190238568817e-05, "width_d": 0.0069802578011247205}