{"numgrasp": 513, "translation_d": 5.236288993210894e-09, "rotation_d": 5.329579765612641e-05, "width_d": 0.003670333726089838}