{"numgrasp": 531, "translation_d": 5.074870787922862e-09, "rotation_d": 5.388783387454003e-05, "width_d": 0.004856841017451571}