{"numgrasp": 489, "translation_d": 4.836256779266239e-09, "rotation_d": 5.191613639534946e-05, "width_d": 0.005421613055422774}