{"numgrasp": 534, "translation_d": 4.678219177554656e-09, "rotation_d": 5.100110678888925e-05, "width_d": 0.0061243276141001}