{"numgrasp": 554, "translation_d": 4.654437151193213e-09, "rotation_d": 5.08910943455463e-05, "width_d": 0.006447627502287315}