{"numgrasp": 612, "translation_d": 5.876323135780143e-09, "rotation_d": 5.332726744115227e-05, "width_d": 0.003969977432549512}