{"numgrasp": 585, "translation_d": 5.658487105827603e-09, "rotation_d": 5.40159474505855e-05, "width_d": 0.0031037437529853333}