{"numgrasp": 617, "translation_d": 5.732627079243436e-09, "rotation_d": 5.4151249673642e-05, "width_d": 0.0036118795828128944}