{"numgrasp": 622, "translation_d": 5.8493996525550046e-09, "rotation_d": 5.378484150842127e-05, "width_d": 0.0039170597501991585}