{"numgrasp": 610, "translation_d": 5.936467373936859e-09, "rotation_d": 5.3869294011504936e-05, "width_d": 0.004002645883287515}