{"numgrasp": 618, "translation_d": 6.023929226927742e-09, "rotation_d": 5.330534812025912e-05, "width_d": 0.004496944943980927}