{"numgrasp": 602, "translation_d": 5.753906151159082e-09, "rotation_d": 5.294513049734724e-05, "width_d": 0.003611312432023539}