{"numgrasp": 608, "translation_d": 5.662706236473329e-09, "rotation_d": 5.3267849268837963e-05, "width_d": 0.005521934918349862}