{"numgrasp": 602, "translation_d": 5.734221296323547e-09, "rotation_d": 5.34853948496784e-05, "width_d": 0.005988961350573723}