{"numgrasp": 608, "translation_d": 5.75780620267954e-09, "rotation_d": 5.07387813900648e-05, "width_d": 0.004287426237972917}