{"numgrasp": 601, "translation_d": 5.843778538077199e-09, "rotation_d": 5.224263768411365e-05, "width_d": 0.004120177392498593}