{"numgrasp": 610, "translation_d": 5.86864715229409e-09, "rotation_d": 5.324316327643869e-05, "width_d": 0.004124394775743335}