{"numgrasp": 598, "translation_d": 5.7164277127546945e-09, "rotation_d": 5.0169506151818605e-05, "width_d": 0.003861219093461184}