{"numgrasp": 585, "translation_d": 5.951902539249681e-09, "rotation_d": 4.994381534229567e-05, "width_d": 0.004837996125908577}