{"numgrasp": 572, "translation_d": 5.678450461647628e-09, "rotation_d": 4.914792891843585e-05, "width_d": 0.005237521201091038}