{"numgrasp": 564, "translation_d": 5.5067035408489595e-09, "rotation_d": 4.8859571574677556e-05, "width_d": 0.006349814392113452}