{"numgrasp": 566, "translation_d": 5.405953558906399e-09, "rotation_d": 4.846712715701455e-05, "width_d": 0.005197959524779754}