{"numgrasp": 561, "translation_d": 5.512597015192495e-09, "rotation_d": 4.882603934391276e-05, "width_d": 0.0038353307017992585}