{"numgrasp": 549, "translation_d": 5.4107547316848556e-09, "rotation_d": 4.8735016080957285e-05, "width_d": 0.003864739487676649}