{"numgrasp": 535, "translation_d": 5.286449891339416e-09, "rotation_d": 4.808824542562046e-05, "width_d": 0.004099992561398994}