{"numgrasp": 560, "translation_d": 5.14284998362841e-09, "rotation_d": 4.92588562783554e-05, "width_d": 0.004693487117722833}