{"numgrasp": 576, "translation_d": 5.1466189618333305e-09, "rotation_d": 4.9299905526937285e-05, "width_d": 0.005385405700528514}