{"numgrasp": 600, "translation_d": 5.695731804139491e-09, "rotation_d": 5.286757364583212e-05, "width_d": 0.004981173523267077}