{"numgrasp": 533, "translation_d": 5.341831895430033e-09, "rotation_d": 4.7801994384365185e-05, "width_d": 0.00475768311176767}