{"numgrasp": 612, "translation_d": 5.81829895843129e-09, "rotation_d": 4.712693486334973e-05, "width_d": 0.0049747932280606155}