{"numgrasp": 652, "translation_d": 5.939552755964059e-09, "rotation_d": 4.6605090583907236e-05, "width_d": 0.004915017013296796}