{"numgrasp": 650, "translation_d": 5.7771206703701115e-09, "rotation_d": 4.741811978330079e-05, "width_d": 0.005159610202346162}