{"numgrasp": 541, "translation_d": 5.27671088935873e-09, "rotation_d": 4.6810105202936566e-05, "width_d": 0.005502644288171707}