{"numgrasp": 717, "translation_d": 6.430402403300597e-09, "rotation_d": 4.8750163751939e-05, "width_d": 0.005541279239007694}