{"numgrasp": 557, "translation_d": 5.193243541266759e-09, "rotation_d": 4.9282058800128876e-05, "width_d": 0.005260722627842571}