{"numgrasp": 725, "translation_d": 6.708532146647956e-09, "rotation_d": 4.7830690013474046e-05, "width_d": 0.005477877773788777}