{"numgrasp": 553, "translation_d": 5.5034445247979044e-09, "rotation_d": 4.787397928921245e-05, "width_d": 0.0049715202060585835}