{"numgrasp": 614, "translation_d": 5.58591583553474e-09, "rotation_d": 4.986977784424525e-05, "width_d": 0.005167457643649551}