{"numgrasp": 575, "translation_d": 5.395118397552885e-09, "rotation_d": 4.834097045255555e-05, "width_d": 0.005246418099413922}