{"numgrasp": 556, "translation_d": 5.278621985195639e-09, "rotation_d": 5.116958587657576e-05, "width_d": 0.004974897219962474}