{"numgrasp": 727, "translation_d": 6.324639879199231e-09, "rotation_d": 4.796496091835894e-05, "width_d": 0.005455634413425353}