{"numgrasp": 495, "translation_d": 5.020834459097927e-09, "rotation_d": 5.20029608527807e-05, "width_d": 0.005434614154452347}