{"numgrasp": 465, "translation_d": 4.932892110726794e-09, "rotation_d": 5.13710776422331e-05, "width_d": 0.005740845911320651}