{"numgrasp": 451, "translation_d": 5.04048015775076e-09, "rotation_d": 5.2609203815019783e-05, "width_d": 0.005021838857293714}