{"numgrasp": 462, "translation_d": 5.126257038570738e-09, "rotation_d": 5.190913259999521e-05, "width_d": 0.005225886146782895}