{"numgrasp": 683, "translation_d": 6.6770664895067496e-09, "rotation_d": 4.6829699466560825e-05, "width_d": 0.005329716760057394}