{"numgrasp": 513, "translation_d": 4.905945553244067e-09, "rotation_d": 5.139121810685845e-05, "width_d": 0.005301255918552096}