{"numgrasp": 519, "translation_d": 5.1558169858259644e-09, "rotation_d": 5.090594858060848e-05, "width_d": 0.0054324469389204}