{"numgrasp": 558, "translation_d": 5.218468088247678e-09, "rotation_d": 5.0187738256107857e-05, "width_d": 0.005312852235204005}