{"numgrasp": 522, "translation_d": 4.830339956331444e-09, "rotation_d": 5.130949079392785e-05, "width_d": 0.005305166391515088}