{"numgrasp": 516, "translation_d": 4.784060275666384e-09, "rotation_d": 5.1286626772728495e-05, "width_d": 0.005230396543953209}