{"numgrasp": 488, "translation_d": 4.947721800654625e-09, "rotation_d": 5.145886689889249e-05, "width_d": 0.005380478414947411}