{"numgrasp": 487, "translation_d": 4.776512083800273e-09, "rotation_d": 5.0374069763593884e-05, "width_d": 0.0055077130306533115}