{"numgrasp": 457, "translation_d": 5.00812165378406e-09, "rotation_d": 5.246919396547166e-05, "width_d": 0.005377013393121832}