{"numgrasp": 451, "translation_d": 4.9600821680174115e-09, "rotation_d": 5.271673298447591e-05, "width_d": 0.005295208085608944}