{"numgrasp": 484, "translation_d": 4.9231330987127265e-09, "rotation_d": 5.191247087347406e-05, "width_d": 0.005139727245084605}