{"numgrasp": 496, "translation_d": 5.050561431435637e-09, "rotation_d": 5.1570991356833236e-05, "width_d": 0.005023186242508787}