{"numgrasp": 515, "translation_d": 4.755709328974331e-09, "rotation_d": 5.0314322381210783e-05, "width_d": 0.005194857266325232}