{"numgrasp": 518, "translation_d": 4.745457357304945e-09, "rotation_d": 5.0659465564304675e-05, "width_d": 0.005093573161136357}