{"numgrasp": 536, "translation_d": 4.838507205055631e-09, "rotation_d": 4.976942117011722e-05, "width_d": 0.005149837046619041}