{"numgrasp": 689, "translation_d": 6.720921377039506e-09, "rotation_d": 5.020149067475849e-05, "width_d": 0.005070795297852232}