{"numgrasp": 730, "translation_d": 6.20340970059241e-09, "rotation_d": 4.955861889467591e-05, "width_d": 0.005121941621676694}