{"numgrasp": 575, "translation_d": 4.648305753628377e-09, "rotation_d": 5.013355027324455e-05, "width_d": 0.0050940024286301394}