{"numgrasp": 602, "translation_d": 4.805787867459026e-09, "rotation_d": 5.018843301467004e-05, "width_d": 0.005336953379492116}