{"numgrasp": 704, "translation_d": 6.744343262711924e-09, "rotation_d": 5.01337563269426e-05, "width_d": 0.005019648827071471}