{"numgrasp": 573, "translation_d": 4.7159937358990375e-09, "rotation_d": 4.8141581780007564e-05, "width_d": 0.0048577815724325756}