{"numgrasp": 727, "translation_d": 6.4762613987966004e-09, "rotation_d": 4.947811976259887e-05, "width_d": 0.005014388103889383}