{"numgrasp": 610, "translation_d": 4.953498116310197e-09, "rotation_d": 5.019934232080427e-05, "width_d": 0.005376533159791596}