{"numgrasp": 636, "translation_d": 4.817510161946207e-09, "rotation_d": 4.9726296227792924e-05, "width_d": 0.005238680159514307}