{"numgrasp": 673, "translation_d": 4.799992227163234e-09, "rotation_d": 4.9012665730812766e-05, "width_d": 0.005085939131709173}