{"numgrasp": 651, "translation_d": 4.917715187532574e-09, "rotation_d": 4.8043374939680954e-05, "width_d": 0.005251426951841276}