{"numgrasp": 738, "translation_d": 6.806422558316866e-09, "rotation_d": 4.937646927632484e-05, "width_d": 0.005316433503189659}