{"numgrasp": 712, "translation_d": 6.682982658521224e-09, "rotation_d": 4.984672030208727e-05, "width_d": 0.0050425844910614755}