{"numgrasp": 576, "translation_d": 4.5347636941635084e-09, "rotation_d": 5.0216281070981934e-05, "width_d": 0.005313152896713779}