{"numgrasp": 593, "translation_d": 4.796388083718722e-09, "rotation_d": 4.914774055186972e-05, "width_d": 0.005412109069758775}