{"numgrasp": 622, "translation_d": 4.562724417736451e-09, "rotation_d": 4.796286751254872e-05, "width_d": 0.005511630745439903}