{"numgrasp": 620, "translation_d": 4.6847916953467054e-09, "rotation_d": 4.7220565510698096e-05, "width_d": 0.005228941482141545}