{"numgrasp": 716, "translation_d": 6.64597128788406e-09, "rotation_d": 4.946756796838613e-05, "width_d": 0.005112567021397914}