{"numgrasp": 725, "translation_d": 6.306091160870452e-09, "rotation_d": 4.787697784759333e-05, "width_d": 0.005322060472676816}