{"numgrasp": 756, "translation_d": 6.309549157579365e-09, "rotation_d": 4.867699775693485e-05, "width_d": 0.0050305052827532394}