{"numgrasp": 688, "translation_d": 6.7073571197879335e-09, "rotation_d": 5.009874196341395e-05, "width_d": 0.005107453259273411}