{"numgrasp": 655, "translation_d": 6.540034790813786e-09, "rotation_d": 5.12813615415292e-05, "width_d": 0.005111963827013945}