{"numgrasp": 691, "translation_d": 6.673571399130902e-09, "rotation_d": 5.105343839420616e-05, "width_d": 0.004957269146695203}