{"numgrasp": 693, "translation_d": 6.828153977630755e-09, "rotation_d": 5.025533656648301e-05, "width_d": 0.004766642088750092}