{"numgrasp": 680, "translation_d": 6.519972315718649e-09, "rotation_d": 4.94895463595509e-05, "width_d": 0.005030641093099884}