{"numgrasp": 668, "translation_d": 6.299934609808821e-09, "rotation_d": 5.2446113242127595e-05, "width_d": 0.004956304850747897}