{"numgrasp": 646, "translation_d": 6.220581893105662e-09, "rotation_d": 5.1537490752189406e-05, "width_d": 0.005091623631512588}