{"numgrasp": 647, "translation_d": 6.251828886962904e-09, "rotation_d": 5.1901907350274644e-05, "width_d": 0.005069146815702091}