{"numgrasp": 672, "translation_d": 6.618514733030088e-09, "rotation_d": 4.9264365291007656e-05, "width_d": 0.0049745591011325615}