{"numgrasp": 674, "translation_d": 6.471126776148851e-09, "rotation_d": 4.920670873602535e-05, "width_d": 0.005061530219118751}