{"numgrasp": 651, "translation_d": 5.882851746745351e-09, "rotation_d": 4.808540427256997e-05, "width_d": 0.00493320476127151}