{"numgrasp": 638, "translation_d": 6.239156552001969e-09, "rotation_d": 4.981395073421545e-05, "width_d": 0.005249789196259131}