{"numgrasp": 653, "translation_d": 6.017898475449148e-09, "rotation_d": 5.001455904322683e-05, "width_d": 0.005288307402247534}