{"numgrasp": 643, "translation_d": 6.134435492585956e-09, "rotation_d": 4.9697267897879955e-05, "width_d": 0.005220631458901261}