{"numgrasp": 627, "translation_d": 6.0836800154668115e-09, "rotation_d": 5.0250217310791115e-05, "width_d": 0.005127344933996724}