{"numgrasp": 637, "translation_d": 6.122704642692658e-09, "rotation_d": 5.103602835401202e-05, "width_d": 0.00528053105708174}