{"numgrasp": 629, "translation_d": 5.9712910593917155e-09, "rotation_d": 5.039832338084879e-05, "width_d": 0.0051128462462423745}