{"numgrasp": 740, "translation_d": 6.742160130957892e-09, "rotation_d": 4.765996503892177e-05, "width_d": 0.005343049368350949}