{"numgrasp": 623, "translation_d": 6.1607911703504754e-09, "rotation_d": 5.022401763989615e-05, "width_d": 0.004927888469460076}