{"numgrasp": 589, "translation_d": 5.960879858887177e-09, "rotation_d": 4.939873724275311e-05, "width_d": 0.005003884708665905}