{"numgrasp": 601, "translation_d": 5.881273687800255e-09, "rotation_d": 4.9231018241469475e-05, "width_d": 0.005448270190515289}