{"numgrasp": 615, "translation_d": 5.826557177177239e-09, "rotation_d": 4.839487932020968e-05, "width_d": 0.005379012608203169}