{"numgrasp": 597, "translation_d": 5.797304412125609e-09, "rotation_d": 4.8422060814610304e-05, "width_d": 0.004983606764423077}