{"numgrasp": 371, "translation_d": 6.087251289552965e-09, "rotation_d": 4.301421949366851e-05, "width_d": 0.004301898998679001}