{"numgrasp": 425, "translation_d": 5.922033659511052e-09, "rotation_d": 5.009314508016354e-05, "width_d": 0.0051425885987385405}