{"numgrasp": 417, "translation_d": 5.8624996677275e-09, "rotation_d": 4.395964437445412e-05, "width_d": 0.0053179484499285366}