{"numgrasp": 399, "translation_d": 6.015980607334753e-09, "rotation_d": 4.44461725224316e-05, "width_d": 0.005095878004663692}