{"numgrasp": 389, "translation_d": 5.664244146772862e-09, "rotation_d": 4.428556249181666e-05, "width_d": 0.004800200732624619}