{"numgrasp": 392, "translation_d": 5.884305845235581e-09, "rotation_d": 4.554597882893545e-05, "width_d": 0.004470541389748118}