{"numgrasp": 377, "translation_d": 5.484443022244624e-09, "rotation_d": 4.333656697759605e-05, "width_d": 0.004741855016045437}