{"numgrasp": 379, "translation_d": 5.822078632101455e-09, "rotation_d": 4.396969396672332e-05, "width_d": 0.004904895584911971}