{"numgrasp": 392, "translation_d": 5.720304665300031e-09, "rotation_d": 4.221721251541338e-05, "width_d": 0.005416277823098666}