{"numgrasp": 426, "translation_d": 5.592669859679145e-09, "rotation_d": 4.3145100117921496e-05, "width_d": 0.005123955826910606}