{"numgrasp": 415, "translation_d": 5.881269320392667e-09, "rotation_d": 4.298583997575145e-05, "width_d": 0.005267458059038492}