{"numgrasp": 427, "translation_d": 5.809501918929462e-09, "rotation_d": 4.30482517511934e-05, "width_d": 0.005304080505892217}