{"numgrasp": 413, "translation_d": 5.641722434550338e-09, "rotation_d": 4.3208217127042715e-05, "width_d": 0.005479819450366636}