{"numgrasp": 409, "translation_d": 5.359366376367147e-09, "rotation_d": 4.745169312934592e-05, "width_d": 0.005222322670606754}