{"numgrasp": 417, "translation_d": 5.5590918125699506e-09, "rotation_d": 4.7595813379281416e-05, "width_d": 0.005121681283808974}