{"numgrasp": 369, "translation_d": 5.647149096700891e-09, "rotation_d": 4.7726466305353024e-05, "width_d": 0.00471382884419895}