{"numgrasp": 377, "translation_d": 5.5820370931582e-09, "rotation_d": 4.8551915436785075e-05, "width_d": 0.004894706580982364}