{"numgrasp": 380, "translation_d": 5.5030124523065025e-09, "rotation_d": 4.7842945142888684e-05, "width_d": 0.004588529666380215}