{"numgrasp": 376, "translation_d": 5.37937122992065e-09, "rotation_d": 4.814064459861093e-05, "width_d": 0.004552050837099074}