{"numgrasp": 419, "translation_d": 5.536933530955917e-09, "rotation_d": 5.721594583173747e-05, "width_d": 0.004316782621303521}