{"numgrasp": 419, "translation_d": 5.507562257664521e-09, "rotation_d": 5.5511736451800135e-05, "width_d": 0.004847738081376987}