{"numgrasp": 418, "translation_d": 5.460701805120496e-09, "rotation_d": 5.3805292430845703e-05, "width_d": 0.004702656012887847}