{"numgrasp": 411, "translation_d": 5.559648568863924e-09, "rotation_d": 5.307496563562616e-05, "width_d": 0.004725933145829834}