{"numgrasp": 421, "translation_d": 5.682007062212978e-09, "rotation_d": 5.266609182004421e-05, "width_d": 0.005138454238539474}