{"numgrasp": 413, "translation_d": 5.571459786267963e-09, "rotation_d": 5.104750047335901e-05, "width_d": 0.004987290197502046}