{"numgrasp": 427, "translation_d": 5.681476042970584e-09, "rotation_d": 5.033153056028493e-05, "width_d": 0.005330841571396828}