{"numgrasp": 430, "translation_d": 5.512589590736852e-09, "rotation_d": 5.031518174320636e-05, "width_d": 0.005347063219041463}