{"numgrasp": 424, "translation_d": 5.523011678910871e-09, "rotation_d": 5.2400324727771304e-05, "width_d": 0.005102544588064743}