{"numgrasp": 450, "translation_d": 6.418791684065072e-09, "rotation_d": 4.349320194731449e-05, "width_d": 0.004214041693208211}