{"numgrasp": 445, "translation_d": 5.448568624534738e-09, "rotation_d": 5.301862892935692e-05, "width_d": 0.0054821541267272705}