{"numgrasp": 446, "translation_d": 5.613550917983863e-09, "rotation_d": 5.4314731865621914e-05, "width_d": 0.005130256791470261}