{"numgrasp": 444, "translation_d": 5.375561611266878e-09, "rotation_d": 5.465809111854791e-05, "width_d": 0.004832471579756728}