{"numgrasp": 433, "translation_d": 5.421875544425685e-09, "rotation_d": 5.740412811029863e-05, "width_d": 0.0046324196201544075}