{"numgrasp": 474, "translation_d": 5.248768852499761e-09, "rotation_d": 5.919501905891884e-05, "width_d": 0.004949825868557577}