{"numgrasp": 472, "translation_d": 5.4365900127961385e-09, "rotation_d": 5.919286195872617e-05, "width_d": 0.004763430443099442}