{"numgrasp": 486, "translation_d": 6.344036982489597e-09, "rotation_d": 4.370519431185773e-05, "width_d": 0.0041878528111758545}