{"numgrasp": 470, "translation_d": 5.00947409891e-09, "rotation_d": 5.558639469051309e-05, "width_d": 0.004585909755529523}