{"numgrasp": 468, "translation_d": 5.6302870759631525e-09, "rotation_d": 5.597311104880883e-05, "width_d": 0.004922210319791213}