{"numgrasp": 468, "translation_d": 5.116743044386246e-09, "rotation_d": 5.315141702890222e-05, "width_d": 0.005304598303317482}