{"numgrasp": 443, "translation_d": 4.998284754742862e-09, "rotation_d": 5.297916141992901e-05, "width_d": 0.004974282336086729}