{"numgrasp": 450, "translation_d": 6.334223922472951e-09, "rotation_d": 4.577327360681181e-05, "width_d": 0.005727338059721878}