{"numgrasp": 488, "translation_d": 5.128369090258289e-09, "rotation_d": 5.2844692019545127e-05, "width_d": 0.004644692208136674}