{"numgrasp": 509, "translation_d": 4.8664382479883334e-09, "rotation_d": 5.1346475658926315e-05, "width_d": 0.004722950708041336}