{"numgrasp": 479, "translation_d": 4.940128957866796e-09, "rotation_d": 5.0005083185827984e-05, "width_d": 0.0045171724277251355}