{"numgrasp": 486, "translation_d": 5.026299305025434e-09, "rotation_d": 4.928452649049517e-05, "width_d": 0.004666017556271362}