{"numgrasp": 468, "translation_d": 5.0325671367792596e-09, "rotation_d": 4.046195695197545e-05, "width_d": 0.004629010166830433}