{"numgrasp": 507, "translation_d": 4.661667469697082e-09, "rotation_d": 4.583056573948667e-05, "width_d": 0.005028067901975665}