{"numgrasp": 495, "translation_d": 5.026851069338809e-09, "rotation_d": 4.618734481827952e-05, "width_d": 0.004626094033608934}