{"numgrasp": 488, "translation_d": 5.001245962920741e-09, "rotation_d": 4.712319837679267e-05, "width_d": 0.004866108337452382}