{"numgrasp": 478, "translation_d": 4.67488932957765e-09, "rotation_d": 4.797687303927765e-05, "width_d": 0.005147138491826321}