{"numgrasp": 477, "translation_d": 4.605797303874633e-09, "rotation_d": 4.9143352090705536e-05, "width_d": 0.0053942021657211545}