{"numgrasp": 488, "translation_d": 4.883764544015303e-09, "rotation_d": 4.3771988022739136e-05, "width_d": 0.005019929954421896}