{"numgrasp": 489, "translation_d": 4.75921277296191e-09, "rotation_d": 4.1437640103178744e-05, "width_d": 0.004893562533639869}