{"numgrasp": 496, "translation_d": 4.583298163147927e-09, "rotation_d": 4.122663172925575e-05, "width_d": 0.0050811770153328046}