{"numgrasp": 496, "translation_d": 4.697168316163853e-09, "rotation_d": 4.2249359917836936e-05, "width_d": 0.005314112440852153}