{"numgrasp": 507, "translation_d": 4.540021185121697e-09, "rotation_d": 4.359826896768241e-05, "width_d": 0.005182963929889292}