{"numgrasp": 480, "translation_d": 4.354219023669083e-09, "rotation_d": 4.303898767096413e-05, "width_d": 0.005190148183153063}