{"numgrasp": 502, "translation_d": 6.386877734310955e-09, "rotation_d": 4.4367801969262e-05, "width_d": 0.004503189877157454}