{"numgrasp": 505, "translation_d": 6.629372951646769e-09, "rotation_d": 4.2386402611582315e-05, "width_d": 0.005470896613860788}