{"numgrasp": 490, "translation_d": 6.762657569813369e-09, "rotation_d": 4.261222288799012e-05, "width_d": 0.005855088914204828}