{"numgrasp": 476, "translation_d": 6.350367423822508e-09, "rotation_d": 4.689171451996034e-05, "width_d": 0.0048259786311425764}