{"numgrasp": 487, "translation_d": 6.441847939512764e-09, "rotation_d": 4.776290767172331e-05, "width_d": 0.004448520005178091}