{"numgrasp": 489, "translation_d": 6.385638974188062e-09, "rotation_d": 4.7499614926656626e-05, "width_d": 0.004560885197742976}