{"numgrasp": 491, "translation_d": 6.224235782041115e-09, "rotation_d": 4.777354913984474e-05, "width_d": 0.004649681169427911}