{"numgrasp": 486, "translation_d": 6.243594312026617e-09, "rotation_d": 4.721682938119884e-05, "width_d": 0.004446890043429464}