{"numgrasp": 442, "translation_d": 6.365494155693826e-09, "rotation_d": 4.734981412254929e-05, "width_d": 0.004322760338031537}