{"numgrasp": 447, "translation_d": 6.273611091383198e-09, "rotation_d": 5.212965015648834e-05, "width_d": 0.004622659068658879}