{"numgrasp": 454, "translation_d": 6.558286669707208e-09, "rotation_d": 5.1426830976734226e-05, "width_d": 0.004470620731380993}