{"numgrasp": 456, "translation_d": 6.337147461616268e-09, "rotation_d": 5.2411824688216795e-05, "width_d": 0.004458013108073988}