{"numgrasp": 466, "translation_d": 6.357362372686129e-09, "rotation_d": 5.308477527376726e-05, "width_d": 0.004379372984467125}