{"numgrasp": 471, "translation_d": 6.640778240398061e-09, "rotation_d": 5.226177379462006e-05, "width_d": 0.004343744900777501}