{"numgrasp": 457, "translation_d": 6.660412110613952e-09, "rotation_d": 4.761441850130777e-05, "width_d": 0.004965243290137351}