{"numgrasp": 435, "translation_d": 6.366322672712471e-09, "rotation_d": 5.428052677712021e-05, "width_d": 0.004915455569046258}