{"numgrasp": 440, "translation_d": 6.416711633474148e-09, "rotation_d": 5.772783802079583e-05, "width_d": 0.0047026926428522684}