{"numgrasp": 432, "translation_d": 6.4563415208300445e-09, "rotation_d": 5.717319909366113e-05, "width_d": 0.004773862983586305}