{"numgrasp": 437, "translation_d": 6.421366022890846e-09, "rotation_d": 5.708498583113639e-05, "width_d": 0.004503007810965493}