{"numgrasp": 440, "translation_d": 6.1691206772686906e-09, "rotation_d": 5.7407286077224966e-05, "width_d": 0.00458387140083132}