{"numgrasp": 447, "translation_d": 6.3963570750202915e-09, "rotation_d": 5.678002163799058e-05, "width_d": 0.004530162260294682}