{"numgrasp": 463, "translation_d": 6.147359118438093e-09, "rotation_d": 5.363496557049195e-05, "width_d": 0.004752178177328856}