{"numgrasp": 449, "translation_d": 6.325381660128336e-09, "rotation_d": 5.345496883130541e-05, "width_d": 0.004707024144369787}