{"numgrasp": 442, "translation_d": 6.503604987325013e-09, "rotation_d": 5.376381184833849e-05, "width_d": 0.004819486928038907}