{"numgrasp": 481, "translation_d": 6.696146107820317e-09, "rotation_d": 4.4401247663175074e-05, "width_d": 0.004914312177776473}