{"numgrasp": 420, "translation_d": 6.246041861366745e-09, "rotation_d": 5.663234682719966e-05, "width_d": 0.004615571800466618}