{"numgrasp": 424, "translation_d": 6.257374536627486e-09, "rotation_d": 5.8198680114838803e-05, "width_d": 0.004421107039993357}