{"numgrasp": 423, "translation_d": 6.104248199193144e-09, "rotation_d": 5.939069113202642e-05, "width_d": 0.00462382102529003}