{"numgrasp": 496, "translation_d": 6.528677924742764e-09, "rotation_d": 4.2759878033182465e-05, "width_d": 0.004623403815381242}