{"numgrasp": 403, "translation_d": 6.1055160660122875e-09, "rotation_d": 5.247658356020655e-05, "width_d": 0.004679361078222595}