{"numgrasp": 420, "translation_d": 5.97258417193945e-09, "rotation_d": 5.197601071080788e-05, "width_d": 0.004576239572830265}