{"numgrasp": 422, "translation_d": 5.903328776238812e-09, "rotation_d": 5.144802116005597e-05, "width_d": 0.004620524538740251}