{"numgrasp": 479, "translation_d": 6.311934856734012e-09, "rotation_d": 4.3171114165656255e-05, "width_d": 0.004321347863558452}