{"numgrasp": 302, "translation_d": 4.761988442252788e-09, "rotation_d": 5.677346510867715e-05, "width_d": 0.004009857584051516}