{"numgrasp": 304, "translation_d": 4.622040518450943e-09, "rotation_d": 4.84804207583047e-05, "width_d": 0.004630608066412538}