{"numgrasp": 314, "translation_d": 4.895339993184924e-09, "rotation_d": 4.98692290522954e-05, "width_d": 0.0036369303665082643}