{"numgrasp": 322, "translation_d": 4.764616763243319e-09, "rotation_d": 4.9861934256168056e-05, "width_d": 0.0034176524984828455}