{"numgrasp": 300, "translation_d": 5.003600204009359e-09, "rotation_d": 5.073529576348511e-05, "width_d": 0.0023455648434322425}