{"numgrasp": 312, "translation_d": 5.315148408096185e-09, "rotation_d": 5.1347065157974104e-05, "width_d": 0.0022402130168692365}