{"numgrasp": 321, "translation_d": 5.885051351766803e-09, "rotation_d": 4.058959719019923e-05, "width_d": 0.004090168850573514}