{"numgrasp": 285, "translation_d": 5.008269684375338e-09, "rotation_d": 4.0698407200596425e-05, "width_d": 0.0020716324179957065}