{"numgrasp": 302, "translation_d": 4.9428396401569405e-09, "rotation_d": 4.211190369801574e-05, "width_d": 0.0027354644858738875}