{"numgrasp": 296, "translation_d": 4.824223977424113e-09, "rotation_d": 4.246118553276635e-05, "width_d": 0.003340829049424353}