{"numgrasp": 307, "translation_d": 4.848180808248805e-09, "rotation_d": 4.2835069286277615e-05, "width_d": 0.0034367938078533307}