{"numgrasp": 314, "translation_d": 6.035051680366481e-09, "rotation_d": 3.954886567259752e-05, "width_d": 0.004460060887497496}