{"numgrasp": 287, "translation_d": 4.812673335364243e-09, "rotation_d": 3.974790753442596e-05, "width_d": 0.002644773836795673}