{"numgrasp": 288, "translation_d": 4.996298809212568e-09, "rotation_d": 3.8723763074835594e-05, "width_d": 0.002399128751769342}