{"numgrasp": 297, "translation_d": 4.696261283341734e-09, "rotation_d": 4.923074435509096e-05, "width_d": 0.002272142221107416}