{"numgrasp": 278, "translation_d": 4.763505853581755e-09, "rotation_d": 4.7467575974744175e-05, "width_d": 0.002437671486486817}