{"numgrasp": 282, "translation_d": 4.619626015534836e-09, "rotation_d": 4.6056530333098685e-05, "width_d": 0.0034025274436705532}