{"numgrasp": 288, "translation_d": 4.477702276066155e-09, "rotation_d": 4.659798856611843e-05, "width_d": 0.0036285281342404497}