{"numgrasp": 330, "translation_d": 5.991113120876781e-09, "rotation_d": 3.9025500245341603e-05, "width_d": 0.004643126079453165}