{"numgrasp": 288, "translation_d": 4.650967005129083e-09, "rotation_d": 4.657023679946752e-05, "width_d": 0.003950412941738279}