{"numgrasp": 315, "translation_d": 4.1577905490029224e-09, "rotation_d": 4.5402907596712164e-05, "width_d": 0.004678433996967696}