{"numgrasp": 285, "translation_d": 4.540232266201842e-09, "rotation_d": 5.158957670766593e-05, "width_d": 0.004678212181739374}