{"numgrasp": 293, "translation_d": 4.144295623316416e-09, "rotation_d": 5.1876394971905675e-05, "width_d": 0.004311045177780908}