{"numgrasp": 272, "translation_d": 4.63065465988021e-09, "rotation_d": 5.185147902862203e-05, "width_d": 0.003626215440239933}