{"numgrasp": 287, "translation_d": 4.519235900398548e-09, "rotation_d": 5.328231869128494e-05, "width_d": 0.0035214515476114983}