{"numgrasp": 288, "translation_d": 4.621496676408723e-09, "rotation_d": 5.415751959600833e-05, "width_d": 0.0029800051058518316}