{"numgrasp": 292, "translation_d": 4.854889479464235e-09, "rotation_d": 5.7169185677394596e-05, "width_d": 0.0023516657107694934}