{"numgrasp": 293, "translation_d": 4.6737647377558414e-09, "rotation_d": 5.781798019755771e-05, "width_d": 0.0035463031683932137}