{"numgrasp": 325, "translation_d": 5.917318358548492e-09, "rotation_d": 3.809658282935056e-05, "width_d": 0.004578591358210171}