{"numgrasp": 309, "translation_d": 4.4271191325147035e-09, "rotation_d": 5.611317508182822e-05, "width_d": 0.004321238735944007}