{"numgrasp": 311, "translation_d": 4.33935552375839e-09, "rotation_d": 5.605058282783653e-05, "width_d": 0.0053589129853644935}