{"numgrasp": 318, "translation_d": 4.338523397898162e-09, "rotation_d": 5.521446851379054e-05, "width_d": 0.0054238900524734126}