{"numgrasp": 309, "translation_d": 4.27986327209184e-09, "rotation_d": 5.8809649389814565e-05, "width_d": 0.005724698202688484}