{"numgrasp": 299, "translation_d": 4.840751534471629e-09, "rotation_d": 5.9011334477291805e-05, "width_d": 0.0038556608868725965}