{"numgrasp": 299, "translation_d": 4.856561269902705e-09, "rotation_d": 5.6261333280603774e-05, "width_d": 0.002401504056484746}