{"numgrasp": 296, "translation_d": 4.811193744996526e-09, "rotation_d": 5.4475135402898044e-05, "width_d": 0.002249156508062737}