{"numgrasp": 269, "translation_d": 4.8406850923565375e-09, "rotation_d": 5.251039583099922e-05, "width_d": 0.002253582807093427}