{"numgrasp": 220, "translation_d": 5.5742324437681665e-09, "rotation_d": 4.414451366705338e-05, "width_d": 0.002349194022096484}