{"numgrasp": 222, "translation_d": 5.212308811374736e-09, "rotation_d": 4.6729871952545695e-05, "width_d": 0.0025119940949993127}