{"numgrasp": 291, "translation_d": 4.826050727794637e-09, "rotation_d": 5.000143792001822e-05, "width_d": 0.002640490829187946}