{"numgrasp": 302, "translation_d": 4.564498998748523e-09, "rotation_d": 5.4497518531694155e-05, "width_d": 0.0032925960669200954}