{"numgrasp": 305, "translation_d": 4.389913427971997e-09, "rotation_d": 5.7517166505111475e-05, "width_d": 0.0050042303443896576}