{"numgrasp": 348, "translation_d": 4.501291714565785e-09, "rotation_d": 5.414009969397818e-05, "width_d": 0.0053988991978088235}