{"numgrasp": 330, "translation_d": 4.701145463968088e-09, "rotation_d": 5.3067661175882055e-05, "width_d": 0.004992576726542938}