{"numgrasp": 323, "translation_d": 4.6631910248943775e-09, "rotation_d": 5.2891329358009384e-05, "width_d": 0.004665180507122464}