{"numgrasp": 315, "translation_d": 5.868208827771937e-09, "rotation_d": 3.713623308429002e-05, "width_d": 0.0037333219995509684}