{"numgrasp": 322, "translation_d": 4.7560232820962726e-09, "rotation_d": 5.1183390651509596e-05, "width_d": 0.004126264549874689}