{"numgrasp": 286, "translation_d": 5.120852256660287e-09, "rotation_d": 4.77074277793217e-05, "width_d": 0.0036786808296332147}