{"numgrasp": 265, "translation_d": 5.051053903442256e-09, "rotation_d": 4.669433394708482e-05, "width_d": 0.003451053557748277}