{"numgrasp": 271, "translation_d": 5.1870615120320486e-09, "rotation_d": 4.295584461281294e-05, "width_d": 0.002636181763308543}