{"numgrasp": 324, "translation_d": 5.858787369860351e-09, "rotation_d": 3.7364714017600365e-05, "width_d": 0.003279276441020587}