{"numgrasp": 262, "translation_d": 5.457879505203418e-09, "rotation_d": 4.022320476238594e-05, "width_d": 0.00274577449109099}