{"numgrasp": 258, "translation_d": 5.446571952386688e-09, "rotation_d": 4.015731191459839e-05, "width_d": 0.0028771380015434563}