{"numgrasp": 276, "translation_d": 4.867946657599929e-09, "rotation_d": 4.420216208916441e-05, "width_d": 0.003983436115157782}