{"numgrasp": 292, "translation_d": 4.5397355274536e-09, "rotation_d": 4.625511614278491e-05, "width_d": 0.004517261376962094}