{"numgrasp": 307, "translation_d": 4.4763060046658775e-09, "rotation_d": 4.7948581791961364e-05, "width_d": 0.005403880989877041}