{"numgrasp": 306, "translation_d": 6.0692333283832175e-09, "rotation_d": 3.6467046637101626e-05, "width_d": 0.0027895934936452626}