{"numgrasp": 319, "translation_d": 6.134878824438525e-09, "rotation_d": 3.843149868645581e-05, "width_d": 0.0024509888599914906}