{"numgrasp": 317, "translation_d": 5.960575650937507e-09, "rotation_d": 7.86823765768798e-05, "width_d": 0.002526357072954752}