{"numgrasp": 327, "translation_d": 6.012061367954678e-09, "rotation_d": 4.0640980159217215e-05, "width_d": 0.003245539658623907}