{"numgrasp": 299, "translation_d": 6.022944880687475e-09, "rotation_d": 4.2700300972375434e-05, "width_d": 0.004230171954364409}