{"numgrasp": 295, "translation_d": 5.723709456348336e-09, "rotation_d": 4.3323275510918555e-05, "width_d": 0.004507420449113811}