{"numgrasp": 291, "translation_d": 5.9418831944984345e-09, "rotation_d": 4.37423984024615e-05, "width_d": 0.004512266501606509}