{"numgrasp": 304, "translation_d": 5.721271373617641e-09, "rotation_d": 5.254525327956131e-05, "width_d": 0.00458183612121663}