{"numgrasp": 295, "translation_d": 5.7151658054124555e-09, "rotation_d": 5.1697305941315965e-05, "width_d": 0.004250768393250188}