{"numgrasp": 317, "translation_d": 6.033782366572974e-09, "rotation_d": 5.051938847056078e-05, "width_d": 0.0038569449442722773}