{"numgrasp": 312, "translation_d": 5.750223411918409e-09, "rotation_d": 3.888215457618179e-05, "width_d": 0.0020969388772677415}