{"numgrasp": 273, "translation_d": 5.684689629139278e-09, "rotation_d": 5.4543633665668625e-05, "width_d": 0.002446738951253213}