{"numgrasp": 298, "translation_d": 5.505733022703198e-09, "rotation_d": 5.671700210110536e-05, "width_d": 0.00275531207194076}