{"numgrasp": 282, "translation_d": 5.444937668792681e-09, "rotation_d": 5.7495751386519096e-05, "width_d": 0.003150169950549423}