{"numgrasp": 307, "translation_d": 5.567632583216828e-09, "rotation_d": 5.8568175074740864e-05, "width_d": 0.004205281335752411}