{"numgrasp": 297, "translation_d": 4.9445328337994375e-09, "rotation_d": 5.866871062560237e-05, "width_d": 0.004705552199429792}