{"numgrasp": 294, "translation_d": 5.164090170551403e-09, "rotation_d": 5.929092539823567e-05, "width_d": 0.004720020622554446}