{"numgrasp": 313, "translation_d": 5.296674160636818e-09, "rotation_d": 6.0090405593426394e-05, "width_d": 0.004331250582961749}