{"numgrasp": 312, "translation_d": 5.3867242691747235e-09, "rotation_d": 6.209407331464334e-05, "width_d": 0.002996927004243167}