{"numgrasp": 311, "translation_d": 5.31360618069303e-09, "rotation_d": 6.0520621344616536e-05, "width_d": 0.0030160828912548826}