{"numgrasp": 311, "translation_d": 5.346348893105537e-09, "rotation_d": 6.078582834814747e-05, "width_d": 0.0026392973539708852}