{"numgrasp": 298, "translation_d": 5.100820064313192e-09, "rotation_d": 6.042775378911659e-05, "width_d": 0.002302318628148393}