{"numgrasp": 308, "translation_d": 5.3473205287923334e-09, "rotation_d": 5.9141115812555294e-05, "width_d": 0.002525443389812691}