{"numgrasp": 295, "translation_d": 5.082575438022481e-09, "rotation_d": 5.748442347829348e-05, "width_d": 0.002834077390512285}