{"numgrasp": 290, "translation_d": 5.19980454443751e-09, "rotation_d": 5.622728265588757e-05, "width_d": 0.0030101119555082843}