{"numgrasp": 313, "translation_d": 5.031367021832902e-09, "rotation_d": 5.751667642880517e-05, "width_d": 0.003304433753200828}