{"numgrasp": 324, "translation_d": 5.196343078585962e-09, "rotation_d": 5.6374211202311925e-05, "width_d": 0.0036187480159716704}