{"numgrasp": 446, "translation_d": 6.847762082133144e-09, "rotation_d": 5.372075761469466e-05, "width_d": 0.0049084719774715405}