{"numgrasp": 368, "translation_d": 6.5979227025108116e-09, "rotation_d": 4.643046063369437e-05, "width_d": 0.005312933147358949}