{"numgrasp": 401, "translation_d": 6.352446924336302e-09, "rotation_d": 4.743685409481413e-05, "width_d": 0.004665981022291122}