{"numgrasp": 435, "translation_d": 6.845008502794277e-09, "rotation_d": 4.69014773090982e-05, "width_d": 0.0044418180119391235}