{"numgrasp": 504, "translation_d": 6.5516927640195965e-09, "rotation_d": 3.907547781340679e-05, "width_d": 0.0038125921974656992}