{"numgrasp": 374, "translation_d": 5.119670342461271e-09, "rotation_d": 4.14527136589789e-05, "width_d": 0.006016494103728339}