{"numgrasp": 406, "translation_d": 5.214170500121865e-09, "rotation_d": 4.2383294285129615e-05, "width_d": 0.005372877051189174}