{"numgrasp": 453, "translation_d": 5.999425019068997e-09, "rotation_d": 4.209179054582281e-05, "width_d": 0.0033995796408224353}