{"numgrasp": 473, "translation_d": 5.889094928491191e-09, "rotation_d": 4.353662632711022e-05, "width_d": 0.0030374463453211546}