{"numgrasp": 472, "translation_d": 5.759997549455305e-09, "rotation_d": 4.3675861945488337e-05, "width_d": 0.002706043053661497}