{"numgrasp": 451, "translation_d": 5.906222990899183e-09, "rotation_d": 4.7993727873173924e-05, "width_d": 0.0025252543675600135}