{"numgrasp": 351, "translation_d": 6.1701283722432535e-09, "rotation_d": 4.69119329820203e-05, "width_d": 0.00357011513350828}