{"numgrasp": 404, "translation_d": 5.549819071398776e-09, "rotation_d": 4.933675110207344e-05, "width_d": 0.004856686082885327}