{"numgrasp": 391, "translation_d": 5.168948913829028e-09, "rotation_d": 5.0158529738783936e-05, "width_d": 0.005969238768772512}