{"numgrasp": 384, "translation_d": 5.5638326181866335e-09, "rotation_d": 5.508746861213173e-05, "width_d": 0.005397019040003167}