{"numgrasp": 420, "translation_d": 5.39699794599682e-09, "rotation_d": 5.5503534991774596e-05, "width_d": 0.004824543387259704}