{"numgrasp": 434, "translation_d": 5.414817662099771e-09, "rotation_d": 5.598616332312643e-05, "width_d": 0.004153802528466977}