{"numgrasp": 438, "translation_d": 5.61277747782266e-09, "rotation_d": 5.582674860273075e-05, "width_d": 0.004068467945715439}