{"numgrasp": 419, "translation_d": 5.652652690407015e-09, "rotation_d": 5.6654607868618556e-05, "width_d": 0.003589806761208637}