{"numgrasp": 421, "translation_d": 5.532191416051247e-09, "rotation_d": 5.82311010544859e-05, "width_d": 0.003024615748994895}