{"numgrasp": 432, "translation_d": 5.585560009883557e-09, "rotation_d": 5.97510736931607e-05, "width_d": 0.002864748758047933}