{"numgrasp": 422, "translation_d": 5.827245053669365e-09, "rotation_d": 6.027816114713817e-05, "width_d": 0.002492300113443339}