{"numgrasp": 404, "translation_d": 5.574008791487391e-09, "rotation_d": 5.8548305432506424e-05, "width_d": 0.003435946872518748}