{"numgrasp": 432, "translation_d": 5.7371806588828825e-09, "rotation_d": 5.802421266993528e-05, "width_d": 0.0037059091384723285}