{"numgrasp": 429, "translation_d": 5.5260274843004485e-09, "rotation_d": 5.900426980418806e-05, "width_d": 0.004623230600127221}