{"numgrasp": 386, "translation_d": 5.233122960923974e-09, "rotation_d": 5.5018630354715854e-05, "width_d": 0.004943812202653526}