{"numgrasp": 419, "translation_d": 5.7251944942421214e-09, "rotation_d": 5.5006840092734054e-05, "width_d": 0.0037564847949105953}