{"numgrasp": 426, "translation_d": 5.662323413095329e-09, "rotation_d": 5.458831970174723e-05, "width_d": 0.0037108008157952913}