{"numgrasp": 398, "translation_d": 5.713494652953042e-09, "rotation_d": 5.459491027409143e-05, "width_d": 0.0035504527591526244}