{"numgrasp": 376, "translation_d": 5.4617817327480054e-09, "rotation_d": 5.362158113672177e-05, "width_d": 0.003402966640946537}