{"numgrasp": 388, "translation_d": 5.550683839534385e-09, "rotation_d": 5.310872805289248e-05, "width_d": 0.00315139743925062}