{"numgrasp": 378, "translation_d": 6.733326363836298e-09, "rotation_d": 4.743626330296759e-05, "width_d": 0.0037113623721026635}