{"numgrasp": 390, "translation_d": 5.676804277282742e-09, "rotation_d": 4.329412012196867e-05, "width_d": 0.0028942990394025315}