{"numgrasp": 393, "translation_d": 5.6961966459559305e-09, "rotation_d": 4.452549402953164e-05, "width_d": 0.0031263769604836043}