{"numgrasp": 387, "translation_d": 5.873100202227513e-09, "rotation_d": 4.829167403420846e-05, "width_d": 0.003555203721386372}