{"numgrasp": 411, "translation_d": 5.69354723808773e-09, "rotation_d": 4.4634240064263024e-05, "width_d": 0.003767674882621656}