{"numgrasp": 399, "translation_d": 5.884415098957116e-09, "rotation_d": 4.379416702159152e-05, "width_d": 0.0032912278258806}