{"numgrasp": 422, "translation_d": 5.615829576558356e-09, "rotation_d": 4.308912588529944e-05, "width_d": 0.0031362384558403303}