{"numgrasp": 390, "translation_d": 6.312609072357905e-09, "rotation_d": 4.495126334671542e-05, "width_d": 0.0032210576617831225}