{"numgrasp": 430, "translation_d": 5.548313264309828e-09, "rotation_d": 4.5448418625713815e-05, "width_d": 0.0027475547193034407}