{"numgrasp": 418, "translation_d": 5.363872410215038e-09, "rotation_d": 4.3067362625743336e-05, "width_d": 0.0029363796174864355}