{"numgrasp": 406, "translation_d": 5.6814843025665556e-09, "rotation_d": 4.381761533281595e-05, "width_d": 0.003998737413969723}