{"numgrasp": 353, "translation_d": 5.6542202751174986e-09, "rotation_d": 4.4942281749291545e-05, "width_d": 0.004493912784544053}