{"numgrasp": 371, "translation_d": 5.689753450287915e-09, "rotation_d": 4.612591500827795e-05, "width_d": 0.004711222424782684}