{"numgrasp": 402, "translation_d": 6.434427895833493e-09, "rotation_d": 4.486276316574008e-05, "width_d": 0.0030341142497097894}