{"numgrasp": 405, "translation_d": 6.491428406403008e-09, "rotation_d": 4.319127831738463e-05, "width_d": 0.002743869957599373}