{"numgrasp": 410, "translation_d": 6.62110787319285e-09, "rotation_d": 4.2343393892170086e-05, "width_d": 0.0026767607474510067}