{"numgrasp": 408, "translation_d": 6.34206899416135e-09, "rotation_d": 4.870510674251123e-05, "width_d": 0.0038668928579337065}