{"numgrasp": 409, "translation_d": 6.254712860125887e-09, "rotation_d": 4.929003880912207e-05, "width_d": 0.004281791502913257}