{"numgrasp": 370, "translation_d": 6.272833371443778e-09, "rotation_d": 5.200972851970042e-05, "width_d": 0.004923840287759346}