{"numgrasp": 431, "translation_d": 6.667964963182293e-09, "rotation_d": 5.167843045633494e-05, "width_d": 0.004004743135199159}