{"numgrasp": 459, "translation_d": 5.980586962711536e-09, "rotation_d": 5.172926011315314e-05, "width_d": 0.0037166966803429784}