{"numgrasp": 456, "translation_d": 6.420285922127335e-09, "rotation_d": 5.1515103937828495e-05, "width_d": 0.003333274539763511}