{"numgrasp": 482, "translation_d": 6.5356888285803945e-09, "rotation_d": 4.916530708854434e-05, "width_d": 0.0029336533182087814}