{"numgrasp": 464, "translation_d": 6.252832074399314e-09, "rotation_d": 5.041306253435872e-05, "width_d": 0.0027939895750428204}