{"numgrasp": 393, "translation_d": 6.447163571167373e-09, "rotation_d": 4.6509835212487934e-05, "width_d": 0.00293136379793412}