{"numgrasp": 493, "translation_d": 6.671907361238895e-09, "rotation_d": 5.337799627764863e-05, "width_d": 0.0025805398856316515}