{"numgrasp": 488, "translation_d": 6.61050208297019e-09, "rotation_d": 5.481893937643625e-05, "width_d": 0.002905480053786887}