{"numgrasp": 508, "translation_d": 6.590832221995358e-09, "rotation_d": 5.429917411755782e-05, "width_d": 0.0035086709333738988}