{"numgrasp": 480, "translation_d": 6.801957795766416e-09, "rotation_d": 5.5281326030724e-05, "width_d": 0.003710812675740027}