{"numgrasp": 471, "translation_d": 6.593297539504875e-09, "rotation_d": 5.475411647126184e-05, "width_d": 0.003999656363387796}