{"numgrasp": 461, "translation_d": 6.74840135050191e-09, "rotation_d": 5.495449644055544e-05, "width_d": 0.004115881570065322}