{"numgrasp": 419, "translation_d": 6.4903396779131895e-09, "rotation_d": 5.521282256858839e-05, "width_d": 0.004810401422435658}