{"numgrasp": 406, "translation_d": 6.478485777229789e-09, "rotation_d": 5.414067279493129e-05, "width_d": 0.00477662315434997}