{"numgrasp": 386, "translation_d": 6.40149173731943e-09, "rotation_d": 5.343080859448147e-05, "width_d": 0.004944132862916583}