{"numgrasp": 386, "translation_d": 6.503338943992128e-09, "rotation_d": 5.585121334775371e-05, "width_d": 0.005489591890879967}