{"numgrasp": 411, "translation_d": 6.860431200758198e-09, "rotation_d": 5.630578784393687e-05, "width_d": 0.004812308894272663}