{"numgrasp": 437, "translation_d": 6.549095751921904e-09, "rotation_d": 5.561321866624905e-05, "width_d": 0.004764748664188824}