{"numgrasp": 481, "translation_d": 6.560138607432816e-09, "rotation_d": 5.807481389930724e-05, "width_d": 0.003923909899927478}