{"numgrasp": 518, "translation_d": 6.700628242993318e-09, "rotation_d": 5.7297321738147365e-05, "width_d": 0.002889340204564341}