{"numgrasp": 510, "translation_d": 6.789885208864122e-09, "rotation_d": 5.775454983635362e-05, "width_d": 0.0025746043951911336}