{"numgrasp": 387, "translation_d": 6.6314981729270584e-09, "rotation_d": 4.567681279715207e-05, "width_d": 0.0033809284312050734}