{"numgrasp": 510, "translation_d": 6.6708644893516085e-09, "rotation_d": 5.5387548999063045e-05, "width_d": 0.003292082247172184}