{"numgrasp": 480, "translation_d": 7.232164978773086e-09, "rotation_d": 5.4720695779851314e-05, "width_d": 0.003603220774640628}