{"numgrasp": 372, "translation_d": 5.6194359441103604e-09, "rotation_d": 3.985313480681557e-05, "width_d": 0.004767290289760976}