{"numgrasp": 345, "translation_d": 5.548868184861464e-09, "rotation_d": 3.984614184273345e-05, "width_d": 0.004898080719469196}