{"numgrasp": 359, "translation_d": 5.412557781906813e-09, "rotation_d": 3.971580276675468e-05, "width_d": 0.005185494923251096}