{"numgrasp": 352, "translation_d": 5.402966991701638e-09, "rotation_d": 4.070141866471098e-05, "width_d": 0.00489181537059105}