{"numgrasp": 366, "translation_d": 5.398835944110137e-09, "rotation_d": 4.1626487657571263e-05, "width_d": 0.004995312134555566}