{"numgrasp": 378, "translation_d": 5.354009514458809e-09, "rotation_d": 4.331562268729362e-05, "width_d": 0.005176555057522594}