{"numgrasp": 373, "translation_d": 5.246362978274958e-09, "rotation_d": 4.950391349170332e-05, "width_d": 0.004944916849570572}