{"numgrasp": 381, "translation_d": 5.066433258903737e-09, "rotation_d": 4.8317840133763886e-05, "width_d": 0.005052146179849121}