{"numgrasp": 357, "translation_d": 5.590538475167616e-09, "rotation_d": 4.8633406228256505e-05, "width_d": 0.004976210117538628}