{"numgrasp": 361, "translation_d": 5.218870316289586e-09, "rotation_d": 4.854333007314004e-05, "width_d": 0.004925998899157069}