{"numgrasp": 358, "translation_d": 5.364105722605756e-09, "rotation_d": 4.799203817395574e-05, "width_d": 0.0049001107811746}