{"numgrasp": 358, "translation_d": 5.123473448358372e-09, "rotation_d": 4.65230708013729e-05, "width_d": 0.004696962305908686}