{"numgrasp": 363, "translation_d": 5.4440204494837455e-09, "rotation_d": 4.654670072913177e-05, "width_d": 0.0046274627219770855}