{"numgrasp": 332, "translation_d": 5.350141125354604e-09, "rotation_d": 4.82786116898385e-05, "width_d": 0.004932427958485663}