{"numgrasp": 352, "translation_d": 5.2062659134323246e-09, "rotation_d": 5.3847895905015e-05, "width_d": 0.005121210517848924}