{"numgrasp": 366, "translation_d": 5.331834626264918e-09, "rotation_d": 6.614341727335914e-05, "width_d": 0.004869443082433321}