{"numgrasp": 364, "translation_d": 5.172609757085996e-09, "rotation_d": 5.462685970060903e-05, "width_d": 0.004728365107215215}