{"numgrasp": 361, "translation_d": 6.224236496042403e-09, "rotation_d": 5.674475830206886e-05, "width_d": 0.004885472395800352}