{"numgrasp": 370, "translation_d": 5.177864323952388e-09, "rotation_d": 5.454051631436209e-05, "width_d": 0.004775834996155298}