{"numgrasp": 362, "translation_d": 5.439581873199669e-09, "rotation_d": 5.48905310347283e-05, "width_d": 0.005216389585793443}