{"numgrasp": 396, "translation_d": 5.171228223411713e-09, "rotation_d": 5.5158333874633245e-05, "width_d": 0.0051149816926712895}