{"numgrasp": 350, "translation_d": 6.5214852683144936e-09, "rotation_d": 5.676478138983604e-05, "width_d": 0.00470303054641483}