{"numgrasp": 394, "translation_d": 5.468138807435093e-09, "rotation_d": 5.643789658491287e-05, "width_d": 0.0054836526998692445}