{"numgrasp": 398, "translation_d": 5.22634382665953e-09, "rotation_d": 5.893601797653368e-05, "width_d": 0.005279356851409235}