{"numgrasp": 373, "translation_d": 5.4095216818047495e-09, "rotation_d": 5.91273402683231e-05, "width_d": 0.004795267858476252}