{"numgrasp": 365, "translation_d": 5.329266495912623e-09, "rotation_d": 5.909689772491923e-05, "width_d": 0.0049487830707302715}