{"numgrasp": 385, "translation_d": 5.529311747790936e-09, "rotation_d": 0.00013223871239669997, "width_d": 0.004918009601544955}