{"numgrasp": 367, "translation_d": 5.295084987193755e-09, "rotation_d": 5.924116458475319e-05, "width_d": 0.0050746444028317616}