{"numgrasp": 359, "translation_d": 5.690423004969428e-09, "rotation_d": 5.777594376203061e-05, "width_d": 0.004867895693170529}