{"numgrasp": 359, "translation_d": 5.0446363734743e-09, "rotation_d": 5.9607837406867326e-05, "width_d": 0.004983878511262774}