{"numgrasp": 341, "translation_d": 5.145771821470174e-09, "rotation_d": 5.92495559723987e-05, "width_d": 0.0049035609115511275}