{"numgrasp": 359, "translation_d": 5.336329929135695e-09, "rotation_d": 5.869522050222133e-05, "width_d": 0.004975748923654589}