{"numgrasp": 362, "translation_d": 5.601418805807542e-09, "rotation_d": 5.845922049014176e-05, "width_d": 0.004931176260443182}