{"numgrasp": 356, "translation_d": 5.209795199290173e-09, "rotation_d": 5.848291075801587e-05, "width_d": 0.0049572844682659375}