{"numgrasp": 387, "translation_d": 5.160305974208318e-09, "rotation_d": 5.693392802841518e-05, "width_d": 0.005189129063165155}