{"numgrasp": 393, "translation_d": 5.286649795829301e-09, "rotation_d": 5.373310607460649e-05, "width_d": 0.005375810314479633}