{"numgrasp": 345, "translation_d": 5.8606273255782905e-09, "rotation_d": 5.655290875673449e-05, "width_d": 0.00481357135763555}