{"numgrasp": 378, "translation_d": 5.128579067622534e-09, "rotation_d": 4.428452748671154e-05, "width_d": 0.005401111130911457}