{"numgrasp": 386, "translation_d": 5.100450763333721e-09, "rotation_d": 5.0702034629003864e-05, "width_d": 0.005074904956530911}