{"numgrasp": 387, "translation_d": 5.2257132377526955e-09, "rotation_d": 5.248202420141133e-05, "width_d": 0.0052606424765331205}