{"numgrasp": 385, "translation_d": 5.0806626271126934e-09, "rotation_d": 5.401005590444924e-05, "width_d": 0.005305658006547643}