{"numgrasp": 377, "translation_d": 5.072913858184622e-09, "rotation_d": 5.388972878674249e-05, "width_d": 0.005334317704495504}