{"numgrasp": 362, "translation_d": 5.1754931169593e-09, "rotation_d": 5.421102339008913e-05, "width_d": 0.005090838620967393}