{"numgrasp": 368, "translation_d": 5.096711706035971e-09, "rotation_d": 5.465262592638359e-05, "width_d": 0.004826462325681063}