{"numgrasp": 350, "translation_d": 5.160154007859101e-09, "rotation_d": 5.507969515053092e-05, "width_d": 0.005111313505089491}