{"numgrasp": 355, "translation_d": 4.996749385171436e-09, "rotation_d": 5.527159955489142e-05, "width_d": 0.005180948171077704}