{"numgrasp": 387, "translation_d": 6.614044001685806e-09, "rotation_d": 4.458653858753092e-05, "width_d": 0.005601095537626199}