{"numgrasp": 396, "translation_d": 4.9127510492572885e-09, "rotation_d": 4.7817259857484305e-05, "width_d": 0.005458991781660869}