{"numgrasp": 377, "translation_d": 5.012855482674507e-09, "rotation_d": 4.564894627251151e-05, "width_d": 0.0053931540326957374}