{"numgrasp": 370, "translation_d": 4.8785417945487695e-09, "rotation_d": 4.635928300762945e-05, "width_d": 0.005421006229251911}