{"numgrasp": 387, "translation_d": 4.918103663710832e-09, "rotation_d": 4.475562586223005e-05, "width_d": 0.005550137936947358}