{"numgrasp": 388, "translation_d": 4.942535994320841e-09, "rotation_d": 4.452595378490584e-05, "width_d": 0.005451666677638166}