{"numgrasp": 381, "translation_d": 5.14390638270021e-09, "rotation_d": 4.3384710553300324e-05, "width_d": 0.005549345718889821}