{"numgrasp": 377, "translation_d": 5.216571264830005e-09, "rotation_d": 4.1319733950575183e-05, "width_d": 0.005363860585020556}