{"numgrasp": 372, "translation_d": 5.27622091355652e-09, "rotation_d": 4.0742732340301375e-05, "width_d": 0.005358504900691542}