{"numgrasp": 377, "translation_d": 4.873353716745732e-09, "rotation_d": 4.6596586670448826e-05, "width_d": 0.005583413430275529}