{"numgrasp": 400, "translation_d": 4.843045454737868e-09, "rotation_d": 4.293846746408689e-05, "width_d": 0.005640359302201297}