{"numgrasp": 362, "translation_d": 4.704103176415377e-09, "rotation_d": 4.4712746338473026e-05, "width_d": 0.005675213156086294}