{"numgrasp": 347, "translation_d": 4.567672681340545e-09, "rotation_d": 4.8662112226860843e-05, "width_d": 0.005287670204538087}