{"numgrasp": 340, "translation_d": 4.440133247735278e-09, "rotation_d": 4.885104690896035e-05, "width_d": 0.005735179105286732}