{"numgrasp": 362, "translation_d": 4.606013250719359e-09, "rotation_d": 4.559251396739487e-05, "width_d": 0.005733022593522589}