{"numgrasp": 379, "translation_d": 5.924839961185206e-09, "rotation_d": 5.6732316882477145e-05, "width_d": 0.005176875689620782}