{"numgrasp": 392, "translation_d": 4.606775966668768e-09, "rotation_d": 4.193346783075903e-05, "width_d": 0.005596073343851936}