{"numgrasp": 390, "translation_d": 4.870211035036868e-09, "rotation_d": 4.177543595251746e-05, "width_d": 0.005325855653038043}