{"numgrasp": 383, "translation_d": 4.916061644780254e-09, "rotation_d": 4.248707974220457e-05, "width_d": 0.0054275568187474275}