{"numgrasp": 400, "translation_d": 4.890561111480914e-09, "rotation_d": 4.394120330900574e-05, "width_d": 0.005160874660691537}