{"numgrasp": 378, "translation_d": 4.839900086263983e-09, "rotation_d": 4.769375374691548e-05, "width_d": 0.00556344056161275}