{"numgrasp": 391, "translation_d": 4.755781916606726e-09, "rotation_d": 5.4660285140594555e-05, "width_d": 0.005524590371281135}