{"numgrasp": 388, "translation_d": 4.8127255134228004e-09, "rotation_d": 4.7212035812672504e-05, "width_d": 0.005529807211012148}