{"numgrasp": 396, "translation_d": 4.572892956346886e-09, "rotation_d": 4.4989405109577705e-05, "width_d": 0.005577460706304558}