{"numgrasp": 372, "translation_d": 4.445707237829817e-09, "rotation_d": 4.3877444028648594e-05, "width_d": 0.005876594775068471}