{"numgrasp": 395, "translation_d": 6.71610186813158e-09, "rotation_d": 4.937009119083615e-05, "width_d": 0.005342807873071922}