{"numgrasp": 426, "translation_d": 5.9110457239340885e-09, "rotation_d": 6.210597784353827e-05, "width_d": 0.005396283731847774}