{"numgrasp": 420, "translation_d": 5.961103416942189e-09, "rotation_d": 5.620231288250969e-05, "width_d": 0.005303312979519133}