{"numgrasp": 399, "translation_d": 6.032039364354055e-09, "rotation_d": 5.761285320342599e-05, "width_d": 0.005056227488317993}