{"numgrasp": 347, "translation_d": 6.049400235986552e-09, "rotation_d": 5.644920319693116e-05, "width_d": 0.004995507149751827}