{"numgrasp": 318, "translation_d": 5.715740841615375e-09, "rotation_d": 5.596991630147299e-05, "width_d": 0.004633742485848981}