{"numgrasp": 327, "translation_d": 5.635162029197919e-09, "rotation_d": 5.572777413613666e-05, "width_d": 0.004488572327539144}