{"numgrasp": 344, "translation_d": 5.809965123855699e-09, "rotation_d": 5.6505257691631876e-05, "width_d": 0.004541118769506762}