{"numgrasp": 390, "translation_d": 6.907291647121215e-09, "rotation_d": 4.9363848398677064e-05, "width_d": 0.005405368362188742}