{"numgrasp": 408, "translation_d": 5.529449179073573e-09, "rotation_d": 5.658106767332745e-05, "width_d": 0.004886265309956554}