{"numgrasp": 402, "translation_d": 5.916202338657151e-09, "rotation_d": 5.5003355216993476e-05, "width_d": 0.004978420809415363}