{"numgrasp": 398, "translation_d": 5.776211391558704e-09, "rotation_d": 5.358870136784857e-05, "width_d": 0.004826952997527586}