{"numgrasp": 369, "translation_d": 5.72284817173953e-09, "rotation_d": 5.201087367689337e-05, "width_d": 0.004573876463240423}