{"numgrasp": 342, "translation_d": 5.596605885345715e-09, "rotation_d": 4.979209900599779e-05, "width_d": 0.0046827290639192805}