{"numgrasp": 349, "translation_d": 5.5889524762285284e-09, "rotation_d": 4.516030895761169e-05, "width_d": 0.0046746436567191}