{"numgrasp": 382, "translation_d": 5.3817719608588754e-09, "rotation_d": 4.550133480372047e-05, "width_d": 0.004710220422183718}