{"numgrasp": 398, "translation_d": 5.618678853282349e-09, "rotation_d": 4.6128553033546146e-05, "width_d": 0.0051011790693709196}