{"numgrasp": 368, "translation_d": 6.462838461206722e-09, "rotation_d": 5.3624743289826376e-05, "width_d": 0.005111794563421247}