{"numgrasp": 384, "translation_d": 5.4473437522192316e-09, "rotation_d": 4.832421700672362e-05, "width_d": 0.005256826058753286}