{"numgrasp": 370, "translation_d": 5.336760626288777e-09, "rotation_d": 4.2999964037217845e-05, "width_d": 0.00509352598686603}