{"numgrasp": 267, "translation_d": 5.215049196067725e-09, "rotation_d": 4.9905281333607104e-05, "width_d": 0.0029110853635932942}