{"numgrasp": 261, "translation_d": 5.533029864580557e-09, "rotation_d": 4.997152472549664e-05, "width_d": 0.00320578924434157}