{"numgrasp": 254, "translation_d": 4.886027678801066e-09, "rotation_d": 4.701964177371014e-05, "width_d": 0.003802782349592072}