{"numgrasp": 276, "translation_d": 5.2549976624154125e-09, "rotation_d": 4.698052560338763e-05, "width_d": 0.003445783279009004}