{"numgrasp": 327, "translation_d": 5.340105711644129e-09, "rotation_d": 4.5414410141821e-05, "width_d": 0.0030993499981654743}