{"numgrasp": 308, "translation_d": 5.487805255207275e-09, "rotation_d": 4.63981341437288e-05, "width_d": 0.003168259517874724}