{"numgrasp": 314, "translation_d": 5.429505211438535e-09, "rotation_d": 4.8934357187364866e-05, "width_d": 0.003108788604079527}