{"numgrasp": 291, "translation_d": 5.275611519337443e-09, "rotation_d": 4.90764072097628e-05, "width_d": 0.002997743115044867}