{"numgrasp": 304, "translation_d": 5.522622228051112e-09, "rotation_d": 4.908165729337933e-05, "width_d": 0.003027024463659425}