{"numgrasp": 327, "translation_d": 5.09884397994594e-09, "rotation_d": 4.2328644769890635e-05, "width_d": 0.002960901543491437}