{"numgrasp": 283, "translation_d": 5.182529158024719e-09, "rotation_d": 5.112329009072358e-05, "width_d": 0.003345339431414986}