{"numgrasp": 283, "translation_d": 4.983451949085493e-09, "rotation_d": 4.326698461065335e-05, "width_d": 0.003761918436695412}