{"numgrasp": 302, "translation_d": 4.856924899805934e-09, "rotation_d": 4.3447864835628986e-05, "width_d": 0.0034434288837580317}