{"numgrasp": 293, "translation_d": 5.0734891602306e-09, "rotation_d": 4.140080307982224e-05, "width_d": 0.003426495469091754}