{"numgrasp": 309, "translation_d": 4.817613121497633e-09, "rotation_d": 0.00010066581174187727, "width_d": 0.003542485914031784}