{"numgrasp": 325, "translation_d": 4.909212819478997e-09, "rotation_d": 4.397154441213174e-05, "width_d": 0.0033225544409105716}