{"numgrasp": 314, "translation_d": 5.059951855615775e-09, "rotation_d": 4.402881179209484e-05, "width_d": 0.0034553481822348735}