{"numgrasp": 313, "translation_d": 5.030400742606828e-09, "rotation_d": 4.377795984537996e-05, "width_d": 0.0031394122258859803}