{"numgrasp": 295, "translation_d": 5.056545812077198e-09, "rotation_d": 4.5021802264775874e-05, "width_d": 0.00332190878398408}