{"numgrasp": 316, "translation_d": 5.155379008822364e-09, "rotation_d": 4.449907397745632e-05, "width_d": 0.0035394643386627064}