{"numgrasp": 287, "translation_d": 5.168489292662433e-09, "rotation_d": 5.368130651981761e-05, "width_d": 0.0031338813154095776}