{"numgrasp": 277, "translation_d": 4.831643415930908e-09, "rotation_d": 5.2301833841192816e-05, "width_d": 0.0030507254512135086}