{"numgrasp": 294, "translation_d": 5.262081377622789e-09, "rotation_d": 5.037091005289519e-05, "width_d": 0.0031740361015376558}