{"numgrasp": 312, "translation_d": 4.906759849374105e-09, "rotation_d": 4.841784144600863e-05, "width_d": 0.003102325112417135}