{"numgrasp": 289, "translation_d": 4.490499778650703e-09, "rotation_d": 5.13711490606735e-05, "width_d": 0.0044150599200950946}