{"numgrasp": 283, "translation_d": 4.785588375880894e-09, "rotation_d": 5.184416450896398e-05, "width_d": 0.0040857015834340335}