{"numgrasp": 285, "translation_d": 4.925820733899377e-09, "rotation_d": 5.2093420089831774e-05, "width_d": 0.004099677380124296}