{"numgrasp": 241, "translation_d": 5.895701607081815e-09, "rotation_d": 5.19784718696603e-05, "width_d": 0.004333955184281275}