{"numgrasp": 287, "translation_d": 4.859177072266688e-09, "rotation_d": 5.2541835648749746e-05, "width_d": 0.004049304428424022}