{"numgrasp": 288, "translation_d": 5.029763420071207e-09, "rotation_d": 5.3264047272803995e-05, "width_d": 0.0033837987286094275}