{"numgrasp": 277, "translation_d": 5.212735306149918e-09, "rotation_d": 5.7528684857113994e-05, "width_d": 0.003226845494395309}