{"numgrasp": 300, "translation_d": 4.9485669887732494e-09, "rotation_d": 5.7891133884238215e-05, "width_d": 0.0036180410896716046}