{"numgrasp": 298, "translation_d": 4.934571781662468e-09, "rotation_d": 5.5959702245690774e-05, "width_d": 0.0031839366804150625}