{"numgrasp": 317, "translation_d": 5.0121771457127716e-09, "rotation_d": 5.679148007684883e-05, "width_d": 0.0032664226648192974}