{"numgrasp": 302, "translation_d": 4.855843044645277e-09, "rotation_d": 5.741114011148738e-05, "width_d": 0.0035023391330979135}