{"numgrasp": 310, "translation_d": 4.9650595823053544e-09, "rotation_d": 5.677141290915408e-05, "width_d": 0.004123260481419818}