{"numgrasp": 267, "translation_d": 6.214643007583772e-09, "rotation_d": 5.163814108062328e-05, "width_d": 0.004467247921608231}