{"numgrasp": 337, "translation_d": 4.791657389521298e-09, "rotation_d": 5.743805752929504e-05, "width_d": 0.003934950486745121}