{"numgrasp": 337, "translation_d": 4.790032808518757e-09, "rotation_d": 5.677296701766568e-05, "width_d": 0.004206953463553628}