{"numgrasp": 346, "translation_d": 4.669087859039004e-09, "rotation_d": 5.7111152471005605e-05, "width_d": 0.004340931896594973}