{"numgrasp": 331, "translation_d": 4.913497039878284e-09, "rotation_d": 5.73955168942144e-05, "width_d": 0.004193067073905741}