{"numgrasp": 322, "translation_d": 4.477721239570592e-09, "rotation_d": 5.6689433495847344e-05, "width_d": 0.004466930909624316}