{"numgrasp": 321, "translation_d": 4.807066510925082e-09, "rotation_d": 5.7624710035168576e-05, "width_d": 0.003550258670129762}