{"numgrasp": 306, "translation_d": 4.958020431394007e-09, "rotation_d": 5.587445895666557e-05, "width_d": 0.0038965826580151315}