{"numgrasp": 276, "translation_d": 4.753557024386606e-09, "rotation_d": 5.5379333378899396e-05, "width_d": 0.0037579975812756625}