{"numgrasp": 263, "translation_d": 4.907699724814926e-09, "rotation_d": 5.429272689230076e-05, "width_d": 0.00403539431860526}