{"numgrasp": 244, "translation_d": 5.1617543392608775e-09, "rotation_d": 5.2497871695682415e-05, "width_d": 0.003437151357474436}