{"numgrasp": 254, "translation_d": 5.3616432501582586e-09, "rotation_d": 5.205973126710943e-05, "width_d": 0.0036389256306746517}