{"numgrasp": 251, "translation_d": 5.140699729108103e-09, "rotation_d": 4.8295499994034095e-05, "width_d": 0.004307789582368278}