{"numgrasp": 251, "translation_d": 4.926293312007432e-09, "rotation_d": 4.999532257864526e-05, "width_d": 0.004085656021515984}