{"numgrasp": 250, "translation_d": 5.0686966592746185e-09, "rotation_d": 5.3151406535134495e-05, "width_d": 0.00398371880611488}