{"numgrasp": 250, "translation_d": 5.0884890693460375e-09, "rotation_d": 5.360275102719736e-05, "width_d": 0.004229964396769217}