{"numgrasp": 288, "translation_d": 6.35228863948214e-09, "rotation_d": 4.8814309746654883e-05, "width_d": 0.004171376130907368}