{"numgrasp": 261, "translation_d": 4.948940141198596e-09, "rotation_d": 5.5751643439357603e-05, "width_d": 0.003791934396688313}