{"numgrasp": 272, "translation_d": 4.648704262204986e-09, "rotation_d": 5.598312392804584e-05, "width_d": 0.004266308002476922}