{"numgrasp": 258, "translation_d": 4.570007527077342e-09, "rotation_d": 5.177635499080664e-05, "width_d": 0.003959072186551173}