{"numgrasp": 236, "translation_d": 4.913164131576991e-09, "rotation_d": 5.023556366026124e-05, "width_d": 0.0041252043302189775}