{"numgrasp": 266, "translation_d": 4.8280302927334715e-09, "rotation_d": 4.910963775911533e-05, "width_d": 0.004296894711059542}