{"numgrasp": 259, "translation_d": 5.025882982028407e-09, "rotation_d": 4.724948636953909e-05, "width_d": 0.004447999548243792}