{"numgrasp": 270, "translation_d": 4.941809944330038e-09, "rotation_d": 4.709782815062827e-05, "width_d": 0.00452956865065349}