{"numgrasp": 263, "translation_d": 5.302134946211303e-09, "rotation_d": 4.773986370336773e-05, "width_d": 0.004133838980492127}