{"numgrasp": 253, "translation_d": 5.288409239228953e-09, "rotation_d": 4.759245766037986e-05, "width_d": 0.004093902229808648}