{"numgrasp": 251, "translation_d": 4.9925937199367625e-09, "rotation_d": 4.965988256102738e-05, "width_d": 0.004107664763936388}