{"numgrasp": 267, "translation_d": 4.824546905183427e-09, "rotation_d": 4.890643902047098e-05, "width_d": 0.004195168310935036}