{"numgrasp": 239, "translation_d": 4.765540906563733e-09, "rotation_d": 5.0196136946954426e-05, "width_d": 0.004300502208991296}