{"numgrasp": 235, "translation_d": 4.8204447511586515e-09, "rotation_d": 5.1700740362464515e-05, "width_d": 0.004253327310435131}