{"numgrasp": 239, "translation_d": 4.794773872225205e-09, "rotation_d": 5.218336454259298e-05, "width_d": 0.0036578167429424705}