{"numgrasp": 213, "translation_d": 4.7260086477972394e-09, "rotation_d": 5.248533320053347e-05, "width_d": 0.004178825608163973}