{"numgrasp": 204, "translation_d": 4.604573769532498e-09, "rotation_d": 5.408924562421769e-05, "width_d": 0.004290122156953927}