{"numgrasp": 312, "translation_d": 6.1891423103202626e-09, "rotation_d": 4.469479049674236e-05, "width_d": 0.004006955840731911}