{"numgrasp": 333, "translation_d": 6.120461015073723e-09, "rotation_d": 4.312023856462021e-05, "width_d": 0.0037515309354942436}