{"numgrasp": 289, "translation_d": 5.923603169915569e-09, "rotation_d": 4.345852618042632e-05, "width_d": 0.003880197740904266}