{"numgrasp": 297, "translation_d": 6.1997348866838645e-09, "rotation_d": 4.5976882553298205e-05, "width_d": 0.004064175992002257}