{"numgrasp": 303, "translation_d": 6.335020186201138e-09, "rotation_d": 4.7982274176551514e-05, "width_d": 0.003920577912022045}