{"numgrasp": 257, "translation_d": 6.055474319900563e-09, "rotation_d": 5.199486609195962e-05, "width_d": 0.004214266510705307}