{"numgrasp": 248, "translation_d": 5.873815748272991e-09, "rotation_d": 5.120114794727334e-05, "width_d": 0.004412364896664537}