{"numgrasp": 244, "translation_d": 6.510963100833466e-09, "rotation_d": 5.496511317031989e-05, "width_d": 0.00361220635762061}