{"numgrasp": 277, "translation_d": 6.190544082452936e-09, "rotation_d": 5.399555429211174e-05, "width_d": 0.0036169283401574904}