{"numgrasp": 296, "translation_d": 6.334750746591535e-09, "rotation_d": 5.308749395426494e-05, "width_d": 0.0035823220041926195}