{"numgrasp": 302, "translation_d": 6.382837196721593e-09, "rotation_d": 5.1639465381990795e-05, "width_d": 0.0037218474536669286}