{"numgrasp": 296, "translation_d": 6.116613003878508e-09, "rotation_d": 5.0034053155837014e-05, "width_d": 0.003757260048280138}