{"numgrasp": 333, "translation_d": 6.130506917527956e-09, "rotation_d": 4.814352374081376e-05, "width_d": 0.003881370826937101}