{"numgrasp": 259, "translation_d": 5.804402866668153e-09, "rotation_d": 5.456771790479781e-05, "width_d": 0.0036388405377255203}