{"numgrasp": 262, "translation_d": 5.958964252256634e-09, "rotation_d": 5.571937505699848e-05, "width_d": 0.0034873980839382097}