{"numgrasp": 282, "translation_d": 6.229615560589758e-09, "rotation_d": 5.606754006011197e-05, "width_d": 0.00342488016791793}