{"numgrasp": 283, "translation_d": 5.548383604413465e-09, "rotation_d": 5.6021486668707766e-05, "width_d": 0.00352191853716258}