{"numgrasp": 339, "translation_d": 6.301524274947953e-09, "rotation_d": 4.712066640214735e-05, "width_d": 0.004011612013917367}