{"numgrasp": 246, "translation_d": 5.964739367223644e-09, "rotation_d": 5.518432975274305e-05, "width_d": 0.0036090507158238272}