{"numgrasp": 241, "translation_d": 5.709692916693618e-09, "rotation_d": 5.443224299692672e-05, "width_d": 0.0038631646438237527}