{"numgrasp": 263, "translation_d": 5.9723498480762065e-09, "rotation_d": 5.428501057258322e-05, "width_d": 0.0036048280279288103}