{"numgrasp": 258, "translation_d": 5.833282283650329e-09, "rotation_d": 5.545682511628846e-05, "width_d": 0.003790348839103777}