{"numgrasp": 323, "translation_d": 6.361235293133174e-09, "rotation_d": 4.816908538870018e-05, "width_d": 0.004023794170772566}