{"numgrasp": 309, "translation_d": 5.678139633148464e-09, "rotation_d": 5.692522750055322e-05, "width_d": 0.003273905624560591}