{"numgrasp": 314, "translation_d": 5.4686200851428085e-09, "rotation_d": 5.641518445583939e-05, "width_d": 0.003090836465572543}