{"numgrasp": 288, "translation_d": 5.741071268837121e-09, "rotation_d": 5.746427985112367e-05, "width_d": 0.003599803432877424}