{"numgrasp": 286, "translation_d": 5.644422846547869e-09, "rotation_d": 5.6713305510712666e-05, "width_d": 0.00341104703190648}