{"numgrasp": 293, "translation_d": 5.415827376508899e-09, "rotation_d": 5.58636397654936e-05, "width_d": 0.003369367516075035}