{"numgrasp": 309, "translation_d": 5.509197839192465e-09, "rotation_d": 5.4590048174710414e-05, "width_d": 0.003070370895017566}