{"numgrasp": 309, "translation_d": 5.553370395025861e-09, "rotation_d": 5.308078165406118e-05, "width_d": 0.003200948058432684}