{"numgrasp": 322, "translation_d": 5.415641596745626e-09, "rotation_d": 5.310851847393416e-05, "width_d": 0.0029562799679306666}