{"numgrasp": 306, "translation_d": 5.422652177370573e-09, "rotation_d": 5.2314750531267805e-05, "width_d": 0.0029658233297135865}