{"numgrasp": 307, "translation_d": 5.4190806981157625e-09, "rotation_d": 5.2362685530204087e-05, "width_d": 0.0030731675341510553}