{"numgrasp": 250, "translation_d": 5.7859744019192226e-09, "rotation_d": 5.542164527397974e-05, "width_d": 0.004299040882484056}