{"numgrasp": 250, "translation_d": 6.200939491569624e-09, "rotation_d": 5.309350753682201e-05, "width_d": 0.0049897572120896575}