{"numgrasp": 195, "translation_d": 6.460846028648554e-09, "rotation_d": 5.098262808257665e-05, "width_d": 0.00548321543197968}