{"numgrasp": 202, "translation_d": 6.2785479158600394e-09, "rotation_d": 5.2269359964222747e-05, "width_d": 0.0058819989226796265}