{"numgrasp": 268, "translation_d": 5.72714994566141e-09, "rotation_d": 4.71734899582022e-05, "width_d": 0.005403183993606184}