{"numgrasp": 262, "translation_d": 6.185018479696243e-09, "rotation_d": 5.164305705879707e-05, "width_d": 0.004592800113620148}