{"numgrasp": 255, "translation_d": 5.8962935913546015e-09, "rotation_d": 5.3400658501218116e-05, "width_d": 0.0039290483104293785}