{"numgrasp": 256, "translation_d": 6.152035744604153e-09, "rotation_d": 5.3568080452593595e-05, "width_d": 0.0037010773136849063}