{"numgrasp": 229, "translation_d": 5.9504429054018865e-09, "rotation_d": 5.307817000437775e-05, "width_d": 0.0033325646757192524}