{"numgrasp": 225, "translation_d": 5.979164882645231e-09, "rotation_d": 5.391962254474349e-05, "width_d": 0.0030007833722713035}