{"numgrasp": 230, "translation_d": 6.279112271547529e-09, "rotation_d": 4.943801420909244e-05, "width_d": 0.003117919300843867}