{"numgrasp": 235, "translation_d": 6.3763469094639645e-09, "rotation_d": 4.7829901073883516e-05, "width_d": 0.003387597112608982}