{"numgrasp": 238, "translation_d": 6.3963581076599785e-09, "rotation_d": 4.835994857607495e-05, "width_d": 0.004026217688485484}