{"numgrasp": 295, "translation_d": 5.594545006821803e-09, "rotation_d": 4.6644931198251066e-05, "width_d": 0.006286000645083213}