{"numgrasp": 231, "translation_d": 6.097280779843326e-09, "rotation_d": 4.837413432090955e-05, "width_d": 0.004879020812658061}