{"numgrasp": 225, "translation_d": 6.11320674221591e-09, "rotation_d": 4.884704325346064e-05, "width_d": 0.005300808564547069}