{"numgrasp": 224, "translation_d": 6.462858941598446e-09, "rotation_d": 4.620361778331988e-05, "width_d": 0.0046814665410302185}