{"numgrasp": 231, "translation_d": 6.694749576399066e-09, "rotation_d": 4.5684353302982713e-05, "width_d": 0.0038998134358339777}