{"numgrasp": 235, "translation_d": 6.61979003844066e-09, "rotation_d": 4.556254431106672e-05, "width_d": 0.0035794302893088327}