{"numgrasp": 246, "translation_d": 6.158769941799506e-09, "rotation_d": 4.448682112066089e-05, "width_d": 0.0035674719865391776}