{"numgrasp": 286, "translation_d": 5.303758458429514e-09, "rotation_d": 4.554338143239159e-05, "width_d": 0.006434098603177955}