{"numgrasp": 238, "translation_d": 6.2275485031754624e-09, "rotation_d": 4.43904445413448e-05, "width_d": 0.002511568583584209}