{"numgrasp": 225, "translation_d": 6.346283962663712e-09, "rotation_d": 4.8335913536887884e-05, "width_d": 0.002928731859574351}