{"numgrasp": 284, "translation_d": 5.433956659831136e-09, "rotation_d": 4.594098520717538e-05, "width_d": 0.00692023117556177}