{"numgrasp": 205, "translation_d": 6.281826410508013e-09, "rotation_d": 4.29405668588711e-05, "width_d": 0.0049143841690320374}