{"numgrasp": 186, "translation_d": 5.782723989110279e-09, "rotation_d": 4.784225353598042e-05, "width_d": 0.005539640659650897}