{"numgrasp": 228, "translation_d": 6.091296591707616e-09, "rotation_d": 4.798366822952739e-05, "width_d": 0.0050328298072949895}