{"numgrasp": 227, "translation_d": 6.219772053450014e-09, "rotation_d": 4.9091275214853e-05, "width_d": 0.004604078933841229}