{"numgrasp": 227, "translation_d": 6.384596861316792e-09, "rotation_d": 4.932759508230179e-05, "width_d": 0.00407104087088254}