{"numgrasp": 232, "translation_d": 6.127821100546984e-09, "rotation_d": 5.1108727471810235e-05, "width_d": 0.003701128044824974}