{"numgrasp": 248, "translation_d": 5.871388961811644e-09, "rotation_d": 5.2514251101871886e-05, "width_d": 0.0030424056306196075}