{"numgrasp": 229, "translation_d": 5.624561517702239e-09, "rotation_d": 5.5710757431415135e-05, "width_d": 0.0026996998702534655}