{"numgrasp": 236, "translation_d": 5.930990346802593e-09, "rotation_d": 5.356016327051638e-05, "width_d": 0.004751241654881408}