{"numgrasp": 240, "translation_d": 5.739224227861933e-09, "rotation_d": 5.359239579956996e-05, "width_d": 0.00552807204862098}