{"numgrasp": 232, "translation_d": 5.217375642847816e-09, "rotation_d": 5.4346251597377404e-05, "width_d": 0.0032830560458346103}