{"numgrasp": 264, "translation_d": 5.878277682576516e-09, "rotation_d": 5.569944302643952e-05, "width_d": 0.004484585351713544}