{"numgrasp": 270, "translation_d": 6.0308690836706614e-09, "rotation_d": 5.5588618730606474e-05, "width_d": 0.0040705113096153244}