{"numgrasp": 263, "translation_d": 5.711840085194013e-09, "rotation_d": 5.5701602828831565e-05, "width_d": 0.0037802002100191436}