{"numgrasp": 300, "translation_d": 5.690684355155846e-09, "rotation_d": 4.3318264918922175e-05, "width_d": 0.005792224872425361}