{"numgrasp": 258, "translation_d": 4.859975076423054e-09, "rotation_d": 4.789597697357243e-05, "width_d": 0.0030990862728854152}