{"numgrasp": 265, "translation_d": 5.343676774305093e-09, "rotation_d": 4.9830479875167505e-05, "width_d": 0.003481709218509318}