{"numgrasp": 271, "translation_d": 5.375562454416039e-09, "rotation_d": 5.089347909571234e-05, "width_d": 0.0036160989073364116}