{"numgrasp": 274, "translation_d": 5.4299284146099154e-09, "rotation_d": 5.2540784639272265e-05, "width_d": 0.0038282998130650756}