{"numgrasp": 300, "translation_d": 5.583462819576227e-09, "rotation_d": 4.3261075098957934e-05, "width_d": 0.005484863367315814}