{"numgrasp": 245, "translation_d": 5.375567781494502e-09, "rotation_d": 5.045051470822808e-05, "width_d": 0.005537799236338758}