{"numgrasp": 253, "translation_d": 5.023052647835357e-09, "rotation_d": 4.886967223829813e-05, "width_d": 0.005614569891740178}