{"numgrasp": 271, "translation_d": 5.205469135345198e-09, "rotation_d": 4.879159728355442e-05, "width_d": 0.0057241046379108195}