{"numgrasp": 293, "translation_d": 5.598885403567076e-09, "rotation_d": 4.3204580161564164e-05, "width_d": 0.005083994956796173}