{"numgrasp": 277, "translation_d": 5.169337340601951e-09, "rotation_d": 4.921877283711336e-05, "width_d": 0.005236219996335831}