{"numgrasp": 284, "translation_d": 5.006106629966479e-09, "rotation_d": 4.889753706635846e-05, "width_d": 0.004717223976695796}