{"numgrasp": 283, "translation_d": 4.949682265669595e-09, "rotation_d": 4.825602158511145e-05, "width_d": 0.004507500994146791}