{"numgrasp": 276, "translation_d": 5.097484968314635e-09, "rotation_d": 4.7832366357705076e-05, "width_d": 0.004111053327015463}