{"numgrasp": 268, "translation_d": 5.035586596309172e-09, "rotation_d": 4.648771771165407e-05, "width_d": 0.0035472993514688057}