{"numgrasp": 250, "translation_d": 4.559250970943077e-09, "rotation_d": 4.673779498728488e-05, "width_d": 0.0029877750569360056}