{"numgrasp": 260, "translation_d": 4.343194209512636e-09, "rotation_d": 4.53922986742067e-05, "width_d": 0.0055475318469516855}