{"numgrasp": 259, "translation_d": 5.433789286992123e-09, "rotation_d": 4.908221504078481e-05, "width_d": 0.0032812104761196234}