{"numgrasp": 280, "translation_d": 5.991440598233893e-09, "rotation_d": 4.3724811477071706e-05, "width_d": 0.0032751512574417485}