{"numgrasp": 277, "translation_d": 5.7150675824744824e-09, "rotation_d": 4.361836813643214e-05, "width_d": 0.004457688065561691}