{"numgrasp": 287, "translation_d": 5.8715090514118586e-09, "rotation_d": 4.3055511798500234e-05, "width_d": 0.005397956548461547}