{"numgrasp": 304, "translation_d": 6.068384645595937e-09, "rotation_d": 4.335087896975313e-05, "width_d": 0.005170021281989814}