{"numgrasp": 300, "translation_d": 6.049412389198365e-09, "rotation_d": 4.455636211762385e-05, "width_d": 0.005988209279838817}