{"numgrasp": 300, "translation_d": 6.1797434315907884e-09, "rotation_d": 4.4277010504114454e-05, "width_d": 0.006472699578014837}