{"numgrasp": 303, "translation_d": 6.02076769939557e-09, "rotation_d": 4.464026844341672e-05, "width_d": 0.006359174486722078}