{"numgrasp": 294, "translation_d": 5.771832663498349e-09, "rotation_d": 5.022302208630878e-05, "width_d": 0.005869076203495745}