{"numgrasp": 286, "translation_d": 6.1506515861441215e-09, "rotation_d": 4.728087111341323e-05, "width_d": 0.004998408721921744}