{"numgrasp": 248, "translation_d": 5.69885475058247e-09, "rotation_d": 4.9973158995479235e-05, "width_d": 0.004441691770945404}