{"numgrasp": 271, "translation_d": 5.659169745208987e-09, "rotation_d": 4.708162012767485e-05, "width_d": 0.003141167923433235}