{"numgrasp": 274, "translation_d": 6.147650245883456e-09, "rotation_d": 5.2578827901099575e-05, "width_d": 0.0040539633875216865}