{"numgrasp": 279, "translation_d": 6.599153011031908e-09, "rotation_d": 5.293978537220289e-05, "width_d": 0.004978365329595401}