{"numgrasp": 280, "translation_d": 6.3308668073872096e-09, "rotation_d": 5.114537509170324e-05, "width_d": 0.0055659607001410216}