{"numgrasp": 250, "translation_d": 6.606094716239712e-09, "rotation_d": 5.338544356937407e-05, "width_d": 0.005528713843071756}