{"numgrasp": 262, "translation_d": 6.401391836292193e-09, "rotation_d": 5.3542784833849857e-05, "width_d": 0.005543236247951564}