{"numgrasp": 267, "translation_d": 6.084569404052468e-09, "rotation_d": 5.428446001801297e-05, "width_d": 0.005300773540905465}