{"numgrasp": 273, "translation_d": 6.2299218300683065e-09, "rotation_d": 5.599661807696036e-05, "width_d": 0.004455697620338849}