{"numgrasp": 265, "translation_d": 6.199870084370298e-09, "rotation_d": 5.599115938605571e-05, "width_d": 0.0040398507309782495}