{"numgrasp": 266, "translation_d": 5.792066607612464e-09, "rotation_d": 5.6378789009772795e-05, "width_d": 0.0035134570477510377}