{"numgrasp": 270, "translation_d": 6.0390513998546836e-09, "rotation_d": 5.535550307299692e-05, "width_d": 0.004531257264975969}