{"numgrasp": 207, "translation_d": 6.232352121562286e-09, "rotation_d": 5.204871286619033e-05, "width_d": 0.002605376724654881}