{"numgrasp": 239, "translation_d": 6.010337282131761e-09, "rotation_d": 4.0658322466435034e-05, "width_d": 0.004525655894122898}