{"numgrasp": 235, "translation_d": 5.8029571154166865e-09, "rotation_d": 4.2595148881055746e-05, "width_d": 0.004470675849692103}