{"numgrasp": 240, "translation_d": 6.180333850128352e-09, "rotation_d": 4.8059970005368124e-05, "width_d": 0.004007454439005187}