{"numgrasp": 229, "translation_d": 5.73048399127441e-09, "rotation_d": 4.6955741338444103e-05, "width_d": 0.0038216361905539353}