{"numgrasp": 217, "translation_d": 5.837108474119005e-09, "rotation_d": 4.6635993647128685e-05, "width_d": 0.004189250534695387}