{"numgrasp": 212, "translation_d": 5.66113110254584e-09, "rotation_d": 4.6134433795515015e-05, "width_d": 0.0033480738529941827}