{"numgrasp": 205, "translation_d": 6.076555784444242e-09, "rotation_d": 4.740130807200089e-05, "width_d": 0.0028307236126028264}