{"numgrasp": 213, "translation_d": 5.856333670928659e-09, "rotation_d": 5.140079731249611e-05, "width_d": 0.0027797711008685296}