{"numgrasp": 199, "translation_d": 6.02515669846337e-09, "rotation_d": 5.248798798474698e-05, "width_d": 0.003024452057458016}