{"numgrasp": 197, "translation_d": 5.941716877791465e-09, "rotation_d": 5.2930032090975036e-05, "width_d": 0.003163354776649494}