{"numgrasp": 188, "translation_d": 5.978609822898916e-09, "rotation_d": 5.252505617088704e-05, "width_d": 0.0037145942897545583}