{"numgrasp": 186, "translation_d": 6.1021689979224754e-09, "rotation_d": 5.2542513853388455e-05, "width_d": 0.0035113640533241735}