{"numgrasp": 222, "translation_d": 6.036586980268981e-09, "rotation_d": 5.333456108427158e-05, "width_d": 0.003679591304135819}