{"numgrasp": 222, "translation_d": 6.081498128610519e-09, "rotation_d": 5.5221103501857996e-05, "width_d": 0.004053708739230023}