{"numgrasp": 220, "translation_d": 6.065307290748573e-09, "rotation_d": 5.363362016072375e-05, "width_d": 0.004191068987539415}