{"numgrasp": 224, "translation_d": 6.086698892567222e-09, "rotation_d": 5.782317963922245e-05, "width_d": 0.003916755832698134}