{"numgrasp": 210, "translation_d": 6.223486811197579e-09, "rotation_d": 5.689267353417064e-05, "width_d": 0.003773391897685305}