{"numgrasp": 208, "translation_d": 5.855057590952204e-09, "rotation_d": 5.687648292504917e-05, "width_d": 0.003502324308690373}