{"numgrasp": 208, "translation_d": 6.00764916085911e-09, "rotation_d": 5.8215938365238815e-05, "width_d": 0.003392889695087956}