{"numgrasp": 214, "translation_d": 5.481459512939335e-09, "rotation_d": 5.67562450081451e-05, "width_d": 0.002840603648003145}