{"numgrasp": 212, "translation_d": 6.126820281539911e-09, "rotation_d": 5.7689119666311903e-05, "width_d": 0.0024290900897894437}