{"numgrasp": 235, "translation_d": 5.9720094831781815e-09, "rotation_d": 5.589491181820364e-05, "width_d": 0.002879742042347408}