{"numgrasp": 238, "translation_d": 5.903036107747222e-09, "rotation_d": 5.689713533909838e-05, "width_d": 0.003465309948247552}