{"numgrasp": 225, "translation_d": 5.686925761301975e-09, "rotation_d": 5.63645048121556e-05, "width_d": 0.0034294920103331294}