{"numgrasp": 250, "translation_d": 5.784853739048076e-09, "rotation_d": 5.741947493584647e-05, "width_d": 0.004366973847358189}