{"numgrasp": 242, "translation_d": 5.746156397297848e-09, "rotation_d": 5.6046996581643826e-05, "width_d": 0.004074492506481222}