{"numgrasp": 271, "translation_d": 5.854119538447865e-09, "rotation_d": 5.3177371857855315e-05, "width_d": 0.004349900446694382}