{"numgrasp": 257, "translation_d": 5.7604658661349565e-09, "rotation_d": 5.076636513416004e-05, "width_d": 0.0029790936197634944}