{"numgrasp": 261, "translation_d": 5.849603465657418e-09, "rotation_d": 5.017911917761554e-05, "width_d": 0.0032105584680569006}