{"numgrasp": 248, "translation_d": 5.70237377851108e-09, "rotation_d": 4.9181982371421056e-05, "width_d": 0.0029170248353575}