{"numgrasp": 255, "translation_d": 5.594916875503227e-09, "rotation_d": 4.323855994872769e-05, "width_d": 0.0030089763140965903}