{"numgrasp": 263, "translation_d": 5.802423532126364e-09, "rotation_d": 4.690319082440456e-05, "width_d": 0.003556408540120886}