{"numgrasp": 276, "translation_d": 5.758470748966839e-09, "rotation_d": 4.6510271847376444e-05, "width_d": 0.0038696797621080347}