{"numgrasp": 266, "translation_d": 5.612744132046492e-09, "rotation_d": 5.58761723826867e-05, "width_d": 0.005177982615254219}