{"numgrasp": 277, "translation_d": 5.3602918106580204e-09, "rotation_d": 4.825225983368143e-05, "width_d": 0.004929204674853326}