{"numgrasp": 271, "translation_d": 5.482004689765566e-09, "rotation_d": 4.394440128266208e-05, "width_d": 0.004740910216200288}