{"numgrasp": 296, "translation_d": 5.381489556461488e-09, "rotation_d": 4.430169139979311e-05, "width_d": 0.004149085725894229}