{"numgrasp": 289, "translation_d": 5.5776824708010696e-09, "rotation_d": 4.266972544589018e-05, "width_d": 0.003933582041149534}