{"numgrasp": 284, "translation_d": 5.380957779646015e-09, "rotation_d": 4.174979072169552e-05, "width_d": 0.003333304789241726}