{"numgrasp": 283, "translation_d": 5.595658998732929e-09, "rotation_d": 4.1623556070365065e-05, "width_d": 0.003455453700421686}