{"numgrasp": 246, "translation_d": 5.22094095990413e-09, "rotation_d": 4.2170683335086145e-05, "width_d": 0.0028533210813204684}