{"numgrasp": 269, "translation_d": 5.623490515579959e-09, "rotation_d": 5.602367078342063e-05, "width_d": 0.004971670982360599}