{"numgrasp": 240, "translation_d": 4.90604249859957e-09, "rotation_d": 4.8982314006734886e-05, "width_d": 0.0028341665916428336}