{"numgrasp": 286, "translation_d": 5.064795790232579e-09, "rotation_d": 4.522234276429501e-05, "width_d": 0.0035279302138686336}