{"numgrasp": 295, "translation_d": 5.2429703041805185e-09, "rotation_d": 4.352721281448595e-05, "width_d": 0.004539517517052764}