{"numgrasp": 274, "translation_d": 5.4770193155329964e-09, "rotation_d": 4.38257563027956e-05, "width_d": 0.005561159042211236}