{"numgrasp": 280, "translation_d": 5.205817349993998e-09, "rotation_d": 4.8045625251120205e-05, "width_d": 0.005228614320879657}