{"numgrasp": 289, "translation_d": 5.117037705817244e-09, "rotation_d": 5.0142532665166365e-05, "width_d": 0.004423065927578908}