{"numgrasp": 275, "translation_d": 5.083469302904172e-09, "rotation_d": 4.8931333436587704e-05, "width_d": 0.004227305236132959}