{"numgrasp": 276, "translation_d": 5.065052684535268e-09, "rotation_d": 4.9415381409107585e-05, "width_d": 0.003238240854623929}