{"numgrasp": 275, "translation_d": 4.883917097162601e-09, "rotation_d": 5.0730326560950784e-05, "width_d": 0.0029517589473919592}