{"numgrasp": 257, "translation_d": 5.5803713550762604e-09, "rotation_d": 5.4896626000492306e-05, "width_d": 0.00432516684878377}