{"numgrasp": 260, "translation_d": 4.843529445784975e-09, "rotation_d": 5.599238961672747e-05, "width_d": 0.0030990770431471104}