{"numgrasp": 258, "translation_d": 5.060106885616222e-09, "rotation_d": 5.415035683849429e-05, "width_d": 0.003758820725953892}