{"numgrasp": 277, "translation_d": 4.840593088470999e-09, "rotation_d": 5.314670297032034e-05, "width_d": 0.004103688339843156}