{"numgrasp": 251, "translation_d": 5.2221294479282015e-09, "rotation_d": 5.3690927991658346e-05, "width_d": 0.0049215432076522}