{"numgrasp": 253, "translation_d": 5.371241876329566e-09, "rotation_d": 5.1085741493503747e-05, "width_d": 0.00441896461399435}