{"numgrasp": 264, "translation_d": 4.779339016859364e-09, "rotation_d": 5.107447050564437e-05, "width_d": 0.004909778580500941}