{"numgrasp": 260, "translation_d": 5.796306561303437e-09, "rotation_d": 5.055614108540222e-05, "width_d": 0.0032163520226467517}