{"numgrasp": 232, "translation_d": 5.551478191065429e-09, "rotation_d": 5.459664885010942e-05, "width_d": 0.0034709814574458444}