{"numgrasp": 240, "translation_d": 6.044021058527522e-09, "rotation_d": 5.571336141324454e-05, "width_d": 0.0036651391664385964}