{"numgrasp": 254, "translation_d": 5.703373739962929e-09, "rotation_d": 5.691244713294241e-05, "width_d": 0.004254257069772906}