{"numgrasp": 254, "translation_d": 5.964322533720086e-09, "rotation_d": 4.890758106341751e-05, "width_d": 0.004245192584426121}