{"numgrasp": 258, "translation_d": 5.394926391933282e-09, "rotation_d": 5.487155954711882e-05, "width_d": 0.004690819746029808}