{"numgrasp": 264, "translation_d": 5.526812398640712e-09, "rotation_d": 5.481757454390814e-05, "width_d": 0.005407732126562315}