{"numgrasp": 249, "translation_d": 5.690006224402653e-09, "rotation_d": 4.921406335520808e-05, "width_d": 0.0038389128716281146}