{"numgrasp": 228, "translation_d": 5.6415382383551625e-09, "rotation_d": 5.564156678248707e-05, "width_d": 0.00337321533894654}