{"numgrasp": 264, "translation_d": 5.691387279534012e-09, "rotation_d": 5.165905026710358e-05, "width_d": 0.004491397068480747}