{"numgrasp": 201, "translation_d": 6.092486251493144e-09, "rotation_d": 5.3023969827623934e-05, "width_d": 0.0033234577757154256}