{"numgrasp": 241, "translation_d": 5.6376993916854095e-09, "rotation_d": 5.074565180343365e-05, "width_d": 0.003605328942620486}