{"numgrasp": 265, "translation_d": 5.7124121457794275e-09, "rotation_d": 5.07955874903267e-05, "width_d": 0.00440956168733805}