{"numgrasp": 235, "translation_d": 5.775691554665164e-09, "rotation_d": 4.8861015369802584e-05, "width_d": 0.004140361174775999}