{"numgrasp": 223, "translation_d": 5.814935556001605e-09, "rotation_d": 4.736822629107617e-05, "width_d": 0.004289618794583359}