{"numgrasp": 260, "translation_d": 5.90204418474212e-09, "rotation_d": 4.710875836053382e-05, "width_d": 0.00441800307492112}