{"numgrasp": 240, "translation_d": 5.9004948465570845e-09, "rotation_d": 4.202939750749115e-05, "width_d": 0.0044190570735133}