{"numgrasp": 227, "translation_d": 5.63919487783831e-09, "rotation_d": 4.293647364697086e-05, "width_d": 0.0033603481003388093}