{"numgrasp": 237, "translation_d": 5.826797102314385e-09, "rotation_d": 4.525617521221276e-05, "width_d": 0.003374579594848642}