{"numgrasp": 212, "translation_d": 5.950475126135967e-09, "rotation_d": 4.66957007959491e-05, "width_d": 0.0026670958797750835}