{"numgrasp": 205, "translation_d": 5.9392929513545705e-09, "rotation_d": 4.5216394662677256e-05, "width_d": 0.0031708388126433715}