{"numgrasp": 220, "translation_d": 5.699980590060594e-09, "rotation_d": 4.359711735892742e-05, "width_d": 0.0035895340563080365}