{"numgrasp": 221, "translation_d": 6.106087933905016e-09, "rotation_d": 4.2231804930159455e-05, "width_d": 0.003541428452016749}