{"numgrasp": 218, "translation_d": 5.799776682919172e-09, "rotation_d": 4.310335423104888e-05, "width_d": 0.003935234818350969}