{"numgrasp": 358, "translation_d": 5.7910943092456374e-09, "rotation_d": 5.6030597272173875e-05, "width_d": 0.004833523508365807}