{"numgrasp": 401, "translation_d": 5.795873790926639e-09, "rotation_d": 4.8235692611483006e-05, "width_d": 0.004794315379997577}