{"numgrasp": 387, "translation_d": 5.90739183766356e-09, "rotation_d": 5.000211326341114e-05, "width_d": 0.004296880558685081}