{"numgrasp": 370, "translation_d": 5.715276656759489e-09, "rotation_d": 5.1373142123436566e-05, "width_d": 0.003605866173294019}