{"numgrasp": 427, "translation_d": 5.734454319978504e-09, "rotation_d": 5.153272349417573e-05, "width_d": 0.003575945156757455}