{"numgrasp": 407, "translation_d": 5.982387163937613e-09, "rotation_d": 5.242865070303945e-05, "width_d": 0.006255476416509911}