{"numgrasp": 393, "translation_d": 6.039362593712583e-09, "rotation_d": 5.2016925304229645e-05, "width_d": 0.003121956233351654}