{"numgrasp": 431, "translation_d": 5.80207698385978e-09, "rotation_d": 4.4997935992993814e-05, "width_d": 0.0032489965383452656}