{"numgrasp": 440, "translation_d": 5.4820677449846335e-09, "rotation_d": 4.193693269195009e-05, "width_d": 0.0037710349273194443}