{"numgrasp": 467, "translation_d": 5.779958181173159e-09, "rotation_d": 4.392441595010108e-05, "width_d": 0.0033181401373323783}