{"numgrasp": 467, "translation_d": 5.779550805851595e-09, "rotation_d": 4.371464989488592e-05, "width_d": 0.002972775582743037}