{"numgrasp": 470, "translation_d": 5.454020169294946e-09, "rotation_d": 4.322795185132527e-05, "width_d": 0.002911881326811071}