{"numgrasp": 501, "translation_d": 5.74316516066782e-09, "rotation_d": 4.887212726075454e-05, "width_d": 0.0027391638186745533}