{"numgrasp": 507, "translation_d": 5.556356352277346e-09, "rotation_d": 4.7451064112172274e-05, "width_d": 0.002721595170556346}