{"numgrasp": 363, "translation_d": 6.5240756559274575e-09, "rotation_d": 5.396092035336004e-05, "width_d": 0.007053621714873037}