{"numgrasp": 494, "translation_d": 5.415150189869835e-09, "rotation_d": 4.683869183097394e-05, "width_d": 0.0029675353783503128}