{"numgrasp": 481, "translation_d": 5.471976786762388e-09, "rotation_d": 4.604546742110039e-05, "width_d": 0.0030811553440901677}