{"numgrasp": 477, "translation_d": 5.369402236755333e-09, "rotation_d": 5.017742240377899e-05, "width_d": 0.00357517136136679}