{"numgrasp": 339, "translation_d": 6.062133389076047e-09, "rotation_d": 4.670826872158416e-05, "width_d": 0.006948784261110886}