{"numgrasp": 542, "translation_d": 5.977095997651887e-09, "rotation_d": 5.248415450716943e-05, "width_d": 0.002822150914335092}