{"numgrasp": 529, "translation_d": 5.608193422710497e-09, "rotation_d": 5.434381090852712e-05, "width_d": 0.0026754640939212443}