{"numgrasp": 514, "translation_d": 5.644932589529874e-09, "rotation_d": 5.7214646194464594e-05, "width_d": 0.0025847942220523766}