{"numgrasp": 530, "translation_d": 5.585848414537485e-09, "rotation_d": 5.69148199051672e-05, "width_d": 0.0026150386974004556}