{"numgrasp": 545, "translation_d": 5.649762113700965e-09, "rotation_d": 5.629989380942579e-05, "width_d": 0.0032319072797951133}