{"numgrasp": 512, "translation_d": 5.706168277829709e-09, "rotation_d": 5.2629972531861115e-05, "width_d": 0.0038091194090551657}