{"numgrasp": 476, "translation_d": 5.1864636304542985e-09, "rotation_d": 5.103015923889613e-05, "width_d": 0.004196472351737135}