{"numgrasp": 447, "translation_d": 5.269308049081343e-09, "rotation_d": 5.3693808673476e-05, "width_d": 0.005507125886894787}