{"numgrasp": 371, "translation_d": 6.1953705121498224e-09, "rotation_d": 4.507648529052313e-05, "width_d": 0.006630844208984121}