{"numgrasp": 409, "translation_d": 5.598406776821774e-09, "rotation_d": 5.593524696165842e-05, "width_d": 0.0036899548360037624}