{"numgrasp": 513, "translation_d": 5.584272770690095e-09, "rotation_d": 5.574145065194511e-05, "width_d": 0.0042355090531339306}