{"numgrasp": 515, "translation_d": 5.4404882813455415e-09, "rotation_d": 5.5261064138864926e-05, "width_d": 0.004018438404915401}