{"numgrasp": 521, "translation_d": 5.558956230651833e-09, "rotation_d": 5.585480099910809e-05, "width_d": 0.003948241291477273}