{"numgrasp": 535, "translation_d": 5.7590841141708215e-09, "rotation_d": 5.5760494882245163e-05, "width_d": 0.003668852582356545}