{"numgrasp": 535, "translation_d": 5.648204451539802e-09, "rotation_d": 5.622572348896927e-05, "width_d": 0.003451090051934993}