{"numgrasp": 464, "translation_d": 5.832445064441509e-09, "rotation_d": 5.1740345631580386e-05, "width_d": 0.0036020589406997217}