{"numgrasp": 475, "translation_d": 5.736199716183941e-09, "rotation_d": 5.3892513076552915e-05, "width_d": 0.0038124993423259692}