{"numgrasp": 485, "translation_d": 5.914908872292363e-09, "rotation_d": 5.456577878948436e-05, "width_d": 0.003978581232310458}