{"numgrasp": 466, "translation_d": 5.672024795716778e-09, "rotation_d": 5.579561487143875e-05, "width_d": 0.005027038076930477}