{"numgrasp": 425, "translation_d": 5.377380451494543e-09, "rotation_d": 5.5147277750837316e-05, "width_d": 0.006282558313374459}