{"numgrasp": 374, "translation_d": 5.399960868241196e-09, "rotation_d": 5.750924665721163e-05, "width_d": 0.007895874685645642}