{"numgrasp": 431, "translation_d": 5.426522197767395e-09, "rotation_d": 5.466159545372888e-05, "width_d": 0.006672727904217568}