{"numgrasp": 389, "translation_d": 6.2195165757293845e-09, "rotation_d": 4.588106497933273e-05, "width_d": 0.0059535940565729655}