{"numgrasp": 445, "translation_d": 5.444572775895329e-09, "rotation_d": 5.4657755451862845e-05, "width_d": 0.006193066757567699}