{"numgrasp": 475, "translation_d": 5.394298605453688e-09, "rotation_d": 5.340157546023056e-05, "width_d": 0.005183910051371781}