{"numgrasp": 465, "translation_d": 5.675910679458422e-09, "rotation_d": 5.236565293343609e-05, "width_d": 0.004876028618191457}