{"numgrasp": 412, "translation_d": 5.96140309986148e-09, "rotation_d": 4.661550061859235e-05, "width_d": 0.005536117118446808}