{"numgrasp": 470, "translation_d": 5.7890952293048794e-09, "rotation_d": 4.342914358229607e-05, "width_d": 0.0034297556201761427}