{"numgrasp": 471, "translation_d": 5.53043475354114e-09, "rotation_d": 4.342710876624685e-05, "width_d": 0.0038583789477979833}