{"numgrasp": 486, "translation_d": 5.429763914986248e-09, "rotation_d": 4.488997694571804e-05, "width_d": 0.004203764312356052}