{"numgrasp": 460, "translation_d": 5.465946749584003e-09, "rotation_d": 4.512906975165821e-05, "width_d": 0.004850252246200906}