{"numgrasp": 461, "translation_d": 5.7281409792487925e-09, "rotation_d": 4.700825395536589e-05, "width_d": 0.0050759564776498645}