{"numgrasp": 438, "translation_d": 5.8191697889116565e-09, "rotation_d": 4.8565719038547846e-05, "width_d": 0.005280656321251353}