{"numgrasp": 432, "translation_d": 5.650341526062738e-09, "rotation_d": 5.0138346337613855e-05, "width_d": 0.006263756537734385}