{"numgrasp": 432, "translation_d": 5.286041103320384e-09, "rotation_d": 5.109042043297361e-05, "width_d": 0.007214619311377477}