{"numgrasp": 324, "translation_d": 5.357843902261999e-09, "rotation_d": 5.5786829485283084e-05, "width_d": 0.00847967824597085}