{"numgrasp": 417, "translation_d": 5.858379619767778e-09, "rotation_d": 5.075015609833267e-05, "width_d": 0.00399653399323892}