{"numgrasp": 413, "translation_d": 5.448380139793938e-09, "rotation_d": 5.457722600729869e-05, "width_d": 0.004004638837006798}