{"numgrasp": 422, "translation_d": 5.583708387095002e-09, "rotation_d": 5.184948206198487e-05, "width_d": 0.00378601057070452}