{"numgrasp": 429, "translation_d": 6.270795670096182e-09, "rotation_d": 4.4224564478652455e-05, "width_d": 0.0042710132455591404}