{"numgrasp": 404, "translation_d": 5.650794542941879e-09, "rotation_d": 4.468244437315803e-05, "width_d": 0.005302137989598598}