{"numgrasp": 373, "translation_d": 6.098547490496714e-09, "rotation_d": 4.4726089964165646e-05, "width_d": 0.005478790299718404}