{"numgrasp": 392, "translation_d": 5.9951408779985156e-09, "rotation_d": 4.6103766127520645e-05, "width_d": 0.006306750929685569}