{"numgrasp": 366, "translation_d": 6.041199021940958e-09, "rotation_d": 4.698702352636249e-05, "width_d": 0.0063375900495587735}