{"numgrasp": 376, "translation_d": 6.156691283182309e-09, "rotation_d": 5.315214728284274e-05, "width_d": 0.005791756069303553}