{"numgrasp": 410, "translation_d": 5.8328503070717195e-09, "rotation_d": 5.368533469351777e-05, "width_d": 0.004585179439185007}