{"numgrasp": 347, "translation_d": 5.974773415774571e-09, "rotation_d": 5.297178953067487e-05, "width_d": 0.005397463891002458}