{"numgrasp": 306, "translation_d": 6.103745103130252e-09, "rotation_d": 5.120310423366976e-05, "width_d": 0.004648359076734442}