{"numgrasp": 334, "translation_d": 5.851339281432561e-09, "rotation_d": 5.057752304795788e-05, "width_d": 0.0043974216732618875}