{"numgrasp": 373, "translation_d": 5.833855384429853e-09, "rotation_d": 4.7727037599577774e-05, "width_d": 0.00413844796252382}