{"numgrasp": 428, "translation_d": 5.761749752413607e-09, "rotation_d": 4.359125072701428e-05, "width_d": 0.0036353511818628774}