{"numgrasp": 327, "translation_d": 5.939430827349052e-09, "rotation_d": 5.3786819919484287e-05, "width_d": 0.0040210096408131125}