{"numgrasp": 300, "translation_d": 6.009210841349483e-09, "rotation_d": 5.653243485596013e-05, "width_d": 0.004679207524489421}