{"numgrasp": 318, "translation_d": 5.991925273873989e-09, "rotation_d": 5.585085958325261e-05, "width_d": 0.004593363442686141}