{"numgrasp": 420, "translation_d": 5.673284198065179e-09, "rotation_d": 5.266358470772772e-05, "width_d": 0.005127942181808052}