{"numgrasp": 389, "translation_d": 6.026385484338033e-09, "rotation_d": 5.859397423381341e-05, "width_d": 0.005897889778893914}