{"numgrasp": 407, "translation_d": 5.54642899444526e-09, "rotation_d": 5.673706529079788e-05, "width_d": 0.0054629096957629335}