{"numgrasp": 404, "translation_d": 5.806861644744149e-09, "rotation_d": 5.22470654252376e-05, "width_d": 0.00530247259194546}