{"numgrasp": 395, "translation_d": 5.8593716902915415e-09, "rotation_d": 5.6825067219551166e-05, "width_d": 0.004788994930106848}