{"numgrasp": 370, "translation_d": 5.6217577241218625e-09, "rotation_d": 5.6775186435139846e-05, "width_d": 0.004073484208864161}