{"numgrasp": 375, "translation_d": 6.123955499901261e-09, "rotation_d": 5.5975796628897436e-05, "width_d": 0.004007412570792555}