{"numgrasp": 376, "translation_d": 5.909025897532757e-09, "rotation_d": 5.4859406974038424e-05, "width_d": 0.0034123472817944823}