{"numgrasp": 414, "translation_d": 6.184831604273563e-09, "rotation_d": 5.221650735239287e-05, "width_d": 0.005590388462285774}