{"numgrasp": 368, "translation_d": 5.919454645295566e-09, "rotation_d": 5.737002731744274e-05, "width_d": 0.004490301565517189}