{"numgrasp": 408, "translation_d": 5.979313217517921e-09, "rotation_d": 5.2035298260285704e-05, "width_d": 0.005634106933552249}