{"numgrasp": 218, "translation_d": 6.571656642536172e-09, "rotation_d": 4.82750036607398e-05, "width_d": 0.0023663005453310186}