{"numgrasp": 279, "translation_d": 5.800079655882236e-09, "rotation_d": 4.899350471158644e-05, "width_d": 0.0044716814455714226}