{"numgrasp": 265, "translation_d": 6.226812573427297e-09, "rotation_d": 4.901265206782902e-05, "width_d": 0.003521029621293974}