{"numgrasp": 247, "translation_d": 6.147038594084038e-09, "rotation_d": 4.7681681042241244e-05, "width_d": 0.0034402554311247073}