{"numgrasp": 262, "translation_d": 6.468210371196679e-09, "rotation_d": 5.028698977936634e-05, "width_d": 0.003235644735821745}