{"numgrasp": 237, "translation_d": 6.259785549293273e-09, "rotation_d": 4.9615520011263554e-05, "width_d": 0.0026500981949763277}