{"numgrasp": 215, "translation_d": 6.220112151038019e-09, "rotation_d": 4.775922219206326e-05, "width_d": 0.0022034804866237568}