{"numgrasp": 212, "translation_d": 5.934799904596208e-09, "rotation_d": 4.750177096007801e-05, "width_d": 0.0022660744541122438}