{"numgrasp": 218, "translation_d": 6.213374804265888e-09, "rotation_d": 4.87351812851824e-05, "width_d": 0.0025750579817325828}