{"numgrasp": 222, "translation_d": 6.437876458234964e-09, "rotation_d": 4.8978051395951146e-05, "width_d": 0.0037298226457747026}