{"numgrasp": 243, "translation_d": 6.7305264778066685e-09, "rotation_d": 4.8048770417550195e-05, "width_d": 0.003924727121102777}