{"numgrasp": 239, "translation_d": 6.130841422788565e-09, "rotation_d": 4.8319195087771644e-05, "width_d": 0.004125655739063584}