{"numgrasp": 254, "translation_d": 6.285361748103424e-09, "rotation_d": 4.922673679133329e-05, "width_d": 0.004497895953696004}