{"numgrasp": 227, "translation_d": 5.994450964229209e-09, "rotation_d": 5.263165532287883e-05, "width_d": 0.0034900084319689703}