{"numgrasp": 292, "translation_d": 5.596224468030112e-09, "rotation_d": 5.010877585962718e-05, "width_d": 0.003944598955286384}