{"numgrasp": 221, "translation_d": 6.069237783516008e-09, "rotation_d": 5.376951423221137e-05, "width_d": 0.0023747839549907346}