{"numgrasp": 220, "translation_d": 6.334892203339207e-09, "rotation_d": 5.3206036322124153e-05, "width_d": 0.002675784738138042}