{"numgrasp": 234, "translation_d": 5.990300987742908e-09, "rotation_d": 5.322942748464256e-05, "width_d": 0.004359900337095731}