{"numgrasp": 233, "translation_d": 5.824689470031868e-09, "rotation_d": 5.326098350140166e-05, "width_d": 0.004161148253527603}