{"numgrasp": 215, "translation_d": 5.81833160227202e-09, "rotation_d": 5.192172007199971e-05, "width_d": 0.004215052684257075}