{"numgrasp": 213, "translation_d": 5.679537757641285e-09, "rotation_d": 5.102996900528022e-05, "width_d": 0.00403188475563835}