{"numgrasp": 285, "translation_d": 6.177593510975492e-09, "rotation_d": 4.766162808773194e-05, "width_d": 0.003820052272603412}