{"numgrasp": 209, "translation_d": 5.24572277628982e-09, "rotation_d": 4.896839712549359e-05, "width_d": 0.0031252231017645433}