{"numgrasp": 208, "translation_d": 5.521320791674058e-09, "rotation_d": 5.0941267618463074e-05, "width_d": 0.003043783052648021}