{"numgrasp": 195, "translation_d": 5.743948357897742e-09, "rotation_d": 5.1037665456060494e-05, "width_d": 0.0028441216213036073}