{"numgrasp": 211, "translation_d": 5.444875941568693e-09, "rotation_d": 5.416146989952993e-05, "width_d": 0.002246965697612671}