{"numgrasp": 197, "translation_d": 5.270146787761588e-09, "rotation_d": 5.085714523295577e-05, "width_d": 0.002156696394908897}