{"numgrasp": 200, "translation_d": 5.039411877747855e-09, "rotation_d": 4.947988181456103e-05, "width_d": 0.002487265365843129}