{"numgrasp": 207, "translation_d": 5.560906486661096e-09, "rotation_d": 4.9760007335942046e-05, "width_d": 0.003256110674358689}