{"numgrasp": 221, "translation_d": 5.176343215249567e-09, "rotation_d": 4.937055683702881e-05, "width_d": 0.003282624169984165}