{"numgrasp": 217, "translation_d": 5.4775538068595685e-09, "rotation_d": 5.010824573610896e-05, "width_d": 0.003668112151492647}