{"numgrasp": 233, "translation_d": 5.5871512960793005e-09, "rotation_d": 4.863082750832062e-05, "width_d": 0.0038787657539801554}