{"numgrasp": 226, "translation_d": 5.59011234773227e-09, "rotation_d": 4.862094111394074e-05, "width_d": 0.003912549032807032}