{"numgrasp": 230, "translation_d": 5.471517982754009e-09, "rotation_d": 4.9991680732410934e-05, "width_d": 0.004074255048083962}