{"numgrasp": 243, "translation_d": 5.628707880859762e-09, "rotation_d": 4.939648249939956e-05, "width_d": 0.00391603714880358}