{"numgrasp": 296, "translation_d": 5.913876124203464e-09, "rotation_d": 4.8443876296314974e-05, "width_d": 0.003802899637052137}