{"numgrasp": 206, "translation_d": 5.838192273515801e-09, "rotation_d": 4.5726659275598105e-05, "width_d": 0.0026757737629625766}