{"numgrasp": 218, "translation_d": 5.6041450551369695e-09, "rotation_d": 4.8310621374402666e-05, "width_d": 0.003313343547709907}