{"numgrasp": 215, "translation_d": 5.172443559333718e-09, "rotation_d": 4.936619231433847e-05, "width_d": 0.0031826434373753566}