{"numgrasp": 187, "translation_d": 4.891458457439544e-09, "rotation_d": 5.02668212359993e-05, "width_d": 0.0025117137029410912}