{"numgrasp": 181, "translation_d": 4.736129086845752e-09, "rotation_d": 4.8468151892980606e-05, "width_d": 0.0021825543174879736}