{"numgrasp": 202, "translation_d": 4.943923055711559e-09, "rotation_d": 4.96963374643495e-05, "width_d": 0.0023009230980573702}