{"numgrasp": 193, "translation_d": 4.928741586143492e-09, "rotation_d": 4.845796687680592e-05, "width_d": 0.002191158101980813}