{"numgrasp": 213, "translation_d": 5.217583975613055e-09, "rotation_d": 4.8304685253119e-05, "width_d": 0.0021927835370232286}