{"numgrasp": 225, "translation_d": 4.638520372734939e-09, "rotation_d": 4.885186387343776e-05, "width_d": 0.002339263373281699}