{"numgrasp": 212, "translation_d": 4.870843604474851e-09, "rotation_d": 5.0258580924379414e-05, "width_d": 0.0029489288703338466}