{"numgrasp": 245, "translation_d": 5.138028822212066e-09, "rotation_d": 5.165553235729253e-05, "width_d": 0.0035724950952808975}