{"numgrasp": 254, "translation_d": 4.806271370008066e-09, "rotation_d": 4.8878662595666745e-05, "width_d": 0.003145332032453124}