{"numgrasp": 246, "translation_d": 4.540247491858733e-09, "rotation_d": 4.8838817262646943e-05, "width_d": 0.003009994560462285}