{"numgrasp": 209, "translation_d": 4.326187815570097e-09, "rotation_d": 5.218225651897858e-05, "width_d": 0.002260522182410155}