{"numgrasp": 229, "translation_d": 4.2494843487404275e-09, "rotation_d": 5.002750402117247e-05, "width_d": 0.002562835786155681}