{"numgrasp": 236, "translation_d": 4.4454485847964015e-09, "rotation_d": 4.9228929704856344e-05, "width_d": 0.002743788587592148}