{"numgrasp": 247, "translation_d": 4.330611993892535e-09, "rotation_d": 4.8254115214561615e-05, "width_d": 0.0033964745736523006}