{"numgrasp": 252, "translation_d": 4.537795411014879e-09, "rotation_d": 4.868936889041003e-05, "width_d": 0.0036593278684503884}