{"numgrasp": 269, "translation_d": 5.8196838718243385e-09, "rotation_d": 4.8868858739692325e-05, "width_d": 0.0028388691731132984}