{"numgrasp": 253, "translation_d": 5.73673550387451e-09, "rotation_d": 4.9504188045383504e-05, "width_d": 0.0025538007523644296}