{"numgrasp": 235, "translation_d": 5.628706929966554e-09, "rotation_d": 4.798132928995121e-05, "width_d": 0.002521126649591586}