{"numgrasp": 249, "translation_d": 6.084897561925151e-09, "rotation_d": 4.888967678107619e-05, "width_d": 0.002779859031322773}