{"numgrasp": 260, "translation_d": 6.693834860061864e-09, "rotation_d": 4.936763179699652e-05, "width_d": 0.00279282657734578}