{"numgrasp": 274, "translation_d": 6.398324732879276e-09, "rotation_d": 4.9491166346283256e-05, "width_d": 0.0027540029971773634}