{"numgrasp": 264, "translation_d": 6.357646242126056e-09, "rotation_d": 5.0401732621266286e-05, "width_d": 0.0029091304638477755}