{"numgrasp": 294, "translation_d": 6.451489099926094e-09, "rotation_d": 4.9282517785444187e-05, "width_d": 0.003159799470034571}