{"numgrasp": 249, "translation_d": 5.2023910826362735e-09, "rotation_d": 4.931995998118301e-05, "width_d": 0.0027724016739053016}