{"numgrasp": 268, "translation_d": 6.162215568889436e-09, "rotation_d": 4.757971652619e-05, "width_d": 0.0042668487644149595}