{"numgrasp": 260, "translation_d": 5.058398611275969e-09, "rotation_d": 4.8858647781313025e-05, "width_d": 0.002709963193586768}