{"numgrasp": 272, "translation_d": 5.922643459323205e-09, "rotation_d": 4.9658434790946015e-05, "width_d": 0.003586163774817847}