{"numgrasp": 266, "translation_d": 6.542120233333727e-09, "rotation_d": 5.155729020749387e-05, "width_d": 0.002886949891043812}