{"numgrasp": 242, "translation_d": 6.550398086597478e-09, "rotation_d": 4.9524982040022966e-05, "width_d": 0.0025113609139268355}