{"numgrasp": 257, "translation_d": 5.456673545429575e-09, "rotation_d": 4.945644955368233e-05, "width_d": 0.00271615440553529}