{"numgrasp": 254, "translation_d": 6.25603379412961e-09, "rotation_d": 5.205148346361002e-05, "width_d": 0.0027908727244708577}