{"numgrasp": 266, "translation_d": 6.672545565600444e-09, "rotation_d": 5.230975735017892e-05, "width_d": 0.002969772547411678}