{"numgrasp": 266, "translation_d": 6.061387980490529e-09, "rotation_d": 5.051263335936028e-05, "width_d": 0.0033937613151919436}