{"numgrasp": 268, "translation_d": 5.405243075180176e-09, "rotation_d": 4.914633497154847e-05, "width_d": 0.0026712465572813174}