{"numgrasp": 263, "translation_d": 6.088536879922927e-09, "rotation_d": 4.8526249983570413e-05, "width_d": 0.003580487402815341}