{"numgrasp": 278, "translation_d": 5.8729499187617885e-09, "rotation_d": 4.990332444074189e-05, "width_d": 0.003986566914986304}