{"numgrasp": 270, "translation_d": 5.75667456121365e-09, "rotation_d": 5.079595605481026e-05, "width_d": 0.003117306096515351}