{"numgrasp": 262, "translation_d": 6.0053013694453634e-09, "rotation_d": 5.140646485745101e-05, "width_d": 0.0030016660978537156}