{"numgrasp": 245, "translation_d": 6.055337621326118e-09, "rotation_d": 5.284456499439006e-05, "width_d": 0.002393024365744239}