{"numgrasp": 245, "translation_d": 5.928770282899446e-09, "rotation_d": 5.147900454874345e-05, "width_d": 0.0023753596950077532}