{"numgrasp": 269, "translation_d": 6.207989084277002e-09, "rotation_d": 5.001205703968679e-05, "width_d": 0.00329149296576844}