{"numgrasp": 309, "translation_d": 5.824881721477494e-09, "rotation_d": 5.638253828550837e-05, "width_d": 0.0026988238123950574}