{"numgrasp": 251, "translation_d": 4.934675834736511e-09, "rotation_d": 5.836153466918495e-05, "width_d": 0.003959576486058513}