{"numgrasp": 237, "translation_d": 5.529566132754856e-09, "rotation_d": 5.732012583527311e-05, "width_d": 0.004052625733714636}