{"numgrasp": 237, "translation_d": 5.135975136918952e-09, "rotation_d": 5.802859989160146e-05, "width_d": 0.004524545626063921}