{"numgrasp": 248, "translation_d": 5.27323863307053e-09, "rotation_d": 6.548013580617699e-05, "width_d": 0.004647546598002226}