{"numgrasp": 274, "translation_d": 5.459939319530368e-09, "rotation_d": 5.9263879500764966e-05, "width_d": 0.004168177888319617}