{"numgrasp": 265, "translation_d": 5.641803688543952e-09, "rotation_d": 5.9204878117328096e-05, "width_d": 0.004024562943884507}