{"numgrasp": 302, "translation_d": 5.594363527344802e-09, "rotation_d": 5.9534111426443094e-05, "width_d": 0.0037184044198269213}