{"numgrasp": 302, "translation_d": 5.522966983485711e-09, "rotation_d": 5.93219322621452e-05, "width_d": 0.003804183403758108}