{"numgrasp": 282, "translation_d": 5.679438778740199e-09, "rotation_d": 5.960235242361427e-05, "width_d": 0.0029941231171105604}