{"numgrasp": 292, "translation_d": 5.671249184515682e-09, "rotation_d": 6.028022328022277e-05, "width_d": 0.0029810363028735082}