{"numgrasp": 283, "translation_d": 5.971585097139631e-09, "rotation_d": 5.9114114899276146e-05, "width_d": 0.0025990571528952166}