{"numgrasp": 311, "translation_d": 5.669729027543324e-09, "rotation_d": 5.702301042248631e-05, "width_d": 0.002705631548106615}