{"numgrasp": 302, "translation_d": 5.888118728181379e-09, "rotation_d": 5.697922126747804e-05, "width_d": 0.0032762466572968706}