{"numgrasp": 306, "translation_d": 5.504500941405366e-09, "rotation_d": 5.6456611841307886e-05, "width_d": 0.0034809159759450208}