{"numgrasp": 229, "translation_d": 5.761462040402193e-09, "rotation_d": 5.013768585816133e-05, "width_d": 0.004338144402115602}