{"numgrasp": 234, "translation_d": 5.328658079625409e-09, "rotation_d": 5.360566660586865e-05, "width_d": 0.005151008653960575}