{"numgrasp": 252, "translation_d": 5.378482240183422e-09, "rotation_d": 4.7180833988534054e-05, "width_d": 0.004908395893154418}