{"numgrasp": 251, "translation_d": 5.608439601631089e-09, "rotation_d": 4.8521769866143646e-05, "width_d": 0.004440940947997797}