{"numgrasp": 259, "translation_d": 5.6109916513951604e-09, "rotation_d": 4.8731133902143054e-05, "width_d": 0.004411792614371549}