{"numgrasp": 220, "translation_d": 5.865644186845443e-09, "rotation_d": 4.8764082939874474e-05, "width_d": 0.004975688601135872}