{"numgrasp": 289, "translation_d": 5.668775559854171e-09, "rotation_d": 4.871791468642845e-05, "width_d": 0.003828557726932883}