{"numgrasp": 285, "translation_d": 5.51004503063976e-09, "rotation_d": 4.804924615042324e-05, "width_d": 0.0034710160143612517}