{"numgrasp": 292, "translation_d": 5.726163520634256e-09, "rotation_d": 4.7609338590188125e-05, "width_d": 0.0031720923395341634}