{"numgrasp": 267, "translation_d": 5.442814843772266e-09, "rotation_d": 4.191792317912496e-05, "width_d": 0.002968407805584272}