{"numgrasp": 260, "translation_d": 5.8832796037949775e-09, "rotation_d": 4.268721714186043e-05, "width_d": 0.0033632554629736177}