{"numgrasp": 263, "translation_d": 5.561466540596188e-09, "rotation_d": 4.18647611373447e-05, "width_d": 0.0035487269183545837}