{"numgrasp": 253, "translation_d": 5.547148352152553e-09, "rotation_d": 4.436270964500541e-05, "width_d": 0.0038056190380052995}