{"numgrasp": 194, "translation_d": 5.578604878896966e-09, "rotation_d": 4.633979217018096e-05, "width_d": 0.004546110144309319}