{"numgrasp": 246, "translation_d": 5.503741257462782e-09, "rotation_d": 4.486150186774082e-05, "width_d": 0.00425460095057701}