{"numgrasp": 227, "translation_d": 5.58584159350599e-09, "rotation_d": 4.372887391946625e-05, "width_d": 0.004481488033419763}