{"numgrasp": 196, "translation_d": 5.709519026567316e-09, "rotation_d": 4.762273072066386e-05, "width_d": 0.005253045911242016}