{"numgrasp": 252, "translation_d": 5.840393986329636e-09, "rotation_d": 4.297923584487522e-05, "width_d": 0.003995552149927349}