{"numgrasp": 265, "translation_d": 5.557551772032285e-09, "rotation_d": 4.275267342946737e-05, "width_d": 0.003448420252078152}