{"numgrasp": 199, "translation_d": 5.5576130747469675e-09, "rotation_d": 4.798599546933648e-05, "width_d": 0.0041460208424067045}