{"numgrasp": 256, "translation_d": 5.379404188930625e-09, "rotation_d": 5.3338295408852765e-05, "width_d": 0.002810489720375909}