{"numgrasp": 271, "translation_d": 5.307089366965171e-09, "rotation_d": 5.2026511550769266e-05, "width_d": 0.003114454609390709}