{"numgrasp": 271, "translation_d": 5.322205123959772e-09, "rotation_d": 5.0363936163394145e-05, "width_d": 0.003448927501848619}