{"numgrasp": 237, "translation_d": 5.631413252667566e-09, "rotation_d": 4.967379635413815e-05, "width_d": 0.0038159538946194865}