{"numgrasp": 226, "translation_d": 5.345750435840004e-09, "rotation_d": 4.822813053510122e-05, "width_d": 0.00414863028205628}