{"numgrasp": 226, "translation_d": 5.755523199483822e-09, "rotation_d": 6.238093965599724e-05, "width_d": 0.004417243031768697}