{"numgrasp": 212, "translation_d": 5.475668890774343e-09, "rotation_d": 4.735240985037061e-05, "width_d": 0.004107239187681464}