{"numgrasp": 221, "translation_d": 4.850361391241898e-09, "rotation_d": 5.445309567756985e-05, "width_d": 0.004557817192441738}