{"numgrasp": 237, "translation_d": 4.855301304117231e-09, "rotation_d": 5.46353380666918e-05, "width_d": 0.0043276235731561615}