{"numgrasp": 246, "translation_d": 5.234171695632522e-09, "rotation_d": 5.587354538921479e-05, "width_d": 0.00372733611730227}