{"numgrasp": 259, "translation_d": 5.197171332543617e-09, "rotation_d": 5.667222861891356e-05, "width_d": 0.0033210929835662782}