{"numgrasp": 261, "translation_d": 5.430704076778645e-09, "rotation_d": 5.6304533747247756e-05, "width_d": 0.0031655240069565303}