{"numgrasp": 274, "translation_d": 5.2595385511321734e-09, "rotation_d": 5.792956574943601e-05, "width_d": 0.0030455929237436226}