{"numgrasp": 268, "translation_d": 5.321484434383224e-09, "rotation_d": 5.8707627187837776e-05, "width_d": 0.0029685561277834403}