{"numgrasp": 273, "translation_d": 5.37315499791888e-09, "rotation_d": 5.833971497225059e-05, "width_d": 0.0032887138399889924}