{"numgrasp": 255, "translation_d": 5.364363595205726e-09, "rotation_d": 6.035015976447319e-05, "width_d": 0.0034511271394808618}