{"numgrasp": 233, "translation_d": 5.004347317452622e-09, "rotation_d": 6.068554096459251e-05, "width_d": 0.0035151577413728144}