{"numgrasp": 225, "translation_d": 4.747204484999087e-09, "rotation_d": 6.118327349605255e-05, "width_d": 0.004128405271382013}