{"numgrasp": 203, "translation_d": 4.468725732768458e-09, "rotation_d": 6.224664277584272e-05, "width_d": 0.00428691146617247}