{"numgrasp": 203, "translation_d": 4.485932226551984e-09, "rotation_d": 7.16531781612761e-05, "width_d": 0.004379164618828284}