{"numgrasp": 206, "translation_d": 4.725742897250046e-09, "rotation_d": 6.10892864181696e-05, "width_d": 0.004157114272440719}