{"numgrasp": 241, "translation_d": 5.129686891064468e-09, "rotation_d": 6.209919757104705e-05, "width_d": 0.0034540108535564616}