{"numgrasp": 253, "translation_d": 5.067753055627291e-09, "rotation_d": 5.940406923660295e-05, "width_d": 0.00333842492924015}