{"numgrasp": 270, "translation_d": 4.973394401430626e-09, "rotation_d": 5.836510200340845e-05, "width_d": 0.003230654143239276}