{"numgrasp": 274, "translation_d": 5.907988961152346e-09, "rotation_d": 5.099370822700176e-05, "width_d": 0.0033394230666471195}