{"numgrasp": 283, "translation_d": 4.862726948469291e-09, "rotation_d": 5.3272023900986036e-05, "width_d": 0.002820004856937522}