{"numgrasp": 279, "translation_d": 4.856400009290593e-09, "rotation_d": 5.5058296513266055e-05, "width_d": 0.0033063498918219666}