{"numgrasp": 268, "translation_d": 4.736094204219069e-09, "rotation_d": 5.6810727424497834e-05, "width_d": 0.0035713538673087944}