{"numgrasp": 257, "translation_d": 4.738984564232839e-09, "rotation_d": 5.7608197030911194e-05, "width_d": 0.0036147898336490363}