{"numgrasp": 230, "translation_d": 4.884889721112375e-09, "rotation_d": 5.844028331086641e-05, "width_d": 0.0035939128442236293}