{"numgrasp": 218, "translation_d": 5.007629417688807e-09, "rotation_d": 5.8708018533899744e-05, "width_d": 0.004116731833555609}