{"numgrasp": 289, "translation_d": 5.675614319811348e-09, "rotation_d": 5.6586259263214924e-05, "width_d": 0.0029180997246566606}