{"numgrasp": 302, "translation_d": 5.881982572942428e-09, "rotation_d": 5.297407683321738e-05, "width_d": 0.0028063282200848443}