{"numgrasp": 267, "translation_d": 5.525057508030279e-09, "rotation_d": 4.673798183290504e-05, "width_d": 0.0032584150080718394}