{"numgrasp": 270, "translation_d": 5.726068593050426e-09, "rotation_d": 4.615085292161438e-05, "width_d": 0.0032428483513864854}