{"numgrasp": 303, "translation_d": 5.69500373640773e-09, "rotation_d": 5.7073041210363186e-05, "width_d": 0.0033090822196497702}