{"numgrasp": 193, "translation_d": 5.7543463346372106e-09, "rotation_d": 4.5627078078442524e-05, "width_d": 0.004734680601658406}