{"numgrasp": 274, "translation_d": 6.135209885033669e-09, "rotation_d": 4.4271436506692456e-05, "width_d": 0.003417641800794701}