{"numgrasp": 294, "translation_d": 5.726333902397338e-09, "rotation_d": 4.429099824654901e-05, "width_d": 0.003102177648985877}