{"numgrasp": 289, "translation_d": 6.146813154680955e-09, "rotation_d": 4.199359220253448e-05, "width_d": 0.0029265712489053744}