{"numgrasp": 278, "translation_d": 5.824739767253239e-09, "rotation_d": 4.3589028999866865e-05, "width_d": 0.003443511094773133}