{"numgrasp": 189, "translation_d": 6.275892908635581e-09, "rotation_d": 4.870483839080003e-05, "width_d": 0.004569428793680421}