{"numgrasp": 232, "translation_d": 5.4539580080012124e-09, "rotation_d": 5.119294446318847e-05, "width_d": 0.004217511962829412}