{"numgrasp": 254, "translation_d": 5.0833526582175404e-09, "rotation_d": 5.2417435504897413e-05, "width_d": 0.003694562465808715}