{"numgrasp": 270, "translation_d": 5.562655105340465e-09, "rotation_d": 5.0895879338502586e-05, "width_d": 0.0036439907107938107}