{"numgrasp": 288, "translation_d": 5.702117729663309e-09, "rotation_d": 4.863582457332971e-05, "width_d": 0.0029195007282507715}