{"numgrasp": 287, "translation_d": 5.6955887309963474e-09, "rotation_d": 5.2608670733969934e-05, "width_d": 0.0029693588364694346}