{"numgrasp": 287, "translation_d": 5.924132024435686e-09, "rotation_d": 5.633828568441438e-05, "width_d": 0.0030364046437104724}