{"numgrasp": 302, "translation_d": 5.756600477708573e-09, "rotation_d": 5.6508480719351406e-05, "width_d": 0.003227711258312743}