{"numgrasp": 270, "translation_d": 5.8945603977980805e-09, "rotation_d": 5.2897182354184004e-05, "width_d": 0.0035256265810741537}