{"numgrasp": 289, "translation_d": 4.757787882982687e-09, "rotation_d": 5.228873777557751e-05, "width_d": 0.0021114241902203817}