{"numgrasp": 246, "translation_d": 5.1490413316530135e-09, "rotation_d": 5.342237708234039e-05, "width_d": 0.0032070407476253266}