{"numgrasp": 280, "translation_d": 4.509134027583891e-09, "rotation_d": 5.515817592719795e-05, "width_d": 0.004838126586117545}