{"numgrasp": 277, "translation_d": 5.2255967348621676e-09, "rotation_d": 4.8158876049793955e-05, "width_d": 0.003487227700184562}