{"numgrasp": 273, "translation_d": 4.720025632827414e-09, "rotation_d": 5.853774396636678e-05, "width_d": 0.003068088073340742}