{"numgrasp": 260, "translation_d": 4.7035636641006776e-09, "rotation_d": 5.8295156102963716e-05, "width_d": 0.002929498829288362}