{"numgrasp": 242, "translation_d": 4.833796288617546e-09, "rotation_d": 5.7895179462481734e-05, "width_d": 0.002839321163106453}