{"numgrasp": 243, "translation_d": 4.899971989440863e-09, "rotation_d": 5.8381695910524955e-05, "width_d": 0.002596617312322747}