{"numgrasp": 210, "translation_d": 5.196322076109824e-09, "rotation_d": 5.295866719014029e-05, "width_d": 0.001719946784481165}