{"numgrasp": 259, "translation_d": 4.419471163742962e-09, "rotation_d": 5.391528311465473e-05, "width_d": 0.002019432825784443}