{"numgrasp": 272, "translation_d": 4.49968588061468e-09, "rotation_d": 5.498544566446368e-05, "width_d": 0.002401501493861402}