{"numgrasp": 276, "translation_d": 4.530968441674618e-09, "rotation_d": 5.636956017749375e-05, "width_d": 0.004164166254913047}