{"numgrasp": 286, "translation_d": 4.731557093632444e-09, "rotation_d": 5.713398826377337e-05, "width_d": 0.004250147160999702}