{"numgrasp": 285, "translation_d": 4.646761663861793e-09, "rotation_d": 5.3266571854150216e-05, "width_d": 0.0026565046918605516}