{"numgrasp": 302, "translation_d": 4.477989090264212e-09, "rotation_d": 5.2261237159239126e-05, "width_d": 0.002488210859490149}