{"numgrasp": 319, "translation_d": 4.5429868669961624e-09, "rotation_d": 5.385915844858219e-05, "width_d": 0.0018212270026526994}