{"numgrasp": 306, "translation_d": 4.801252411031955e-09, "rotation_d": 5.105271184351866e-05, "width_d": 0.0034004698653853057}