{"numgrasp": 320, "translation_d": 4.6574452524895e-09, "rotation_d": 5.137203972003275e-05, "width_d": 0.0035576900695773813}