{"numgrasp": 293, "translation_d": 4.7738921872822675e-09, "rotation_d": 5.0463557886189944e-05, "width_d": 0.003780466011179176}