{"numgrasp": 307, "translation_d": 4.713091445038776e-09, "rotation_d": 5.225623605217679e-05, "width_d": 0.004227397048865957}