{"numgrasp": 236, "translation_d": 5.236313378832742e-09, "rotation_d": 4.668250232683828e-05, "width_d": 0.004455293701347909}