{"numgrasp": 313, "translation_d": 4.88093427040042e-09, "rotation_d": 5.426755720461683e-05, "width_d": 0.0060409575227500035}