{"numgrasp": 284, "translation_d": 4.744101426174192e-09, "rotation_d": 5.4521675718297405e-05, "width_d": 0.005168705039156725}