{"numgrasp": 325, "translation_d": 4.771592169626118e-09, "rotation_d": 5.202938161679806e-05, "width_d": 0.00389294469401615}