{"numgrasp": 310, "translation_d": 4.497809974817477e-09, "rotation_d": 5.237808608018342e-05, "width_d": 0.003727262725731114}