{"numgrasp": 309, "translation_d": 4.723715696607252e-09, "rotation_d": 5.127678051712688e-05, "width_d": 0.0034001674580717506}