{"numgrasp": 325, "translation_d": 4.559016644830601e-09, "rotation_d": 5.305279896458271e-05, "width_d": 0.0027232077216865053}