{"numgrasp": 343, "translation_d": 4.66342379202171e-09, "rotation_d": 5.606929426143924e-05, "width_d": 0.00190492635449508}