{"numgrasp": 354, "translation_d": 4.806997109938101e-09, "rotation_d": 5.369414602267263e-05, "width_d": 0.0018932728490978767}