{"numgrasp": 363, "translation_d": 4.688038927186653e-09, "rotation_d": 5.1756592504433636e-05, "width_d": 0.0019130474590485778}