{"numgrasp": 345, "translation_d": 4.758988069949229e-09, "rotation_d": 5.1958856107414004e-05, "width_d": 0.0023649136582154563}