{"numgrasp": 328, "translation_d": 4.906874257117833e-09, "rotation_d": 5.0909830875892424e-05, "width_d": 0.003634174326010117}