{"numgrasp": 218, "translation_d": 5.318743551555533e-09, "rotation_d": 4.684121811177699e-05, "width_d": 0.004217376997486299}