{"numgrasp": 324, "translation_d": 4.487765943522114e-09, "rotation_d": 5.087243384382721e-05, "width_d": 0.0038947362542113523}