{"numgrasp": 321, "translation_d": 4.7455479781578424e-09, "rotation_d": 5.181428586102317e-05, "width_d": 0.004077930273657936}