{"numgrasp": 312, "translation_d": 4.478422782387145e-09, "rotation_d": 5.184543335644622e-05, "width_d": 0.004512863193911648}