{"numgrasp": 324, "translation_d": 4.643324251412331e-09, "rotation_d": 5.38641634275376e-05, "width_d": 0.0035341075635943763}