{"numgrasp": 324, "translation_d": 4.742383959709205e-09, "rotation_d": 4.897341186256651e-05, "width_d": 0.0030414998522385363}