{"numgrasp": 367, "translation_d": 4.8402977858593256e-09, "rotation_d": 4.6186667555666853e-05, "width_d": 0.0018220893650217668}