{"numgrasp": 386, "translation_d": 4.5445004574068464e-09, "rotation_d": 4.5013902967779064e-05, "width_d": 0.0017967370906568612}