{"numgrasp": 387, "translation_d": 4.398741379881639e-09, "rotation_d": 4.158671658685025e-05, "width_d": 0.0017724068992073132}