{"numgrasp": 374, "translation_d": 4.409781689443136e-09, "rotation_d": 4.228841333449386e-05, "width_d": 0.0019336080918030945}