{"numgrasp": 371, "translation_d": 4.330991391378458e-09, "rotation_d": 4.434381768948038e-05, "width_d": 0.0020193268788185033}