{"numgrasp": 342, "translation_d": 5.8431357674307585e-09, "rotation_d": 4.637985377431024e-05, "width_d": 0.003044232826838104}