{"numgrasp": 334, "translation_d": 4.550371091329556e-09, "rotation_d": 4.5170322768450296e-05, "width_d": 0.0030784408412291397}