{"numgrasp": 361, "translation_d": 4.595404077910849e-09, "rotation_d": 4.196917061281391e-05, "width_d": 0.002393934247971139}