{"numgrasp": 377, "translation_d": 4.5067817311001755e-09, "rotation_d": 4.1865897802977924e-05, "width_d": 0.002102225040436939}