{"numgrasp": 396, "translation_d": 4.343133301077207e-09, "rotation_d": 4.2120837570698836e-05, "width_d": 0.0020190793977382755}