{"numgrasp": 410, "translation_d": 4.310989748216677e-09, "rotation_d": 4.4675595750607465e-05, "width_d": 0.0024677538665131833}