{"numgrasp": 408, "translation_d": 4.496622124420128e-09, "rotation_d": 4.41965762134255e-05, "width_d": 0.0024880935797756505}