{"numgrasp": 402, "translation_d": 4.3704438731052246e-09, "rotation_d": 4.290308687985153e-05, "width_d": 0.0023978078174625873}