{"numgrasp": 399, "translation_d": 4.561329137129182e-09, "rotation_d": 4.263354603395075e-05, "width_d": 0.002552063387760453}