{"numgrasp": 398, "translation_d": 4.711385063746506e-09, "rotation_d": 4.03575931180515e-05, "width_d": 0.003014688443387091}