{"numgrasp": 354, "translation_d": 6.142140697899259e-09, "rotation_d": 4.429598423540346e-05, "width_d": 0.0015950133078207883}