{"numgrasp": 349, "translation_d": 6.234127787608054e-09, "rotation_d": 4.198599975081906e-05, "width_d": 0.0015689770612162578}