{"numgrasp": 350, "translation_d": 6.289410514425568e-09, "rotation_d": 4.2476580833625836e-05, "width_d": 0.0016530102479727288}