{"numgrasp": 337, "translation_d": 5.828661056546367e-09, "rotation_d": 4.915266267243929e-05, "width_d": 0.0021886700529251037}