{"numgrasp": 314, "translation_d": 5.593370191060584e-09, "rotation_d": 4.895381082722101e-05, "width_d": 0.0025944907873049045}