{"numgrasp": 259, "translation_d": 5.253472573174913e-09, "rotation_d": 4.7415281422526734e-05, "width_d": 0.003074601219715533}