{"numgrasp": 209, "translation_d": 5.028022593743943e-09, "rotation_d": 4.5634000985788996e-05, "width_d": 0.003729988894481969}