{"numgrasp": 223, "translation_d": 4.998213071413899e-09, "rotation_d": 4.491132197306155e-05, "width_d": 0.0037411656261193927}