{"numgrasp": 236, "translation_d": 5.277792315005289e-09, "rotation_d": 4.6293034055993254e-05, "width_d": 0.003842271198907429}