{"numgrasp": 253, "translation_d": 5.338885320284478e-09, "rotation_d": 4.622246438086338e-05, "width_d": 0.003635618005719879}