{"numgrasp": 243, "translation_d": 5.2814895193473045e-09, "rotation_d": 4.593901134161527e-05, "width_d": 0.0032034207942950176}