{"numgrasp": 270, "translation_d": 5.180887350129577e-09, "rotation_d": 4.6434890922293896e-05, "width_d": 0.0027144992789638793}