{"numgrasp": 264, "translation_d": 5.0824870528706e-09, "rotation_d": 4.728922813235264e-05, "width_d": 0.002563841022575005}