{"numgrasp": 276, "translation_d": 5.211435200432884e-09, "rotation_d": 4.808329582824873e-05, "width_d": 0.00257883726429014}