{"numgrasp": 309, "translation_d": 5.665036139690309e-09, "rotation_d": 5.1817962156407494e-05, "width_d": 0.0023420265184527778}