{"numgrasp": 312, "translation_d": 5.816491247246539e-09, "rotation_d": 5.2652971263678896e-05, "width_d": 0.0016964738191011922}