{"numgrasp": 333, "translation_d": 5.754518714246496e-09, "rotation_d": 5.063472616656748e-05, "width_d": 0.0014946398573645531}