{"numgrasp": 256, "translation_d": 5.239913071414868e-09, "rotation_d": 4.941048039053037e-05, "width_d": 0.0023490075272829553}