{"numgrasp": 260, "translation_d": 5.191837986358802e-09, "rotation_d": 4.814290911871523e-05, "width_d": 0.00246119894948683}