{"numgrasp": 286, "translation_d": 6.007640795125463e-09, "rotation_d": 4.732739079788819e-05, "width_d": 0.0026983480439177767}