{"numgrasp": 253, "translation_d": 5.5910776074821565e-09, "rotation_d": 4.5555574880654785e-05, "width_d": 0.0032660339435706637}