{"numgrasp": 250, "translation_d": 5.500278134140061e-09, "rotation_d": 4.798070509302903e-05, "width_d": 0.002876654642618102}