{"numgrasp": 261, "translation_d": 5.211081173228738e-09, "rotation_d": 4.793948123035157e-05, "width_d": 0.002751450691076379}