{"numgrasp": 256, "translation_d": 4.890695284392323e-09, "rotation_d": 4.722094174438596e-05, "width_d": 0.0026483017460425884}