{"numgrasp": 253, "translation_d": 5.243389660921243e-09, "rotation_d": 4.818465207943204e-05, "width_d": 0.0024313633835883145}