{"numgrasp": 246, "translation_d": 5.079526743292026e-09, "rotation_d": 4.7659280797587594e-05, "width_d": 0.0021605363454201016}