{"numgrasp": 299, "translation_d": 6.215976854579047e-09, "rotation_d": 4.7299817549050935e-05, "width_d": 0.0029209450993093}