{"numgrasp": 262, "translation_d": 5.1236607056186536e-09, "rotation_d": 5.452914571232084e-05, "width_d": 0.001736698302126413}