{"numgrasp": 250, "translation_d": 5.079031870320313e-09, "rotation_d": 5.1122529781627235e-05, "width_d": 0.001983028517040519}