{"numgrasp": 248, "translation_d": 5.211399967264323e-09, "rotation_d": 5.379136463821131e-05, "width_d": 0.0027735817104618974}