{"numgrasp": 198, "translation_d": 6.645477942342411e-09, "rotation_d": 5.449536767509895e-05, "width_d": 0.0023917196669043864}