{"numgrasp": 202, "translation_d": 6.637234484571266e-09, "rotation_d": 5.461270964780999e-05, "width_d": 0.0025098205872710585}