{"numgrasp": 181, "translation_d": 6.837240074213345e-09, "rotation_d": 5.410516537569031e-05, "width_d": 0.002576822083066659}