{"numgrasp": 167, "translation_d": 6.2576244766578845e-09, "rotation_d": 5.125239517595609e-05, "width_d": 0.0027912253298007636}