{"numgrasp": 208, "translation_d": 6.544188220824845e-09, "rotation_d": 5.3177246072274776e-05, "width_d": 0.0025486431964488144}