{"numgrasp": 214, "translation_d": 6.170273690369832e-09, "rotation_d": 5.522323357347187e-05, "width_d": 0.002453703716305286}