{"numgrasp": 187, "translation_d": 6.497967499833288e-09, "rotation_d": 5.3786100168430574e-05, "width_d": 0.0022431004141503876}