{"numgrasp": 196, "translation_d": 6.7455909936807256e-09, "rotation_d": 5.346833860782833e-05, "width_d": 0.002308910173918549}