{"numgrasp": 210, "translation_d": 5.849474033477212e-09, "rotation_d": 5.330111710985925e-05, "width_d": 0.002350440856602533}