{"numgrasp": 195, "translation_d": 5.981198996594925e-09, "rotation_d": 4.3775565174783974e-05, "width_d": 0.0023578311215590505}