{"numgrasp": 212, "translation_d": 6.373672859178636e-09, "rotation_d": 4.336657993700136e-05, "width_d": 0.002383426064125586}