{"numgrasp": 193, "translation_d": 6.410009332161815e-09, "rotation_d": 4.4901254428103534e-05, "width_d": 0.002383106171006684}