{"numgrasp": 221, "translation_d": 6.011308887945607e-09, "rotation_d": 4.7240192298492534e-05, "width_d": 0.0028001688497765777}