{"numgrasp": 217, "translation_d": 6.027720014993528e-09, "rotation_d": 4.779887101592155e-05, "width_d": 0.0027867169787460454}