{"numgrasp": 210, "translation_d": 6.038729218128114e-09, "rotation_d": 4.782461793132322e-05, "width_d": 0.0028347282946257005}