{"numgrasp": 199, "translation_d": 5.599333336388187e-09, "rotation_d": 4.738024138336273e-05, "width_d": 0.002730527634349908}