{"numgrasp": 206, "translation_d": 6.1709799306400285e-09, "rotation_d": 4.808455940976633e-05, "width_d": 0.0029670949107159384}