{"numgrasp": 204, "translation_d": 5.199006695264152e-09, "rotation_d": 4.016590732986047e-05, "width_d": 0.0032664582392327537}