{"numgrasp": 214, "translation_d": 5.860478715108002e-09, "rotation_d": 4.220152049231651e-05, "width_d": 0.002932989583938179}