{"numgrasp": 201, "translation_d": 6.251349497343127e-09, "rotation_d": 4.1212407630701625e-05, "width_d": 0.0026012870670234335}