{"numgrasp": 196, "translation_d": 5.316933250937821e-09, "rotation_d": 5.073208773796088e-05, "width_d": 0.0025077056945356168}