{"numgrasp": 204, "translation_d": 5.20691609140578e-09, "rotation_d": 4.603917838440698e-05, "width_d": 0.00299856820910221}