{"numgrasp": 222, "translation_d": 5.1053847203682765e-09, "rotation_d": 4.511015346443305e-05, "width_d": 0.0032600374846262067}