{"numgrasp": 224, "translation_d": 5.1882437441507675e-09, "rotation_d": 4.4858835655164576e-05, "width_d": 0.003185614140632108}