{"numgrasp": 206, "translation_d": 4.965641489105942e-09, "rotation_d": 4.5970789238125106e-05, "width_d": 0.0036376987235372583}