{"numgrasp": 184, "translation_d": 4.865257835765519e-09, "rotation_d": 4.870847694311967e-05, "width_d": 0.003411837314088972}