{"numgrasp": 218, "translation_d": 4.516701465591051e-09, "rotation_d": 5.657157197818447e-05, "width_d": 0.0037958266877430535}