{"numgrasp": 219, "translation_d": 4.799112641771424e-09, "rotation_d": 5.701577657539934e-05, "width_d": 0.0034865314607115646}