{"numgrasp": 234, "translation_d": 4.90607471838669e-09, "rotation_d": 5.654739104754291e-05, "width_d": 0.0033386223071398195}