{"numgrasp": 223, "translation_d": 4.867980016544864e-09, "rotation_d": 5.696820266599621e-05, "width_d": 0.003163977498734365}