{"numgrasp": 206, "translation_d": 4.690881751119846e-09, "rotation_d": 5.756941533376368e-05, "width_d": 0.002817545205150674}