{"numgrasp": 209, "translation_d": 4.845708581502025e-09, "rotation_d": 6.26740603504366e-05, "width_d": 0.0026923990572753484}