{"numgrasp": 211, "translation_d": 4.5042591853899515e-09, "rotation_d": 6.338221417962057e-05, "width_d": 0.0027231871692812}