{"numgrasp": 229, "translation_d": 4.452742705944304e-09, "rotation_d": 6.292194567822486e-05, "width_d": 0.0034907029607704346}