{"numgrasp": 224, "translation_d": 4.350711578293638e-09, "rotation_d": 6.11327771958128e-05, "width_d": 0.004310226563319949}