{"numgrasp": 170, "translation_d": 5.870172526228369e-09, "rotation_d": 4.617488601050288e-05, "width_d": 0.00172293979092674}