{"numgrasp": 234, "translation_d": 4.557283716629767e-09, "rotation_d": 5.958300154962278e-05, "width_d": 0.003709476672828071}