{"numgrasp": 232, "translation_d": 4.755929886242783e-09, "rotation_d": 6.081992513993959e-05, "width_d": 0.0035201442505753697}