{"numgrasp": 239, "translation_d": 4.498280871662285e-09, "rotation_d": 6.111108491161632e-05, "width_d": 0.003554519822725557}