{"numgrasp": 223, "translation_d": 4.740945646517134e-09, "rotation_d": 6.129934220589747e-05, "width_d": 0.003293001391931469}