{"numgrasp": 194, "translation_d": 4.567015743999908e-09, "rotation_d": 5.688681969111057e-05, "width_d": 0.0027907833005339404}