{"numgrasp": 176, "translation_d": 6.065025486537384e-09, "rotation_d": 4.5422105836780664e-05, "width_d": 0.0016000749987749542}