{"numgrasp": 193, "translation_d": 4.694783576703189e-09, "rotation_d": 0.00018485271409279764, "width_d": 0.0028355165894554703}