{"numgrasp": 199, "translation_d": 4.6002192847283825e-09, "rotation_d": 4.875725134722951e-05, "width_d": 0.002797531408787309}