{"numgrasp": 205, "translation_d": 4.8817833150751895e-09, "rotation_d": 5.319408846973299e-05, "width_d": 0.003164571310624917}