{"numgrasp": 192, "translation_d": 4.84888083979085e-09, "rotation_d": 5.5512305241683166e-05, "width_d": 0.0030746720597230794}