{"numgrasp": 202, "translation_d": 4.355030150237912e-09, "rotation_d": 5.404987043422852e-05, "width_d": 0.0034298962153547245}