{"numgrasp": 178, "translation_d": 6.323379643530395e-09, "rotation_d": 4.5669616211571054e-05, "width_d": 0.0017284698179565433}