{"numgrasp": 199, "translation_d": 4.343940911864046e-09, "rotation_d": 4.621026065636486e-05, "width_d": 0.0034745908086275396}