{"numgrasp": 202, "translation_d": 6.37903800931931e-09, "rotation_d": 4.4961827490398386e-05, "width_d": 0.0017610991335719486}