{"numgrasp": 205, "translation_d": 4.739911174483425e-09, "rotation_d": 4.479919204902872e-05, "width_d": 0.003413419096637368}