{"numgrasp": 203, "translation_d": 4.597516453976104e-09, "rotation_d": 4.5980550280983896e-05, "width_d": 0.0033950444810460904}