{"numgrasp": 194, "translation_d": 4.7349141530237776e-09, "rotation_d": 4.511227030760843e-05, "width_d": 0.003220002965077126}