{"numgrasp": 212, "translation_d": 4.775226869873898e-09, "rotation_d": 4.3860208063974575e-05, "width_d": 0.0032129810645669396}