{"numgrasp": 207, "translation_d": 5.195837152943115e-09, "rotation_d": 4.149545227518465e-05, "width_d": 0.003085106318504848}