{"numgrasp": 196, "translation_d": 4.961291462471187e-09, "rotation_d": 3.326910120828692e-05, "width_d": 0.002836870770507721}