{"numgrasp": 197, "translation_d": 4.6275102648763705e-09, "rotation_d": 4.1360511550648226e-05, "width_d": 0.003113310470139869}