{"numgrasp": 211, "translation_d": 5.925159947882471e-09, "rotation_d": 5.2173081216931634e-05, "width_d": 0.002419278049331995}