{"numgrasp": 191, "translation_d": 6.078747213306001e-09, "rotation_d": 4.128729102660559e-05, "width_d": 0.002233991218485635}