{"numgrasp": 182, "translation_d": 6.2698289570390085e-09, "rotation_d": 4.319603870336758e-05, "width_d": 0.002016349673024182}