{"numgrasp": 186, "translation_d": 6.8451747577894404e-09, "rotation_d": 4.803890089186971e-05, "width_d": 0.00165785582369362}