{"numgrasp": 221, "translation_d": 6.302115184285999e-09, "rotation_d": 4.954979365746691e-05, "width_d": 0.002478122329940432}