{"numgrasp": 162, "translation_d": 5.99594931877117e-09, "rotation_d": 4.604054491297411e-05, "width_d": 0.0015137210830234403}