{"numgrasp": 153, "translation_d": 6.302033033121058e-09, "rotation_d": 4.633048640444959e-05, "width_d": 0.0017700458958152562}