{"numgrasp": 177, "translation_d": 6.536925723413487e-09, "rotation_d": 4.7623832926205446e-05, "width_d": 0.0016071653074001145}