{"numgrasp": 177, "translation_d": 6.296660857516008e-09, "rotation_d": 4.264158996320832e-05, "width_d": 0.002102885709005633}