{"numgrasp": 158, "translation_d": 6.624115445714677e-09, "rotation_d": 4.125612845561118e-05, "width_d": 0.0022553448447115935}