{"numgrasp": 166, "translation_d": 6.686342804870083e-09, "rotation_d": 4.5497867028827486e-05, "width_d": 0.0020256104598329163}