{"numgrasp": 172, "translation_d": 6.831835583309873e-09, "rotation_d": 4.911067753296109e-05, "width_d": 0.001908428896234711}