{"numgrasp": 201, "translation_d": 6.768616257646726e-09, "rotation_d": 5.063970109534442e-05, "width_d": 0.001963388912369695}