{"numgrasp": 202, "translation_d": 6.8465482368152175e-09, "rotation_d": 5.0254884993356746e-05, "width_d": 0.0017783373916711717}