{"numgrasp": 180, "translation_d": 6.295726878988726e-09, "rotation_d": 5.1165746757857233e-05, "width_d": 0.001898314255578636}