{"numgrasp": 187, "translation_d": 7.076689691920806e-09, "rotation_d": 5.124872196562408e-05, "width_d": 0.001964212627828921}