{"numgrasp": 173, "translation_d": 6.34884634259944e-09, "rotation_d": 4.977163142646468e-05, "width_d": 0.0022414323901346887}