{"numgrasp": 160, "translation_d": 6.003262869369132e-09, "rotation_d": 5.0913871670242014e-05, "width_d": 0.0028061017646356656}