{"numgrasp": 201, "translation_d": 6.78380291857122e-09, "rotation_d": 5.250503240613463e-05, "width_d": 0.002225845805174925}