{"numgrasp": 210, "translation_d": 6.715538206037536e-09, "rotation_d": 5.244191678479075e-05, "width_d": 0.002145213140058864}