{"numgrasp": 184, "translation_d": 6.457060037441449e-09, "rotation_d": 5.472559688976278e-05, "width_d": 0.0021792111544908298}