{"numgrasp": 173, "translation_d": 6.5326896003843734e-09, "rotation_d": 5.4606643091755384e-05, "width_d": 0.002053357355032594}