{"numgrasp": 165, "translation_d": 6.684596148631034e-09, "rotation_d": 5.156626651822658e-05, "width_d": 0.002102585462768512}