{"numgrasp": 178, "translation_d": 6.8720249581465205e-09, "rotation_d": 5.925241380071132e-05, "width_d": 0.0024178684356325805}