{"numgrasp": 184, "translation_d": 6.182118581599186e-09, "rotation_d": 5.924828065203632e-05, "width_d": 0.002179409844008479}