{"numgrasp": 183, "translation_d": 6.646081281671654e-09, "rotation_d": 5.808664251247818e-05, "width_d": 0.0023121268457287746}