{"numgrasp": 188, "translation_d": 6.486351784633325e-09, "rotation_d": 5.7138286177710355e-05, "width_d": 0.002235607297736022}