{"numgrasp": 195, "translation_d": 6.4789646925896495e-09, "rotation_d": 5.7340796282399234e-05, "width_d": 0.0021741108693197776}