{"numgrasp": 201, "translation_d": 6.560972064544326e-09, "rotation_d": 5.6891053137643396e-05, "width_d": 0.0022999816820769878}