{"numgrasp": 192, "translation_d": 5.9236980858632785e-09, "rotation_d": 4.823090733189404e-05, "width_d": 0.0020179088169976814}