{"numgrasp": 140, "translation_d": 4.97290496018268e-09, "rotation_d": 5.7648023446115107e-05, "width_d": 0.004192798398251896}