{"numgrasp": 147, "translation_d": 4.928121993806479e-09, "rotation_d": 5.789114962484062e-05, "width_d": 0.004770517541701826}