{"numgrasp": 143, "translation_d": 4.576286153114764e-09, "rotation_d": 5.845387183644111e-05, "width_d": 0.005138902833774501}