{"numgrasp": 153, "translation_d": 4.651924964189434e-09, "rotation_d": 5.8198320205927875e-05, "width_d": 0.005617908774306065}