{"numgrasp": 160, "translation_d": 4.253190914958647e-09, "rotation_d": 5.933139716687677e-05, "width_d": 0.007118243868755176}