{"numgrasp": 151, "translation_d": 4.315701197522879e-09, "rotation_d": 5.617572704451927e-05, "width_d": 0.006487959585530576}