{"numgrasp": 186, "translation_d": 6.295418839307105e-09, "rotation_d": 5.6495997907663404e-05, "width_d": 0.0050422513550086225}