{"numgrasp": 153, "translation_d": 4.77209186893907e-09, "rotation_d": 5.4789525783841765e-05, "width_d": 0.0034545203617879364}