{"numgrasp": 154, "translation_d": 4.9241120236537665e-09, "rotation_d": 5.4741399829659686e-05, "width_d": 0.0033535843762650206}