{"numgrasp": 146, "translation_d": 5.003554967381947e-09, "rotation_d": 5.3520915537997326e-05, "width_d": 0.0030502311369686374}