{"numgrasp": 149, "translation_d": 4.590604204463119e-09, "rotation_d": 5.463793297151211e-05, "width_d": 0.002827497848560571}