{"numgrasp": 149, "translation_d": 4.927190030352437e-09, "rotation_d": 5.389398126789363e-05, "width_d": 0.002735289113968698}