{"numgrasp": 137, "translation_d": 5.05492586400216e-09, "rotation_d": 5.359553315146902e-05, "width_d": 0.00268727670654331}