{"numgrasp": 156, "translation_d": 4.5513198875512345e-09, "rotation_d": 5.075939364242395e-05, "width_d": 0.003178413692755504}