{"numgrasp": 160, "translation_d": 4.342719421075165e-09, "rotation_d": 5.2001291998410795e-05, "width_d": 0.0035173218295666054}