{"numgrasp": 159, "translation_d": 4.029808225068665e-09, "rotation_d": 5.1010685753035914e-05, "width_d": 0.0039291755716571635}