{"numgrasp": 159, "translation_d": 4.090369946805948e-09, "rotation_d": 5.150731017533049e-05, "width_d": 0.004455558860848409}