{"numgrasp": 159, "translation_d": 4.304790889847734e-09, "rotation_d": 5.0990437265234225e-05, "width_d": 0.004710931644530955}