{"numgrasp": 174, "translation_d": 6.236583055714383e-09, "rotation_d": 5.7161080850654124e-05, "width_d": 0.005618403935436478}