{"numgrasp": 155, "translation_d": 4.5262873217588885e-09, "rotation_d": 4.324589360787591e-05, "width_d": 0.0034794139119622806}