{"numgrasp": 162, "translation_d": 4.162249875345493e-09, "rotation_d": 4.436095722377737e-05, "width_d": 0.003151672493453542}