{"numgrasp": 153, "translation_d": 4.5429470283389474e-09, "rotation_d": 4.325719089895314e-05, "width_d": 0.003154807855235279}