{"numgrasp": 155, "translation_d": 4.43794653528693e-09, "rotation_d": 4.425575087612377e-05, "width_d": 0.003089399558362425}