{"numgrasp": 160, "translation_d": 4.995551419267838e-09, "rotation_d": 4.3756542538457735e-05, "width_d": 0.002714044322535551}