{"numgrasp": 142, "translation_d": 5.619432776720007e-09, "rotation_d": 4.080928409990423e-05, "width_d": 0.0025255938722765583}