{"numgrasp": 145, "translation_d": 5.888588526227655e-09, "rotation_d": 3.8819860430609204e-05, "width_d": 0.003023042869427235}