{"numgrasp": 145, "translation_d": 5.890356275434301e-09, "rotation_d": 3.95891448137249e-05, "width_d": 0.0028716755367233318}