{"numgrasp": 143, "translation_d": 5.177769056306485e-09, "rotation_d": 3.795181675657896e-05, "width_d": 0.003018619610674975}