{"numgrasp": 146, "translation_d": 5.337715915484591e-09, "rotation_d": 3.842897557490623e-05, "width_d": 0.0029735532842508254}