{"numgrasp": 148, "translation_d": 5.24166352110443e-09, "rotation_d": 3.545122454775838e-05, "width_d": 0.004080528720990492}