{"numgrasp": 137, "translation_d": 5.258893962669116e-09, "rotation_d": 3.354864895971236e-05, "width_d": 0.003097660363523772}