{"numgrasp": 141, "translation_d": 5.390627456865015e-09, "rotation_d": 3.4677362700668816e-05, "width_d": 0.003124335680860957}