{"numgrasp": 135, "translation_d": 6.0709100488027045e-09, "rotation_d": 3.651082599935899e-05, "width_d": 0.0035386256378187333}