{"numgrasp": 146, "translation_d": 6.504071256487297e-09, "rotation_d": 4.8920796445115404e-05, "width_d": 0.0033217533461156047}