{"numgrasp": 136, "translation_d": 5.924822223187924e-09, "rotation_d": 4.412000802951786e-05, "width_d": 0.003573468612309565}