{"numgrasp": 144, "translation_d": 5.981108707797092e-09, "rotation_d": 4.043024679291031e-05, "width_d": 0.003374005338300658}