{"numgrasp": 143, "translation_d": 6.274105336787937e-09, "rotation_d": 3.964550639712295e-05, "width_d": 0.0032240899426950126}