{"numgrasp": 138, "translation_d": 6.120091749897088e-09, "rotation_d": 3.771452458745454e-05, "width_d": 0.003377682274978455}