{"numgrasp": 144, "translation_d": 6.5815143639849115e-09, "rotation_d": 4.803934554511042e-05, "width_d": 0.003658351644513203}