{"numgrasp": 147, "translation_d": 5.967278729753914e-09, "rotation_d": 5.097399700702781e-05, "width_d": 0.003727267947696887}