{"numgrasp": 136, "translation_d": 6.0352234371096425e-09, "rotation_d": 5.5533505475744884e-05, "width_d": 0.0042721579737911896}