{"numgrasp": 138, "translation_d": 6.675526270180931e-09, "rotation_d": 5.696806069275537e-05, "width_d": 0.004297040213758612}