{"numgrasp": 141, "translation_d": 6.683747101642992e-09, "rotation_d": 6.021518976094839e-05, "width_d": 0.003985331072960481}