{"numgrasp": 171, "translation_d": 6.139893149725591e-09, "rotation_d": 5.319648390921877e-05, "width_d": 0.005785672001321828}