{"numgrasp": 155, "translation_d": 6.324632175612158e-09, "rotation_d": 5.825713295790828e-05, "width_d": 0.003416042185232472}