{"numgrasp": 141, "translation_d": 6.764428211288396e-09, "rotation_d": 5.9456498263300344e-05, "width_d": 0.003662374597234074}