{"numgrasp": 139, "translation_d": 6.6068376777071975e-09, "rotation_d": 5.8070907338308285e-05, "width_d": 0.0037754520836933295}