{"numgrasp": 146, "translation_d": 6.419809324879437e-09, "rotation_d": 5.615627870613409e-05, "width_d": 0.003851948661187705}