{"numgrasp": 178, "translation_d": 6.187687493782974e-09, "rotation_d": 5.2830937101236975e-05, "width_d": 0.005529254255207057}