{"numgrasp": 149, "translation_d": 5.999866234051692e-09, "rotation_d": 5.248683981210667e-05, "width_d": 0.00400878163824759}