{"numgrasp": 139, "translation_d": 5.63583933258149e-09, "rotation_d": 5.058574854139465e-05, "width_d": 0.003975396206279942}