{"numgrasp": 152, "translation_d": 6.186125297608058e-09, "rotation_d": 5.4875599856882264e-05, "width_d": 0.004620939986363807}