{"numgrasp": 154, "translation_d": 6.275165592802263e-09, "rotation_d": 5.816475222270619e-05, "width_d": 0.003551840805462534}