{"numgrasp": 158, "translation_d": 6.744033445721077e-09, "rotation_d": 5.721869358858195e-05, "width_d": 0.0035682297756518887}