{"numgrasp": 160, "translation_d": 6.994641543930739e-09, "rotation_d": 5.534138096575381e-05, "width_d": 0.002995148258448644}