{"numgrasp": 160, "translation_d": 6.504808532498002e-09, "rotation_d": 5.139611182331674e-05, "width_d": 0.0036197039939155594}