{"numgrasp": 170, "translation_d": 6.74748057110525e-09, "rotation_d": 5.61470617518063e-05, "width_d": 0.0037557441670339046}