{"numgrasp": 154, "translation_d": 6.1637726309992785e-09, "rotation_d": 5.6207272718523395e-05, "width_d": 0.004335464944143281}