{"numgrasp": 157, "translation_d": 6.758536200149204e-09, "rotation_d": 5.701434256275234e-05, "width_d": 0.004062478640670388}