{"numgrasp": 147, "translation_d": 6.455352716863117e-09, "rotation_d": 5.634753948023851e-05, "width_d": 0.004248052393465985}