{"numgrasp": 156, "translation_d": 6.315119716364824e-09, "rotation_d": 5.827962557349583e-05, "width_d": 0.00486604252527686}