{"numgrasp": 178, "translation_d": 6.065309385999955e-09, "rotation_d": 5.2288896927157706e-05, "width_d": 0.0036812980647713237}