{"numgrasp": 159, "translation_d": 6.388743461318044e-09, "rotation_d": 4.889832816133866e-05, "width_d": 0.003083328831875768}