{"numgrasp": 184, "translation_d": 6.4600327726273405e-09, "rotation_d": 4.759191671321518e-05, "width_d": 0.0046950057545872455}