{"numgrasp": 174, "translation_d": 5.578297749949421e-09, "rotation_d": 4.634180225626733e-05, "width_d": 0.005523440007477895}