{"numgrasp": 179, "translation_d": 5.497860348588477e-09, "rotation_d": 4.663417527597796e-05, "width_d": 0.005753428986680003}