{"numgrasp": 174, "translation_d": 5.387999475411883e-09, "rotation_d": 4.7544844650601066e-05, "width_d": 0.0062335210146209465}