{"numgrasp": 174, "translation_d": 5.596865421538165e-09, "rotation_d": 4.801320836336062e-05, "width_d": 0.0069060775595144565}