{"numgrasp": 171, "translation_d": 5.0351986889645865e-09, "rotation_d": 4.692169726596865e-05, "width_d": 0.007175830433308035}