{"numgrasp": 170, "translation_d": 5.0048326320297e-09, "rotation_d": 4.684666158681808e-05, "width_d": 0.00839397588333252}