{"numgrasp": 162, "translation_d": 5.469841833435506e-09, "rotation_d": 4.358367082626117e-05, "width_d": 0.007105526217068567}