{"numgrasp": 171, "translation_d": 6.215173124399382e-09, "rotation_d": 5.465296365629195e-05, "width_d": 0.003410417309010259}