{"numgrasp": 172, "translation_d": 5.489591609186021e-09, "rotation_d": 4.3056230946602495e-05, "width_d": 0.00523609406282902}