{"numgrasp": 176, "translation_d": 5.822530205732161e-09, "rotation_d": 4.484092227313913e-05, "width_d": 0.004222403019186719}