{"numgrasp": 185, "translation_d": 5.768596702254946e-09, "rotation_d": 4.4762620868014345e-05, "width_d": 0.004207661366020274}