{"numgrasp": 171, "translation_d": 5.7122585492731264e-09, "rotation_d": 4.513241479439184e-05, "width_d": 0.003209549682949632}