{"numgrasp": 152, "translation_d": 6.061941492189164e-09, "rotation_d": 4.876378799343299e-05, "width_d": 0.0036980750220029016}