{"numgrasp": 149, "translation_d": 5.438195836127554e-09, "rotation_d": 4.811292546947332e-05, "width_d": 0.004310561854694176}