{"numgrasp": 165, "translation_d": 5.629065764685643e-09, "rotation_d": 4.668719530696906e-05, "width_d": 0.005224765699136499}