{"numgrasp": 171, "translation_d": 5.468191382547203e-09, "rotation_d": 4.80446347502674e-05, "width_d": 0.006226181065712484}