{"numgrasp": 163, "translation_d": 5.215375106825234e-09, "rotation_d": 4.9876750001181265e-05, "width_d": 0.0076626795479663775}