{"numgrasp": 167, "translation_d": 4.324716543935407e-09, "rotation_d": 5.832227029650496e-05, "width_d": 0.007764892731500182}