{"numgrasp": 157, "translation_d": 4.798095829374416e-09, "rotation_d": 5.79995532671023e-05, "width_d": 0.006559106417756645}