{"numgrasp": 142, "translation_d": 5.121195018489258e-09, "rotation_d": 5.453945068036898e-05, "width_d": 0.004645726020957195}