{"numgrasp": 149, "translation_d": 5.601570621814109e-09, "rotation_d": 5.4264562320472136e-05, "width_d": 0.004175900807141163}