{"numgrasp": 142, "translation_d": 5.729481273049352e-09, "rotation_d": 5.381726990699204e-05, "width_d": 0.00385599942662885}