{"numgrasp": 146, "translation_d": 6.103242517686091e-09, "rotation_d": 5.344607842483565e-05, "width_d": 0.003786849501137311}