{"numgrasp": 142, "translation_d": 5.876561207713871e-09, "rotation_d": 5.3489638079398735e-05, "width_d": 0.003272243625001063}