{"numgrasp": 138, "translation_d": 6.2910810290355426e-09, "rotation_d": 5.2903532409614644e-05, "width_d": 0.0028156528025794748}