{"numgrasp": 145, "translation_d": 5.749529051686666e-09, "rotation_d": 5.440721351404728e-05, "width_d": 0.0028336388743620865}