{"numgrasp": 134, "translation_d": 5.56083647161257e-09, "rotation_d": 5.46185580965325e-05, "width_d": 0.0027420348776967377}