{"numgrasp": 144, "translation_d": 5.839836149430443e-09, "rotation_d": 5.490309912733411e-05, "width_d": 0.003109726198712902}