{"numgrasp": 150, "translation_d": 4.9958691081414195e-09, "rotation_d": 5.684238723092441e-05, "width_d": 0.0038491661162981133}