{"numgrasp": 282, "translation_d": 5.890763604760441e-09, "rotation_d": 4.809850169869069e-05, "width_d": 0.0029988186848003457}