{"numgrasp": 340, "translation_d": 5.629460360228987e-09, "rotation_d": 5.1146579522904594e-05, "width_d": 0.004093206276145343}