{"numgrasp": 316, "translation_d": 5.8638005132351195e-09, "rotation_d": 5.156725107377674e-05, "width_d": 0.004676359507396655}