{"numgrasp": 332, "translation_d": 5.721806311484738e-09, "rotation_d": 5.178382378835887e-05, "width_d": 0.0051016742712511965}