{"numgrasp": 295, "translation_d": 5.503649984539744e-09, "rotation_d": 5.0069320344401136e-05, "width_d": 0.005226926268239822}