{"numgrasp": 303, "translation_d": 5.60326085283094e-09, "rotation_d": 4.8864395024493786e-05, "width_d": 0.004259721483167403}