{"numgrasp": 316, "translation_d": 5.377464219796044e-09, "rotation_d": 4.81452572689571e-05, "width_d": 0.0037380836218523575}