{"numgrasp": 312, "translation_d": 5.516574641654855e-09, "rotation_d": 5.02532045888921e-05, "width_d": 0.0032957669360094448}