{"numgrasp": 272, "translation_d": 5.72458863317361e-09, "rotation_d": 4.7521022194114366e-05, "width_d": 0.0031846434445118145}