{"numgrasp": 310, "translation_d": 5.133375958825978e-09, "rotation_d": 4.809684287245137e-05, "width_d": 0.003922814075963667}