{"numgrasp": 288, "translation_d": 4.991533047582475e-09, "rotation_d": 4.894923427347663e-05, "width_d": 0.004517760797630118}