{"numgrasp": 333, "translation_d": 6.511388681583586e-09, "rotation_d": 4.199713261086856e-05, "width_d": 0.004188845709275497}