{"numgrasp": 256, "translation_d": 4.9621266102517885e-09, "rotation_d": 4.874954273791783e-05, "width_d": 0.00429952479979973}