{"numgrasp": 309, "translation_d": 5.090462062776956e-09, "rotation_d": 4.843811425953244e-05, "width_d": 0.004133377505269012}