{"numgrasp": 323, "translation_d": 5.01533261228222e-09, "rotation_d": 4.846126957857366e-05, "width_d": 0.0035085112865158737}