{"numgrasp": 313, "translation_d": 5.510402285335286e-09, "rotation_d": 4.925243444969092e-05, "width_d": 0.003351066592412073}