{"numgrasp": 327, "translation_d": 5.559385844747513e-09, "rotation_d": 5.343593692173227e-05, "width_d": 0.0031837840192158835}