{"numgrasp": 340, "translation_d": 5.7300464127989166e-09, "rotation_d": 5.2612179592579507e-05, "width_d": 0.0032596057583470003}