{"numgrasp": 338, "translation_d": 5.565889526901225e-09, "rotation_d": 5.251305250136531e-05, "width_d": 0.003537115983377589}