{"numgrasp": 315, "translation_d": 5.495149910190893e-09, "rotation_d": 5.16269505845792e-05, "width_d": 0.003770099877801762}