{"numgrasp": 312, "translation_d": 5.779902030334393e-09, "rotation_d": 5.110935665915167e-05, "width_d": 0.004066419464404404}