{"numgrasp": 323, "translation_d": 5.2583353088227084e-09, "rotation_d": 5.2212518173819805e-05, "width_d": 0.0045871953134929856}