{"numgrasp": 329, "translation_d": 6.487143354569511e-09, "rotation_d": 4.266709704055862e-05, "width_d": 0.005103241479833647}