{"numgrasp": 283, "translation_d": 5.189870420450544e-09, "rotation_d": 5.29853511447348e-05, "width_d": 0.00491700756052018}