{"numgrasp": 327, "translation_d": 5.1403826315634755e-09, "rotation_d": 5.3598688631731456e-05, "width_d": 0.005340137412320571}