{"numgrasp": 324, "translation_d": 5.111472816554011e-09, "rotation_d": 5.45618308637879e-05, "width_d": 0.005412806025820475}