{"numgrasp": 332, "translation_d": 4.643744086454869e-09, "rotation_d": 5.449521064864858e-05, "width_d": 0.005194144757044201}