{"numgrasp": 329, "translation_d": 5.02191677864573e-09, "rotation_d": 5.377589713930858e-05, "width_d": 0.004300305614716949}