{"numgrasp": 359, "translation_d": 5.6278560472922446e-09, "rotation_d": 5.383017564460343e-05, "width_d": 0.0035391989134862774}