{"numgrasp": 349, "translation_d": 6.4307719256941116e-09, "rotation_d": 4.5057455989321435e-05, "width_d": 0.004353344814316339}