{"numgrasp": 372, "translation_d": 5.192974779461274e-09, "rotation_d": 5.286752976241975e-05, "width_d": 0.00353281663142635}