{"numgrasp": 356, "translation_d": 5.025227063924676e-09, "rotation_d": 5.382321884187597e-05, "width_d": 0.003902450309915336}