{"numgrasp": 345, "translation_d": 6.094583391368615e-09, "rotation_d": 4.5309672599635665e-05, "width_d": 0.004126390019061458}