{"numgrasp": 357, "translation_d": 4.9863147035384456e-09, "rotation_d": 5.4697986917063414e-05, "width_d": 0.004611653465468584}