{"numgrasp": 357, "translation_d": 4.8524487902122516e-09, "rotation_d": 5.421613708164919e-05, "width_d": 0.0050966412906113335}