{"numgrasp": 374, "translation_d": 6.109956580798063e-09, "rotation_d": 4.6979623298673165e-05, "width_d": 0.0027663324164030985}