{"numgrasp": 350, "translation_d": 4.863673628573499e-09, "rotation_d": 5.322294202111951e-05, "width_d": 0.004404159579659602}