{"numgrasp": 380, "translation_d": 5.047246392127887e-09, "rotation_d": 5.0203033427714786e-05, "width_d": 0.003819157971719427}