{"numgrasp": 337, "translation_d": 6.2862468651209345e-09, "rotation_d": 4.4330788852226634e-05, "width_d": 0.004010798218739236}