{"numgrasp": 334, "translation_d": 4.924510241509101e-09, "rotation_d": 4.8244242283813916e-05, "width_d": 0.0035843955813905913}