{"numgrasp": 297, "translation_d": 4.6627254058188536e-09, "rotation_d": 4.674226664948262e-05, "width_d": 0.003543484564593269}