{"numgrasp": 339, "translation_d": 4.489125824460392e-09, "rotation_d": 4.612202160035079e-05, "width_d": 0.003391166970339592}