{"numgrasp": 379, "translation_d": 4.591734787368107e-09, "rotation_d": 4.995206033151618e-05, "width_d": 0.0049272987877888984}