{"numgrasp": 391, "translation_d": 4.373354830972069e-09, "rotation_d": 4.3776905038243705e-05, "width_d": 0.004807813728891173}