{"numgrasp": 399, "translation_d": 4.274125940845308e-09, "rotation_d": 4.538313926765678e-05, "width_d": 0.004479508622937583}