{"numgrasp": 380, "translation_d": 4.284311255033852e-09, "rotation_d": 4.4498878366919475e-05, "width_d": 0.004127162144489137}