{"numgrasp": 375, "translation_d": 4.190625193426559e-09, "rotation_d": 4.490175900402216e-05, "width_d": 0.004079828092208936}