{"numgrasp": 351, "translation_d": 4.424750656540519e-09, "rotation_d": 4.527398369554011e-05, "width_d": 0.003990249416665933}