{"numgrasp": 334, "translation_d": 4.417585158583565e-09, "rotation_d": 4.6116710975553133e-05, "width_d": 0.004218807554548151}