{"numgrasp": 368, "translation_d": 6.228485325908733e-09, "rotation_d": 4.40039315235467e-05, "width_d": 0.0034758969605142185}