{"numgrasp": 288, "translation_d": 4.421801074517897e-09, "rotation_d": 4.7522163260169784e-05, "width_d": 0.0034866508973674716}