{"numgrasp": 353, "translation_d": 4.4130857856526e-09, "rotation_d": 4.7692565144935844e-05, "width_d": 0.0037228742248191235}