{"numgrasp": 315, "translation_d": 4.259447808463107e-09, "rotation_d": 4.707681584722665e-05, "width_d": 0.0037228805559853706}