{"numgrasp": 353, "translation_d": 4.211322786169423e-09, "rotation_d": 4.5787211454060676e-05, "width_d": 0.0036849226845197184}