{"numgrasp": 381, "translation_d": 4.113248265637105e-09, "rotation_d": 4.489866184909554e-05, "width_d": 0.004099793272883191}