{"numgrasp": 361, "translation_d": 4.175855154653886e-09, "rotation_d": 4.478116981822988e-05, "width_d": 0.004305368222927836}