{"numgrasp": 374, "translation_d": 4.1535700642493935e-09, "rotation_d": 4.215841589940575e-05, "width_d": 0.004233273447828473}