{"numgrasp": 374, "translation_d": 3.973813250555841e-09, "rotation_d": 4.1349998477126134e-05, "width_d": 0.0046727567549297}