{"numgrasp": 409, "translation_d": 3.908206871956547e-09, "rotation_d": 4.108934958715474e-05, "width_d": 0.004941763899180773}