{"numgrasp": 400, "translation_d": 5.988837322007256e-09, "rotation_d": 4.503539552678791e-05, "width_d": 0.0027983727476455175}