{"numgrasp": 392, "translation_d": 6.03358098399121e-09, "rotation_d": 4.634282271718425e-05, "width_d": 0.0029337309055663466}