{"numgrasp": 388, "translation_d": 6.357057918347786e-09, "rotation_d": 4.707765006629679e-05, "width_d": 0.0030237586838204504}