{"numgrasp": 396, "translation_d": 6.389478015727886e-09, "rotation_d": 4.712463890210098e-05, "width_d": 0.003237864377983247}