{"numgrasp": 367, "translation_d": 6.373094819601906e-09, "rotation_d": 4.544197808390182e-05, "width_d": 0.0029795263571410894}