{"numgrasp": 361, "translation_d": 5.87539103224466e-09, "rotation_d": 4.837792166564627e-05, "width_d": 0.003467094696039107}