{"numgrasp": 351, "translation_d": 6.178055754576107e-09, "rotation_d": 4.816736118651775e-05, "width_d": 0.0036694511803529923}