{"numgrasp": 340, "translation_d": 6.139192996837894e-09, "rotation_d": 4.813553619642264e-05, "width_d": 0.0037563438752843932}