{"numgrasp": 341, "translation_d": 5.862750527631092e-09, "rotation_d": 5.221637176258702e-05, "width_d": 0.004196527512466981}