{"numgrasp": 354, "translation_d": 6.057538092394733e-09, "rotation_d": 5.288264295025397e-05, "width_d": 0.003616575779648977}