{"numgrasp": 366, "translation_d": 6.2522652360965205e-09, "rotation_d": 5.328034696634662e-05, "width_d": 0.0035202385731052835}