{"numgrasp": 370, "translation_d": 6.14375858083755e-09, "rotation_d": 5.2446407458958506e-05, "width_d": 0.0031075665767651556}