{"numgrasp": 368, "translation_d": 6.040792821879428e-09, "rotation_d": 5.9151969414855495e-05, "width_d": 0.002695011185341067}