{"numgrasp": 351, "translation_d": 5.883602690337396e-09, "rotation_d": 5.5503126310675895e-05, "width_d": 0.003488596831115119}