{"numgrasp": 339, "translation_d": 5.855852339259337e-09, "rotation_d": 5.543911230865851e-05, "width_d": 0.0036710855669941497}