{"numgrasp": 342, "translation_d": 6.160702929431326e-09, "rotation_d": 5.303719239924261e-05, "width_d": 0.004248006857537254}