{"numgrasp": 342, "translation_d": 5.709714708602292e-09, "rotation_d": 5.623501883550029e-05, "width_d": 0.0030035349045009754}