{"numgrasp": 323, "translation_d": 5.822067360778064e-09, "rotation_d": 5.586635865849456e-05, "width_d": 0.00263672740905463}