{"numgrasp": 303, "translation_d": 5.365765330799209e-09, "rotation_d": 5.224426243682056e-05, "width_d": 0.002687833815200229}