{"numgrasp": 331, "translation_d": 5.902895052578728e-09, "rotation_d": 5.127822266871155e-05, "width_d": 0.0038961473074117553}