{"numgrasp": 300, "translation_d": 7.323220689236991e-09, "rotation_d": 5.390721424658674e-05, "width_d": 0.0028908524298107917}