{"numgrasp": 341, "translation_d": 6.9467679685522654e-09, "rotation_d": 5.126946374443218e-05, "width_d": 0.0052112049498312454}