{"numgrasp": 322, "translation_d": 6.770126545502242e-09, "rotation_d": 5.229432392092429e-05, "width_d": 0.004999135854071424}