{"numgrasp": 322, "translation_d": 6.5432308151142146e-09, "rotation_d": 5.314813202671261e-05, "width_d": 0.004582486296130681}