{"numgrasp": 287, "translation_d": 5.9442452174813e-09, "rotation_d": 5.167840530501641e-05, "width_d": 0.004221956202348345}