{"numgrasp": 294, "translation_d": 6.889049279643205e-09, "rotation_d": 5.390775970365733e-05, "width_d": 0.004598444396353211}