{"numgrasp": 300, "translation_d": 6.806891454980522e-09, "rotation_d": 5.3927398888784146e-05, "width_d": 0.004261842574019831}