{"numgrasp": 275, "translation_d": 6.9423833281386355e-09, "rotation_d": 5.485610112507684e-05, "width_d": 0.00316343393303103}