{"numgrasp": 286, "translation_d": 7.147643395595168e-09, "rotation_d": 5.492188694645655e-05, "width_d": 0.0034810504970815706}