{"numgrasp": 288, "translation_d": 6.594196575202684e-09, "rotation_d": 5.470403972719636e-05, "width_d": 0.003715293989951259}