{"numgrasp": 306, "translation_d": 7.102715021043634e-09, "rotation_d": 5.3863274978030156e-05, "width_d": 0.0042450536622118664}