{"numgrasp": 314, "translation_d": 6.724877689598903e-09, "rotation_d": 5.269771115221469e-05, "width_d": 0.004508645105310066}