{"numgrasp": 309, "translation_d": 6.490369499423907e-09, "rotation_d": 5.161333029754466e-05, "width_d": 0.005142430314137247}