{"numgrasp": 311, "translation_d": 6.6390345151037615e-09, "rotation_d": 5.0644857749241824e-05, "width_d": 0.005015096142142047}