{"numgrasp": 303, "translation_d": 6.6648613056483764e-09, "rotation_d": 5.1174584399136676e-05, "width_d": 0.004375646436032228}