{"numgrasp": 325, "translation_d": 6.8159108942726e-09, "rotation_d": 4.940899238000662e-05, "width_d": 0.0037446418835486808}