{"numgrasp": 329, "translation_d": 6.761936294563236e-09, "rotation_d": 4.845912384372433e-05, "width_d": 0.003440978052563314}