{"numgrasp": 318, "translation_d": 6.0984073114250015e-09, "rotation_d": 4.766872306944571e-05, "width_d": 0.00315570831682395}