{"numgrasp": 298, "translation_d": 6.56245031625963e-09, "rotation_d": 4.808341534217662e-05, "width_d": 0.003301774133091004}