{"numgrasp": 321, "translation_d": 6.542532523051955e-09, "rotation_d": 4.805387040631937e-05, "width_d": 0.0036697488855081976}