{"numgrasp": 302, "translation_d": 6.291609351862282e-09, "rotation_d": 4.832980893574167e-05, "width_d": 0.004213582728955901}