{"numgrasp": 305, "translation_d": 6.123368276562152e-09, "rotation_d": 4.903074605363465e-05, "width_d": 0.004783884045369558}