{"numgrasp": 322, "translation_d": 6.6600333612505245e-09, "rotation_d": 4.800156200707933e-05, "width_d": 0.0038586133636868635}