{"numgrasp": 306, "translation_d": 6.7602775208104594e-09, "rotation_d": 4.789073789886112e-05, "width_d": 0.0036840462680708588}