{"numgrasp": 333, "translation_d": 6.284601933239951e-09, "rotation_d": 4.8027997709351855e-05, "width_d": 0.0035778384503806376}