{"numgrasp": 311, "translation_d": 5.5633692237307846e-09, "rotation_d": 5.1213306381723356e-05, "width_d": 0.00503785044193074}