{"numgrasp": 322, "translation_d": 6.243252911040024e-09, "rotation_d": 5.278066804474102e-05, "width_d": 0.0029084544105367196}