{"numgrasp": 356, "translation_d": 6.190044292740464e-09, "rotation_d": 5.0579251505965764e-05, "width_d": 0.0035980355667684346}