{"numgrasp": 367, "translation_d": 6.524890606543881e-09, "rotation_d": 5.0692031171664745e-05, "width_d": 0.0035290446277253355}