{"numgrasp": 359, "translation_d": 6.429684053408684e-09, "rotation_d": 4.965680000174909e-05, "width_d": 0.003557665586574482}