{"numgrasp": 358, "translation_d": 6.638482396230003e-09, "rotation_d": 4.939644564506955e-05, "width_d": 0.0036915914471173637}