{"numgrasp": 305, "translation_d": 5.409306661694856e-09, "rotation_d": 5.011824129976732e-05, "width_d": 0.0047303132259062}