{"numgrasp": 347, "translation_d": 6.500041272922177e-09, "rotation_d": 4.783834349378953e-05, "width_d": 0.0043106891723993235}