{"numgrasp": 329, "translation_d": 6.492144678031403e-09, "rotation_d": 4.978193120088347e-05, "width_d": 0.004352264380915376}