{"numgrasp": 296, "translation_d": 5.375949618068952e-09, "rotation_d": 5.117434267169409e-05, "width_d": 0.0045550906336680325}