{"numgrasp": 306, "translation_d": 6.3833696012941955e-09, "rotation_d": 5.2322479264431904e-05, "width_d": 0.0032919664171097056}