{"numgrasp": 304, "translation_d": 6.375341025017616e-09, "rotation_d": 5.3735101322574415e-05, "width_d": 0.0027038794436930417}