{"numgrasp": 294, "translation_d": 6.0662480579213355e-09, "rotation_d": 5.356635413012895e-05, "width_d": 0.002844381847729972}