{"numgrasp": 332, "translation_d": 6.512913137703852e-09, "rotation_d": 5.2821634065734014e-05, "width_d": 0.003368037508706592}