{"numgrasp": 283, "translation_d": 5.571063128978757e-09, "rotation_d": 5.231846851645878e-05, "width_d": 0.004388545876194059}