{"numgrasp": 319, "translation_d": 6.556449301631065e-09, "rotation_d": 5.2505419618534906e-05, "width_d": 0.003542233637437985}