{"numgrasp": 308, "translation_d": 6.278320029263628e-09, "rotation_d": 5.741802437412868e-05, "width_d": 0.0033869396361269986}