{"numgrasp": 313, "translation_d": 6.158329949606456e-09, "rotation_d": 5.205752592615471e-05, "width_d": 0.0034153095275111104}