{"numgrasp": 328, "translation_d": 6.594547843467627e-09, "rotation_d": 5.26581024480994e-05, "width_d": 0.0034176284945149167}