{"numgrasp": 333, "translation_d": 6.4141656597471765e-09, "rotation_d": 5.239587865285181e-05, "width_d": 0.0032595066806048903}