{"numgrasp": 306, "translation_d": 5.974931350667301e-09, "rotation_d": 5.25104916657426e-05, "width_d": 0.0028990153007975414}