{"numgrasp": 319, "translation_d": 6.010953285451323e-09, "rotation_d": 5.1666444598132774e-05, "width_d": 0.0029727951033111134}