{"numgrasp": 287, "translation_d": 5.881167777390033e-09, "rotation_d": 4.930413463875424e-05, "width_d": 0.0029932630591102934}