{"numgrasp": 318, "translation_d": 6.323324439609011e-09, "rotation_d": 5.036732651810865e-05, "width_d": 0.003230455883109531}