{"numgrasp": 276, "translation_d": 5.621791151710559e-09, "rotation_d": 5.2190075776818604e-05, "width_d": 0.00388483904582127}