{"numgrasp": 315, "translation_d": 6.6034168194148514e-09, "rotation_d": 5.126977578180483e-05, "width_d": 0.0034048682043721456}