{"numgrasp": 301, "translation_d": 6.40742303535515e-09, "rotation_d": 5.144518446973997e-05, "width_d": 0.0034952179707598502}