{"numgrasp": 296, "translation_d": 6.298117938170073e-09, "rotation_d": 5.170624033747888e-05, "width_d": 0.0034563444349973702}