{"numgrasp": 288, "translation_d": 6.640472609160205e-09, "rotation_d": 4.999433074476519e-05, "width_d": 0.0037474178918106746}