{"numgrasp": 303, "translation_d": 6.680205879354996e-09, "rotation_d": 5.169806572923212e-05, "width_d": 0.0038914241328346887}