{"numgrasp": 274, "translation_d": 5.620539496031992e-09, "rotation_d": 5.108489603286839e-05, "width_d": 0.003294925702382477}