{"numgrasp": 237, "translation_d": 6.1726339254467326e-09, "rotation_d": 5.281497515422406e-05, "width_d": 0.003077369211370468}