{"numgrasp": 236, "translation_d": 5.909889303530587e-09, "rotation_d": 5.171056550445749e-05, "width_d": 0.002894355713460474}