{"numgrasp": 247, "translation_d": 6.012679681459286e-09, "rotation_d": 4.969307720847826e-05, "width_d": 0.0028158870040682934}