{"numgrasp": 259, "translation_d": 5.857126306897327e-09, "rotation_d": 5.0327383991281807e-05, "width_d": 0.0036172942925082182}