{"numgrasp": 301, "translation_d": 5.58704277699349e-09, "rotation_d": 4.927851217151353e-05, "width_d": 0.0035682425808628766}