{"numgrasp": 292, "translation_d": 5.674395038411286e-09, "rotation_d": 4.9160658114191226e-05, "width_d": 0.0035613694087435633}