{"numgrasp": 295, "translation_d": 5.849817678695899e-09, "rotation_d": 4.952577071865073e-05, "width_d": 0.003601342375571532}