{"numgrasp": 244, "translation_d": 6.192584417356987e-09, "rotation_d": 5.252931877256901e-05, "width_d": 0.0034347667456331153}