{"numgrasp": 329, "translation_d": 5.761553468970578e-09, "rotation_d": 4.936804459575122e-05, "width_d": 0.004651204644608505}