{"numgrasp": 348, "translation_d": 6.080753531212922e-09, "rotation_d": 4.6871145719528734e-05, "width_d": 0.004488684113551992}