{"numgrasp": 337, "translation_d": 5.854467162192016e-09, "rotation_d": 4.8187580252284844e-05, "width_d": 0.004132885104949804}