{"numgrasp": 307, "translation_d": 5.442460243982539e-09, "rotation_d": 4.8674891062575934e-05, "width_d": 0.0038071543115552205}