{"numgrasp": 319, "translation_d": 5.78454191769152e-09, "rotation_d": 4.813764238682625e-05, "width_d": 0.003857247700432726}