{"numgrasp": 348, "translation_d": 5.613937294264972e-09, "rotation_d": 4.714215291463226e-05, "width_d": 0.003918922979240344}