{"numgrasp": 347, "translation_d": 6.379296472889948e-09, "rotation_d": 4.9733672842586076e-05, "width_d": 0.004735038984915034}