{"numgrasp": 332, "translation_d": 6.193097282917535e-09, "rotation_d": 4.947127297886569e-05, "width_d": 0.0036769558034326568}