{"numgrasp": 313, "translation_d": 7.074144176882718e-09, "rotation_d": 5.24305381651341e-05, "width_d": 0.0034185518352297835}