{"numgrasp": 312, "translation_d": 6.975649442035099e-09, "rotation_d": 5.257808742263754e-05, "width_d": 0.0036739616393899792}