{"numgrasp": 547, "translation_d": 6.764552160653023e-09, "rotation_d": 4.57846106570603e-05, "width_d": 0.005194102598028881}