{"numgrasp": 513, "translation_d": 5.970721957863459e-09, "rotation_d": 4.8671076983482017e-05, "width_d": 0.005095962488027409}