{"numgrasp": 535, "translation_d": 5.943428853171606e-09, "rotation_d": 4.879576579689062e-05, "width_d": 0.004936340470817053}