{"numgrasp": 521, "translation_d": 5.980872497716566e-09, "rotation_d": 4.866785854199085e-05, "width_d": 0.004846509046950566}