{"numgrasp": 512, "translation_d": 5.896975101523603e-09, "rotation_d": 5.086926968951429e-05, "width_d": 0.004875616132420776}