{"numgrasp": 481, "translation_d": 5.973633047364313e-09, "rotation_d": 5.0810860594625256e-05, "width_d": 0.004740116472152417}