{"numgrasp": 525, "translation_d": 5.886641133568715e-09, "rotation_d": 5.188919728098721e-05, "width_d": 0.005023254751424356}