{"numgrasp": 508, "translation_d": 5.9035467480608965e-09, "rotation_d": 5.070196665766762e-05, "width_d": 0.004937301318440135}