{"numgrasp": 564, "translation_d": 5.793996417338544e-09, "rotation_d": 4.851997955322463e-05, "width_d": 0.008463779825899598}