{"numgrasp": 508, "translation_d": 5.6432203018335116e-09, "rotation_d": 5.435557808910777e-05, "width_d": 0.004136205969739569}