{"numgrasp": 485, "translation_d": 5.775103792207771e-09, "rotation_d": 5.356178706824219e-05, "width_d": 0.004428093939272956}