{"numgrasp": 500, "translation_d": 5.78655748576886e-09, "rotation_d": 5.545027901282654e-05, "width_d": 0.004252352043896619}