{"numgrasp": 495, "translation_d": 5.7144785515416226e-09, "rotation_d": 5.323045503868918e-05, "width_d": 0.00432276899587666}