{"numgrasp": 526, "translation_d": 5.772369752845688e-09, "rotation_d": 5.421153749415366e-05, "width_d": 0.0049802850554629624}