{"numgrasp": 495, "translation_d": 5.634287132252673e-09, "rotation_d": 5.345622448183418e-05, "width_d": 0.005051875794148104}