{"numgrasp": 525, "translation_d": 6.145168686139691e-09, "rotation_d": 5.2005942244674585e-05, "width_d": 0.005488367754323815}