{"numgrasp": 515, "translation_d": 6.069435320680746e-09, "rotation_d": 5.6697584201714303e-05, "width_d": 0.006157064125245024}