{"numgrasp": 501, "translation_d": 5.601980112978902e-09, "rotation_d": 5.5190267358418247e-05, "width_d": 0.005281823663028312}