{"numgrasp": 486, "translation_d": 5.71155387987444e-09, "rotation_d": 5.591379949532024e-05, "width_d": 0.004855132239223691}