{"numgrasp": 489, "translation_d": 5.743082040893868e-09, "rotation_d": 5.563858173374886e-05, "width_d": 0.004318891751161352}