{"numgrasp": 457, "translation_d": 5.455226832773262e-09, "rotation_d": 5.519709574282606e-05, "width_d": 0.003224579713324438}