{"numgrasp": 467, "translation_d": 5.1381599671457385e-09, "rotation_d": 4.926314788996808e-05, "width_d": 0.0030914251567884577}