{"numgrasp": 479, "translation_d": 5.745153803154702e-09, "rotation_d": 5.555633020328051e-05, "width_d": 0.00532372565275306}