{"numgrasp": 529, "translation_d": 5.758113033990393e-09, "rotation_d": 5.3999265323082626e-05, "width_d": 0.006022574118393527}