{"numgrasp": 543, "translation_d": 5.379243979504541e-09, "rotation_d": 4.956337844359501e-05, "width_d": 0.005879808748963848}