{"numgrasp": 512, "translation_d": 5.115761018870735e-09, "rotation_d": 5.1357276863365326e-05, "width_d": 0.004924567443493029}