{"numgrasp": 500, "translation_d": 5.380229207684776e-09, "rotation_d": 5.006510630518561e-05, "width_d": 0.004399226855211693}