{"numgrasp": 489, "translation_d": 5.3696643059808185e-09, "rotation_d": 4.8664779652531534e-05, "width_d": 0.003938957550059189}