{"numgrasp": 459, "translation_d": 5.171719738528837e-09, "rotation_d": 4.671902109346503e-05, "width_d": 0.0035021117270180434}