{"numgrasp": 476, "translation_d": 5.065345390296591e-09, "rotation_d": 4.669626218846635e-05, "width_d": 0.002880154797258306}