{"numgrasp": 513, "translation_d": 5.4126061689072995e-09, "rotation_d": 4.656605051881205e-05, "width_d": 0.004828239050125548}