{"numgrasp": 517, "translation_d": 5.317469552138195e-09, "rotation_d": 4.669344642648527e-05, "width_d": 0.0050824882141859515}