{"numgrasp": 533, "translation_d": 5.4615252236335075e-09, "rotation_d": 4.6610202883413014e-05, "width_d": 0.0051700156275333725}