{"numgrasp": 464, "translation_d": 5.6246964434218726e-09, "rotation_d": 5.128378716199516e-05, "width_d": 0.0057088924862040745}