{"numgrasp": 503, "translation_d": 4.992637427061067e-09, "rotation_d": 4.7542791304215275e-05, "width_d": 0.0034704722061313312}