{"numgrasp": 574, "translation_d": 6.016596026981904e-09, "rotation_d": 5.019979389916925e-05, "width_d": 0.007046054137088396}