{"numgrasp": 560, "translation_d": 5.0497292732431725e-09, "rotation_d": 5.0762060752329036e-05, "width_d": 0.0043621298247206374}