{"numgrasp": 519, "translation_d": 5.029409221681361e-09, "rotation_d": 5.080400287268149e-05, "width_d": 0.0043824044849577175}