{"numgrasp": 517, "translation_d": 4.706281666024943e-09, "rotation_d": 5.1395755125267835e-05, "width_d": 0.00430070502535036}