{"numgrasp": 523, "translation_d": 4.8121795712235575e-09, "rotation_d": 4.960486999261697e-05, "width_d": 0.004783346259440333}