{"numgrasp": 573, "translation_d": 6.2621056992200314e-09, "rotation_d": 5.426740471983878e-05, "width_d": 0.007127907178775271}