{"numgrasp": 564, "translation_d": 5.2207412113772575e-09, "rotation_d": 4.9308706384904206e-05, "width_d": 0.005757436402031294}