{"numgrasp": 595, "translation_d": 5.140330011937454e-09, "rotation_d": 4.833636612443576e-05, "width_d": 0.0056984455526590755}