{"numgrasp": 563, "translation_d": 6.029333463483874e-09, "rotation_d": 5.00714291134371e-05, "width_d": 0.00723432242700067}