{"numgrasp": 538, "translation_d": 4.904711466676678e-09, "rotation_d": 5.149235146223704e-05, "width_d": 0.004695014868943093}