{"numgrasp": 581, "translation_d": 5.106063620778223e-09, "rotation_d": 5.1637435830651103e-05, "width_d": 0.004671794428704389}