{"numgrasp": 613, "translation_d": 4.9941173617003855e-09, "rotation_d": 5.203038470573937e-05, "width_d": 0.004154629682955717}