{"numgrasp": 558, "translation_d": 5.008614869708352e-09, "rotation_d": 5.1751690966223074e-05, "width_d": 0.004701510996724186}