{"numgrasp": 555, "translation_d": 5.115512948053342e-09, "rotation_d": 5.17033822300818e-05, "width_d": 0.004928845566542842}