{"numgrasp": 599, "translation_d": 5.7736056938993885e-09, "rotation_d": 5.0453994180570055e-05, "width_d": 0.006976378095412351}