{"numgrasp": 574, "translation_d": 5.752324566403783e-09, "rotation_d": 5.273108516529975e-05, "width_d": 0.006610412387146881}