{"numgrasp": 576, "translation_d": 5.918641721695094e-09, "rotation_d": 5.3561467080493516e-05, "width_d": 0.006456097451187548}