{"numgrasp": 581, "translation_d": 6.148238631432731e-09, "rotation_d": 5.267558562169925e-05, "width_d": 0.006481865323030359}