{"numgrasp": 554, "translation_d": 6.210655510985575e-09, "rotation_d": 5.27505401792426e-05, "width_d": 0.006412735440688306}