{"numgrasp": 549, "translation_d": 6.175198842239613e-09, "rotation_d": 5.1928564838053007e-05, "width_d": 0.00682494804496133}