{"numgrasp": 549, "translation_d": 6.302858721221024e-09, "rotation_d": 5.042913201441486e-05, "width_d": 0.007542132186726607}