{"numgrasp": 589, "translation_d": 6.287956608237511e-09, "rotation_d": 5.004767435802266e-05, "width_d": 0.006119653544195697}