{"numgrasp": 574, "translation_d": 6.667550367491724e-09, "rotation_d": 5.019411562975018e-05, "width_d": 0.0063819237850793326}