{"numgrasp": 562, "translation_d": 6.401775869534587e-09, "rotation_d": 5.074472677203423e-05, "width_d": 0.006708374893531115}