{"numgrasp": 615, "translation_d": 5.53186773815419e-09, "rotation_d": 4.9981477306309746e-05, "width_d": 0.0075150158789492145}