{"numgrasp": 497, "translation_d": 5.758814982676594e-09, "rotation_d": 5.035055644443477e-05, "width_d": 0.005977626726270838}