{"numgrasp": 571, "translation_d": 6.008771322255694e-09, "rotation_d": 4.991158624614577e-05, "width_d": 0.006178688163293564}