{"numgrasp": 598, "translation_d": 6.533268583198046e-09, "rotation_d": 4.9046041959604964e-05, "width_d": 0.0057029388948231586}