{"numgrasp": 614, "translation_d": 6.639110952141758e-09, "rotation_d": 4.72166294513723e-05, "width_d": 0.005544982945778}