{"numgrasp": 609, "translation_d": 6.7023285496848036e-09, "rotation_d": 4.814946356572401e-05, "width_d": 0.005682417600099429}