{"numgrasp": 590, "translation_d": 6.941638052490839e-09, "rotation_d": 4.6019165648931774e-05, "width_d": 0.005201279393849897}