{"numgrasp": 573, "translation_d": 6.166236183520982e-09, "rotation_d": 4.831846198817194e-05, "width_d": 0.005602670670770713}