{"numgrasp": 494, "translation_d": 5.772981391293633e-09, "rotation_d": 5.090099490675805e-05, "width_d": 0.006228661409229884}