{"numgrasp": 529, "translation_d": 5.917362692117543e-09, "rotation_d": 4.806966746979994e-05, "width_d": 0.005184869396967206}