{"numgrasp": 532, "translation_d": 6.17077512934683e-09, "rotation_d": 4.8270559871472876e-05, "width_d": 0.005021191334182919}