{"numgrasp": 530, "translation_d": 6.442504769184432e-09, "rotation_d": 4.835630463581596e-05, "width_d": 0.00514462923884373}