{"numgrasp": 542, "translation_d": 6.5258450056960156e-09, "rotation_d": 4.748964805638661e-05, "width_d": 0.004985330736633507}