{"numgrasp": 560, "translation_d": 6.2429560686724626e-09, "rotation_d": 4.8515032239781976e-05, "width_d": 0.004995314310435406}