{"numgrasp": 559, "translation_d": 6.28923486437367e-09, "rotation_d": 4.725246348162179e-05, "width_d": 0.004964972969915207}