{"numgrasp": 585, "translation_d": 5.975050402072059e-09, "rotation_d": 4.80744437945005e-05, "width_d": 0.007787458142238673}