{"numgrasp": 186, "translation_d": 5.0817752006602456e-09, "rotation_d": 5.181922561888562e-05, "width_d": 0.0038340254334241395}