{"numgrasp": 186, "translation_d": 5.700650559931891e-09, "rotation_d": 5.2089775862459845e-05, "width_d": 0.004066113063171213}