{"numgrasp": 185, "translation_d": 5.272700524968998e-09, "rotation_d": 5.186862178760609e-05, "width_d": 0.003924113767736616}