{"numgrasp": 172, "translation_d": 4.943114316877655e-09, "rotation_d": 5.3458655672405085e-05, "width_d": 0.0042109569780779755}