{"numgrasp": 180, "translation_d": 4.886602529161235e-09, "rotation_d": 5.495112570781716e-05, "width_d": 0.003844944876169843}