{"numgrasp": 188, "translation_d": 5.194832162618794e-09, "rotation_d": 5.5621227670184885e-05, "width_d": 0.0037928350725323218}