{"numgrasp": 178, "translation_d": 5.286992654641329e-09, "rotation_d": 5.5989609381275653e-05, "width_d": 0.003366380344743855}