{"numgrasp": 156, "translation_d": 5.678745582174092e-09, "rotation_d": 5.574282388544563e-05, "width_d": 0.0030075893593132703}