{"numgrasp": 157, "translation_d": 5.1781666613931534e-09, "rotation_d": 5.492982899131661e-05, "width_d": 0.0026955584210013803}