{"numgrasp": 155, "translation_d": 5.617930901845346e-09, "rotation_d": 5.4045122345593985e-05, "width_d": 0.002950204279078795}