{"numgrasp": 157, "translation_d": 5.496725881836728e-09, "rotation_d": 5.4458514898955544e-05, "width_d": 0.002717988041643667}