{"numgrasp": 147, "translation_d": 5.167530667874138e-09, "rotation_d": 5.5552389940120876e-05, "width_d": 0.002971917546784525}