{"numgrasp": 180, "translation_d": 4.611494988786635e-09, "rotation_d": 5.6550264951753434e-05, "width_d": 0.003162305256433096}