{"numgrasp": 195, "translation_d": 5.825501718686675e-09, "rotation_d": 5.847070344692961e-05, "width_d": 0.003659510858726893}