{"numgrasp": 190, "translation_d": 5.317687286949936e-09, "rotation_d": 5.465714939762383e-05, "width_d": 0.003934680876540516}