{"numgrasp": 193, "translation_d": 4.433411059085854e-09, "rotation_d": 5.2521548892354915e-05, "width_d": 0.003855658418088794}