{"numgrasp": 186, "translation_d": 4.486429724169202e-09, "rotation_d": 5.3373824347398155e-05, "width_d": 0.0036144148029708155}