{"numgrasp": 175, "translation_d": 4.816606974778282e-09, "rotation_d": 5.363331279229118e-05, "width_d": 0.0034119481780615453}