{"numgrasp": 177, "translation_d": 4.874611536442572e-09, "rotation_d": 5.400463248523308e-05, "width_d": 0.0034294943103704493}