{"numgrasp": 168, "translation_d": 5.011852955266833e-09, "rotation_d": 5.280466938429466e-05, "width_d": 0.0029440725001603557}