{"numgrasp": 153, "translation_d": 4.936768407803588e-09, "rotation_d": 5.266154273697059e-05, "width_d": 0.0028026002440696023}