{"numgrasp": 145, "translation_d": 5.1761870338889275e-09, "rotation_d": 5.206594527185398e-05, "width_d": 0.0027796314531344235}