{"numgrasp": 135, "translation_d": 4.849901983371253e-09, "rotation_d": 5.2925768245086645e-05, "width_d": 0.0026834833800230096}