{"numgrasp": 126, "translation_d": 4.674487126610755e-09, "rotation_d": 4.8311693030177285e-05, "width_d": 0.0031187609862669244}