{"numgrasp": 176, "translation_d": 4.680865053294923e-09, "rotation_d": 4.8266873724566684e-05, "width_d": 0.003539051351575165}