{"numgrasp": 182, "translation_d": 4.816729425279154e-09, "rotation_d": 4.940641311246242e-05, "width_d": 0.004586942672941532}