{"numgrasp": 177, "translation_d": 4.726592414285408e-09, "rotation_d": 4.682453126173474e-05, "width_d": 0.0054422912159129986}