{"numgrasp": 165, "translation_d": 4.842005510415212e-09, "rotation_d": 4.6624210166256705e-05, "width_d": 0.004840984316149981}