{"numgrasp": 171, "translation_d": 4.571087256301788e-09, "rotation_d": 4.669270650302906e-05, "width_d": 0.004703437037514551}