{"numgrasp": 173, "translation_d": 4.95013031030412e-09, "rotation_d": 4.721791740416702e-05, "width_d": 0.00432112395093886}