{"numgrasp": 130, "translation_d": 4.794397115833725e-09, "rotation_d": 4.705699826816612e-05, "width_d": 0.00303992488750578}