{"numgrasp": 123, "translation_d": 5.072098516051347e-09, "rotation_d": 4.798985414937605e-05, "width_d": 0.003256718230826744}