{"numgrasp": 110, "translation_d": 4.769023360063337e-09, "rotation_d": 5.017672998251509e-05, "width_d": 0.003537721005667868}