{"numgrasp": 131, "translation_d": 5.198988146911446e-09, "rotation_d": 5.0277214497688633e-05, "width_d": 0.004389912249027}