{"numgrasp": 189, "translation_d": 6.078617345863325e-09, "rotation_d": 5.249501309419884e-05, "width_d": 0.004011300774553546}