{"numgrasp": 167, "translation_d": 4.3333075779068895e-09, "rotation_d": 4.9451183335931314e-05, "width_d": 0.004673616031269315}