{"numgrasp": 172, "translation_d": 4.243268199675575e-09, "rotation_d": 5.250405931340968e-05, "width_d": 0.005326737272543989}