{"numgrasp": 198, "translation_d": 6.183798149375926e-09, "rotation_d": 5.3515640278520116e-05, "width_d": 0.003998055208973349}