{"numgrasp": 148, "translation_d": 4.310024339503417e-09, "rotation_d": 5.303038491257043e-05, "width_d": 0.00468489005394645}