{"numgrasp": 142, "translation_d": 4.604107506342746e-09, "rotation_d": 5.370146198357881e-05, "width_d": 0.004379329671724844}