{"numgrasp": 144, "translation_d": 4.504542836085042e-09, "rotation_d": 5.246146381658249e-05, "width_d": 0.004111785835487594}