{"numgrasp": 120, "translation_d": 4.434579597201227e-09, "rotation_d": 5.064539930855819e-05, "width_d": 0.0034394510442366114}