{"numgrasp": 112, "translation_d": 5.142454859599444e-09, "rotation_d": 5.7215320690988705e-05, "width_d": 0.002559804878381741}