{"numgrasp": 144, "translation_d": 5.230453143279561e-09, "rotation_d": 5.4819159116809855e-05, "width_d": 0.003813504474653105}