{"numgrasp": 140, "translation_d": 4.89928374780894e-09, "rotation_d": 5.2958914602535265e-05, "width_d": 0.00390301807204204}