{"numgrasp": 156, "translation_d": 4.737878700798756e-09, "rotation_d": 5.242695357500251e-05, "width_d": 0.004890809531103537}