{"numgrasp": 162, "translation_d": 4.731993474604481e-09, "rotation_d": 5.2771430430485904e-05, "width_d": 0.005786263574697418}