{"numgrasp": 180, "translation_d": 4.770795791000386e-09, "rotation_d": 5.307335008001417e-05, "width_d": 0.005601644017125429}