{"numgrasp": 176, "translation_d": 4.570543494695353e-09, "rotation_d": 5.318266609896168e-05, "width_d": 0.0054214179626500495}