{"numgrasp": 138, "translation_d": 4.764996168338001e-09, "rotation_d": 5.384474610005439e-05, "width_d": 0.004955884729087847}