{"numgrasp": 141, "translation_d": 5.000849082905923e-09, "rotation_d": 5.482868726602168e-05, "width_d": 0.004113168409429316}