{"numgrasp": 133, "translation_d": 5.194204101109077e-09, "rotation_d": 5.534139590082908e-05, "width_d": 0.0035247178631866247}