{"numgrasp": 145, "translation_d": 4.7088719667941064e-09, "rotation_d": 5.444210668880017e-05, "width_d": 0.0034976225284693756}