{"numgrasp": 141, "translation_d": 4.509163998228986e-09, "rotation_d": 5.495618446990806e-05, "width_d": 0.003136719986044711}