{"numgrasp": 142, "translation_d": 4.607953771103697e-09, "rotation_d": 5.438259190237731e-05, "width_d": 0.004289011957321305}