{"numgrasp": 118, "translation_d": 4.796341984136245e-09, "rotation_d": 5.5249103057186014e-05, "width_d": 0.004279854820346849}