{"numgrasp": 122, "translation_d": 4.578273770388889e-09, "rotation_d": 5.3301102276295956e-05, "width_d": 0.004311561583809921}