{"numgrasp": 189, "translation_d": 5.940540557474355e-09, "rotation_d": 5.359662295673549e-05, "width_d": 0.003020323358413445}