{"numgrasp": 195, "translation_d": 5.9335329451904605e-09, "rotation_d": 5.5238366072283715e-05, "width_d": 0.002588921389546955}