{"numgrasp": 193, "translation_d": 5.8995830460959335e-09, "rotation_d": 5.531081738464824e-05, "width_d": 0.0026506683251090414}