{"numgrasp": 196, "translation_d": 5.87025456377606e-09, "rotation_d": 5.464463813871925e-05, "width_d": 0.0020958077228958854}