{"numgrasp": 206, "translation_d": 5.9993130945180964e-09, "rotation_d": 5.082485959875899e-05, "width_d": 0.002923154185112345}