{"numgrasp": 196, "translation_d": 6.00292535301999e-09, "rotation_d": 4.921254654315132e-05, "width_d": 0.0033656192335490345}