{"numgrasp": 199, "translation_d": 5.85498988807682e-09, "rotation_d": 4.911782628515604e-05, "width_d": 0.0036729216754019527}