{"numgrasp": 184, "translation_d": 5.8224836633148495e-09, "rotation_d": 4.919748685834444e-05, "width_d": 0.003925091857024365}