{"numgrasp": 182, "translation_d": 5.555696195095641e-09, "rotation_d": 4.409071204491074e-05, "width_d": 0.004071611268986953}