{"numgrasp": 213, "translation_d": 5.731159168960628e-09, "rotation_d": 5.7716348201607285e-05, "width_d": 0.0027656533448026602}