{"numgrasp": 199, "translation_d": 5.820134214514641e-09, "rotation_d": 4.279685480138456e-05, "width_d": 0.0033907085798978776}