{"numgrasp": 202, "translation_d": 6.13598839724773e-09, "rotation_d": 5.6669132101560894e-05, "width_d": 0.002825406850107609}