{"numgrasp": 201, "translation_d": 6.542164449778809e-09, "rotation_d": 4.4389868629297605e-05, "width_d": 0.0024422194698181993}