{"numgrasp": 202, "translation_d": 5.967452065590156e-09, "rotation_d": 4.5761330433532524e-05, "width_d": 0.0029917997394368935}