{"numgrasp": 194, "translation_d": 6.118339402877105e-09, "rotation_d": 4.389088136527314e-05, "width_d": 0.002904376735161208}