{"numgrasp": 194, "translation_d": 6.126020000507759e-09, "rotation_d": 5.7580736302895934e-05, "width_d": 0.002892105111849203}