{"numgrasp": 199, "translation_d": 5.6875009470900844e-09, "rotation_d": 4.408140429636014e-05, "width_d": 0.0033796004329360524}