{"numgrasp": 190, "translation_d": 5.801151917805155e-09, "rotation_d": 4.319013141375599e-05, "width_d": 0.003567873982445785}