{"numgrasp": 210, "translation_d": 5.912443171075443e-09, "rotation_d": 5.7343255273005204e-05, "width_d": 0.0030314483999774526}