{"numgrasp": 189, "translation_d": 5.458196511318038e-09, "rotation_d": 4.560148915383343e-05, "width_d": 0.0034513992652167014}