{"numgrasp": 204, "translation_d": 5.823814330142396e-09, "rotation_d": 4.6392891093507175e-05, "width_d": 0.003196517736562188}