{"numgrasp": 188, "translation_d": 5.965732365690039e-09, "rotation_d": 4.502590863365062e-05, "width_d": 0.0023842143279081715}