{"numgrasp": 186, "translation_d": 5.653441387059865e-09, "rotation_d": 4.511635316492469e-05, "width_d": 0.002372883994744962}