{"numgrasp": 206, "translation_d": 6.219900011940742e-09, "rotation_d": 5.747283804345691e-05, "width_d": 0.003105535035508556}