{"numgrasp": 184, "translation_d": 6.198709481152964e-09, "rotation_d": 4.3936121654436044e-05, "width_d": 0.0022194522167800243}