{"numgrasp": 178, "translation_d": 6.126334151236617e-09, "rotation_d": 4.889643750669978e-05, "width_d": 0.002106279017137874}