{"numgrasp": 178, "translation_d": 5.581819811470846e-09, "rotation_d": 5.0990100590827556e-05, "width_d": 0.0025073710139779885}