{"numgrasp": 173, "translation_d": 5.744710889293864e-09, "rotation_d": 5.265641551464905e-05, "width_d": 0.002988429372828281}