{"numgrasp": 201, "translation_d": 5.74251073101654e-09, "rotation_d": 5.687351171734975e-05, "width_d": 0.003222019975142982}