{"numgrasp": 330, "translation_d": 4.969043889572013e-09, "rotation_d": 4.3260454759829785e-05, "width_d": 0.004828267818452367}