{"numgrasp": 324, "translation_d": 4.946787715216441e-09, "rotation_d": 4.597200663420867e-05, "width_d": 0.005492363803626481}