{"numgrasp": 330, "translation_d": 4.640872622616856e-09, "rotation_d": 4.67021671065907e-05, "width_d": 0.005122719521784108}