{"numgrasp": 332, "translation_d": 4.9590096933439065e-09, "rotation_d": 4.7447614124797526e-05, "width_d": 0.004901925305883325}