{"numgrasp": 318, "translation_d": 6.113870427153062e-09, "rotation_d": 5.8312018235011754e-05, "width_d": 0.0051278540496558795}