{"numgrasp": 363, "translation_d": 4.861181745887282e-09, "rotation_d": 4.860543464320489e-05, "width_d": 0.0048955431103915184}