{"numgrasp": 341, "translation_d": 5.0414308546880936e-09, "rotation_d": 4.866698175636211e-05, "width_d": 0.004291293091393141}