{"numgrasp": 349, "translation_d": 5.222824599734079e-09, "rotation_d": 5.215198888520522e-05, "width_d": 0.004364906898229501}