{"numgrasp": 369, "translation_d": 5.237330149617054e-09, "rotation_d": 5.604515466111774e-05, "width_d": 0.004376262348909194}