{"numgrasp": 322, "translation_d": 6.3043947840796665e-09, "rotation_d": 5.912786658917164e-05, "width_d": 0.00550801713030644}