{"numgrasp": 338, "translation_d": 5.044302714836187e-09, "rotation_d": 5.247095476121371e-05, "width_d": 0.005386801906932133}