{"numgrasp": 322, "translation_d": 4.953578596065227e-09, "rotation_d": 5.011840626504821e-05, "width_d": 0.005263843116117996}