{"numgrasp": 337, "translation_d": 5.10004770651747e-09, "rotation_d": 5.763242645728288e-05, "width_d": 0.005505269428185417}