{"numgrasp": 360, "translation_d": 5.334436378411872e-09, "rotation_d": 5.910840195815008e-05, "width_d": 0.005383093701905933}