{"numgrasp": 371, "translation_d": 5.346262211815506e-09, "rotation_d": 5.9642716734482395e-05, "width_d": 0.0046204497131732795}