{"numgrasp": 368, "translation_d": 5.349233852645284e-09, "rotation_d": 5.777720867934663e-05, "width_d": 0.004307329723615153}