{"numgrasp": 369, "translation_d": 5.230642527403082e-09, "rotation_d": 5.6696385189709224e-05, "width_d": 0.004157496402597311}