{"numgrasp": 370, "translation_d": 5.623270937675571e-09, "rotation_d": 5.139757236488044e-05, "width_d": 0.004090740132904496}