{"numgrasp": 360, "translation_d": 5.5427350449485175e-09, "rotation_d": 5.9775361456680684e-05, "width_d": 0.005121771721120171}