{"numgrasp": 360, "translation_d": 5.3400321076207865e-09, "rotation_d": 5.956725503542945e-05, "width_d": 0.005620713230907494}