{"numgrasp": 339, "translation_d": 4.937342491735863e-09, "rotation_d": 5.794011900009902e-05, "width_d": 0.006232125910685511}