{"numgrasp": 344, "translation_d": 5.172908957895017e-09, "rotation_d": 5.8048961816196834e-05, "width_d": 0.006131468368922864}