{"numgrasp": 340, "translation_d": 5.576203402930383e-09, "rotation_d": 5.670268083753122e-05, "width_d": 0.0055218471111210645}