{"numgrasp": 342, "translation_d": 5.367200549963741e-09, "rotation_d": 5.7075316874640817e-05, "width_d": 0.005486335959285783}