{"numgrasp": 350, "translation_d": 5.162468933536872e-09, "rotation_d": 5.597197628459827e-05, "width_d": 0.00502474810995486}