{"numgrasp": 303, "translation_d": 5.415201930171252e-09, "rotation_d": 4.3700982245172594e-05, "width_d": 0.0033599885778807692}