{"numgrasp": 316, "translation_d": 5.390326840291966e-09, "rotation_d": 4.503202111175232e-05, "width_d": 0.003710674198134846}