{"numgrasp": 330, "translation_d": 5.392784639258941e-09, "rotation_d": 4.7743981207687705e-05, "width_d": 0.00495074210606708}