{"numgrasp": 329, "translation_d": 5.036467824504562e-09, "rotation_d": 5.105474246463686e-05, "width_d": 0.005701790415344165}