{"numgrasp": 342, "translation_d": 5.148833435372348e-09, "rotation_d": 5.044129857673454e-05, "width_d": 0.00597306692235474}