{"numgrasp": 336, "translation_d": 5.263417475690949e-09, "rotation_d": 4.384592685274642e-05, "width_d": 0.005542945289322371}