{"numgrasp": 332, "translation_d": 5.543770947217494e-09, "rotation_d": 4.493803620823523e-05, "width_d": 0.00520058984138504}