{"numgrasp": 305, "translation_d": 5.498202693640532e-09, "rotation_d": 4.3568410209676835e-05, "width_d": 0.0038734848958093737}