{"numgrasp": 289, "translation_d": 6.224154880204463e-09, "rotation_d": 6.026929115016858e-05, "width_d": 0.004998988534575742}