{"numgrasp": 318, "translation_d": 5.248605384750293e-09, "rotation_d": 5.0865405090616137e-05, "width_d": 0.003923711413434747}