{"numgrasp": 312, "translation_d": 5.4205620539214966e-09, "rotation_d": 4.803659795687114e-05, "width_d": 0.004233353233490225}