{"numgrasp": 317, "translation_d": 5.013291760054902e-09, "rotation_d": 4.496186583626718e-05, "width_d": 0.00537164325423172}