{"numgrasp": 334, "translation_d": 4.738759162782748e-09, "rotation_d": 4.5386623643131896e-05, "width_d": 0.005780431086815026}