{"numgrasp": 333, "translation_d": 5.0168049125975606e-09, "rotation_d": 4.853419914469536e-05, "width_d": 0.005863280291953301}