{"numgrasp": 329, "translation_d": 5.5116510879016154e-09, "rotation_d": 5.684596939251659e-05, "width_d": 0.0038049811642157333}