{"numgrasp": 321, "translation_d": 5.435228078663954e-09, "rotation_d": 5.4869798386097244e-05, "width_d": 0.0047230225252425945}