{"numgrasp": 314, "translation_d": 5.6170539260118795e-09, "rotation_d": 5.490055516375639e-05, "width_d": 0.004956750711270157}