{"numgrasp": 328, "translation_d": 5.648747718345243e-09, "rotation_d": 5.431147277980752e-05, "width_d": 0.005370201549187786}