{"numgrasp": 359, "translation_d": 5.71243476351855e-09, "rotation_d": 4.930869450204384e-05, "width_d": 0.0038148018041130895}