{"numgrasp": 346, "translation_d": 5.947142011299323e-09, "rotation_d": 5.284288568747912e-05, "width_d": 0.0035640333066928407}