{"numgrasp": 312, "translation_d": 5.743147729830603e-09, "rotation_d": 5.82778231290847e-05, "width_d": 0.003919203282450177}