{"numgrasp": 310, "translation_d": 6.207356483656682e-09, "rotation_d": 5.80433940695759e-05, "width_d": 0.004865640322852991}