{"numgrasp": 303, "translation_d": 5.857602453152131e-09, "rotation_d": 5.7069872549741456e-05, "width_d": 0.004971303551683758}