{"numgrasp": 298, "translation_d": 5.539356419079259e-09, "rotation_d": 4.7690431414747485e-05, "width_d": 0.005142015805583872}