{"numgrasp": 299, "translation_d": 5.636677187588398e-09, "rotation_d": 4.914738395927041e-05, "width_d": 0.0048273510460004046}