{"numgrasp": 323, "translation_d": 6.011815606993987e-09, "rotation_d": 5.218162940238643e-05, "width_d": 0.004911452285488706}