{"numgrasp": 316, "translation_d": 5.8157531327160045e-09, "rotation_d": 7.472633781195026e-05, "width_d": 0.004863775577898806}