{"numgrasp": 331, "translation_d": 6.009855899501094e-09, "rotation_d": 6.211501145860294e-05, "width_d": 0.003808999428314646}