{"numgrasp": 314, "translation_d": 5.620459685883483e-09, "rotation_d": 5.871045856480414e-05, "width_d": 0.0034424605826658414}