{"numgrasp": 320, "translation_d": 5.68282509220087e-09, "rotation_d": 5.7846477239771324e-05, "width_d": 0.004235103758553992}