{"numgrasp": 304, "translation_d": 5.49004077735119e-09, "rotation_d": 4.48306472941312e-05, "width_d": 0.004939348815184564}