{"numgrasp": 309, "translation_d": 4.887003923625937e-09, "rotation_d": 4.270747527670202e-05, "width_d": 0.004922303119005663}