{"numgrasp": 298, "translation_d": 5.097253647712714e-09, "rotation_d": 4.237163361572135e-05, "width_d": 0.0051239238185316815}