{"numgrasp": 317, "translation_d": 5.111041236540937e-09, "rotation_d": 4.404870273198144e-05, "width_d": 0.004385762281499685}