{"numgrasp": 328, "translation_d": 5.219952855425722e-09, "rotation_d": 4.538832596404686e-05, "width_d": 0.004176391122165833}