{"numgrasp": 332, "translation_d": 5.3296913643978764e-09, "rotation_d": 4.365158702177899e-05, "width_d": 0.00399920193406886}