{"numgrasp": 351, "translation_d": 5.445157209788928e-09, "rotation_d": 5.3976847896541884e-05, "width_d": 0.00418528828594903}