{"numgrasp": 336, "translation_d": 5.262195887741841e-09, "rotation_d": 4.467281206109112e-05, "width_d": 0.003950297657118601}