{"numgrasp": 326, "translation_d": 5.393013780061141e-09, "rotation_d": 4.965018695590288e-05, "width_d": 0.0037697808060200917}