{"numgrasp": 320, "translation_d": 5.295096664715453e-09, "rotation_d": 4.065415454239558e-05, "width_d": 0.004148518998476996}