{"numgrasp": 346, "translation_d": 5.4118061793638945e-09, "rotation_d": 4.452645536464449e-05, "width_d": 0.004631594203559762}