{"numgrasp": 341, "translation_d": 5.23106580536243e-09, "rotation_d": 4.334081880136752e-05, "width_d": 0.004554999793553824}