{"numgrasp": 337, "translation_d": 5.193859746467426e-09, "rotation_d": 4.4658851081850135e-05, "width_d": 0.004459360087294343}