{"numgrasp": 334, "translation_d": 5.985286498036367e-09, "rotation_d": 5.681678119031201e-05, "width_d": 0.004935551690759391}