{"numgrasp": 222, "translation_d": 6.030209457220536e-09, "rotation_d": 5.11725412476972e-05, "width_d": 0.0037092085595321167}