{"numgrasp": 218, "translation_d": 5.040452665675389e-09, "rotation_d": 4.6453680749983596e-05, "width_d": 0.004967086459237347}