{"numgrasp": 217, "translation_d": 5.2243066878512996e-09, "rotation_d": 4.680011472470756e-05, "width_d": 0.004617479394935532}