{"numgrasp": 263, "translation_d": 6.1298839986309586e-09, "rotation_d": 4.9965636790507254e-05, "width_d": 0.0042245583143211765}