{"numgrasp": 225, "translation_d": 5.336158717357924e-09, "rotation_d": 4.7916549114426604e-05, "width_d": 0.0045861109659121714}