{"numgrasp": 236, "translation_d": 5.666928661202552e-09, "rotation_d": 4.8552580181326544e-05, "width_d": 0.003919236722447147}