{"numgrasp": 234, "translation_d": 5.4219983851909805e-09, "rotation_d": 4.786601449652747e-05, "width_d": 0.0036402148642372886}