{"numgrasp": 234, "translation_d": 5.0121876136023605e-09, "rotation_d": 5.050397747642806e-05, "width_d": 0.00388905591045022}