{"numgrasp": 250, "translation_d": 5.85667326909721e-09, "rotation_d": 5.023953919022252e-05, "width_d": 0.004161620283462571}