{"numgrasp": 243, "translation_d": 5.3474204977706795e-09, "rotation_d": 4.9309117596446115e-05, "width_d": 0.004653801724643228}