{"numgrasp": 231, "translation_d": 5.4164755864021456e-09, "rotation_d": 4.835316328257846e-05, "width_d": 0.00486363931818004}