{"numgrasp": 232, "translation_d": 5.172021347310054e-09, "rotation_d": 4.748883408920983e-05, "width_d": 0.005279429997301655}