{"numgrasp": 244, "translation_d": 5.0938990888477815e-09, "rotation_d": 4.923471809499709e-05, "width_d": 0.005243364260283034}