{"numgrasp": 262, "translation_d": 5.199182509746157e-09, "rotation_d": 5.233438147716541e-05, "width_d": 0.0042663180512563905}