{"numgrasp": 245, "translation_d": 5.4052338823773864e-09, "rotation_d": 5.4838425596026383e-05, "width_d": 0.004178239168431813}