{"numgrasp": 231, "translation_d": 5.172625863003175e-09, "rotation_d": 5.292221966520439e-05, "width_d": 0.00364270276064727}