{"numgrasp": 239, "translation_d": 4.889274217784307e-09, "rotation_d": 5.4305804076064604e-05, "width_d": 0.00413765150021054}