{"numgrasp": 238, "translation_d": 5.174399137049011e-09, "rotation_d": 5.4022053687991165e-05, "width_d": 0.004076219320798576}