{"numgrasp": 249, "translation_d": 5.018820866689278e-09, "rotation_d": 5.357229146120614e-05, "width_d": 0.004375804769952399}