{"numgrasp": 249, "translation_d": 5.189651736149959e-09, "rotation_d": 5.669017096589535e-05, "width_d": 0.004448554704522175}