{"numgrasp": 243, "translation_d": 5.205914371494846e-09, "rotation_d": 5.272809154280782e-05, "width_d": 0.005089124998128416}