{"numgrasp": 238, "translation_d": 4.928828962781291e-09, "rotation_d": 5.076551856726618e-05, "width_d": 0.004942430771904974}