{"numgrasp": 235, "translation_d": 4.8985890412348016e-09, "rotation_d": 5.109921009253115e-05, "width_d": 0.005311968812633477}