{"numgrasp": 239, "translation_d": 4.700575210194161e-09, "rotation_d": 4.96499642342146e-05, "width_d": 0.005313901959804141}