{"numgrasp": 217, "translation_d": 4.622925336106076e-09, "rotation_d": 5.34797979105934e-05, "width_d": 0.005428648849995304}