{"numgrasp": 220, "translation_d": 4.593405278209654e-09, "rotation_d": 5.205680566068817e-05, "width_d": 0.004830550680595516}