{"numgrasp": 241, "translation_d": 5.945886202386042e-09, "rotation_d": 5.138482867725738e-05, "width_d": 0.00397664330709074}