{"numgrasp": 222, "translation_d": 5.206952017279048e-09, "rotation_d": 5.2018596773380444e-05, "width_d": 0.004449119946020777}