{"numgrasp": 243, "translation_d": 5.61500452637664e-09, "rotation_d": 5.081406393020537e-05, "width_d": 0.004088796295575246}