{"numgrasp": 248, "translation_d": 5.2574205690816e-09, "rotation_d": 5.2295008108762495e-05, "width_d": 0.003993522007861741}