{"numgrasp": 213, "translation_d": 4.7218645459497414e-09, "rotation_d": 5.224195234397776e-05, "width_d": 0.004327116621384402}