{"numgrasp": 196, "translation_d": 4.55450725216491e-09, "rotation_d": 5.099341105978643e-05, "width_d": 0.004299111001362489}