{"numgrasp": 175, "translation_d": 4.236218507815531e-09, "rotation_d": 5.22479761378893e-05, "width_d": 0.004137338289398415}