{"numgrasp": 254, "translation_d": 5.8123768659674085e-09, "rotation_d": 5.165518009497641e-05, "width_d": 0.003962549093218595}