{"numgrasp": 288, "translation_d": 5.933205166634938e-09, "rotation_d": 4.775418103563338e-05, "width_d": 0.004007331624769556}