{"numgrasp": 203, "translation_d": 5.059019902719544e-09, "rotation_d": 5.0011879357638206e-05, "width_d": 0.004273334633993089}