{"numgrasp": 258, "translation_d": 6.009182888516168e-09, "rotation_d": 5.110079583512692e-05, "width_d": 0.003885671700409526}