{"numgrasp": 190, "translation_d": 4.761347860534516e-09, "rotation_d": 4.6860881439341894e-05, "width_d": 0.004422495079008821}