{"numgrasp": 198, "translation_d": 4.9585559915153916e-09, "rotation_d": 5.054554673388041e-05, "width_d": 0.00423026457908623}