{"numgrasp": 192, "translation_d": 4.804581513557549e-09, "rotation_d": 4.9551296806706586e-05, "width_d": 0.004225561694708904}