{"numgrasp": 178, "translation_d": 4.549406833652584e-09, "rotation_d": 5.178544014861573e-05, "width_d": 0.004304089581060515}