{"numgrasp": 185, "translation_d": 4.549372226240267e-09, "rotation_d": 5.2221656874047296e-05, "width_d": 0.004572514903299568}