{"numgrasp": 193, "translation_d": 4.6912643942078e-09, "rotation_d": 5.483484899820698e-05, "width_d": 0.004923958647191429}