{"numgrasp": 210, "translation_d": 4.662981356143056e-09, "rotation_d": 5.193517111928802e-05, "width_d": 0.004815741822239795}