{"numgrasp": 212, "translation_d": 4.924996668338356e-09, "rotation_d": 5.355468099116599e-05, "width_d": 0.004647956223672257}