{"numgrasp": 189, "translation_d": 4.827756068532748e-09, "rotation_d": 5.55575886585497e-05, "width_d": 0.004678616093107971}