{"numgrasp": 195, "translation_d": 4.867030643471696e-09, "rotation_d": 5.352947986370643e-05, "width_d": 0.004677272595126861}