{"numgrasp": 201, "translation_d": 4.868589206634383e-09, "rotation_d": 5.319018758938248e-05, "width_d": 0.00458549622226725}