{"numgrasp": 194, "translation_d": 4.949903720851641e-09, "rotation_d": 5.465949460711716e-05, "width_d": 0.004814845578487663}