{"numgrasp": 200, "translation_d": 4.822004257748581e-09, "rotation_d": 5.444811632696377e-05, "width_d": 0.00460656333489858}