{"numgrasp": 202, "translation_d": 4.989087326343763e-09, "rotation_d": 5.5845287360375924e-05, "width_d": 0.004467030095207934}