{"numgrasp": 176, "translation_d": 4.7043001663463e-09, "rotation_d": 5.4157662161507534e-05, "width_d": 0.004290163414117022}