{"numgrasp": 177, "translation_d": 4.666502116480255e-09, "rotation_d": 5.3532086275775954e-05, "width_d": 0.004614461174914442}