{"numgrasp": 169, "translation_d": 4.555455508059446e-09, "rotation_d": 5.32147560183452e-05, "width_d": 0.004807678042727138}