{"numgrasp": 268, "translation_d": 5.853168218546694e-09, "rotation_d": 5.2330109751215896e-05, "width_d": 0.00395783254318623}