{"numgrasp": 268, "translation_d": 5.827699160147338e-09, "rotation_d": 5.325932029116735e-05, "width_d": 0.004053803197628474}