{"numgrasp": 271, "translation_d": 5.792144346078819e-09, "rotation_d": 5.173196304013818e-05, "width_d": 0.004029203190343306}