{"numgrasp": 290, "translation_d": 6.762823811331616e-09, "rotation_d": 5.054928178385768e-05, "width_d": 0.00402656426322406}