{"numgrasp": 279, "translation_d": 6.167824062709392e-09, "rotation_d": 5.241250909118343e-05, "width_d": 0.0036304013158434427}