{"numgrasp": 250, "translation_d": 5.334598362743011e-09, "rotation_d": 5.263432261212679e-05, "width_d": 0.004273888287297136}