{"numgrasp": 267, "translation_d": 5.757833824206128e-09, "rotation_d": 5.305187746120055e-05, "width_d": 0.0038929054290589874}