{"numgrasp": 257, "translation_d": 5.495920514734304e-09, "rotation_d": 5.130051918625459e-05, "width_d": 0.003839005456816322}