{"numgrasp": 277, "translation_d": 5.519816600187404e-09, "rotation_d": 5.10719234532512e-05, "width_d": 0.003763837740733703}