{"numgrasp": 262, "translation_d": 5.236659798828345e-09, "rotation_d": 5.146496414979941e-05, "width_d": 0.003942603143675036}