{"numgrasp": 265, "translation_d": 5.523142277290848e-09, "rotation_d": 5.1057244707796245e-05, "width_d": 0.0038746714283288404}