{"numgrasp": 273, "translation_d": 6.3072147610943e-09, "rotation_d": 5.1328307315861866e-05, "width_d": 0.0041817338853735245}