{"numgrasp": 252, "translation_d": 5.4557740724004465e-09, "rotation_d": 4.9936688513180616e-05, "width_d": 0.004061622290364795}