{"numgrasp": 247, "translation_d": 5.508952507932069e-09, "rotation_d": 4.9723493380974955e-05, "width_d": 0.004264139700730501}