{"numgrasp": 248, "translation_d": 5.4835762754387025e-09, "rotation_d": 5.160971023209909e-05, "width_d": 0.004188610370711086}