{"numgrasp": 244, "translation_d": 5.309473112915349e-09, "rotation_d": 5.1210091583164635e-05, "width_d": 0.004224324449770632}