{"numgrasp": 248, "translation_d": 5.158340939775992e-09, "rotation_d": 4.886981004443473e-05, "width_d": 0.003899883605556351}