{"numgrasp": 231, "translation_d": 5.371037374511685e-09, "rotation_d": 4.8861254521474736e-05, "width_d": 0.0034929681528843024}