{"numgrasp": 255, "translation_d": 5.39174420430151e-09, "rotation_d": 4.988136492865549e-05, "width_d": 0.003683858735769951}