{"numgrasp": 279, "translation_d": 6.128833063002024e-09, "rotation_d": 5.029084567047461e-05, "width_d": 0.003993699912242436}