{"numgrasp": 240, "translation_d": 5.599509514283415e-09, "rotation_d": 5.043480579468907e-05, "width_d": 0.003542451933581358}