{"numgrasp": 240, "translation_d": 5.171428364728185e-09, "rotation_d": 4.8368853327727315e-05, "width_d": 0.0037495883904567345}