{"numgrasp": 245, "translation_d": 5.398166863151219e-09, "rotation_d": 4.836935136796576e-05, "width_d": 0.003516821994106756}