{"numgrasp": 261, "translation_d": 5.151149226206193e-09, "rotation_d": 4.693858651837528e-05, "width_d": 0.003941379785208901}