{"numgrasp": 258, "translation_d": 5.413935821148234e-09, "rotation_d": 4.560665389554594e-05, "width_d": 0.004113563286548853}