{"numgrasp": 208, "translation_d": 5.252890216835662e-09, "rotation_d": 2.2047708631166737e-05, "width_d": 0.00388753447263341}