{"numgrasp": 218, "translation_d": 5.879534097228113e-09, "rotation_d": 5.519116243041766e-05, "width_d": 0.0017278415158009787}