{"numgrasp": 201, "translation_d": 6.007485517653547e-09, "rotation_d": 4.506235996822703e-05, "width_d": 0.0020396389932308755}