{"numgrasp": 190, "translation_d": 6.271050987154212e-09, "rotation_d": 4.3983070001026984e-05, "width_d": 0.001984164592943186}