{"numgrasp": 191, "translation_d": 5.846791081474891e-09, "rotation_d": 4.054078096316126e-05, "width_d": 0.002772303981649849}