{"numgrasp": 198, "translation_d": 5.519744940493608e-09, "rotation_d": 3.890429049685939e-05, "width_d": 0.0031693378954548578}