{"numgrasp": 203, "translation_d": 5.369231863652531e-09, "rotation_d": 2.179723641953178e-05, "width_d": 0.0039441469621402225}