{"numgrasp": 204, "translation_d": 5.342031539739931e-09, "rotation_d": 2.255231364353357e-05, "width_d": 0.004035377488077896}