{"numgrasp": 209, "translation_d": 5.706044048582665e-09, "rotation_d": 2.398829611845026e-05, "width_d": 0.00375397593535782}