{"numgrasp": 210, "translation_d": 5.477350725110021e-09, "rotation_d": 2.5219634549896067e-05, "width_d": 0.0037966470551114274}