{"numgrasp": 205, "translation_d": 5.499537262025504e-09, "rotation_d": 2.9564442274366517e-05, "width_d": 0.0035477446979820947}