{"numgrasp": 209, "translation_d": 5.6473808719043984e-09, "rotation_d": 3.227369327922412e-05, "width_d": 0.003690970144440085}