{"numgrasp": 189, "translation_d": 5.761869009002886e-09, "rotation_d": 3.4310902833223e-05, "width_d": 0.0031817604242711374}