{"numgrasp": 187, "translation_d": 5.806689255243047e-09, "rotation_d": 3.6533969628379233e-05, "width_d": 0.0032767499111955017}