{"numgrasp": 200, "translation_d": 5.858953961056082e-09, "rotation_d": 3.345890100356668e-05, "width_d": 0.00424108737467777}