{"numgrasp": 200, "translation_d": 5.761053502212988e-09, "rotation_d": 3.2301884204544714e-05, "width_d": 0.004434521529648131}