{"numgrasp": 199, "translation_d": 5.857213167020022e-09, "rotation_d": 3.1924921365373165e-05, "width_d": 0.004285407344888591}