{"numgrasp": 229, "translation_d": 5.795186152035497e-09, "rotation_d": 3.1282673200691146e-05, "width_d": 0.00435946956901918}