{"numgrasp": 226, "translation_d": 5.2121815133053885e-09, "rotation_d": 3.0862935853460275e-05, "width_d": 0.004704665951598239}