{"numgrasp": 196, "translation_d": 5.175299117470901e-09, "rotation_d": 3.3132415358733106e-05, "width_d": 0.004131472900809597}