{"numgrasp": 234, "translation_d": 5.288958612434378e-09, "rotation_d": 3.388935003996056e-05, "width_d": 0.004512981756924313}