{"numgrasp": 223, "translation_d": 5.099425361604118e-09, "rotation_d": 3.726401822578432e-05, "width_d": 0.004833342018223876}