{"numgrasp": 215, "translation_d": 7.087180418717696e-09, "rotation_d": 2.2226667147060625e-05, "width_d": 0.004787967548051568}