{"numgrasp": 225, "translation_d": 5.157066371353958e-09, "rotation_d": 4.1149836121644e-05, "width_d": 0.0047175813412959865}