{"numgrasp": 227, "translation_d": 4.670923093127815e-09, "rotation_d": 6.118261139984438e-05, "width_d": 0.0052608458629916964}