{"numgrasp": 220, "translation_d": 5.194851571298271e-09, "rotation_d": 5.509011271370705e-05, "width_d": 0.005530215866472465}