{"numgrasp": 212, "translation_d": 7.632489084331125e-09, "rotation_d": 2.178535520085229e-05, "width_d": 0.004738380189065046}