{"numgrasp": 219, "translation_d": 4.9594197130111545e-09, "rotation_d": 3.9361106545899915e-05, "width_d": 0.005941380946197662}