{"numgrasp": 217, "translation_d": 5.2910269551700306e-09, "rotation_d": 4.489003627569807e-05, "width_d": 0.006854965050414427}