{"numgrasp": 227, "translation_d": 5.04622640032578e-09, "rotation_d": 5.2224610559646204e-05, "width_d": 0.006829394486876298}