{"numgrasp": 271, "translation_d": 4.8659670255619635e-09, "rotation_d": 5.517897779985884e-05, "width_d": 0.006632382988044147}