{"numgrasp": 254, "translation_d": 4.913611176950552e-09, "rotation_d": 6.0237712884133336e-05, "width_d": 0.006640450986375968}