{"numgrasp": 268, "translation_d": 4.773306595343252e-09, "rotation_d": 6.283780832270061e-05, "width_d": 0.00636404157637536}