{"numgrasp": 256, "translation_d": 4.767395286192115e-09, "rotation_d": 6.683515438609572e-05, "width_d": 0.007452176759250644}