{"numgrasp": 265, "translation_d": 4.752570805625855e-09, "rotation_d": 6.47525124084237e-05, "width_d": 0.007611085928756645}