{"numgrasp": 231, "translation_d": 4.849102150696906e-09, "rotation_d": 5.315921591746575e-05, "width_d": 0.008968325202498609}