{"numgrasp": 168, "translation_d": 4.580130689174718e-09, "rotation_d": 5.659273340070929e-05, "width_d": 0.010402435920737006}