{"numgrasp": 225, "translation_d": 4.4964402500100055e-09, "rotation_d": 5.880990270228709e-05, "width_d": 0.01018355613413922}