{"numgrasp": 235, "translation_d": 4.631804594950658e-09, "rotation_d": 6.378200537591868e-05, "width_d": 0.00951969719999492}