{"numgrasp": 246, "translation_d": 4.608532964339088e-09, "rotation_d": 6.465470550739508e-05, "width_d": 0.009636387823775761}