{"numgrasp": 268, "translation_d": 4.929065533116376e-09, "rotation_d": 6.520117700900918e-05, "width_d": 0.008934216488041193}