{"numgrasp": 262, "translation_d": 4.821640078367246e-09, "rotation_d": 5.8219626710091706e-05, "width_d": 0.007809675882914612}