{"numgrasp": 249, "translation_d": 5.025961981620838e-09, "rotation_d": 5.4460535494497286e-05, "width_d": 0.007405665382718055}