{"numgrasp": 246, "translation_d": 4.694650870479096e-09, "rotation_d": 3.773998528634219e-05, "width_d": 0.008173649041666555}