{"numgrasp": 269, "translation_d": 4.553950509593155e-09, "rotation_d": 4.9849024019834356e-05, "width_d": 0.008831172373064461}