{"numgrasp": 245, "translation_d": 4.868799373271453e-09, "rotation_d": 5.333291943526069e-05, "width_d": 0.009216847007201451}