{"numgrasp": 270, "translation_d": 4.599047190461777e-09, "rotation_d": 5.95644288283883e-05, "width_d": 0.01039854284042988}