{"numgrasp": 259, "translation_d": 4.631006222992285e-09, "rotation_d": 6.113751089046164e-05, "width_d": 0.010760839359541127}