{"numgrasp": 229, "translation_d": 4.358679781370438e-09, "rotation_d": 5.2737190342711583e-05, "width_d": 0.011703086032397217}