{"numgrasp": 246, "translation_d": 4.22950248723205e-09, "rotation_d": 4.9193944869041307e-05, "width_d": 0.012205201345378827}