{"numgrasp": 244, "translation_d": 4.761936007510569e-09, "rotation_d": 4.396773051351485e-05, "width_d": 0.011345304243378302}