{"numgrasp": 230, "translation_d": 4.847669621057739e-09, "rotation_d": 3.406871544677026e-05, "width_d": 0.009337602743254526}