{"numgrasp": 237, "translation_d": 4.964741502724727e-09, "rotation_d": 3.079550266993371e-05, "width_d": 0.00991462998621767}