{"numgrasp": 228, "translation_d": 4.898473036280424e-09, "rotation_d": 3.0096879051776145e-05, "width_d": 0.011015681425323153}