{"numgrasp": 219, "translation_d": 6.9239984754509685e-09, "rotation_d": 2.6848852321591964e-05, "width_d": 0.002167882584833843}