{"numgrasp": 213, "translation_d": 4.533806732773323e-09, "rotation_d": 3.248618376969314e-05, "width_d": 0.012450119356298386}