{"numgrasp": 203, "translation_d": 4.418044084949833e-09, "rotation_d": 3.409358352327632e-05, "width_d": 0.01198779727621962}