{"numgrasp": 216, "translation_d": 6.687330497050164e-09, "rotation_d": 3.1535191905248334e-05, "width_d": 0.0016949958760437975}