{"numgrasp": 209, "translation_d": 6.4548804957348695e-09, "rotation_d": 2.3687473500588746e-05, "width_d": 0.001964563295818778}