{"numgrasp": 204, "translation_d": 6.187622552723145e-09, "rotation_d": 4.347315449292699e-05, "width_d": 0.0018190096510924776}