{"numgrasp": 224, "translation_d": 6.1318328335661046e-09, "rotation_d": 4.543071290692175e-05, "width_d": 0.0024050146255056863}