{"numgrasp": 242, "translation_d": 6.6556492226306855e-09, "rotation_d": 5.2384393579830665e-05, "width_d": 0.003186212402448372}