{"numgrasp": 251, "translation_d": 6.5224337362522406e-09, "rotation_d": 5.497337280982311e-05, "width_d": 0.003780136835719347}