{"numgrasp": 241, "translation_d": 5.9966739878293394e-09, "rotation_d": 6.324385341702026e-05, "width_d": 0.0031665200487237966}