{"numgrasp": 222, "translation_d": 7.279484783244803e-09, "rotation_d": 2.6978354912953005e-05, "width_d": 0.001896618233088149}