{"numgrasp": 227, "translation_d": 5.783612061413335e-09, "rotation_d": 6.291487530089714e-05, "width_d": 0.0026837577876978043}