{"numgrasp": 182, "translation_d": 6.003881071785616e-09, "rotation_d": 5.733822866322351e-05, "width_d": 0.0014597265093434164}