{"numgrasp": 180, "translation_d": 5.8265179299170035e-09, "rotation_d": 5.532356961373995e-05, "width_d": 0.001664611119460312}