{"numgrasp": 187, "translation_d": 5.873467733628335e-09, "rotation_d": 5.195849995202764e-05, "width_d": 0.0017670541523593863}