{"numgrasp": 215, "translation_d": 7.026166441126848e-09, "rotation_d": 2.4555553771248226e-05, "width_d": 0.001771971845703635}