{"numgrasp": 173, "translation_d": 5.8546024636186255e-09, "rotation_d": 6.622552993184866e-05, "width_d": 0.00182721465316803}