{"numgrasp": 172, "translation_d": 5.249750058922536e-09, "rotation_d": 6.716668283765433e-05, "width_d": 0.0016879308717500986}