{"numgrasp": 196, "translation_d": 5.58580296805839e-09, "rotation_d": 6.739457025280567e-05, "width_d": 0.001739928608871143}