{"numgrasp": 214, "translation_d": 6.338471312903337e-09, "rotation_d": 6.607262851670316e-05, "width_d": 0.0022119443794401798}