{"numgrasp": 239, "translation_d": 5.572906593106094e-09, "rotation_d": 6.529311047618922e-05, "width_d": 0.0023461565222824285}