{"numgrasp": 213, "translation_d": 7.0709888327954934e-09, "rotation_d": 2.2735168514347636e-05, "width_d": 0.0021424652755922704}