{"numgrasp": 208, "translation_d": 5.656430097110803e-09, "rotation_d": 6.251525815885843e-05, "width_d": 0.0015091703082417832}