{"numgrasp": 210, "translation_d": 7.406836993376264e-09, "rotation_d": 2.3523469050359136e-05, "width_d": 0.0024634548069620366}