{"numgrasp": 171, "translation_d": 5.5997911424368735e-09, "rotation_d": 5.912296765962793e-05, "width_d": 0.002687941553324347}