{"numgrasp": 198, "translation_d": 5.914411907539084e-09, "rotation_d": 5.4848088081122115e-05, "width_d": 0.0023217244744903305}