{"numgrasp": 198, "translation_d": 6.1859938030797436e-09, "rotation_d": 5.5156966934174214e-05, "width_d": 0.002052616823231143}