{"numgrasp": 200, "translation_d": 6.1061247791716884e-09, "rotation_d": 5.374443701786295e-05, "width_d": 0.0019991392552103516}