{"numgrasp": 478, "translation_d": 6.322483005791098e-09, "rotation_d": 5.021311671094348e-05, "width_d": 0.0036750316803383083}