{"numgrasp": 445, "translation_d": 6.550239202650589e-09, "rotation_d": 5.061703908371592e-05, "width_d": 0.0033022857612033077}