{"numgrasp": 438, "translation_d": 6.326872125124775e-09, "rotation_d": 5.321578395482383e-05, "width_d": 0.002795102518216572}