{"numgrasp": 447, "translation_d": 6.56700815521648e-09, "rotation_d": 5.1963286319241384e-05, "width_d": 0.0023354808826113803}