{"numgrasp": 395, "translation_d": 6.5966208291075256e-09, "rotation_d": 5.498606987799424e-05, "width_d": 0.0020515486217607677}