{"numgrasp": 372, "translation_d": 6.408556887740896e-09, "rotation_d": 5.396622614000914e-05, "width_d": 0.001951243762410933}