{"numgrasp": 401, "translation_d": 6.625416442356101e-09, "rotation_d": 5.433908360603004e-05, "width_d": 0.0018876644577281645}