{"numgrasp": 424, "translation_d": 5.615809320351628e-09, "rotation_d": 5.4979190853705917e-05, "width_d": 0.0018792316976377313}