{"numgrasp": 425, "translation_d": 5.495899740426153e-09, "rotation_d": 5.44024241260228e-05, "width_d": 0.0022678653978803432}