{"numgrasp": 413, "translation_d": 5.733097195414771e-09, "rotation_d": 5.365996008637456e-05, "width_d": 0.002198450804652521}