{"numgrasp": 454, "translation_d": 5.562123516722118e-09, "rotation_d": 5.389280230048544e-05, "width_d": 0.0029895134596384424}