{"numgrasp": 436, "translation_d": 6.031386013533049e-09, "rotation_d": 5.399874208619304e-05, "width_d": 0.003061662365091718}