{"numgrasp": 487, "translation_d": 5.7129002090363535e-09, "rotation_d": 5.5224414954184564e-05, "width_d": 0.0032559634530170156}