{"numgrasp": 467, "translation_d": 5.826435989764002e-09, "rotation_d": 5.378338700673686e-05, "width_d": 0.003283723777846677}