{"numgrasp": 446, "translation_d": 5.824805742887667e-09, "rotation_d": 5.3370238126589647e-05, "width_d": 0.002902013497583878}