{"numgrasp": 451, "translation_d": 5.547509189445568e-09, "rotation_d": 5.3465511469971286e-05, "width_d": 0.0029655354914204465}