{"numgrasp": 435, "translation_d": 5.80533174615216e-09, "rotation_d": 5.325392602866132e-05, "width_d": 0.0026786305368785295}