{"numgrasp": 425, "translation_d": 6.031634360284728e-09, "rotation_d": 5.545943062374819e-05, "width_d": 0.005465756026110608}