{"numgrasp": 436, "translation_d": 5.324861006913174e-09, "rotation_d": 5.0438291697597684e-05, "width_d": 0.002590883221339098}