{"numgrasp": 419, "translation_d": 5.4248032968807225e-09, "rotation_d": 5.1247078355042716e-05, "width_d": 0.0026921535366453025}