{"numgrasp": 430, "translation_d": 5.972660973320117e-09, "rotation_d": 5.5093398858999556e-05, "width_d": 0.005393182736062606}