{"numgrasp": 412, "translation_d": 5.229026565284021e-09, "rotation_d": 4.895503513777664e-05, "width_d": 0.0030572759912151338}