{"numgrasp": 388, "translation_d": 5.183924906648939e-09, "rotation_d": 4.924028253436385e-05, "width_d": 0.002335248348523649}