{"numgrasp": 358, "translation_d": 5.020852897844181e-09, "rotation_d": 4.974592699397516e-05, "width_d": 0.0023020205652557065}