{"numgrasp": 382, "translation_d": 5.117846926002397e-09, "rotation_d": 4.919908104433239e-05, "width_d": 0.0021020777845806127}