{"numgrasp": 345, "translation_d": 5.033296885373951e-09, "rotation_d": 5.108476340537441e-05, "width_d": 0.001989543428975091}