{"numgrasp": 390, "translation_d": 5.21163031859206e-09, "rotation_d": 5.098756342632492e-05, "width_d": 0.0023213555533739246}