{"numgrasp": 402, "translation_d": 5.086884304992449e-09, "rotation_d": 5.052515723796257e-05, "width_d": 0.00265492188028529}