{"numgrasp": 420, "translation_d": 5.207531584450342e-09, "rotation_d": 4.928628448261276e-05, "width_d": 0.0031923266173796024}