{"numgrasp": 418, "translation_d": 5.0905835974907934e-09, "rotation_d": 4.856963436075446e-05, "width_d": 0.0035532224976683752}