{"numgrasp": 339, "translation_d": 5.72014337829356e-09, "rotation_d": 5.307706898477492e-05, "width_d": 0.0021699414811984664}