{"numgrasp": 438, "translation_d": 5.197074415622661e-09, "rotation_d": 5.1523505715162124e-05, "width_d": 0.0036371008995697792}