{"numgrasp": 436, "translation_d": 5.307306090527762e-09, "rotation_d": 5.0605387035805295e-05, "width_d": 0.0031548378281500804}