{"numgrasp": 429, "translation_d": 5.50452590384722e-09, "rotation_d": 5.199269265389475e-05, "width_d": 0.0033269274048341826}