{"numgrasp": 409, "translation_d": 5.306342396315066e-09, "rotation_d": 5.175221115026683e-05, "width_d": 0.0027117227734501383}