{"numgrasp": 390, "translation_d": 4.863459670385404e-09, "rotation_d": 5.2369035890131375e-05, "width_d": 0.0020839660344909297}