{"numgrasp": 434, "translation_d": 5.029310654156096e-09, "rotation_d": 5.425342894115855e-05, "width_d": 0.003364275276971409}