{"numgrasp": 441, "translation_d": 5.054667856684753e-09, "rotation_d": 5.280171102978154e-05, "width_d": 0.0036517005043464465}