{"numgrasp": 477, "translation_d": 4.977573913086979e-09, "rotation_d": 5.346232575159487e-05, "width_d": 0.0040855980451599645}