{"numgrasp": 477, "translation_d": 5.220487429866055e-09, "rotation_d": 5.385754961221351e-05, "width_d": 0.004703495420985863}