{"numgrasp": 463, "translation_d": 5.1481710265727205e-09, "rotation_d": 5.5043568052442813e-05, "width_d": 0.004323458386044812}