{"numgrasp": 467, "translation_d": 4.968401373590793e-09, "rotation_d": 5.4001475989787665e-05, "width_d": 0.004060579941642106}