{"numgrasp": 462, "translation_d": 4.994290700759365e-09, "rotation_d": 5.40136267325918e-05, "width_d": 0.0040137606119004954}