{"numgrasp": 471, "translation_d": 5.239724058248716e-09, "rotation_d": 5.363664048025952e-05, "width_d": 0.0035114281984331163}