{"numgrasp": 432, "translation_d": 5.387936791058304e-09, "rotation_d": 5.158509808334601e-05, "width_d": 0.0028962016490314255}