{"numgrasp": 415, "translation_d": 5.378578735229586e-09, "rotation_d": 4.973890649196481e-05, "width_d": 0.0025434786807692882}