{"numgrasp": 450, "translation_d": 5.43666089493412e-09, "rotation_d": 5.0588470676596186e-05, "width_d": 0.0027716780749497518}