{"numgrasp": 445, "translation_d": 5.1347128854021875e-09, "rotation_d": 4.976795773830733e-05, "width_d": 0.002860056281576238}