{"numgrasp": 487, "translation_d": 5.293475143502039e-09, "rotation_d": 5.223689662784799e-05, "width_d": 0.0035125693254042796}