{"numgrasp": 500, "translation_d": 5.208971650251034e-09, "rotation_d": 5.284903488968674e-05, "width_d": 0.004074519804379177}