{"numgrasp": 478, "translation_d": 4.8550972729872705e-09, "rotation_d": 5.371827601318686e-05, "width_d": 0.0045963113394196795}