{"numgrasp": 468, "translation_d": 5.008273631687051e-09, "rotation_d": 5.345257856713718e-05, "width_d": 0.004954133520000021}