{"numgrasp": 487, "translation_d": 5.076717007674513e-09, "rotation_d": 5.374313371527918e-05, "width_d": 0.00489595187843191}