{"numgrasp": 404, "translation_d": 5.994233193855806e-09, "rotation_d": 5.2169482895591706e-05, "width_d": 0.0034424839134351817}