{"numgrasp": 381, "translation_d": 6.045844184224729e-09, "rotation_d": 5.1492949499871144e-05, "width_d": 0.003345676681687833}