{"numgrasp": 356, "translation_d": 5.682428291803776e-09, "rotation_d": 5.107422107815975e-05, "width_d": 0.0030402065580366214}