{"numgrasp": 342, "translation_d": 5.721445386559953e-09, "rotation_d": 5.2764668422432426e-05, "width_d": 0.0024681660936335015}