{"numgrasp": 371, "translation_d": 6.054547322022871e-09, "rotation_d": 4.962444579804574e-05, "width_d": 0.002763835142558511}