{"numgrasp": 385, "translation_d": 6.4417805540904555e-09, "rotation_d": 5.123485977473663e-05, "width_d": 0.0029359625041359416}