{"numgrasp": 394, "translation_d": 6.321632424255273e-09, "rotation_d": 4.9926945498531915e-05, "width_d": 0.0031335086674242935}