{"numgrasp": 422, "translation_d": 6.622669168216969e-09, "rotation_d": 4.994803966846932e-05, "width_d": 0.004223117702872648}