{"numgrasp": 427, "translation_d": 6.338179263216878e-09, "rotation_d": 4.852161395441756e-05, "width_d": 0.004509160143870566}