{"numgrasp": 462, "translation_d": 6.155689553408071e-09, "rotation_d": 4.8468233570912534e-05, "width_d": 0.0042763083859158986}