{"numgrasp": 427, "translation_d": 6.327614231366134e-09, "rotation_d": 4.956214060725883e-05, "width_d": 0.0031562002616346905}