{"numgrasp": 417, "translation_d": 6.598146749942553e-09, "rotation_d": 4.908557792283755e-05, "width_d": 0.003006282904430207}