{"numgrasp": 389, "translation_d": 6.479251582737067e-09, "rotation_d": 5.072197146680038e-05, "width_d": 0.0024332260204292383}