{"numgrasp": 379, "translation_d": 6.385534384953046e-09, "rotation_d": 5.1011129053837756e-05, "width_d": 0.0023072853083943422}