{"numgrasp": 391, "translation_d": 6.55787081596771e-09, "rotation_d": 5.1121864028468246e-05, "width_d": 0.002478319962111446}