{"numgrasp": 420, "translation_d": 6.628347832312016e-09, "rotation_d": 4.7419030575130557e-05, "width_d": 0.002986674280003314}