{"numgrasp": 442, "translation_d": 6.8783798946751695e-09, "rotation_d": 4.785496867529982e-05, "width_d": 0.0032331401517607973}