{"numgrasp": 451, "translation_d": 6.759640812173383e-09, "rotation_d": 4.6877741168342607e-05, "width_d": 0.003612426134416755}