{"numgrasp": 457, "translation_d": 6.410887591041754e-09, "rotation_d": 4.9043639826236404e-05, "width_d": 0.0038200627947930516}