{"numgrasp": 467, "translation_d": 6.593873871863046e-09, "rotation_d": 4.7963767075324044e-05, "width_d": 0.0036193607952695276}