{"numgrasp": 423, "translation_d": 6.882713419334809e-09, "rotation_d": 4.70898890235562e-05, "width_d": 0.003871649388804892}