{"numgrasp": 346, "translation_d": 5.880088408829257e-09, "rotation_d": 5.258490168694975e-05, "width_d": 0.003850561603472682}