{"numgrasp": 472, "translation_d": 6.956680345112777e-09, "rotation_d": 4.6997963118258124e-05, "width_d": 0.0032517665382552573}