{"numgrasp": 388, "translation_d": 6.460587609759534e-09, "rotation_d": 4.886809306836784e-05, "width_d": 0.0025641158939737983}