{"numgrasp": 435, "translation_d": 6.8512722851659e-09, "rotation_d": 4.8484752649939665e-05, "width_d": 0.0022747754936945958}