{"numgrasp": 437, "translation_d": 7.309199999653899e-09, "rotation_d": 5.042621808813317e-05, "width_d": 0.002375788009803068}