{"numgrasp": 477, "translation_d": 6.870884654257676e-09, "rotation_d": 4.841861928339397e-05, "width_d": 0.0030377425637824803}