{"numgrasp": 324, "translation_d": 5.661040580926729e-09, "rotation_d": 5.70621193527354e-05, "width_d": 0.0029838745849188188}