{"numgrasp": 349, "translation_d": 5.308974431987829e-09, "rotation_d": 5.663148710804675e-05, "width_d": 0.003151992512109814}