{"numgrasp": 303, "translation_d": 5.4538916648649375e-09, "rotation_d": 4.857082654783856e-05, "width_d": 0.0027292657063209946}