{"numgrasp": 493, "translation_d": 6.202246885722215e-09, "rotation_d": 3.100477629740637e-05, "width_d": 0.0041227013196839845}