{"numgrasp": 310, "translation_d": 5.352534660044976e-09, "rotation_d": 5.0634779173506745e-05, "width_d": 0.0023053877344835524}