{"numgrasp": 318, "translation_d": 5.568587034137327e-09, "rotation_d": 5.1367514754332534e-05, "width_d": 0.0020344132426750486}