{"numgrasp": 302, "translation_d": 5.4495611097302685e-09, "rotation_d": 5.351802520876218e-05, "width_d": 0.0014750260138039844}