{"numgrasp": 303, "translation_d": 5.719090928385088e-09, "rotation_d": 4.056045764710109e-05, "width_d": 0.001412475136973154}