{"numgrasp": 305, "translation_d": 5.499088376231198e-09, "rotation_d": 3.9956014184623015e-05, "width_d": 0.001468154363450542}