{"numgrasp": 309, "translation_d": 5.737767698695138e-09, "rotation_d": 4.144475730226601e-05, "width_d": 0.0017929401578649024}