{"numgrasp": 332, "translation_d": 5.728212466371623e-09, "rotation_d": 4.0146147961771665e-05, "width_d": 0.002011809420988365}