{"numgrasp": 319, "translation_d": 5.428307388200258e-09, "rotation_d": 4.1468137706513595e-05, "width_d": 0.002775188718555853}