{"numgrasp": 322, "translation_d": 5.437313463382596e-09, "rotation_d": 4.214674732334972e-05, "width_d": 0.003089734153745519}