{"numgrasp": 330, "translation_d": 5.473919670640693e-09, "rotation_d": 3.573328276294826e-05, "width_d": 0.0024499079360813824}