{"numgrasp": 319, "translation_d": 5.885026128135578e-09, "rotation_d": 3.426225290570151e-05, "width_d": 0.002412975830109469}