{"numgrasp": 313, "translation_d": 5.854801661284294e-09, "rotation_d": 3.5988204199513494e-05, "width_d": 0.0021470959877813}