{"numgrasp": 325, "translation_d": 5.7130405459635e-09, "rotation_d": 3.628242510011049e-05, "width_d": 0.0019283112450793388}