{"numgrasp": 306, "translation_d": 5.794462354933994e-09, "rotation_d": 3.643132886475894e-05, "width_d": 0.0015510789118113918}