{"numgrasp": 312, "translation_d": 5.9083524384362364e-09, "rotation_d": 4.442065286198341e-05, "width_d": 0.002577560937559911}