{"numgrasp": 313, "translation_d": 5.825690562314195e-09, "rotation_d": 4.4811237634719684e-05, "width_d": 0.003153466409788083}