{"numgrasp": 380, "translation_d": 5.774713879514121e-09, "rotation_d": 5.7456417916707446e-05, "width_d": 0.0039285810367645346}