{"numgrasp": 383, "translation_d": 5.9893438027877975e-09, "rotation_d": 5.723591842820861e-05, "width_d": 0.003878765136889023}