{"numgrasp": 375, "translation_d": 5.823029962510152e-09, "rotation_d": 5.704965316994121e-05, "width_d": 0.0033337204737981514}