{"numgrasp": 362, "translation_d": 5.654818416808895e-09, "rotation_d": 5.634238913272299e-05, "width_d": 0.003085010840687889}