{"numgrasp": 317, "translation_d": 5.838751114721049e-09, "rotation_d": 5.544982814786037e-05, "width_d": 0.0025406382645307007}