{"numgrasp": 287, "translation_d": 5.833724475870753e-09, "rotation_d": 5.668761170239638e-05, "width_d": 0.0021397668810589536}