{"numgrasp": 304, "translation_d": 5.913238526948808e-09, "rotation_d": 5.876817486758763e-05, "width_d": 0.0019832707214304953}