{"numgrasp": 297, "translation_d": 6.005789924679513e-09, "rotation_d": 5.912477698184354e-05, "width_d": 0.0018039616108832478}