{"numgrasp": 355, "translation_d": 5.531893291592027e-09, "rotation_d": 6.237826119748147e-05, "width_d": 0.0019861662251096975}