{"numgrasp": 344, "translation_d": 5.559194512638819e-09, "rotation_d": 6.2312056376219e-05, "width_d": 0.002185867418845706}