{"numgrasp": 375, "translation_d": 5.807596666474539e-09, "rotation_d": 6.250282397851588e-05, "width_d": 0.002657297653985148}