{"numgrasp": 398, "translation_d": 5.842038787060585e-09, "rotation_d": 6.162219447757329e-05, "width_d": 0.003095040667055871}