{"numgrasp": 387, "translation_d": 5.4153847901794705e-09, "rotation_d": 6.136074759977947e-05, "width_d": 0.003349067185170362}