{"numgrasp": 460, "translation_d": 6.474302684068442e-09, "rotation_d": 3.491370272425204e-05, "width_d": 0.004440486221233221}