{"numgrasp": 387, "translation_d": 5.614117054550571e-09, "rotation_d": 6.124858775744554e-05, "width_d": 0.003568134817430681}