{"numgrasp": 384, "translation_d": 5.43367420137602e-09, "rotation_d": 6.07195180623297e-05, "width_d": 0.0038720752899008884}