{"numgrasp": 390, "translation_d": 5.662361336029244e-09, "rotation_d": 5.931330701668774e-05, "width_d": 0.004538220135701038}