{"numgrasp": 407, "translation_d": 5.5730186496381364e-09, "rotation_d": 5.729339933888974e-05, "width_d": 0.004593697203225516}