{"numgrasp": 392, "translation_d": 5.632456189815511e-09, "rotation_d": 5.769422374212949e-05, "width_d": 0.0039421160892626796}