{"numgrasp": 391, "translation_d": 5.685563125836934e-09, "rotation_d": 5.806071225946258e-05, "width_d": 0.004078020925441826}