{"numgrasp": 442, "translation_d": 5.356713451934785e-09, "rotation_d": 5.757764125954893e-05, "width_d": 0.002714596706721164}