{"numgrasp": 462, "translation_d": 5.195668014021312e-09, "rotation_d": 5.2529009885461175e-05, "width_d": 0.0021032538143676066}