{"numgrasp": 425, "translation_d": 5.231504191813296e-09, "rotation_d": 4.8503901690178327e-05, "width_d": 0.0031526533462627095}