{"numgrasp": 419, "translation_d": 5.1412558650773445e-09, "rotation_d": 5.031655743175461e-05, "width_d": 0.0036161797388922145}