{"numgrasp": 474, "translation_d": 6.207045450859481e-09, "rotation_d": 3.3587155993328046e-05, "width_d": 0.00432885383176543}