{"numgrasp": 409, "translation_d": 5.357259566293385e-09, "rotation_d": 5.007551174777051e-05, "width_d": 0.0039021819283670497}