{"numgrasp": 403, "translation_d": 5.179629911947796e-09, "rotation_d": 5.016831413460941e-05, "width_d": 0.0039444181608314305}