{"numgrasp": 388, "translation_d": 5.137101242656625e-09, "rotation_d": 5.009697747564852e-05, "width_d": 0.004663299447144283}