{"numgrasp": 399, "translation_d": 4.990178424020709e-09, "rotation_d": 4.1631899850267665e-05, "width_d": 0.004428950744660179}