{"numgrasp": 420, "translation_d": 5.033165844248127e-09, "rotation_d": 4.062150693864499e-05, "width_d": 0.0041656208042290714}