{"numgrasp": 412, "translation_d": 4.869247449154493e-09, "rotation_d": 4.016666089144452e-05, "width_d": 0.003955832531134247}