{"numgrasp": 460, "translation_d": 4.810500375299777e-09, "rotation_d": 3.5084029994851504e-05, "width_d": 0.003115311694881297}