{"numgrasp": 458, "translation_d": 5.085891907384003e-09, "rotation_d": 3.1753273866123985e-05, "width_d": 0.002541003597588184}