{"numgrasp": 497, "translation_d": 4.691820266466635e-09, "rotation_d": 3.987480328961114e-05, "width_d": 0.002419504501229682}