{"numgrasp": 499, "translation_d": 4.824245315961802e-09, "rotation_d": 3.373414861121379e-05, "width_d": 0.002750443485305235}