{"numgrasp": 460, "translation_d": 4.781633886576866e-09, "rotation_d": 3.212502910157029e-05, "width_d": 0.0035936268793134627}