{"numgrasp": 467, "translation_d": 4.700575037172068e-09, "rotation_d": 3.268255978091157e-05, "width_d": 0.004032689367069284}