{"numgrasp": 426, "translation_d": 4.541255115107151e-09, "rotation_d": 3.5374609155396004e-05, "width_d": 0.004563074215184421}