{"numgrasp": 480, "translation_d": 6.1921777908778015e-09, "rotation_d": 3.4276160682306445e-05, "width_d": 0.0025025874497313716}