{"numgrasp": 459, "translation_d": 6.339825997907129e-09, "rotation_d": 3.9778089270732887e-05, "width_d": 0.0032379127622380005}