{"numgrasp": 408, "translation_d": 6.353581793038966e-09, "rotation_d": 4.157238476779536e-05, "width_d": 0.003615141861885551}