{"numgrasp": 465, "translation_d": 5.8081174501076e-09, "rotation_d": 3.862353658357813e-05, "width_d": 0.002696744393179599}