{"numgrasp": 433, "translation_d": 6.471644697995149e-09, "rotation_d": 4.4265641226266574e-05, "width_d": 0.004388330891710016}