{"numgrasp": 442, "translation_d": 6.173872736935811e-09, "rotation_d": 5.3386959956311924e-05, "width_d": 0.0049828176566669375}