{"numgrasp": 411, "translation_d": 6.255477620910984e-09, "rotation_d": 5.352855771371796e-05, "width_d": 0.004046633092932615}