{"numgrasp": 475, "translation_d": 5.982733636765118e-09, "rotation_d": 3.661545298598045e-05, "width_d": 0.0028988343434035824}