{"numgrasp": 431, "translation_d": 6.370317455714226e-09, "rotation_d": 5.278033081797537e-05, "width_d": 0.0032574861655432262}