{"numgrasp": 377, "translation_d": 6.1898438063485386e-09, "rotation_d": 5.5992705405366737e-05, "width_d": 0.0022282180512405605}