{"numgrasp": 421, "translation_d": 6.174491344752174e-09, "rotation_d": 5.946939497438213e-05, "width_d": 0.002424927867499243}