{"numgrasp": 405, "translation_d": 5.703156014836628e-09, "rotation_d": 6.142610288101724e-05, "width_d": 0.0031230453100114784}