{"numgrasp": 408, "translation_d": 5.999163310381986e-09, "rotation_d": 6.0236949696599015e-05, "width_d": 0.0037745833614986715}