{"numgrasp": 375, "translation_d": 5.4404277729560596e-09, "rotation_d": 6.229761237937627e-05, "width_d": 0.00333602407421335}