{"numgrasp": 372, "translation_d": 5.681510048927899e-09, "rotation_d": 6.230302005216589e-05, "width_d": 0.0027142169631865936}