{"numgrasp": 359, "translation_d": 5.826227536039394e-09, "rotation_d": 6.275206319079098e-05, "width_d": 0.002493209430894959}