{"numgrasp": 366, "translation_d": 5.795507579984197e-09, "rotation_d": 6.294449355281969e-05, "width_d": 0.0021215783729807694}