{"numgrasp": 497, "translation_d": 6.130736847887353e-09, "rotation_d": 3.2813259729492565e-05, "width_d": 0.003971770163838779}