{"numgrasp": 308, "translation_d": 5.696047172808331e-09, "rotation_d": 6.140405338789122e-05, "width_d": 0.0015957222318983436}