{"numgrasp": 343, "translation_d": 5.3829772458881666e-09, "rotation_d": 5.8353025555856756e-05, "width_d": 0.002371440539415835}