{"numgrasp": 175, "translation_d": 5.738980233597036e-09, "rotation_d": 4.931104596762791e-05, "width_d": 0.002525662262087685}