{"numgrasp": 178, "translation_d": 5.375143364730276e-09, "rotation_d": 5.054610960178969e-05, "width_d": 0.0034746240600220797}