{"numgrasp": 163, "translation_d": 5.712216518460957e-09, "rotation_d": 4.367143501459586e-05, "width_d": 0.003309194259390404}