{"numgrasp": 155, "translation_d": 5.317585938734318e-09, "rotation_d": 4.3270972575544024e-05, "width_d": 0.003298095759697071}