{"numgrasp": 161, "translation_d": 5.70571828177782e-09, "rotation_d": 4.332604412902134e-05, "width_d": 0.0029888988154274797}