{"numgrasp": 174, "translation_d": 4.809848814142212e-09, "rotation_d": 4.337522950539634e-05, "width_d": 0.0032230712054158416}