{"numgrasp": 162, "translation_d": 5.323966829695598e-09, "rotation_d": 4.467399834847966e-05, "width_d": 0.002720332138198047}