{"numgrasp": 172, "translation_d": 5.413463288061361e-09, "rotation_d": 5.0014508850300145e-05, "width_d": 0.0027861810094189665}