{"numgrasp": 171, "translation_d": 5.515903961426034e-09, "rotation_d": 4.052097351779932e-05, "width_d": 0.00266851136105825}