{"numgrasp": 170, "translation_d": 5.69755952769149e-09, "rotation_d": 4.038553715888857e-05, "width_d": 0.003117918406222672}