{"numgrasp": 151, "translation_d": 5.9593643928251406e-09, "rotation_d": 4.486526194575018e-05, "width_d": 0.0032572630058523813}