{"numgrasp": 160, "translation_d": 5.840893614011265e-09, "rotation_d": 4.639141955049525e-05, "width_d": 0.0022622367663112084}