{"numgrasp": 169, "translation_d": 5.8200847986457845e-09, "rotation_d": 4.732418108600134e-05, "width_d": 0.0023331400797588064}