{"numgrasp": 162, "translation_d": 5.754860859115154e-09, "rotation_d": 5.380887258556129e-05, "width_d": 0.0022799339492630935}