{"numgrasp": 162, "translation_d": 5.945630474728756e-09, "rotation_d": 5.173550223091223e-05, "width_d": 0.003411046436523822}