{"numgrasp": 160, "translation_d": 5.965356203728578e-09, "rotation_d": 5.157688669845323e-05, "width_d": 0.0033812115736094246}