{"numgrasp": 155, "translation_d": 5.6950409392629604e-09, "rotation_d": 5.115344768015532e-05, "width_d": 0.0034781036758356914}