{"numgrasp": 141, "translation_d": 5.565999835589879e-09, "rotation_d": 5.795144381428634e-05, "width_d": 0.00366481412407801}