{"numgrasp": 158, "translation_d": 5.1054479867008025e-09, "rotation_d": 4.741084706592978e-05, "width_d": 0.004258701714876738}