{"numgrasp": 180, "translation_d": 5.411469848896231e-09, "rotation_d": 5.770698024283204e-05, "width_d": 0.002235312733138962}