{"numgrasp": 159, "translation_d": 5.911602107007697e-09, "rotation_d": 5.957131970135815e-05, "width_d": 0.002768877792422129}