{"numgrasp": 155, "translation_d": 5.822263613203196e-09, "rotation_d": 6.078899185714286e-05, "width_d": 0.002449783389921827}