{"numgrasp": 160, "translation_d": 5.560016759623557e-09, "rotation_d": 5.980218818865947e-05, "width_d": 0.002482315475341739}