{"numgrasp": 153, "translation_d": 5.876237930017578e-09, "rotation_d": 5.9831494518239255e-05, "width_d": 0.002807664589720118}