{"numgrasp": 162, "translation_d": 4.891702008049068e-09, "rotation_d": 4.57502476724521e-05, "width_d": 0.004600025579234915}