{"numgrasp": 155, "translation_d": 5.7542679837815574e-09, "rotation_d": 5.744631650359228e-05, "width_d": 0.002934835845105966}