{"numgrasp": 164, "translation_d": 5.791900139521818e-09, "rotation_d": 5.792158833107238e-05, "width_d": 0.0029200918905269505}