{"numgrasp": 164, "translation_d": 5.640623755419063e-09, "rotation_d": 5.543026661757361e-05, "width_d": 0.002587085673708572}