{"numgrasp": 180, "translation_d": 5.476249409238158e-09, "rotation_d": 5.3212313954636856e-05, "width_d": 0.0021324018257646423}