{"numgrasp": 160, "translation_d": 4.937174556747775e-09, "rotation_d": 4.624141831062023e-05, "width_d": 0.0044871030089725875}