{"numgrasp": 184, "translation_d": 5.679697004375093e-09, "rotation_d": 4.863205132825239e-05, "width_d": 0.0023835840219688597}