{"numgrasp": 174, "translation_d": 5.275312057789842e-09, "rotation_d": 4.55811808972722e-05, "width_d": 0.002282083224750166}