{"numgrasp": 165, "translation_d": 5.839249438462004e-09, "rotation_d": 4.877352873383638e-05, "width_d": 0.0022274103064996624}