{"numgrasp": 160, "translation_d": 5.3871825212990595e-09, "rotation_d": 5.198838493570344e-05, "width_d": 0.0029101675039766165}