{"numgrasp": 156, "translation_d": 5.739392941606624e-09, "rotation_d": 5.497233350891546e-05, "width_d": 0.0034917687179958357}