{"numgrasp": 165, "translation_d": 5.308584871145853e-09, "rotation_d": 4.6722546360554385e-05, "width_d": 0.003225459604929047}