{"numgrasp": 172, "translation_d": 5.5282389696814855e-09, "rotation_d": 4.67277074237803e-05, "width_d": 0.003618855790454129}