{"numgrasp": 169, "translation_d": 5.686328529391066e-09, "rotation_d": 4.5979739749279805e-05, "width_d": 0.002985676534989988}