{"numgrasp": 165, "translation_d": 5.760771164652348e-09, "rotation_d": 4.4958064033204844e-05, "width_d": 0.0029742376183666654}