{"numgrasp": 164, "translation_d": 5.3570890981640055e-09, "rotation_d": 4.4268334954034476e-05, "width_d": 0.003143765288697183}