{"numgrasp": 177, "translation_d": 5.4319790878225425e-09, "rotation_d": 4.3919889943331285e-05, "width_d": 0.002630033413160616}