{"numgrasp": 174, "translation_d": 5.592290687927151e-09, "rotation_d": 4.4371021637226095e-05, "width_d": 0.002630364363351748}