{"numgrasp": 171, "translation_d": 5.647278706799056e-09, "rotation_d": 4.199422576281469e-05, "width_d": 0.0020954971029763497}