{"numgrasp": 165, "translation_d": 5.829750540715581e-09, "rotation_d": 4.3137828888822716e-05, "width_d": 0.002124987978722824}