{"numgrasp": 169, "translation_d": 5.494575139592232e-09, "rotation_d": 4.212656785022274e-05, "width_d": 0.0024211714071968302}