{"numgrasp": 176, "translation_d": 5.376039658135219e-09, "rotation_d": 4.125395668187305e-05, "width_d": 0.0028407408725111736}