{"numgrasp": 177, "translation_d": 5.07595159385995e-09, "rotation_d": 3.9858840859216494e-05, "width_d": 0.0033705723297625177}