{"numgrasp": 175, "translation_d": 5.619176091732563e-09, "rotation_d": 3.97599334941031e-05, "width_d": 0.003453023654981777}