{"numgrasp": 170, "translation_d": 5.024042557697178e-09, "rotation_d": 4.5665809656257875e-05, "width_d": 0.003259630793805423}