{"numgrasp": 178, "translation_d": 5.0250958796950654e-09, "rotation_d": 4.792865841072061e-05, "width_d": 0.0028395909658531448}