{"numgrasp": 186, "translation_d": 5.3781333924500485e-09, "rotation_d": 4.8685154786952094e-05, "width_d": 0.0029313666714585124}