{"numgrasp": 174, "translation_d": 5.390805038180066e-09, "rotation_d": 4.859720018186472e-05, "width_d": 0.0029460396456817265}