{"numgrasp": 161, "translation_d": 5.300030026917949e-09, "rotation_d": 4.99934857644682e-05, "width_d": 0.00302671002088322}