{"numgrasp": 178, "translation_d": 5.364249235015446e-09, "rotation_d": 4.8204061883143644e-05, "width_d": 0.0027839742346934}