{"numgrasp": 174, "translation_d": 5.140271674961966e-09, "rotation_d": 4.873045063511126e-05, "width_d": 0.0028092974136452176}