{"numgrasp": 169, "translation_d": 5.2110174660725404e-09, "rotation_d": 5.007364535636414e-05, "width_d": 0.003784540394839642}