{"numgrasp": 157, "translation_d": 4.999596120247566e-09, "rotation_d": 5.204498990713498e-05, "width_d": 0.003879487067653371}