{"numgrasp": 169, "translation_d": 4.980782701462887e-09, "rotation_d": 5.695633378077562e-05, "width_d": 0.0041924625144789465}