{"numgrasp": 164, "translation_d": 5.1845709844068285e-09, "rotation_d": 5.6454741616860626e-05, "width_d": 0.003822637575612535}