{"numgrasp": 178, "translation_d": 4.893467396585759e-09, "rotation_d": 5.6288890216309956e-05, "width_d": 0.003995033187942511}