{"numgrasp": 163, "translation_d": 5.238168333602909e-09, "rotation_d": 5.516201765743173e-05, "width_d": 0.003416072951027803}