{"numgrasp": 181, "translation_d": 5.121443326832569e-09, "rotation_d": 5.1429867882100636e-05, "width_d": 0.0023467335987684204}