{"numgrasp": 173, "translation_d": 5.0574402039781315e-09, "rotation_d": 5.177538392834758e-05, "width_d": 0.0022632436443500697}