{"numgrasp": 173, "translation_d": 5.4752853278071174e-09, "rotation_d": 4.947826344092598e-05, "width_d": 0.002375788125805711}