{"numgrasp": 170, "translation_d": 5.5323192588161914e-09, "rotation_d": 5.4927015062156245e-05, "width_d": 0.0022122352007067476}