{"numgrasp": 189, "translation_d": 5.16850526589092e-09, "rotation_d": 5.753573022080343e-05, "width_d": 0.0027170786274610995}