{"numgrasp": 183, "translation_d": 5.124267247600135e-09, "rotation_d": 5.883364631970037e-05, "width_d": 0.003191224524002095}