{"numgrasp": 184, "translation_d": 4.89730610902473e-09, "rotation_d": 5.814080611763393e-05, "width_d": 0.003377268354178143}