{"numgrasp": 180, "translation_d": 4.924005971549682e-09, "rotation_d": 5.8044233042729925e-05, "width_d": 0.003804711214402073}