{"numgrasp": 165, "translation_d": 5.026446286230254e-09, "rotation_d": 5.5738700258012553e-05, "width_d": 0.004011679105170989}