{"numgrasp": 193, "translation_d": 5.3025535407134066e-09, "rotation_d": 5.6214327041733403e-05, "width_d": 0.0033513629645561425}