{"numgrasp": 171, "translation_d": 5.21939662450629e-09, "rotation_d": 6.060398067315655e-05, "width_d": 0.003111284294123093}