{"numgrasp": 185, "translation_d": 5.568922101968254e-09, "rotation_d": 5.613086699996717e-05, "width_d": 0.0023406629471450853}