{"numgrasp": 184, "translation_d": 5.287515971010676e-09, "rotation_d": 5.620544045853294e-05, "width_d": 0.0022603068074300474}