{"numgrasp": 162, "translation_d": 4.918520828413396e-09, "rotation_d": 4.6974146854911445e-05, "width_d": 0.00394520052797786}