{"numgrasp": 188, "translation_d": 5.665371456261764e-09, "rotation_d": 5.052311903807073e-05, "width_d": 0.0026671216530366236}