{"numgrasp": 169, "translation_d": 5.20487064336726e-09, "rotation_d": 5.106277662194727e-05, "width_d": 0.0028038730117128942}