{"numgrasp": 162, "translation_d": 5.634227959933893e-09, "rotation_d": 4.611799644066869e-05, "width_d": 0.0038795564720455543}