{"numgrasp": 237, "translation_d": 5.447014847288779e-09, "rotation_d": 5.1489868870805736e-05, "width_d": 0.002020656807543529}