{"numgrasp": 218, "translation_d": 6.261345787213244e-09, "rotation_d": 4.514178522794714e-05, "width_d": 0.004888652486157582}