{"numgrasp": 221, "translation_d": 6.129233436959466e-09, "rotation_d": 4.641271028089729e-05, "width_d": 0.005444355906446896}