{"numgrasp": 213, "translation_d": 5.4279231100639154e-09, "rotation_d": 7.062449463166292e-05, "width_d": 0.005096097377186237}