{"numgrasp": 216, "translation_d": 5.601400295252708e-09, "rotation_d": 4.7012613053632486e-05, "width_d": 0.0048074056961250645}