{"numgrasp": 226, "translation_d": 5.642140256254441e-09, "rotation_d": 4.601304719307253e-05, "width_d": 0.004065321704221194}