{"numgrasp": 222, "translation_d": 5.615713868406243e-09, "rotation_d": 4.799721683358491e-05, "width_d": 0.0034120827195143074}