{"numgrasp": 228, "translation_d": 6.198884501266617e-09, "rotation_d": 4.54315222155668e-05, "width_d": 0.0022690850673099724}