{"numgrasp": 219, "translation_d": 6.1920955781741836e-09, "rotation_d": 4.6256013987271186e-05, "width_d": 0.0022626522869938393}