{"numgrasp": 221, "translation_d": 6.217324158934204e-09, "rotation_d": 4.4094570902464234e-05, "width_d": 0.002221988275575976}