{"numgrasp": 216, "translation_d": 6.29007687702761e-09, "rotation_d": 4.8846944498474656e-05, "width_d": 0.004523699905848924}