{"numgrasp": 213, "translation_d": 6.285884437110925e-09, "rotation_d": 4.4537483928996414e-05, "width_d": 0.001831043618177748}