{"numgrasp": 228, "translation_d": 5.978652643902468e-09, "rotation_d": 5.152924689762555e-05, "width_d": 0.0019181919493268516}