{"numgrasp": 227, "translation_d": 5.571841550402275e-09, "rotation_d": 5.049058720115215e-05, "width_d": 0.0020335469430525902}