{"numgrasp": 222, "translation_d": 6.4735231456161446e-09, "rotation_d": 5.031953082914335e-05, "width_d": 0.005341306033127861}