{"numgrasp": 215, "translation_d": 6.115922331598544e-09, "rotation_d": 5.1689488143614444e-05, "width_d": 0.0033638288654744748}