{"numgrasp": 220, "translation_d": 5.9901016114681606e-09, "rotation_d": 5.090031278402599e-05, "width_d": 0.004029613585099397}