{"numgrasp": 200, "translation_d": 5.418581165482095e-09, "rotation_d": 5.0095834727581964e-05, "width_d": 0.004678871807387257}