{"numgrasp": 200, "translation_d": 5.240934341996081e-09, "rotation_d": 5.6766012613084444e-05, "width_d": 0.004415262300910137}