{"numgrasp": 215, "translation_d": 5.314121592266966e-09, "rotation_d": 5.7070038216587054e-05, "width_d": 0.004106546665447606}