{"numgrasp": 221, "translation_d": 5.584160059288668e-09, "rotation_d": 5.8098873191115366e-05, "width_d": 0.00409815649250541}