{"numgrasp": 219, "translation_d": 5.342260219358792e-09, "rotation_d": 5.7243033353245385e-05, "width_d": 0.003199459173018732}