{"numgrasp": 222, "translation_d": 5.631227426199706e-09, "rotation_d": 5.715887501827043e-05, "width_d": 0.0024752834239255956}