{"numgrasp": 227, "translation_d": 5.547118490586113e-09, "rotation_d": 5.747480777209531e-05, "width_d": 0.0020751190946545813}