{"numgrasp": 209, "translation_d": 7.07306532249528e-09, "rotation_d": 5.3604509828764164e-05, "width_d": 0.006318813374347662}