{"numgrasp": 205, "translation_d": 5.549399421061463e-09, "rotation_d": 5.6728343452733874e-05, "width_d": 0.0018223595437431748}