{"numgrasp": 221, "translation_d": 5.052068025499496e-09, "rotation_d": 5.741382093754542e-05, "width_d": 0.0019624421313072897}