{"numgrasp": 206, "translation_d": 4.827904564533463e-09, "rotation_d": 6.017506271337165e-05, "width_d": 0.0029916196720320078}