{"numgrasp": 210, "translation_d": 5.175532559278758e-09, "rotation_d": 5.9821879163689185e-05, "width_d": 0.003245451296983317}