{"numgrasp": 220, "translation_d": 5.155923544381563e-09, "rotation_d": 6.1010901461443714e-05, "width_d": 0.004531044150522663}