{"numgrasp": 194, "translation_d": 6.237484848718712e-09, "rotation_d": 5.508627165286902e-05, "width_d": 0.005544425851350628}