{"numgrasp": 205, "translation_d": 5.105652754208172e-09, "rotation_d": 4.956512952664016e-05, "width_d": 0.0017718140485125577}