{"numgrasp": 224, "translation_d": 5.669522221149516e-09, "rotation_d": 4.484757437879988e-05, "width_d": 0.00200124548588868}