{"numgrasp": 207, "translation_d": 5.038939747546861e-09, "rotation_d": 4.5730325555709016e-05, "width_d": 0.002130251349772809}