{"numgrasp": 216, "translation_d": 5.671302311257585e-09, "rotation_d": 4.4831464936913315e-05, "width_d": 0.0022662428754265424}