{"numgrasp": 252, "translation_d": 5.408008091329708e-09, "rotation_d": 4.7159484413585484e-05, "width_d": 0.0031238387473538957}