{"numgrasp": 233, "translation_d": 5.155384840913017e-09, "rotation_d": 4.8897145725387686e-05, "width_d": 0.003392648896762206}