{"numgrasp": 235, "translation_d": 5.121769948396158e-09, "rotation_d": 4.903435215414191e-05, "width_d": 0.004195616509474806}