{"numgrasp": 237, "translation_d": 5.318790339076751e-09, "rotation_d": 4.1067519774170256e-05, "width_d": 0.0038445399381004377}