{"numgrasp": 234, "translation_d": 5.0443218776197215e-09, "rotation_d": 4.1784409964305645e-05, "width_d": 0.00340879273189915}