{"numgrasp": 237, "translation_d": 5.497859421427417e-09, "rotation_d": 4.147213504072309e-05, "width_d": 0.0031576388038653327}