{"numgrasp": 235, "translation_d": 5.211159569786987e-09, "rotation_d": 4.0001787718614836e-05, "width_d": 0.002687810867856849}