{"numgrasp": 238, "translation_d": 5.481125304119465e-09, "rotation_d": 3.977570882630836e-05, "width_d": 0.002477203187090513}