{"numgrasp": 211, "translation_d": 5.433605074356976e-09, "rotation_d": 4.0558206070016825e-05, "width_d": 0.0023125466142284675}