{"numgrasp": 222, "translation_d": 5.316869081403061e-09, "rotation_d": 4.083488035731855e-05, "width_d": 0.002126178948217734}