{"numgrasp": 239, "translation_d": 5.522312320331276e-09, "rotation_d": 4.038688601120194e-05, "width_d": 0.0026047369153119333}