{"numgrasp": 212, "translation_d": 4.433404346032503e-09, "rotation_d": 3.8498023293543326e-05, "width_d": 0.003984171241539899}