{"numgrasp": 244, "translation_d": 5.512311916412828e-09, "rotation_d": 3.7543592028934146e-05, "width_d": 0.003800999701736687}