{"numgrasp": 224, "translation_d": 4.8774067077673726e-09, "rotation_d": 3.954086816242408e-05, "width_d": 0.0041274179805108535}