{"numgrasp": 224, "translation_d": 5.215096602355019e-09, "rotation_d": 4.087388988466555e-05, "width_d": 0.004102194971297545}