{"numgrasp": 224, "translation_d": 5.048511548744351e-09, "rotation_d": 4.2080648302154016e-05, "width_d": 0.0031837784402557754}