{"numgrasp": 254, "translation_d": 5.272137281921362e-09, "rotation_d": 4.765933668676501e-05, "width_d": 0.0029276868149717278}