{"numgrasp": 239, "translation_d": 5.0367524943128855e-09, "rotation_d": 4.5287707361336194e-05, "width_d": 0.002598446941305332}