{"numgrasp": 250, "translation_d": 5.429173109452174e-09, "rotation_d": 5.094308932959054e-05, "width_d": 0.0024414736150053422}