{"numgrasp": 250, "translation_d": 5.053133484991316e-09, "rotation_d": 5.378727294772162e-05, "width_d": 0.0021291914769476865}