{"numgrasp": 237, "translation_d": 5.3461069215598875e-09, "rotation_d": 5.3414492427643055e-05, "width_d": 0.002828011506622934}