{"numgrasp": 230, "translation_d": 5.445467619933583e-09, "rotation_d": 4.9776190445882594e-05, "width_d": 0.0032079375816532014}