{"numgrasp": 231, "translation_d": 4.8571638294947636e-09, "rotation_d": 4.754806971846834e-05, "width_d": 0.0035021520516367974}