{"numgrasp": 214, "translation_d": 5.3463043882603986e-09, "rotation_d": 4.592327343914988e-05, "width_d": 0.0040384867069901895}