{"numgrasp": 207, "translation_d": 4.8632418927084315e-09, "rotation_d": 4.489927393231345e-05, "width_d": 0.004388046315739244}