{"numgrasp": 250, "translation_d": 6.4622592637042074e-09, "rotation_d": 5.260468820848666e-05, "width_d": 0.0031936548768226104}