{"numgrasp": 262, "translation_d": 6.758147855890424e-09, "rotation_d": 5.51083713818831e-05, "width_d": 0.002493279910553518}