{"numgrasp": 261, "translation_d": 6.410077093305536e-09, "rotation_d": 5.544431194459689e-05, "width_d": 0.002821790537343464}