{"numgrasp": 256, "translation_d": 6.511087644843393e-09, "rotation_d": 5.623137505248002e-05, "width_d": 0.003527124745672003}