{"numgrasp": 243, "translation_d": 6.7460559499521e-09, "rotation_d": 5.458342610469278e-05, "width_d": 0.0038583539057159806}