{"numgrasp": 240, "translation_d": 6.4906400185676035e-09, "rotation_d": 5.453983528121992e-05, "width_d": 0.004479926517497031}