{"numgrasp": 207, "translation_d": 6.0197826343542895e-09, "rotation_d": 4.272702603093576e-05, "width_d": 0.0028584577509052893}