{"numgrasp": 198, "translation_d": 6.596538042168829e-09, "rotation_d": 5.4889364893401284e-05, "width_d": 0.005092370434279502}