{"numgrasp": 210, "translation_d": 6.580981547749644e-09, "rotation_d": 5.231954097885052e-05, "width_d": 0.0045872065086860515}