{"numgrasp": 215, "translation_d": 6.550718596760513e-09, "rotation_d": 5.19405453415073e-05, "width_d": 0.004321716931387239}