{"numgrasp": 233, "translation_d": 6.779201840010268e-09, "rotation_d": 5.2408831151466245e-05, "width_d": 0.0040823487319374616}