{"numgrasp": 253, "translation_d": 6.760790818585689e-09, "rotation_d": 5.493060197639247e-05, "width_d": 0.0033605615009832785}