{"numgrasp": 255, "translation_d": 6.9412648731059545e-09, "rotation_d": 5.574348487636043e-05, "width_d": 0.0029669170120287577}