{"numgrasp": 225, "translation_d": 6.091764863828029e-09, "rotation_d": 4.6473638771064e-05, "width_d": 0.00348687547226778}