{"numgrasp": 270, "translation_d": 6.791006791676843e-09, "rotation_d": 5.642218133044651e-05, "width_d": 0.0024587805446560067}