{"numgrasp": 274, "translation_d": 6.650136516202982e-09, "rotation_d": 5.468774331416047e-05, "width_d": 0.0023914344704881593}