{"numgrasp": 238, "translation_d": 6.926934725612623e-09, "rotation_d": 5.224360723313675e-05, "width_d": 0.0028272992099672386}