{"numgrasp": 221, "translation_d": 6.923370036787856e-09, "rotation_d": 5.155980907539122e-05, "width_d": 0.002969830156895817}