{"numgrasp": 219, "translation_d": 7.160947702376224e-09, "rotation_d": 5.080306293094644e-05, "width_d": 0.0032652570723428983}