{"numgrasp": 224, "translation_d": 6.766472897498112e-09, "rotation_d": 5.056823996134725e-05, "width_d": 0.003750583752637451}