{"numgrasp": 212, "translation_d": 7.245141292001578e-09, "rotation_d": 4.995131324245886e-05, "width_d": 0.003811284759739336}