{"numgrasp": 228, "translation_d": 6.556183857788002e-09, "rotation_d": 4.94489832020901e-05, "width_d": 0.004755878611747982}