{"numgrasp": 224, "translation_d": 6.978544658762504e-09, "rotation_d": 4.711829749996177e-05, "width_d": 0.005566472930937018}