{"numgrasp": 231, "translation_d": 6.308737957989359e-09, "rotation_d": 4.6445462214259956e-05, "width_d": 0.004805886243251602}