{"numgrasp": 222, "translation_d": 5.885729745438364e-09, "rotation_d": 4.5718727796781946e-05, "width_d": 0.00399269146716509}