{"numgrasp": 224, "translation_d": 6.499398846226967e-09, "rotation_d": 4.6294384648374615e-05, "width_d": 0.004147265474977795}