{"numgrasp": 212, "translation_d": 6.636991488869497e-09, "rotation_d": 4.65147481302497e-05, "width_d": 0.003830588730182795}