{"numgrasp": 209, "translation_d": 6.015939243827308e-09, "rotation_d": 4.8605325534245556e-05, "width_d": 0.0041458866724175545}