{"numgrasp": 228, "translation_d": 6.599747006777133e-09, "rotation_d": 4.506162392894867e-05, "width_d": 0.002131426587513108}