{"numgrasp": 221, "translation_d": 6.527376633583898e-09, "rotation_d": 4.465118295986097e-05, "width_d": 0.0025901757134188857}