{"numgrasp": 224, "translation_d": 6.533342956997517e-09, "rotation_d": 4.4031959127966094e-05, "width_d": 0.0026592770451365853}