{"numgrasp": 229, "translation_d": 6.29267066596141e-09, "rotation_d": 4.401094543418251e-05, "width_d": 0.002937967078521065}