{"numgrasp": 230, "translation_d": 5.901920406275416e-09, "rotation_d": 4.5235489559237804e-05, "width_d": 0.0029093718625906925}