{"numgrasp": 224, "translation_d": 6.023153846951563e-09, "rotation_d": 4.464918158868417e-05, "width_d": 0.004021541388292793}