{"numgrasp": 213, "translation_d": 6.265951654630197e-09, "rotation_d": 4.8457420130023524e-05, "width_d": 0.0048135982856673774}