{"numgrasp": 467, "translation_d": 7.404455526788528e-09, "rotation_d": 4.211900011696409e-05, "width_d": 0.002285630897744126}