{"numgrasp": 484, "translation_d": 6.95925310873773e-09, "rotation_d": 5.5382119820072856e-05, "width_d": 0.0059932710392109146}