{"numgrasp": 512, "translation_d": 7.486559659121568e-09, "rotation_d": 4.580958895739486e-05, "width_d": 0.0061551113953001195}