{"numgrasp": 411, "translation_d": 6.552235131277725e-09, "rotation_d": 5.087128621926533e-05, "width_d": 0.004529981133753015}