{"numgrasp": 501, "translation_d": 7.490883182421727e-09, "rotation_d": 4.4382458935717415e-05, "width_d": 0.005145391906507052}