{"numgrasp": 501, "translation_d": 7.810282516054954e-09, "rotation_d": 4.3727426554106174e-05, "width_d": 0.0048337823379744444}