{"numgrasp": 446, "translation_d": 7.468257652167463e-09, "rotation_d": 3.999291508518205e-05, "width_d": 0.0040761862653159574}