{"numgrasp": 456, "translation_d": 7.652105197527132e-09, "rotation_d": 4.093574598478427e-05, "width_d": 0.002627401374723239}