{"numgrasp": 427, "translation_d": 7.366452286603132e-09, "rotation_d": 4.257800043710959e-05, "width_d": 0.0024434753938815655}