{"numgrasp": 475, "translation_d": 7.001869018633547e-09, "rotation_d": 4.112327993142715e-05, "width_d": 0.0025519003619461395}