{"numgrasp": 495, "translation_d": 6.818296295881563e-09, "rotation_d": 4.251271539153939e-05, "width_d": 0.0039657477003694945}