{"numgrasp": 524, "translation_d": 7.1062435611534295e-09, "rotation_d": 4.258386704712482e-05, "width_d": 0.004290545347145542}