{"numgrasp": 521, "translation_d": 7.05717471256937e-09, "rotation_d": 4.189712436065331e-05, "width_d": 0.004823525590174933}