{"numgrasp": 532, "translation_d": 6.831546998594014e-09, "rotation_d": 4.158780987258473e-05, "width_d": 0.005666939738797363}