{"numgrasp": 532, "translation_d": 6.761437022020484e-09, "rotation_d": 4.9442144304356e-05, "width_d": 0.004903732531047448}