{"numgrasp": 528, "translation_d": 6.452197520390693e-09, "rotation_d": 4.836409269031508e-05, "width_d": 0.004734869357567253}