{"numgrasp": 548, "translation_d": 6.773525237816795e-09, "rotation_d": 4.864078584857054e-05, "width_d": 0.004482126818158592}