{"numgrasp": 542, "translation_d": 6.7883478042029876e-09, "rotation_d": 4.8733947295554725e-05, "width_d": 0.004267421173041779}