{"numgrasp": 553, "translation_d": 6.541812798760013e-09, "rotation_d": 4.7927036780240925e-05, "width_d": 0.0037933177950676324}