{"numgrasp": 400, "translation_d": 6.05891989955111e-09, "rotation_d": 5.019900160875518e-05, "width_d": 0.0020619586688149136}