{"numgrasp": 377, "translation_d": 5.603680167135628e-09, "rotation_d": 5.0360009750844947e-05, "width_d": 0.0015960091400420093}