{"numgrasp": 410, "translation_d": 5.665771787109305e-09, "rotation_d": 5.1265983235259776e-05, "width_d": 0.0017323633745136811}