{"numgrasp": 419, "translation_d": 5.780650909197918e-09, "rotation_d": 5.092454029807515e-05, "width_d": 0.0019191887937235017}