{"numgrasp": 529, "translation_d": 6.288113090879254e-09, "rotation_d": 5.273827075944298e-05, "width_d": 0.002941791675632164}