{"numgrasp": 536, "translation_d": 6.448116870866233e-09, "rotation_d": 5.2422922261399974e-05, "width_d": 0.0036644121419668204}