{"numgrasp": 573, "translation_d": 6.662353902402842e-09, "rotation_d": 5.386752652765047e-05, "width_d": 0.0038694915072426013}