{"numgrasp": 507, "translation_d": 6.896682766288401e-09, "rotation_d": 5.493110380045296e-05, "width_d": 0.00412700377506391}