{"numgrasp": 529, "translation_d": 6.8059416260779055e-09, "rotation_d": 5.477076560108801e-05, "width_d": 0.004198894354607759}