{"numgrasp": 540, "translation_d": 6.120700664118072e-09, "rotation_d": 5.1336416316044136e-05, "width_d": 0.0024245705047329026}