{"numgrasp": 515, "translation_d": 5.7682624801916085e-09, "rotation_d": 5.15322906890738e-05, "width_d": 0.0021860902014364855}