{"numgrasp": 490, "translation_d": 5.472593259718442e-09, "rotation_d": 5.041942003594743e-05, "width_d": 0.0018850650702079885}