{"numgrasp": 424, "translation_d": 5.402559085808758e-09, "rotation_d": 5.181072461758344e-05, "width_d": 0.0015455844657966348}