{"numgrasp": 450, "translation_d": 6.931560908952479e-09, "rotation_d": 4.9382590136729295e-05, "width_d": 0.005646443203142998}