{"numgrasp": 435, "translation_d": 5.540391165815872e-09, "rotation_d": 5.2125279545041405e-05, "width_d": 0.0014665341746075843}