{"numgrasp": 480, "translation_d": 5.6022496814636746e-09, "rotation_d": 5.1576910699089764e-05, "width_d": 0.0016247013849169042}