{"numgrasp": 528, "translation_d": 5.451087533273495e-09, "rotation_d": 5.072071942275643e-05, "width_d": 0.0019792984967426114}