{"numgrasp": 518, "translation_d": 5.644294794638472e-09, "rotation_d": 5.035014608730326e-05, "width_d": 0.002146490214987228}