{"numgrasp": 553, "translation_d": 6.0950023496363425e-09, "rotation_d": 5.014095170995225e-05, "width_d": 0.0024331624706739456}