{"numgrasp": 574, "translation_d": 5.7443439396230114e-09, "rotation_d": 4.927997814801432e-05, "width_d": 0.002777285660578246}