{"numgrasp": 554, "translation_d": 5.518244014294773e-09, "rotation_d": 4.978495474593243e-05, "width_d": 0.002533256152426098}