{"numgrasp": 516, "translation_d": 5.021396032366829e-09, "rotation_d": 5.104107036647084e-05, "width_d": 0.0019761331673042158}