{"numgrasp": 461, "translation_d": 4.985971555507429e-09, "rotation_d": 5.121136301920829e-05, "width_d": 0.0017314513604080842}