{"numgrasp": 456, "translation_d": 4.946825374985248e-09, "rotation_d": 4.805403823589481e-05, "width_d": 0.0018539265923195626}