{"numgrasp": 511, "translation_d": 5.196744659378566e-09, "rotation_d": 4.863838389712531e-05, "width_d": 0.002262824889443964}