{"numgrasp": 533, "translation_d": 4.9231261033783555e-09, "rotation_d": 4.906826151550108e-05, "width_d": 0.0025181563409053583}