{"numgrasp": 610, "translation_d": 5.232458962332079e-09, "rotation_d": 4.846630740751797e-05, "width_d": 0.0031236564568840395}