{"numgrasp": 591, "translation_d": 5.3306928118188314e-09, "rotation_d": 4.8008928698580256e-05, "width_d": 0.0035354327147694487}