{"numgrasp": 479, "translation_d": 6.953575644559952e-09, "rotation_d": 4.899604899373763e-05, "width_d": 0.004906859397607216}