{"numgrasp": 577, "translation_d": 5.551663812533811e-09, "rotation_d": 4.634099497583638e-05, "width_d": 0.003876763136369537}