{"numgrasp": 536, "translation_d": 5.6933804078669556e-09, "rotation_d": 4.447934119144099e-05, "width_d": 0.004274457924108292}