{"numgrasp": 529, "translation_d": 5.740757509104654e-09, "rotation_d": 4.27574925011288e-05, "width_d": 0.004475971668040078}