{"numgrasp": 469, "translation_d": 5.215900945015316e-09, "rotation_d": 4.758448465496288e-05, "width_d": 0.005457544236879971}