{"numgrasp": 535, "translation_d": 5.12456878918806e-09, "rotation_d": 4.938500467387629e-05, "width_d": 0.004882256988956136}