{"numgrasp": 459, "translation_d": 6.959468554052418e-09, "rotation_d": 4.900674868126352e-05, "width_d": 0.004640784724934667}