{"numgrasp": 565, "translation_d": 5.041876080488743e-09, "rotation_d": 4.9438865323550244e-05, "width_d": 0.003949890797975551}