{"numgrasp": 522, "translation_d": 5.135800219040476e-09, "rotation_d": 4.6017858327790614e-05, "width_d": 0.002731178881882984}