{"numgrasp": 487, "translation_d": 4.832165325062402e-09, "rotation_d": 4.8815290148590544e-05, "width_d": 0.002366339919120804}