{"numgrasp": 519, "translation_d": 5.105905742480287e-09, "rotation_d": 4.5945150330261993e-05, "width_d": 0.0029412689066482646}