{"numgrasp": 528, "translation_d": 4.891875524188995e-09, "rotation_d": 4.850595671408585e-05, "width_d": 0.004076456618417152}