{"numgrasp": 552, "translation_d": 5.273684489117717e-09, "rotation_d": 4.880014428072796e-05, "width_d": 0.0043128974679791255}