{"numgrasp": 523, "translation_d": 5.313179471796339e-09, "rotation_d": 5.075187729499871e-05, "width_d": 0.0052367139561728055}