{"numgrasp": 455, "translation_d": 4.988983119166475e-09, "rotation_d": 5.282438441102959e-05, "width_d": 0.006492292830218258}