{"numgrasp": 401, "translation_d": 5.2661336974593026e-09, "rotation_d": 5.272734227334983e-05, "width_d": 0.007142212068310477}