{"numgrasp": 436, "translation_d": 6.6544294492059885e-09, "rotation_d": 4.949908538039725e-05, "width_d": 0.0033462554830298}