{"numgrasp": 421, "translation_d": 6.679274248710888e-09, "rotation_d": 4.890874061199494e-05, "width_d": 0.0025111651731577482}