{"numgrasp": 500, "translation_d": 7.139367087194484e-09, "rotation_d": 4.939627892412782e-05, "width_d": 0.004212294137202445}