{"numgrasp": 497, "translation_d": 7.03733160288748e-09, "rotation_d": 4.961408878524011e-05, "width_d": 0.00434023977825186}