{"numgrasp": 509, "translation_d": 6.938408671492637e-09, "rotation_d": 4.8887434968734535e-05, "width_d": 0.005099355101260252}