{"numgrasp": 457, "translation_d": 6.853370823466068e-09, "rotation_d": 4.7653603935793125e-05, "width_d": 0.006094330226850568}