{"numgrasp": 447, "translation_d": 6.935665710015317e-09, "rotation_d": 4.693203214398498e-05, "width_d": 0.0066083633339616326}