{"numgrasp": 404, "translation_d": 5.65387651499546e-09, "rotation_d": 5.103326924282044e-05, "width_d": 0.0034977827130837805}