{"numgrasp": 494, "translation_d": 6.891803408880323e-09, "rotation_d": 5.1391386655716074e-05, "width_d": 0.005067476214101935}