{"numgrasp": 489, "translation_d": 6.500673581158284e-09, "rotation_d": 5.156363063818107e-05, "width_d": 0.005197022693253544}