{"numgrasp": 493, "translation_d": 7.071336415056214e-09, "rotation_d": 5.386382631463169e-05, "width_d": 0.0039167066653109026}