{"numgrasp": 493, "translation_d": 6.863434593145943e-09, "rotation_d": 5.3790826566351854e-05, "width_d": 0.0035634769991881683}