{"numgrasp": 496, "translation_d": 7.213893532300154e-09, "rotation_d": 5.1570626068227706e-05, "width_d": 0.0025727249275668634}