{"numgrasp": 401, "translation_d": 6.250996332420498e-09, "rotation_d": 5.087305754496879e-05, "width_d": 0.003686550610154589}