{"numgrasp": 519, "translation_d": 7.15783335949624e-09, "rotation_d": 5.577261297976772e-05, "width_d": 0.00264154155801091}