{"numgrasp": 410, "translation_d": 6.813972564434267e-09, "rotation_d": 6.281027919426992e-05, "width_d": 0.0028585923226527254}