{"numgrasp": 380, "translation_d": 6.482608449219417e-09, "rotation_d": 5.212892115461708e-05, "width_d": 0.003959122878557829}