{"numgrasp": 446, "translation_d": 7.084447849209598e-09, "rotation_d": 5.824680055551006e-05, "width_d": 0.00560412301207604}