{"numgrasp": 428, "translation_d": 7.404912199819854e-09, "rotation_d": 6.204896267564398e-05, "width_d": 0.0060824976456903745}