{"numgrasp": 414, "translation_d": 7.137804319172289e-09, "rotation_d": 6.143405844512523e-05, "width_d": 0.005562634385427674}