{"numgrasp": 399, "translation_d": 7.2055555734653354e-09, "rotation_d": 6.089940977388405e-05, "width_d": 0.004661032091129537}