{"numgrasp": 396, "translation_d": 7.323135463257176e-09, "rotation_d": 5.9927641679969926e-05, "width_d": 0.0045621071490694175}