{"numgrasp": 389, "translation_d": 7.111409877348631e-09, "rotation_d": 6.050024791232906e-05, "width_d": 0.003040302719094604}