{"numgrasp": 400, "translation_d": 7.3118589798843374e-09, "rotation_d": 6.126316631470598e-05, "width_d": 0.002369148966549091}