{"numgrasp": 392, "translation_d": 6.585908278710366e-09, "rotation_d": 5.058221772931141e-05, "width_d": 0.004148676752219726}