{"numgrasp": 435, "translation_d": 7.665414435641736e-09, "rotation_d": 6.080361557394675e-05, "width_d": 0.001985652308881387}