{"numgrasp": 415, "translation_d": 7.47577134778661e-09, "rotation_d": 5.365663691984181e-05, "width_d": 0.002634606105369982}