{"numgrasp": 420, "translation_d": 7.4355716093862545e-09, "rotation_d": 5.143051817894729e-05, "width_d": 0.003236863486851244}