{"numgrasp": 416, "translation_d": 7.53051303321905e-09, "rotation_d": 5.099335250089995e-05, "width_d": 0.003505725157274433}