{"numgrasp": 421, "translation_d": 7.43459103092895e-09, "rotation_d": 5.07856949626792e-05, "width_d": 0.003912811784469106}