{"numgrasp": 326, "translation_d": 5.035304318788632e-09, "rotation_d": 5.751020063493328e-05, "width_d": 0.005244577220998301}