{"numgrasp": 348, "translation_d": 5.1916579294781135e-09, "rotation_d": 5.5063229312773114e-05, "width_d": 0.005621917963010092}