{"numgrasp": 353, "translation_d": 5.0689100594711726e-09, "rotation_d": 5.400225030592416e-05, "width_d": 0.006422597987849848}