{"numgrasp": 348, "translation_d": 4.8384120571270286e-09, "rotation_d": 5.474311736603143e-05, "width_d": 0.006495240368064164}