{"numgrasp": 345, "translation_d": 4.99131760126435e-09, "rotation_d": 5.517354878645529e-05, "width_d": 0.006249509161719589}