{"numgrasp": 303, "translation_d": 4.6697286904373655e-09, "rotation_d": 5.625009269475635e-05, "width_d": 0.00594493566206684}