{"numgrasp": 307, "translation_d": 4.867676646822592e-09, "rotation_d": 5.669945389152375e-05, "width_d": 0.0062348918970518905}