{"numgrasp": 281, "translation_d": 4.918830013270357e-09, "rotation_d": 5.7747575734499525e-05, "width_d": 0.005240033343465222}