{"numgrasp": 307, "translation_d": 4.587547651430903e-09, "rotation_d": 5.73522315057159e-05, "width_d": 0.005949720639722459}