{"numgrasp": 328, "translation_d": 4.626375041910223e-09, "rotation_d": 5.705871874879178e-05, "width_d": 0.005952476169196213}