{"numgrasp": 373, "translation_d": 4.7342820714365594e-09, "rotation_d": 5.4605491379822055e-05, "width_d": 0.00640444850947882}