{"numgrasp": 380, "translation_d": 4.685106768843213e-09, "rotation_d": 5.43356831144909e-05, "width_d": 0.006083440570208477}