{"numgrasp": 394, "translation_d": 4.762177941031913e-09, "rotation_d": 5.1798825302002893e-05, "width_d": 0.006635933181737298}