{"numgrasp": 373, "translation_d": 4.757753833274798e-09, "rotation_d": 5.245107873799456e-05, "width_d": 0.006471673012954033}