{"numgrasp": 524, "translation_d": 6.360120798428843e-09, "rotation_d": 4.219671535205873e-05, "width_d": 0.004877849254882607}