{"numgrasp": 404, "translation_d": 4.788016785337234e-09, "rotation_d": 4.9969296214442415e-05, "width_d": 0.006694736807751918}