{"numgrasp": 425, "translation_d": 4.499228390018845e-09, "rotation_d": 5.0071312242855306e-05, "width_d": 0.0063899912814963785}