{"numgrasp": 399, "translation_d": 4.7799351984434765e-09, "rotation_d": 5.199467906410743e-05, "width_d": 0.0063082543231108325}