{"numgrasp": 346, "translation_d": 4.58075070114998e-09, "rotation_d": 5.0166127321268756e-05, "width_d": 0.006460078441094368}