{"numgrasp": 354, "translation_d": 4.497277877600782e-09, "rotation_d": 4.6207434090114386e-05, "width_d": 0.0056968655325348025}