{"numgrasp": 403, "translation_d": 4.736656011276581e-09, "rotation_d": 4.5010528475156165e-05, "width_d": 0.0063889898958867045}