{"numgrasp": 437, "translation_d": 4.896292613673619e-09, "rotation_d": 4.505364187737616e-05, "width_d": 0.006884596101545913}