{"numgrasp": 441, "translation_d": 4.760709439841298e-09, "rotation_d": 4.4734644291908706e-05, "width_d": 0.006945257696266485}