{"numgrasp": 485, "translation_d": 4.954625408043724e-09, "rotation_d": 4.767502416917042e-05, "width_d": 0.007058923497265139}