{"numgrasp": 472, "translation_d": 6.673533528620768e-09, "rotation_d": 4.008712753635878e-05, "width_d": 0.004135615557706261}