{"numgrasp": 463, "translation_d": 4.801302860252051e-09, "rotation_d": 4.2646045692033515e-05, "width_d": 0.006838582250497474}