{"numgrasp": 427, "translation_d": 4.559082287279623e-09, "rotation_d": 4.305285161313941e-05, "width_d": 0.006436260462304355}