{"numgrasp": 422, "translation_d": 4.7763652086346e-09, "rotation_d": 4.482650785117232e-05, "width_d": 0.005775638227534087}