{"numgrasp": 385, "translation_d": 4.587817195233357e-09, "rotation_d": 4.94046799048201e-05, "width_d": 0.005233327974185066}