{"numgrasp": 406, "translation_d": 4.709933062011067e-09, "rotation_d": 5.101405249949931e-05, "width_d": 0.005811165093820282}