{"numgrasp": 422, "translation_d": 4.685062575860222e-09, "rotation_d": 5.015941262323672e-05, "width_d": 0.006120423565023697}