{"numgrasp": 421, "translation_d": 4.6170551799959326e-09, "rotation_d": 4.819795960499049e-05, "width_d": 0.006480851083111239}