{"numgrasp": 473, "translation_d": 4.9595062301791875e-09, "rotation_d": 4.602376525792362e-05, "width_d": 0.007069011905024425}