{"numgrasp": 461, "translation_d": 4.940199101582415e-09, "rotation_d": 4.607707768049544e-05, "width_d": 0.006665876699614087}