{"numgrasp": 498, "translation_d": 4.932462946602999e-09, "rotation_d": 4.715150305265738e-05, "width_d": 0.006953134531106666}