{"numgrasp": 506, "translation_d": 4.793621023150354e-09, "rotation_d": 4.708488496352717e-05, "width_d": 0.006417556837983581}