{"numgrasp": 504, "translation_d": 4.778407048350978e-09, "rotation_d": 4.909579828763914e-05, "width_d": 0.006527250140288128}