{"numgrasp": 435, "translation_d": 4.633389602025163e-09, "rotation_d": 5.139789192020364e-05, "width_d": 0.006198223683299022}