{"numgrasp": 445, "translation_d": 4.767209802338234e-09, "rotation_d": 5.280271218476608e-05, "width_d": 0.005946368551799719}