{"numgrasp": 394, "translation_d": 4.4401820276206605e-09, "rotation_d": 5.182573788629464e-05, "width_d": 0.0059137280987123534}