{"numgrasp": 411, "translation_d": 4.556507518841093e-09, "rotation_d": 5.1236729540531524e-05, "width_d": 0.006605375555697084}