{"numgrasp": 441, "translation_d": 4.6133068396724225e-09, "rotation_d": 5.2733593895671965e-05, "width_d": 0.0058567328119760115}