{"numgrasp": 511, "translation_d": 6.511628047644453e-09, "rotation_d": 4.178885348038457e-05, "width_d": 0.005003678391538187}