{"numgrasp": 486, "translation_d": 4.42118190010107e-09, "rotation_d": 4.880356080047616e-05, "width_d": 0.006138046407492274}