{"numgrasp": 500, "translation_d": 4.458203685153027e-09, "rotation_d": 4.77758728523443e-05, "width_d": 0.006349068405450495}