{"numgrasp": 446, "translation_d": 4.323826050592151e-09, "rotation_d": 4.6397037984617306e-05, "width_d": 0.006114377566418054}