{"numgrasp": 462, "translation_d": 4.232569821383892e-09, "rotation_d": 4.720976320902086e-05, "width_d": 0.00601114282349176}