{"numgrasp": 468, "translation_d": 4.417694577523108e-09, "rotation_d": 4.8914126284263353e-05, "width_d": 0.005790214212557919}