{"numgrasp": 404, "translation_d": 4.368568557859797e-09, "rotation_d": 4.863889343963321e-05, "width_d": 0.006026142788266288}