{"numgrasp": 400, "translation_d": 4.336935538712802e-09, "rotation_d": 4.741808636906085e-05, "width_d": 0.005904607035680516}