{"numgrasp": 412, "translation_d": 4.259682246566182e-09, "rotation_d": 4.734466068275545e-05, "width_d": 0.005999116127238975}