{"numgrasp": 420, "translation_d": 4.242024509965855e-09, "rotation_d": 4.443333860854507e-05, "width_d": 0.006057280989695742}