{"numgrasp": 437, "translation_d": 3.941232794593132e-09, "rotation_d": 4.502741138556056e-05, "width_d": 0.0056649576877892144}