{"numgrasp": 444, "translation_d": 4.050938922056475e-09, "rotation_d": 4.30947170480748e-05, "width_d": 0.005854897815748992}