{"numgrasp": 451, "translation_d": 4.215258153754703e-09, "rotation_d": 4.380938192752525e-05, "width_d": 0.005704426405536432}