{"numgrasp": 508, "translation_d": 6.34260599269409e-09, "rotation_d": 4.34930970095094e-05, "width_d": 0.004718623633672972}