{"numgrasp": 504, "translation_d": 6.4133061338408e-09, "rotation_d": 4.5193409401110526e-05, "width_d": 0.005012320179128492}