{"numgrasp": 411, "translation_d": 6.178341399033873e-09, "rotation_d": 4.818895004574179e-05, "width_d": 0.00493655388905666}