{"numgrasp": 448, "translation_d": 6.1807785606432574e-09, "rotation_d": 5.102310310742547e-05, "width_d": 0.004557871579189134}