{"numgrasp": 484, "translation_d": 6.66042457481773e-09, "rotation_d": 4.2685484670259014e-05, "width_d": 0.004550753156330579}