{"numgrasp": 475, "translation_d": 6.726790567986637e-09, "rotation_d": 4.101703134920246e-05, "width_d": 0.004246172204840039}