{"numgrasp": 482, "translation_d": 6.635506204092295e-09, "rotation_d": 4.1298915706354225e-05, "width_d": 0.004403078245876179}