{"numgrasp": 462, "translation_d": 6.999966760567221e-09, "rotation_d": 4.475747705539351e-05, "width_d": 0.004597998213558436}