{"numgrasp": 456, "translation_d": 6.472363071871791e-09, "rotation_d": 4.728037635813252e-05, "width_d": 0.004576046900365275}