{"numgrasp": 434, "translation_d": 6.321891660418537e-09, "rotation_d": 4.4952152103871645e-05, "width_d": 0.004989655650041003}