{"numgrasp": 410, "translation_d": 5.802928922578518e-09, "rotation_d": 4.3873502065280035e-05, "width_d": 0.005526881391439251}