{"numgrasp": 377, "translation_d": 5.763051483053049e-09, "rotation_d": 4.429812398617966e-05, "width_d": 0.004579561298429277}