{"numgrasp": 377, "translation_d": 5.799023335813386e-09, "rotation_d": 4.7063270265116717e-05, "width_d": 0.005258054419830815}