{"numgrasp": 405, "translation_d": 5.975400672280575e-09, "rotation_d": 5.1323386120934186e-05, "width_d": 0.004951061847502353}