{"numgrasp": 442, "translation_d": 6.465750867317156e-09, "rotation_d": 5.3035100106041935e-05, "width_d": 0.004697131794041655}