{"numgrasp": 408, "translation_d": 5.82338750939367e-09, "rotation_d": 5.692313965837762e-05, "width_d": 0.005181871259017877}