{"numgrasp": 394, "translation_d": 5.603134233520397e-09, "rotation_d": 5.591138834987039e-05, "width_d": 0.005049875222569192}