{"numgrasp": 349, "translation_d": 5.562791589829815e-09, "rotation_d": 5.4215383735165695e-05, "width_d": 0.005441187887915831}