{"numgrasp": 357, "translation_d": 5.407304151670316e-09, "rotation_d": 5.3688271885904664e-05, "width_d": 0.005552745671703905}