{"numgrasp": 357, "translation_d": 5.55321875024702e-09, "rotation_d": 5.302892574617315e-05, "width_d": 0.005459126471856643}