{"numgrasp": 353, "translation_d": 5.677056638129042e-09, "rotation_d": 5.262022718216909e-05, "width_d": 0.005166457389691671}