{"numgrasp": 352, "translation_d": 5.556846860790908e-09, "rotation_d": 0.00011294548081638026, "width_d": 0.004843291661964878}