{"numgrasp": 332, "translation_d": 5.491137974282641e-09, "rotation_d": 5.4281638675610876e-05, "width_d": 0.005311318769183433}