{"numgrasp": 333, "translation_d": 5.152355841642928e-09, "rotation_d": 5.4948514954649834e-05, "width_d": 0.005594070079699062}