{"numgrasp": 294, "translation_d": 4.727004716409392e-09, "rotation_d": 4.2196855635065676e-05, "width_d": 0.0031305400833630953}