{"numgrasp": 325, "translation_d": 4.94780055012223e-09, "rotation_d": 4.3025995153032756e-05, "width_d": 0.002909937319721746}