{"numgrasp": 339, "translation_d": 4.98874126133426e-09, "rotation_d": 4.3062096747279196e-05, "width_d": 0.0031897871961282212}