{"numgrasp": 357, "translation_d": 5.312517988169123e-09, "rotation_d": 4.1592484887917474e-05, "width_d": 0.0027385613452704806}