{"numgrasp": 358, "translation_d": 5.6462274285296035e-09, "rotation_d": 6.141896898601404e-05, "width_d": 0.006492583396203138}