{"numgrasp": 402, "translation_d": 5.276314655654569e-09, "rotation_d": 5.229991973669997e-05, "width_d": 0.003155882274554046}