{"numgrasp": 399, "translation_d": 5.2381063907906e-09, "rotation_d": 5.2228866558830486e-05, "width_d": 0.0031279325555609644}