{"numgrasp": 359, "translation_d": 5.024376946899227e-09, "rotation_d": 4.9404970477261436e-05, "width_d": 0.0032534379041944616}