{"numgrasp": 362, "translation_d": 5.483586376089154e-09, "rotation_d": 6.305628922917659e-05, "width_d": 0.007012819148425936}