{"numgrasp": 340, "translation_d": 5.031049553635345e-09, "rotation_d": 4.884572267588503e-05, "width_d": 0.0035593599197975686}