{"numgrasp": 323, "translation_d": 4.54396515842164e-09, "rotation_d": 4.886891475490734e-05, "width_d": 0.003829426676861402}