{"numgrasp": 374, "translation_d": 5.04957767962419e-09, "rotation_d": 5.599584741895313e-05, "width_d": 0.0037502221887819546}