{"numgrasp": 371, "translation_d": 5.243808038808196e-09, "rotation_d": 5.8247045201898234e-05, "width_d": 0.0032988932603890842}