{"numgrasp": 383, "translation_d": 5.067520628563986e-09, "rotation_d": 5.942014090197678e-05, "width_d": 0.003331502546769476}