{"numgrasp": 388, "translation_d": 5.568045184482448e-09, "rotation_d": 6.276600651624872e-05, "width_d": 0.002596700625432953}