{"numgrasp": 396, "translation_d": 5.475471396514807e-09, "rotation_d": 5.673581087351919e-05, "width_d": 0.002881204533716262}