{"numgrasp": 379, "translation_d": 5.279526464713111e-09, "rotation_d": 5.844802776277439e-05, "width_d": 0.0039040560953636375}