{"numgrasp": 367, "translation_d": 5.279078382758104e-09, "rotation_d": 5.927790110645468e-05, "width_d": 0.00508671008342769}