{"numgrasp": 359, "translation_d": 5.295173985570272e-09, "rotation_d": 5.856947988495447e-05, "width_d": 0.005633259903964353}