{"numgrasp": 410, "translation_d": 4.95044104268828e-09, "rotation_d": 6.0236118538193784e-05, "width_d": 0.0059231774089216534}