{"numgrasp": 375, "translation_d": 5.558904683236895e-09, "rotation_d": 5.8340090795930826e-05, "width_d": 0.0058177426449170806}