{"numgrasp": 366, "translation_d": 5.3329810128106465e-09, "rotation_d": 5.764384292571921e-05, "width_d": 0.005904608046350551}