{"numgrasp": 413, "translation_d": 5.3136545004313014e-09, "rotation_d": 5.5818649618016226e-05, "width_d": 0.005665058435149256}