{"numgrasp": 377, "translation_d": 5.425818242936838e-09, "rotation_d": 5.6805456412764295e-05, "width_d": 0.005095185900201846}