{"numgrasp": 419, "translation_d": 5.266507556261634e-09, "rotation_d": 5.286091070170271e-05, "width_d": 0.004443262471081655}