{"numgrasp": 416, "translation_d": 5.576050489169781e-09, "rotation_d": 5.028238389167784e-05, "width_d": 0.0037946828323685566}