{"numgrasp": 403, "translation_d": 5.26813471126547e-09, "rotation_d": 4.440829633378589e-05, "width_d": 0.0029546086214848693}