{"numgrasp": 418, "translation_d": 5.37343678240332e-09, "rotation_d": 3.6781802428054544e-05, "width_d": 0.0032059113546424266}