{"numgrasp": 429, "translation_d": 5.790008998435465e-09, "rotation_d": 4.1791934032479473e-05, "width_d": 0.0041415042350745135}