{"numgrasp": 430, "translation_d": 5.247421468031084e-09, "rotation_d": 4.345866376961751e-05, "width_d": 0.004283309102382603}