{"numgrasp": 404, "translation_d": 5.370173662770925e-09, "rotation_d": 4.8037890212040464e-05, "width_d": 0.005371734170357836}