{"numgrasp": 425, "translation_d": 5.501278657746373e-09, "rotation_d": 4.993985339416677e-05, "width_d": 0.005582446319865093}