{"numgrasp": 413, "translation_d": 5.193059317293213e-09, "rotation_d": 5.176061009995566e-05, "width_d": 0.006160469891647853}