{"numgrasp": 378, "translation_d": 5.490771165800555e-09, "rotation_d": 5.222187522519994e-05, "width_d": 0.00680573825672211}