{"numgrasp": 435, "translation_d": 5.530731739777928e-09, "rotation_d": 4.5192944391856746e-05, "width_d": 0.006762392523327566}