{"numgrasp": 429, "translation_d": 5.3939795305650295e-09, "rotation_d": 4.026457982824495e-05, "width_d": 0.005126545030377598}