{"numgrasp": 398, "translation_d": 5.547526460971755e-09, "rotation_d": 6.150663563510608e-05, "width_d": 0.0064604821014924325}