{"numgrasp": 381, "translation_d": 5.753678178756711e-09, "rotation_d": 5.243957899091448e-05, "width_d": 0.0033211508035927624}