{"numgrasp": 393, "translation_d": 5.8233628351901435e-09, "rotation_d": 4.8924252762824764e-05, "width_d": 0.0036656180657373147}