{"numgrasp": 408, "translation_d": 5.650960098172496e-09, "rotation_d": 4.6339239165662756e-05, "width_d": 0.004323660107940681}