{"numgrasp": 420, "translation_d": 5.681907656479233e-09, "rotation_d": 4.392017375202931e-05, "width_d": 0.00545705845914313}