{"numgrasp": 425, "translation_d": 5.75901759328212e-09, "rotation_d": 4.378702428062663e-05, "width_d": 0.005722495793756284}