{"numgrasp": 375, "translation_d": 5.582001219427399e-09, "rotation_d": 6.11797929852369e-05, "width_d": 0.006239378230951815}