{"numgrasp": 420, "translation_d": 5.503138301599262e-09, "rotation_d": 4.30357964142672e-05, "width_d": 0.006584816128605944}