{"numgrasp": 418, "translation_d": 5.2390317058510984e-09, "rotation_d": 4.1887964106949664e-05, "width_d": 0.007161896561736037}