{"numgrasp": 405, "translation_d": 5.450270717296264e-09, "rotation_d": 6.0435038199169556e-05, "width_d": 0.00732630598749478}