{"numgrasp": 372, "translation_d": 5.738395840279439e-09, "rotation_d": 5.5801394571720535e-05, "width_d": 0.00594301947359452}