{"numgrasp": 371, "translation_d": 5.710079932345053e-09, "rotation_d": 5.654303128477533e-05, "width_d": 0.005004129269286847}