{"numgrasp": 363, "translation_d": 5.9083404442300405e-09, "rotation_d": 5.607752335101943e-05, "width_d": 0.0046550503539905036}