{"numgrasp": 387, "translation_d": 5.756588704138079e-09, "rotation_d": 5.9567205326535655e-05, "width_d": 0.00344325868388102}