{"numgrasp": 350, "translation_d": 5.649294109082039e-09, "rotation_d": 6.05141840930417e-05, "width_d": 0.0038321995920697497}