{"numgrasp": 363, "translation_d": 5.483702745432275e-09, "rotation_d": 5.9868668238696145e-05, "width_d": 0.0043501746200714985}