{"numgrasp": 342, "translation_d": 5.596866186158194e-09, "rotation_d": 6.029494130349837e-05, "width_d": 0.005558797330145239}