{"numgrasp": 345, "translation_d": 5.409180600525874e-09, "rotation_d": 5.9224500462336605e-05, "width_d": 0.005978606209335631}