{"numgrasp": 403, "translation_d": 5.409439583525535e-09, "rotation_d": 5.6916108525472844e-05, "width_d": 0.005276278559676696}