{"numgrasp": 381, "translation_d": 5.417363271259328e-09, "rotation_d": 5.277496435502116e-05, "width_d": 0.004603418651146148}