{"numgrasp": 364, "translation_d": 5.562199360080593e-09, "rotation_d": 4.205257730977019e-05, "width_d": 0.004519861884775835}