{"numgrasp": 334, "translation_d": 5.234572648615901e-09, "rotation_d": 4.783357015615183e-05, "width_d": 0.0038011801856785536}