{"numgrasp": 408, "translation_d": 5.6129947017429534e-09, "rotation_d": 5.796192281328992e-05, "width_d": 0.004627461322711077}