{"numgrasp": 379, "translation_d": 5.555993997143427e-09, "rotation_d": 5.853995141889062e-05, "width_d": 0.006099710634405846}