{"numgrasp": 362, "translation_d": 6.034169789863195e-09, "rotation_d": 5.29071449546275e-05, "width_d": 0.006191540993099289}