{"numgrasp": 339, "translation_d": 5.8980001741842665e-09, "rotation_d": 5.2913843248114625e-05, "width_d": 0.0062007042949299915}