{"numgrasp": 292, "translation_d": 6.1157272926217e-09, "rotation_d": 5.380344899299282e-05, "width_d": 0.00581601339095883}