{"numgrasp": 322, "translation_d": 6.419138403622958e-09, "rotation_d": 5.3085851683913957e-05, "width_d": 0.0057208216254141355}