{"numgrasp": 399, "translation_d": 5.802007511767956e-09, "rotation_d": 5.2681500651743105e-05, "width_d": 0.005111322217242947}