{"numgrasp": 377, "translation_d": 5.999475558434095e-09, "rotation_d": 5.4086619054667395e-05, "width_d": 0.004662868059682229}