{"numgrasp": 348, "translation_d": 5.705486457959715e-09, "rotation_d": 5.927226701399673e-05, "width_d": 0.0036589007381053716}