{"numgrasp": 345, "translation_d": 5.602897182075e-09, "rotation_d": 6.0033891277736117e-05, "width_d": 0.0035206393802781695}