{"numgrasp": 344, "translation_d": 5.647696199086795e-09, "rotation_d": 5.4085294925467736e-05, "width_d": 0.003537202301460508}