{"numgrasp": 323, "translation_d": 6.0215715941063266e-09, "rotation_d": 5.256734065828531e-05, "width_d": 0.003622631450309153}