{"numgrasp": 330, "translation_d": 6.0820369472381114e-09, "rotation_d": 5.073715972436608e-05, "width_d": 0.0037415449773825615}