{"numgrasp": 347, "translation_d": 5.990717600924388e-09, "rotation_d": 4.9720858270599534e-05, "width_d": 0.004072002068019144}