{"numgrasp": 329, "translation_d": 6.0294767524814975e-09, "rotation_d": 4.983170921047145e-05, "width_d": 0.0038810712945609132}