{"numgrasp": 362, "translation_d": 5.417671579464224e-09, "rotation_d": 5.397694580637173e-05, "width_d": 0.005542639354341239}