{"numgrasp": 299, "translation_d": 5.954322434242984e-09, "rotation_d": 5.075088087971848e-05, "width_d": 0.004440767573072563}