{"numgrasp": 303, "translation_d": 6.158106506286649e-09, "rotation_d": 5.1751343616941595e-05, "width_d": 0.004515749010322092}