{"numgrasp": 324, "translation_d": 5.832694878566726e-09, "rotation_d": 4.994634671760471e-05, "width_d": 0.004915841551794177}