{"numgrasp": 351, "translation_d": 5.740304235938518e-09, "rotation_d": 5.186504411661705e-05, "width_d": 0.005388205834224849}