{"numgrasp": 351, "translation_d": 5.650797858370866e-09, "rotation_d": 5.0503199045648013e-05, "width_d": 0.0053151234769851655}