{"numgrasp": 335, "translation_d": 5.655290215644395e-09, "rotation_d": 4.9074812736603784e-05, "width_d": 0.005161221289223234}