{"numgrasp": 313, "translation_d": 5.405128264305189e-09, "rotation_d": 4.5749131587689386e-05, "width_d": 0.0038616407016253927}