{"numgrasp": 320, "translation_d": 5.661317547142172e-09, "rotation_d": 4.4582767780810664e-05, "width_d": 0.003767598204905339}