{"numgrasp": 315, "translation_d": 5.582414036723808e-09, "rotation_d": 4.399196056444475e-05, "width_d": 0.00391214318610077}