{"numgrasp": 348, "translation_d": 5.805278011121225e-09, "rotation_d": 4.3495345899402595e-05, "width_d": 0.0035080291205634275}