{"numgrasp": 345, "translation_d": 5.677030619611925e-09, "rotation_d": 4.3947231658874685e-05, "width_d": 0.0033543027757470026}