{"numgrasp": 332, "translation_d": 5.609900024573231e-09, "rotation_d": 4.483150959322816e-05, "width_d": 0.0032516810365092624}