{"numgrasp": 344, "translation_d": 5.748933217138803e-09, "rotation_d": 4.4943358832750216e-05, "width_d": 0.0033429665594609742}