{"numgrasp": 345, "translation_d": 5.942809994922276e-09, "rotation_d": 4.594787925086964e-05, "width_d": 0.0032765010848089123}