{"numgrasp": 352, "translation_d": 5.960083995967585e-09, "rotation_d": 5.0248293707731093e-05, "width_d": 0.0031824228838074112}