{"numgrasp": 336, "translation_d": 5.358616724818698e-09, "rotation_d": 3.9965801017849124e-05, "width_d": 0.002905284002369888}