{"numgrasp": 343, "translation_d": 5.470229961531547e-09, "rotation_d": 4.0160730159245256e-05, "width_d": 0.0032211225133397907}