{"numgrasp": 369, "translation_d": 5.058926076954427e-09, "rotation_d": 4.977841908860338e-05, "width_d": 0.004789576600273968}