{"numgrasp": 359, "translation_d": 4.923565784827777e-09, "rotation_d": 5.044140231689491e-05, "width_d": 0.005177956025389162}