{"numgrasp": 448, "translation_d": 6.124417840913636e-09, "rotation_d": 5.4823821678535345e-05, "width_d": 0.005995548029920093}