{"numgrasp": 384, "translation_d": 4.7476183694757215e-09, "rotation_d": 5.045751584117839e-05, "width_d": 0.005174069934594453}