{"numgrasp": 368, "translation_d": 4.697311206336781e-09, "rotation_d": 5.197609522753099e-05, "width_d": 0.0054197061581513955}