{"numgrasp": 380, "translation_d": 4.7897024274894986e-09, "rotation_d": 5.330667716098542e-05, "width_d": 0.005184742800799226}