{"numgrasp": 395, "translation_d": 5.0314326088664715e-09, "rotation_d": 5.246409267898874e-05, "width_d": 0.005709123360188104}