{"numgrasp": 397, "translation_d": 4.736471243126708e-09, "rotation_d": 5.287878352742662e-05, "width_d": 0.005490064820545462}