{"numgrasp": 417, "translation_d": 4.9805690908193896e-09, "rotation_d": 5.3130144897401465e-05, "width_d": 0.005281673088136914}