{"numgrasp": 407, "translation_d": 4.6648403750743444e-09, "rotation_d": 5.2716655873014836e-05, "width_d": 0.005074256773359213}