{"numgrasp": 417, "translation_d": 4.596542693291132e-09, "rotation_d": 5.499469528805316e-05, "width_d": 0.005296358723038834}