{"numgrasp": 425, "translation_d": 4.661102298388761e-09, "rotation_d": 5.422835782436838e-05, "width_d": 0.006023911250968745}