{"numgrasp": 394, "translation_d": 4.7388644028782544e-09, "rotation_d": 5.306767164907016e-05, "width_d": 0.005222162927490166}