{"numgrasp": 379, "translation_d": 4.454675554644032e-09, "rotation_d": 5.0933505853968924e-05, "width_d": 0.005324181496435895}