{"numgrasp": 401, "translation_d": 4.704742396486962e-09, "rotation_d": 5.084048096796149e-05, "width_d": 0.004937682858936056}