{"numgrasp": 396, "translation_d": 4.6229758778334415e-09, "rotation_d": 4.9619058491382325e-05, "width_d": 0.005118247691849611}