{"numgrasp": 475, "translation_d": 6.018473228087981e-09, "rotation_d": 5.4847056796943374e-05, "width_d": 0.006257210324282175}