{"numgrasp": 428, "translation_d": 4.412935555212791e-09, "rotation_d": 5.0612865809842314e-05, "width_d": 0.006287448665158556}