{"numgrasp": 434, "translation_d": 4.2070413214948035e-09, "rotation_d": 5.150284287883646e-05, "width_d": 0.005577865705820153}