{"numgrasp": 430, "translation_d": 4.336514243680461e-09, "rotation_d": 5.236570344616552e-05, "width_d": 0.005559555557003259}