{"numgrasp": 424, "translation_d": 4.332809662879892e-09, "rotation_d": 4.5418047605472486e-05, "width_d": 0.005944377017532807}