{"numgrasp": 416, "translation_d": 4.2507871160505814e-09, "rotation_d": 4.612650744430747e-05, "width_d": 0.005845211947080105}