{"numgrasp": 432, "translation_d": 4.155234002028944e-09, "rotation_d": 4.6850491944193085e-05, "width_d": 0.006108876881530099}