{"numgrasp": 435, "translation_d": 4.106537992492579e-09, "rotation_d": 4.7385044931824945e-05, "width_d": 0.005914442386731241}