{"numgrasp": 418, "translation_d": 4.192517095548925e-09, "rotation_d": 4.742508862907553e-05, "width_d": 0.005628879438421933}