{"numgrasp": 431, "translation_d": 4.367657643056159e-09, "rotation_d": 4.640471415665271e-05, "width_d": 0.005323014122526116}