{"numgrasp": 401, "translation_d": 4.2846409883069985e-09, "rotation_d": 4.7024154128036325e-05, "width_d": 0.005036993840876006}