{"numgrasp": 398, "translation_d": 4.130323031922176e-09, "rotation_d": 4.717872921022933e-05, "width_d": 0.0053905234038535334}