{"numgrasp": 405, "translation_d": 4.213902114778624e-09, "rotation_d": 4.554265928863438e-05, "width_d": 0.006336405146766438}