{"numgrasp": 427, "translation_d": 4.2646987609113274e-09, "rotation_d": 4.518244098876661e-05, "width_d": 0.006478363990220836}