{"numgrasp": 409, "translation_d": 4.272816635380166e-09, "rotation_d": 4.424606427975912e-05, "width_d": 0.00642372978421252}