{"numgrasp": 408, "translation_d": 4.217965650533602e-09, "rotation_d": 4.4204304539576525e-05, "width_d": 0.00658464833977338}