{"numgrasp": 410, "translation_d": 4.347290993180553e-09, "rotation_d": 4.5926496346949897e-05, "width_d": 0.006566722873615156}