{"numgrasp": 451, "translation_d": 5.992400833955651e-09, "rotation_d": 5.189502020127375e-05, "width_d": 0.005941815941127004}