{"numgrasp": 402, "translation_d": 4.4522853812567895e-09, "rotation_d": 4.571488060424038e-05, "width_d": 0.0063199355345778824}