{"numgrasp": 386, "translation_d": 4.570737379905575e-09, "rotation_d": 4.988829907443159e-05, "width_d": 0.005927890883300941}