{"numgrasp": 403, "translation_d": 4.28283957916777e-09, "rotation_d": 4.784957058512481e-05, "width_d": 0.006386517199515262}