{"numgrasp": 407, "translation_d": 4.191795949569494e-09, "rotation_d": 4.8065649364075046e-05, "width_d": 0.00662989303173452}