{"numgrasp": 416, "translation_d": 4.187487409217773e-09, "rotation_d": 4.608801319413926e-05, "width_d": 0.005922173629769113}