{"numgrasp": 393, "translation_d": 3.859020379728656e-09, "rotation_d": 4.608062640481195e-05, "width_d": 0.005434943900087797}