{"numgrasp": 398, "translation_d": 3.991814138763322e-09, "rotation_d": 4.920264000352802e-05, "width_d": 0.005629060552310802}