{"numgrasp": 406, "translation_d": 3.961698482682431e-09, "rotation_d": 4.845573554117407e-05, "width_d": 0.005738405482539375}