{"numgrasp": 396, "translation_d": 4.277775067111028e-09, "rotation_d": 5.171411698766859e-05, "width_d": 0.006654267831568026}