{"numgrasp": 379, "translation_d": 4.413762021458306e-09, "rotation_d": 5.2640594611498356e-05, "width_d": 0.0061823823327676304}