{"numgrasp": 352, "translation_d": 4.836950229674764e-09, "rotation_d": 5.470369905852019e-05, "width_d": 0.006377692474359571}