{"numgrasp": 366, "translation_d": 4.393166115095013e-09, "rotation_d": 5.364092861891391e-05, "width_d": 0.0065285288448549686}