{"numgrasp": 376, "translation_d": 4.440733414978996e-09, "rotation_d": 5.319854335620771e-05, "width_d": 0.006424609873750653}