{"numgrasp": 393, "translation_d": 3.972336911592033e-09, "rotation_d": 5.332885560879342e-05, "width_d": 0.005964655425882664}