{"numgrasp": 448, "translation_d": 6.168112061775488e-09, "rotation_d": 5.1963111033720084e-05, "width_d": 0.0062098286698502505}