{"numgrasp": 357, "translation_d": 4.3573765030008175e-09, "rotation_d": 5.331787112216343e-05, "width_d": 0.006344242352119083}