{"numgrasp": 337, "translation_d": 5.08384870058054e-09, "rotation_d": 5.326356214691431e-05, "width_d": 0.0066090014167423305}