{"numgrasp": 345, "translation_d": 4.918967197193268e-09, "rotation_d": 5.369436598323028e-05, "width_d": 0.006573398247722449}