{"numgrasp": 324, "translation_d": 5.2364718663039974e-09, "rotation_d": 5.2662871460851085e-05, "width_d": 0.0056941634208535295}