{"numgrasp": 335, "translation_d": 5.321134440672902e-09, "rotation_d": 5.222645104859432e-05, "width_d": 0.005822282109366269}