{"numgrasp": 386, "translation_d": 4.49612251413937e-09, "rotation_d": 5.232341469468259e-05, "width_d": 0.007089349528548167}