{"numgrasp": 450, "translation_d": 6.131247217331026e-09, "rotation_d": 5.286298539655901e-05, "width_d": 0.0061695797853470275}