{"numgrasp": 412, "translation_d": 4.439975039875132e-09, "rotation_d": 5.285310068029342e-05, "width_d": 0.006762746781963267}