{"numgrasp": 409, "translation_d": 4.068308162457212e-09, "rotation_d": 5.34161045850776e-05, "width_d": 0.006607867128560688}