{"numgrasp": 398, "translation_d": 4.138464656655016e-09, "rotation_d": 5.374349976267106e-05, "width_d": 0.00667427143139385}