{"numgrasp": 434, "translation_d": 6.051071341585719e-09, "rotation_d": 5.574148161780156e-05, "width_d": 0.006217479540720088}