{"numgrasp": 428, "translation_d": 6.103895878884054e-09, "rotation_d": 5.636425663428285e-05, "width_d": 0.006075244748909689}