{"numgrasp": 393, "translation_d": 6.081982379266179e-09, "rotation_d": 5.2069340845503655e-05, "width_d": 0.005728678014150932}