{"numgrasp": 402, "translation_d": 6.123263374369448e-09, "rotation_d": 4.834002832377889e-05, "width_d": 0.00563832865123764}