{"numgrasp": 409, "translation_d": 5.959379518978886e-09, "rotation_d": 4.7511454151467924e-05, "width_d": 0.005890865419826721}