{"numgrasp": 446, "translation_d": 6.096633504142863e-09, "rotation_d": 5.5868490890975886e-05, "width_d": 0.005775880878225358}