{"numgrasp": 416, "translation_d": 5.952962716443922e-09, "rotation_d": 4.8575318136116485e-05, "width_d": 0.006238368235483096}