{"numgrasp": 408, "translation_d": 6.3106556521786586e-09, "rotation_d": 4.709603902437473e-05, "width_d": 0.006370216513127466}