{"numgrasp": 406, "translation_d": 6.007353630624664e-09, "rotation_d": 4.554542085310494e-05, "width_d": 0.006121088118274463}