{"numgrasp": 382, "translation_d": 5.824863940985599e-09, "rotation_d": 4.6087049148693214e-05, "width_d": 0.00520635933513246}