{"numgrasp": 372, "translation_d": 5.906341397014821e-09, "rotation_d": 4.781427191167689e-05, "width_d": 0.005324009844808518}