{"numgrasp": 373, "translation_d": 5.78469139637239e-09, "rotation_d": 4.751106637568625e-05, "width_d": 0.006173626588086314}