{"numgrasp": 403, "translation_d": 5.845136222760766e-09, "rotation_d": 5.1616624811104895e-05, "width_d": 0.0057637358616227045}