{"numgrasp": 375, "translation_d": 5.653147285910357e-09, "rotation_d": 4.7436079662586136e-05, "width_d": 0.005491210686983066}