{"numgrasp": 365, "translation_d": 5.658851568334925e-09, "rotation_d": 4.639413404539487e-05, "width_d": 0.00550475863420253}