{"numgrasp": 385, "translation_d": 5.395357741907163e-09, "rotation_d": 4.430177701033369e-05, "width_d": 0.0053916864245110475}