{"numgrasp": 376, "translation_d": 5.64803037591249e-09, "rotation_d": 4.351951589151543e-05, "width_d": 0.005245080180058269}