{"numgrasp": 364, "translation_d": 5.485613662974824e-09, "rotation_d": 4.558566366874614e-05, "width_d": 0.005587829719147815}