{"numgrasp": 364, "translation_d": 5.2028935131171575e-09, "rotation_d": 4.573887051197541e-05, "width_d": 0.0054585746459395075}