{"numgrasp": 365, "translation_d": 5.323825390649022e-09, "rotation_d": 4.6790785442067354e-05, "width_d": 0.005438025275413209}