{"numgrasp": 371, "translation_d": 5.132124669918862e-09, "rotation_d": 4.855771610224021e-05, "width_d": 0.005553469724315666}