{"numgrasp": 364, "translation_d": 5.290394034923256e-09, "rotation_d": 4.755641802901557e-05, "width_d": 0.005877176056280958}