{"numgrasp": 344, "translation_d": 5.166267011308578e-09, "rotation_d": 4.7396221079331496e-05, "width_d": 0.005657007194734297}