{"numgrasp": 355, "translation_d": 5.2109550653726645e-09, "rotation_d": 4.764493530930567e-05, "width_d": 0.006071730580935794}