{"numgrasp": 364, "translation_d": 5.332169221162763e-09, "rotation_d": 4.672830752322825e-05, "width_d": 0.005421541490799004}