{"numgrasp": 365, "translation_d": 5.3105800530302915e-09, "rotation_d": 4.4408971587856e-05, "width_d": 0.005466677823148395}