{"numgrasp": 359, "translation_d": 4.947397061107808e-09, "rotation_d": 4.889484615522732e-05, "width_d": 0.005268815290553122}