{"numgrasp": 348, "translation_d": 5.2549294433434125e-09, "rotation_d": 4.936509733162928e-05, "width_d": 0.005077983829300958}