{"numgrasp": 365, "translation_d": 4.9109507977967525e-09, "rotation_d": 4.927717461973166e-05, "width_d": 0.005238101974149049}