{"numgrasp": 334, "translation_d": 5.5420725501970295e-09, "rotation_d": 5.5116055061261884e-05, "width_d": 0.0032056032052342506}