{"numgrasp": 353, "translation_d": 5.2870288707081065e-09, "rotation_d": 5.5145095247297674e-05, "width_d": 0.0035145939893220495}