{"numgrasp": 348, "translation_d": 5.146377561717835e-09, "rotation_d": 5.422249376416771e-05, "width_d": 0.0034223639298328456}