{"numgrasp": 360, "translation_d": 5.351488035899767e-09, "rotation_d": 5.099523306312723e-05, "width_d": 0.0036094272176063493}