{"numgrasp": 352, "translation_d": 5.041151069269135e-09, "rotation_d": 5.2077118846933444e-05, "width_d": 0.0037357309207442344}