{"numgrasp": 378, "translation_d": 5.172101564143229e-09, "rotation_d": 4.8799413195557554e-05, "width_d": 0.004202155846903474}