{"numgrasp": 381, "translation_d": 4.969845618179694e-09, "rotation_d": 5.1476845857364226e-05, "width_d": 0.004025246806950827}