{"numgrasp": 385, "translation_d": 4.910737284676393e-09, "rotation_d": 4.948205096023458e-05, "width_d": 0.004116996831077335}