{"numgrasp": 365, "translation_d": 5.058704788424904e-09, "rotation_d": 4.615843477354324e-05, "width_d": 0.003259693531939651}