{"numgrasp": 468, "translation_d": 6.2541531771810475e-09, "rotation_d": 3.5240432841951525e-05, "width_d": 0.003863901667470707}