{"numgrasp": 361, "translation_d": 5.1545236524949984e-09, "rotation_d": 4.8075012631013344e-05, "width_d": 0.0038097188399527178}