{"numgrasp": 405, "translation_d": 4.965622094175375e-09, "rotation_d": 4.843564252914258e-05, "width_d": 0.003578399607729664}