{"numgrasp": 409, "translation_d": 5.058850698887184e-09, "rotation_d": 5.125075194262495e-05, "width_d": 0.0041285058789068555}