{"numgrasp": 401, "translation_d": 5.170780836694907e-09, "rotation_d": 5.141936454568897e-05, "width_d": 0.004041546979928852}