{"numgrasp": 381, "translation_d": 4.8281028768542515e-09, "rotation_d": 4.9341637189893704e-05, "width_d": 0.004330741872867761}