{"numgrasp": 409, "translation_d": 5.3907196866689696e-09, "rotation_d": 4.989680113625973e-05, "width_d": 0.004512279416561094}