{"numgrasp": 385, "translation_d": 4.9185210967909715e-09, "rotation_d": 4.783934156279735e-05, "width_d": 0.004575642129720517}