{"numgrasp": 383, "translation_d": 4.899214569013895e-09, "rotation_d": 4.669712091438613e-05, "width_d": 0.004638830468636487}