{"numgrasp": 426, "translation_d": 4.915927760512378e-09, "rotation_d": 4.989925189763453e-05, "width_d": 0.00506145883587294}