{"numgrasp": 458, "translation_d": 4.988727791960716e-09, "rotation_d": 5.443092887875673e-05, "width_d": 0.004606038820907904}