{"numgrasp": 446, "translation_d": 5.163802712121374e-09, "rotation_d": 5.497761019078668e-05, "width_d": 0.004050628017604661}