{"numgrasp": 416, "translation_d": 4.930205650398509e-09, "rotation_d": 5.274985843680409e-05, "width_d": 0.004048707714390418}