{"numgrasp": 406, "translation_d": 5.0614565205424545e-09, "rotation_d": 5.29147801836673e-05, "width_d": 0.0037948346610381213}