{"numgrasp": 452, "translation_d": 4.955490606117665e-09, "rotation_d": 5.477774374573817e-05, "width_d": 0.004639556908335917}