{"numgrasp": 446, "translation_d": 5.059971506312078e-09, "rotation_d": 5.4175546492586985e-05, "width_d": 0.00517851883864158}