{"numgrasp": 434, "translation_d": 4.963868867066931e-09, "rotation_d": 5.3188525568335996e-05, "width_d": 0.005184609508108306}