{"numgrasp": 428, "translation_d": 6.559240617538743e-09, "rotation_d": 4.182074656086978e-05, "width_d": 0.003823174390164415}