{"numgrasp": 454, "translation_d": 5.12250064593479e-09, "rotation_d": 5.504661998380574e-05, "width_d": 0.004230166296839518}