{"numgrasp": 467, "translation_d": 4.938114595272067e-09, "rotation_d": 5.505556661476975e-05, "width_d": 0.0041079557052358055}