{"numgrasp": 486, "translation_d": 4.873746641115116e-09, "rotation_d": 5.480455261429487e-05, "width_d": 0.0036877022486194407}