{"numgrasp": 433, "translation_d": 4.984365020446268e-09, "rotation_d": 5.204982623526188e-05, "width_d": 0.003435911936929509}