{"numgrasp": 445, "translation_d": 6.366377648972333e-09, "rotation_d": 4.1374237005791654e-05, "width_d": 0.003939438863868145}