{"numgrasp": 394, "translation_d": 4.974162432310777e-09, "rotation_d": 4.161036250359901e-05, "width_d": 0.002744478455015168}