{"numgrasp": 442, "translation_d": 4.628170021475696e-09, "rotation_d": 4.8215346338746824e-05, "width_d": 0.003632251301120663}