{"numgrasp": 445, "translation_d": 4.7336684032623265e-09, "rotation_d": 4.858985254058441e-05, "width_d": 0.0035672202563248145}