{"numgrasp": 440, "translation_d": 4.813829843934184e-09, "rotation_d": 5.0468848719386686e-05, "width_d": 0.003840633970128644}