{"numgrasp": 436, "translation_d": 4.745144965291666e-09, "rotation_d": 4.917900364118644e-05, "width_d": 0.003797120824435312}