{"numgrasp": 449, "translation_d": 5.017675581476631e-09, "rotation_d": 4.9977485954650034e-05, "width_d": 0.004080579158797078}