{"numgrasp": 447, "translation_d": 5.049785059455057e-09, "rotation_d": 4.924950648418679e-05, "width_d": 0.0044656273435781995}