{"numgrasp": 418, "translation_d": 5.007744910322194e-09, "rotation_d": 4.886692741182863e-05, "width_d": 0.004587775831310896}