{"numgrasp": 423, "translation_d": 5.092091879719415e-09, "rotation_d": 4.889085856974465e-05, "width_d": 0.004729892564607079}