{"numgrasp": 420, "translation_d": 4.838734564743367e-09, "rotation_d": 4.247126237586362e-05, "width_d": 0.0038110658126934344}