{"numgrasp": 394, "translation_d": 4.647670789671319e-09, "rotation_d": 7.465788464607711e-05, "width_d": 0.0027962611882664614}