{"numgrasp": 466, "translation_d": 6.2126335482760594e-09, "rotation_d": 4.0262021937273885e-05, "width_d": 0.0038041328804944356}