{"numgrasp": 394, "translation_d": 4.906081024330019e-09, "rotation_d": 4.353225529861684e-05, "width_d": 0.00300113159971346}