{"numgrasp": 402, "translation_d": 4.865242497368944e-09, "rotation_d": 4.627788462258894e-05, "width_d": 0.0033250150489247112}