{"numgrasp": 398, "translation_d": 4.80855688764146e-09, "rotation_d": 4.05480030836973e-05, "width_d": 0.0037409628435284403}