{"numgrasp": 419, "translation_d": 4.809321232759056e-09, "rotation_d": 4.136003616019317e-05, "width_d": 0.004065185095827159}