{"numgrasp": 445, "translation_d": 6.313153326799307e-09, "rotation_d": 4.270804271420819e-05, "width_d": 0.0038577516216058015}