{"numgrasp": 388, "translation_d": 6.230300108967705e-09, "rotation_d": 4.019266449388839e-05, "width_d": 0.0038027150842029132}