{"numgrasp": 402, "translation_d": 6.116571421341294e-09, "rotation_d": 4.105709556141958e-05, "width_d": 0.003931745624326708}