{"numgrasp": 375, "translation_d": 6.317801884880061e-09, "rotation_d": 4.053375461198788e-05, "width_d": 0.003973110543615922}