{"numgrasp": 373, "translation_d": 6.320595051645002e-09, "rotation_d": 4.240379365390132e-05, "width_d": 0.003606689451555137}