{"numgrasp": 367, "translation_d": 6.323052537983399e-09, "rotation_d": 4.360126139131806e-05, "width_d": 0.003537478983628105}