{"numgrasp": 385, "translation_d": 6.250653487040414e-09, "rotation_d": 4.38359064941198e-05, "width_d": 0.0037105289008713435}