{"numgrasp": 423, "translation_d": 6.722642365614413e-09, "rotation_d": 4.6220458646328925e-05, "width_d": 0.003917581787268668}