{"numgrasp": 426, "translation_d": 6.303779393943568e-09, "rotation_d": 4.564092677777334e-05, "width_d": 0.0038370836812335095}