{"numgrasp": 442, "translation_d": 6.749417523970834e-09, "rotation_d": 4.9482045596998486e-05, "width_d": 0.003999700871184154}