{"numgrasp": 369, "translation_d": 6.624004095845369e-09, "rotation_d": 5.1911890966996603e-05, "width_d": 0.004261497863844017}