{"numgrasp": 376, "translation_d": 6.4935232027180215e-09, "rotation_d": 5.142077878688726e-05, "width_d": 0.004249948553679415}