{"numgrasp": 411, "translation_d": 6.07395528423187e-09, "rotation_d": 3.944630438211038e-05, "width_d": 0.004138754588439434}