{"numgrasp": 368, "translation_d": 6.5362757506126794e-09, "rotation_d": 5.182917756440878e-05, "width_d": 0.004056301723569111}