{"numgrasp": 371, "translation_d": 6.673846599961905e-09, "rotation_d": 5.224422038757172e-05, "width_d": 0.004070165747527752}