{"numgrasp": 341, "translation_d": 6.0841518233912786e-09, "rotation_d": 4.669108656744584e-05, "width_d": 0.0036043584332452958}