{"numgrasp": 340, "translation_d": 5.77661501570037e-09, "rotation_d": 5.192740313590622e-05, "width_d": 0.0036728232809428974}