{"numgrasp": 316, "translation_d": 6.226978911809092e-09, "rotation_d": 4.983594424438137e-05, "width_d": 0.003308228040696982}