{"numgrasp": 452, "translation_d": 6.069938495537677e-09, "rotation_d": 3.686206546657338e-05, "width_d": 0.003899881162394029}