{"numgrasp": 292, "translation_d": 6.029799692457865e-09, "rotation_d": 5.072994714100054e-05, "width_d": 0.0032572318918510836}