{"numgrasp": 326, "translation_d": 5.493063896480723e-09, "rotation_d": 5.461048489516521e-05, "width_d": 0.0030771281586964732}