{"numgrasp": 330, "translation_d": 5.770504111175788e-09, "rotation_d": 5.759046762570092e-05, "width_d": 0.003698288636799226}