{"numgrasp": 321, "translation_d": 5.4923402229254775e-09, "rotation_d": 5.723604916500994e-05, "width_d": 0.003317452418045335}