{"numgrasp": 311, "translation_d": 5.355704837880211e-09, "rotation_d": 5.705236387626524e-05, "width_d": 0.0029837456388237286}