{"numgrasp": 314, "translation_d": 5.6493642984659705e-09, "rotation_d": 5.665773119666123e-05, "width_d": 0.0033976970582990005}