{"numgrasp": 314, "translation_d": 5.674759340194363e-09, "rotation_d": 5.627420327752888e-05, "width_d": 0.003311166176161723}