{"numgrasp": 403, "translation_d": 6.190088868279761e-09, "rotation_d": 5.8178358364823044e-05, "width_d": 0.002637130091383492}