{"numgrasp": 395, "translation_d": 6.4522582894269634e-09, "rotation_d": 4.10780470600966e-05, "width_d": 0.004640376864480797}