{"numgrasp": 410, "translation_d": 6.6849429372358785e-09, "rotation_d": 5.160047321803471e-05, "width_d": 0.0031957628158969767}