{"numgrasp": 405, "translation_d": 6.493521113013267e-09, "rotation_d": 5.1572559841418294e-05, "width_d": 0.004188612765504293}