{"numgrasp": 406, "translation_d": 5.95797683965195e-09, "rotation_d": 5.0229431599898896e-05, "width_d": 0.00365684330941825}