{"numgrasp": 398, "translation_d": 6.186259445940415e-09, "rotation_d": 5.024513965417004e-05, "width_d": 0.0035115690069718445}