{"numgrasp": 392, "translation_d": 6.14500256221028e-09, "rotation_d": 5.02562952837659e-05, "width_d": 0.0034040093620580462}