{"numgrasp": 421, "translation_d": 6.00716467798265e-09, "rotation_d": 4.8056470302749045e-05, "width_d": 0.0032029233687461685}