{"numgrasp": 405, "translation_d": 5.8976129979403575e-09, "rotation_d": 5.7634794618619145e-05, "width_d": 0.002579437533171174}