{"numgrasp": 409, "translation_d": 6.02238083511659e-09, "rotation_d": 5.8319810310653424e-05, "width_d": 0.0030709886124065627}