{"numgrasp": 432, "translation_d": 6.075087544870066e-09, "rotation_d": 5.8798296473862226e-05, "width_d": 0.003307128708629599}