{"numgrasp": 406, "translation_d": 5.83693480792533e-09, "rotation_d": 5.9573522433580785e-05, "width_d": 0.0036956257740530384}