{"numgrasp": 407, "translation_d": 5.4363494334114234e-09, "rotation_d": 5.971106665357666e-05, "width_d": 0.004261042762173283}