{"numgrasp": 413, "translation_d": 5.508559929400701e-09, "rotation_d": 6.0002048117648117e-05, "width_d": 0.003902717145052502}