{"numgrasp": 399, "translation_d": 5.856973719530697e-09, "rotation_d": 5.9704599609543586e-05, "width_d": 0.003514529041511166}