{"numgrasp": 343, "translation_d": 7.0781678370371644e-09, "rotation_d": 4.9583170320026315e-05, "width_d": 0.0040414738643529}