{"numgrasp": 401, "translation_d": 5.148107995781419e-09, "rotation_d": 5.088515371650387e-05, "width_d": 0.0026792353021844713}