{"numgrasp": 411, "translation_d": 5.1689751248182235e-09, "rotation_d": 4.324054498035841e-05, "width_d": 0.0033420643969826317}