{"numgrasp": 420, "translation_d": 4.989870689924541e-09, "rotation_d": 4.422458148087153e-05, "width_d": 0.0029475566279478097}