{"numgrasp": 419, "translation_d": 5.112599036314849e-09, "rotation_d": 4.478179621823229e-05, "width_d": 0.002843087128259689}