{"numgrasp": 414, "translation_d": 5.039802044213007e-09, "rotation_d": 4.325653842768258e-05, "width_d": 0.0027993185782918947}