{"numgrasp": 404, "translation_d": 5.067970911217534e-09, "rotation_d": 4.2419691481498385e-05, "width_d": 0.002595062739446974}