{"numgrasp": 354, "translation_d": 6.554084068036799e-09, "rotation_d": 5.336042203105855e-05, "width_d": 0.004382966725705079}