{"numgrasp": 421, "translation_d": 5.049180630785583e-09, "rotation_d": 4.034901009180202e-05, "width_d": 0.0022988391836745426}