{"numgrasp": 395, "translation_d": 4.820535321030176e-09, "rotation_d": 3.719743733859141e-05, "width_d": 0.002387476353602974}