{"numgrasp": 401, "translation_d": 4.711900794341788e-09, "rotation_d": 3.8772150488060714e-05, "width_d": 0.002558172091886744}