{"numgrasp": 391, "translation_d": 4.802369295408093e-09, "rotation_d": 3.803759553620882e-05, "width_d": 0.002933229358826531}