{"numgrasp": 387, "translation_d": 4.696664413320723e-09, "rotation_d": 3.761569031169699e-05, "width_d": 0.0031352799243125496}