{"numgrasp": 361, "translation_d": 4.5270663942583825e-09, "rotation_d": 3.6691246025713594e-05, "width_d": 0.003347417361329137}