{"numgrasp": 355, "translation_d": 4.636127149438046e-09, "rotation_d": 3.62997156726922e-05, "width_d": 0.0032053121754440834}