{"numgrasp": 379, "translation_d": 4.909874737531067e-09, "rotation_d": 3.8504675707334753e-05, "width_d": 0.002977223832841968}