{"numgrasp": 378, "translation_d": 4.784163053257185e-09, "rotation_d": 3.935607786607457e-05, "width_d": 0.00285296172208937}