{"numgrasp": 378, "translation_d": 4.859017839719809e-09, "rotation_d": 4.535177864322927e-05, "width_d": 0.002383278609801889}