{"numgrasp": 381, "translation_d": 4.816079147276741e-09, "rotation_d": 4.863390957510747e-05, "width_d": 0.0022182877968833174}