{"numgrasp": 349, "translation_d": 4.8201689751993505e-09, "rotation_d": 5.598309633411172e-05, "width_d": 0.0022683957978004896}