{"numgrasp": 375, "translation_d": 4.553936340270207e-09, "rotation_d": 4.697122969292053e-05, "width_d": 0.002741393200257042}