{"numgrasp": 377, "translation_d": 4.4408699911642045e-09, "rotation_d": 4.523586211091256e-05, "width_d": 0.0029951711520365995}