{"numgrasp": 378, "translation_d": 4.677536454428453e-09, "rotation_d": 4.541804135114008e-05, "width_d": 0.003174545081624644}