{"numgrasp": 372, "translation_d": 4.5561001707157955e-09, "rotation_d": 4.17300145675431e-05, "width_d": 0.0033939363305828083}