{"numgrasp": 350, "translation_d": 4.52420555767141e-09, "rotation_d": 4.050251194298801e-05, "width_d": 0.0032438487177387444}