{"numgrasp": 353, "translation_d": 4.4763172382748e-09, "rotation_d": 5.1493868718447895e-05, "width_d": 0.0030423115207476857}