{"numgrasp": 359, "translation_d": 4.9261340708475474e-09, "rotation_d": 5.380124796404043e-05, "width_d": 0.0031441985764041084}