{"numgrasp": 354, "translation_d": 4.902540659637898e-09, "rotation_d": 5.5451302400747836e-05, "width_d": 0.003000668548777057}