{"numgrasp": 360, "translation_d": 4.971918674286268e-09, "rotation_d": 5.843958503362102e-05, "width_d": 0.0025770556158519094}