{"numgrasp": 403, "translation_d": 6.811359690849132e-09, "rotation_d": 5.775677607653164e-05, "width_d": 0.003344933108887315}