{"numgrasp": 358, "translation_d": 4.916988402312195e-09, "rotation_d": 5.871704820081638e-05, "width_d": 0.0027776902430927523}