{"numgrasp": 347, "translation_d": 4.933560662069478e-09, "rotation_d": 5.86437096488217e-05, "width_d": 0.002763194203582994}