{"numgrasp": 416, "translation_d": 6.823038453562898e-09, "rotation_d": 5.789489658237231e-05, "width_d": 0.0032023965347583077}