{"numgrasp": 337, "translation_d": 4.814462751134949e-09, "rotation_d": 5.3035703228154185e-05, "width_d": 0.0038406752773091635}