{"numgrasp": 345, "translation_d": 4.553489499640023e-09, "rotation_d": 5.2779608351297984e-05, "width_d": 0.0038775965719475597}