{"numgrasp": 159, "translation_d": 5.617521519698095e-09, "rotation_d": 5.129183791421592e-05, "width_d": 0.004247983050627412}