{"numgrasp": 412, "translation_d": 6.714468808683997e-09, "rotation_d": 5.891241910723637e-05, "width_d": 0.0021809965989103538}