{"numgrasp": 414, "translation_d": 6.625372413957969e-09, "rotation_d": 5.979387087590919e-05, "width_d": 0.0027322530341366167}