{"numgrasp": 422, "translation_d": 6.650293688676963e-09, "rotation_d": 5.9745418607338766e-05, "width_d": 0.0028283449893844207}