{"numgrasp": 416, "translation_d": 6.807953021892828e-09, "rotation_d": 5.9495167052286716e-05, "width_d": 0.003277466905290402}