{"numgrasp": 393, "translation_d": 6.918090768950895e-09, "rotation_d": 5.889110079373156e-05, "width_d": 0.004013306187986974}