{"numgrasp": 352, "translation_d": 6.142032292189179e-09, "rotation_d": 5.749554911163779e-05, "width_d": 0.005066572576343451}