{"numgrasp": 380, "translation_d": 6.331830248855937e-09, "rotation_d": 5.7927213437417144e-05, "width_d": 0.004615083191190661}