{"numgrasp": 418, "translation_d": 6.548614905954041e-09, "rotation_d": 5.1737153035832795e-05, "width_d": 0.0021879110621694777}