{"numgrasp": 396, "translation_d": 7.102706693294717e-09, "rotation_d": 5.7384310645825894e-05, "width_d": 0.00330634238852432}