{"numgrasp": 408, "translation_d": 6.44386617287876e-09, "rotation_d": 5.880250388135698e-05, "width_d": 0.002693879994051765}