{"numgrasp": 414, "translation_d": 6.512401719330487e-09, "rotation_d": 5.226751798528469e-05, "width_d": 0.00272954108638581}