{"numgrasp": 410, "translation_d": 6.670987037043871e-09, "rotation_d": 4.974477038352471e-05, "width_d": 0.0032829807334349118}