{"numgrasp": 399, "translation_d": 6.725654318994078e-09, "rotation_d": 4.934184132791205e-05, "width_d": 0.0043743607432640596}