{"numgrasp": 386, "translation_d": 6.9096736224847035e-09, "rotation_d": 5.0580398713010586e-05, "width_d": 0.0047802682022989006}