{"numgrasp": 318, "translation_d": 6.164307814309111e-09, "rotation_d": 5.324819465637306e-05, "width_d": 0.005566154208867008}