{"numgrasp": 353, "translation_d": 6.4440914845659305e-09, "rotation_d": 4.314220546249628e-05, "width_d": 0.0053283983531923085}