{"numgrasp": 391, "translation_d": 6.738941702257429e-09, "rotation_d": 4.1466649744531824e-05, "width_d": 0.0049352722166495595}