{"numgrasp": 424, "translation_d": 6.688538360447002e-09, "rotation_d": 4.083631366769694e-05, "width_d": 0.0043758090419179375}