{"numgrasp": 427, "translation_d": 7.1150942722819674e-09, "rotation_d": 4.0722114367966514e-05, "width_d": 0.003789051721837152}