{"numgrasp": 422, "translation_d": 6.537206493784449e-09, "rotation_d": 4.199267369906864e-05, "width_d": 0.003168437754166412}