{"numgrasp": 387, "translation_d": 6.282934887977781e-09, "rotation_d": 3.877451958096219e-05, "width_d": 0.0027361483203297843}