{"numgrasp": 427, "translation_d": 6.2678089311320414e-09, "rotation_d": 4.033499254292354e-05, "width_d": 0.0036709658852041816}