{"numgrasp": 425, "translation_d": 6.3529155301015635e-09, "rotation_d": 4.1186784139268926e-05, "width_d": 0.004166327315384856}