{"numgrasp": 249, "translation_d": 5.831669199140091e-09, "rotation_d": 3.842437207249e-05, "width_d": 0.005347759453482435}