{"numgrasp": 243, "translation_d": 6.663600482990568e-09, "rotation_d": 4.112046943999489e-05, "width_d": 0.0033898844400884797}