{"numgrasp": 242, "translation_d": 5.7443839233859154e-09, "rotation_d": 3.4345899424115065e-05, "width_d": 0.0048348542438776745}