{"numgrasp": 236, "translation_d": 5.772893246904082e-09, "rotation_d": 3.4836600215157195e-05, "width_d": 0.0047339922739487944}