{"numgrasp": 252, "translation_d": 5.625548180338342e-09, "rotation_d": 3.401455279389567e-05, "width_d": 0.004123868019341747}