{"numgrasp": 244, "translation_d": 5.886128134565099e-09, "rotation_d": 3.44241570837039e-05, "width_d": 0.0038813596688700726}