{"numgrasp": 243, "translation_d": 5.567448019511508e-09, "rotation_d": 4.483762587503553e-05, "width_d": 0.004250404480202636}