{"numgrasp": 250, "translation_d": 5.702050496815721e-09, "rotation_d": 4.529569314602839e-05, "width_d": 0.004273936590106008}