{"numgrasp": 239, "translation_d": 5.2250361486296095e-09, "rotation_d": 4.5725757840554024e-05, "width_d": 0.004595632232416338}