{"numgrasp": 244, "translation_d": 5.3030730930549954e-09, "rotation_d": 4.671830733203045e-05, "width_d": 0.004529101026937283}