{"numgrasp": 239, "translation_d": 6.857169603325627e-09, "rotation_d": 4.067444754566936e-05, "width_d": 0.00338887522315703}