{"numgrasp": 229, "translation_d": 5.81249583678646e-09, "rotation_d": 4.7395278200042616e-05, "width_d": 0.004857098564204496}