{"numgrasp": 232, "translation_d": 5.4634569103117716e-09, "rotation_d": 4.7631993662368e-05, "width_d": 0.00495635252809991}