{"numgrasp": 208, "translation_d": 5.188201189161796e-09, "rotation_d": 5.000380276020033e-05, "width_d": 0.005866798867238946}