{"numgrasp": 234, "translation_d": 4.596439703568174e-09, "rotation_d": 5.913648378137657e-05, "width_d": 0.0050550874041059134}