{"numgrasp": 252, "translation_d": 4.909445525625451e-09, "rotation_d": 5.9187620117144335e-05, "width_d": 0.004850384174089968}