{"numgrasp": 233, "translation_d": 6.45744087879516e-09, "rotation_d": 4.059322102057881e-05, "width_d": 0.003392172641906398}