{"numgrasp": 246, "translation_d": 5.343154773314367e-09, "rotation_d": 5.964659703304667e-05, "width_d": 0.004695070775110552}