{"numgrasp": 250, "translation_d": 5.08450840535953e-09, "rotation_d": 5.8579987755798374e-05, "width_d": 0.004247673406387051}