{"numgrasp": 241, "translation_d": 5.4119987804079744e-09, "rotation_d": 5.768658023869719e-05, "width_d": 0.004116104430448015}