{"numgrasp": 241, "translation_d": 5.075708549777103e-09, "rotation_d": 5.785980746040391e-05, "width_d": 0.003752705203975785}