{"numgrasp": 240, "translation_d": 5.198671612809288e-09, "rotation_d": 5.947071431683071e-05, "width_d": 0.003487713533224894}