{"numgrasp": 251, "translation_d": 5.152151361825313e-09, "rotation_d": 6.361870397748937e-05, "width_d": 0.004034954693482952}