{"numgrasp": 248, "translation_d": 4.549440601478897e-09, "rotation_d": 6.360002597785027e-05, "width_d": 0.004149405773413622}