{"numgrasp": 212, "translation_d": 6.287345701396849e-09, "rotation_d": 4.089295148361011e-05, "width_d": 0.0036567473123833936}