{"numgrasp": 233, "translation_d": 4.3409552091493955e-09, "rotation_d": 5.566733389404488e-05, "width_d": 0.0045196470331210215}