{"numgrasp": 246, "translation_d": 4.451399321517099e-09, "rotation_d": 5.757891017783604e-05, "width_d": 0.004419586234391135}