{"numgrasp": 244, "translation_d": 4.410925096543406e-09, "rotation_d": 5.866608562189721e-05, "width_d": 0.004225503327492666}