{"numgrasp": 244, "translation_d": 4.4158634334777596e-09, "rotation_d": 5.887671667450839e-05, "width_d": 0.004021981165499221}