{"numgrasp": 230, "translation_d": 4.661650346352847e-09, "rotation_d": 5.992992777356447e-05, "width_d": 0.004034852580909184}