{"numgrasp": 232, "translation_d": 4.983940207055269e-09, "rotation_d": 5.963249846255944e-05, "width_d": 0.0040021100218523955}