{"numgrasp": 225, "translation_d": 4.704358025188578e-09, "rotation_d": 5.960372452420705e-05, "width_d": 0.003813201132029389}