{"numgrasp": 193, "translation_d": 4.7302976057393924e-09, "rotation_d": 3.778971615922764e-05, "width_d": 0.0039040732586528132}