{"numgrasp": 201, "translation_d": 4.850923280026331e-09, "rotation_d": 5.004941794628937e-05, "width_d": 0.0038251957845946063}