{"numgrasp": 202, "translation_d": 4.5864705131535274e-09, "rotation_d": 4.979613544524994e-05, "width_d": 0.004123260296515087}