{"numgrasp": 212, "translation_d": 4.777501075385889e-09, "rotation_d": 5.068466097820727e-05, "width_d": 0.004177533144988396}