{"numgrasp": 229, "translation_d": 4.740461012282075e-09, "rotation_d": 5.007770674640973e-05, "width_d": 0.003979218842015714}