{"numgrasp": 215, "translation_d": 4.670649509766433e-09, "rotation_d": 4.994692396316675e-05, "width_d": 0.004150746578747325}