{"numgrasp": 226, "translation_d": 4.618836961681648e-09, "rotation_d": 4.9596274359319034e-05, "width_d": 0.004429660086268905}