{"numgrasp": 250, "translation_d": 4.526544654115061e-09, "rotation_d": 4.883214667122154e-05, "width_d": 0.0044810227815243785}