{"numgrasp": 277, "translation_d": 7.2711614459047905e-09, "rotation_d": 3.8634695113133973e-05, "width_d": 0.003774666337805776}