{"numgrasp": 200, "translation_d": 4.993128556164286e-09, "rotation_d": 3.8973931511561125e-05, "width_d": 0.004197403167980113}