{"numgrasp": 196, "translation_d": 4.807947977951882e-09, "rotation_d": 3.749668641810246e-05, "width_d": 0.004263935441781472}