{"numgrasp": 190, "translation_d": 4.949469504900762e-09, "rotation_d": 3.584021427635686e-05, "width_d": 0.004291510065706717}