{"numgrasp": 185, "translation_d": 4.782286162874091e-09, "rotation_d": 3.279412852517821e-05, "width_d": 0.003786709924290196}