{"numgrasp": 191, "translation_d": 4.855092499252148e-09, "rotation_d": 3.628823513883681e-05, "width_d": 0.004006477174034745}