{"numgrasp": 196, "translation_d": 4.711675408579778e-09, "rotation_d": 3.2061483752849475e-05, "width_d": 0.003884044702964789}