{"numgrasp": 194, "translation_d": 4.899319878406264e-09, "rotation_d": 3.217570455605242e-05, "width_d": 0.004055442911792779}