{"numgrasp": 197, "translation_d": 4.76076199044967e-09, "rotation_d": 3.297355201454677e-05, "width_d": 0.004293635242490989}