{"numgrasp": 206, "translation_d": 4.573173505460086e-09, "rotation_d": 3.2024491114870136e-05, "width_d": 0.004142935126324037}