{"numgrasp": 209, "translation_d": 4.788517605299548e-09, "rotation_d": 3.259744512053456e-05, "width_d": 0.004085516292506042}