{"numgrasp": 201, "translation_d": 4.414575241255108e-09, "rotation_d": 3.402375517130364e-05, "width_d": 0.004164475592611348}