{"numgrasp": 205, "translation_d": 4.587274080173568e-09, "rotation_d": 3.4435147391562156e-05, "width_d": 0.004297957208768677}