{"numgrasp": 212, "translation_d": 4.603958770326815e-09, "rotation_d": 3.606411939869488e-05, "width_d": 0.004671267662166502}