{"numgrasp": 208, "translation_d": 4.545063049968565e-09, "rotation_d": 3.574705307845969e-05, "width_d": 0.00469297927180398}