{"numgrasp": 205, "translation_d": 4.703907270549091e-09, "rotation_d": 3.557144972366408e-05, "width_d": 0.004531248489480507}