{"numgrasp": 196, "translation_d": 4.726934046216111e-09, "rotation_d": 3.6126163133841796e-05, "width_d": 0.004437091881117148}