{"numgrasp": 195, "translation_d": 4.871739552125711e-09, "rotation_d": 3.698974913164876e-05, "width_d": 0.004591033248756857}