{"numgrasp": 188, "translation_d": 4.899494441222388e-09, "rotation_d": 3.712487690616078e-05, "width_d": 0.0042156127443719275}