{"numgrasp": 184, "translation_d": 5.064188732837085e-09, "rotation_d": 3.940452174836636e-05, "width_d": 0.00421184960472819}