{"numgrasp": 182, "translation_d": 4.998807667838772e-09, "rotation_d": 4.722792686049033e-05, "width_d": 0.003998690862178071}