{"numgrasp": 177, "translation_d": 5.138675940628142e-09, "rotation_d": 5.19865157038239e-05, "width_d": 0.004431646639735029}