{"numgrasp": 180, "translation_d": 4.989941794832274e-09, "rotation_d": 4.824371223711195e-05, "width_d": 0.004904621219631918}