{"numgrasp": 190, "translation_d": 4.712820447363239e-09, "rotation_d": 4.5957594829388044e-05, "width_d": 0.004763014002349839}