{"numgrasp": 189, "translation_d": 4.794104804547395e-09, "rotation_d": 4.456422035861261e-05, "width_d": 0.004738924137742258}