{"numgrasp": 261, "translation_d": 6.608901605556885e-09, "rotation_d": 4.7267270440988675e-05, "width_d": 0.0037793254442443328}