{"numgrasp": 189, "translation_d": 4.349073167407647e-09, "rotation_d": 4.201358750950663e-05, "width_d": 0.004773763139314331}