{"numgrasp": 187, "translation_d": 4.9109286743989144e-09, "rotation_d": 4.209414117911095e-05, "width_d": 0.005090520648214169}