{"numgrasp": 203, "translation_d": 4.647415262293638e-09, "rotation_d": 4.058574467093489e-05, "width_d": 0.0049407671485188955}