{"numgrasp": 272, "translation_d": 6.949770576818206e-09, "rotation_d": 4.490247664419101e-05, "width_d": 0.003814533104520236}