{"numgrasp": 264, "translation_d": 6.502791645670446e-09, "rotation_d": 5.0161014749272004e-05, "width_d": 0.003790930201279344}