{"numgrasp": 262, "translation_d": 6.687773626553959e-09, "rotation_d": 5.437051957038188e-05, "width_d": 0.00381984678409069}