{"numgrasp": 257, "translation_d": 7.18814267821636e-09, "rotation_d": 5.405061568580895e-05, "width_d": 0.0036738491083964236}