{"numgrasp": 265, "translation_d": 6.831084764681321e-09, "rotation_d": 5.537671658347493e-05, "width_d": 0.003919965586342739}