{"numgrasp": 264, "translation_d": 7.139908090706068e-09, "rotation_d": 5.495508910251296e-05, "width_d": 0.00378801184856532}