{"numgrasp": 256, "translation_d": 6.982258983573533e-09, "rotation_d": 5.603725589102715e-05, "width_d": 0.003938412426075596}