{"numgrasp": 235, "translation_d": 7.037723805839743e-09, "rotation_d": 5.277175432184697e-05, "width_d": 0.0043935462623714144}