{"numgrasp": 226, "translation_d": 6.746818469681381e-09, "rotation_d": 5.14708652221373e-05, "width_d": 0.004435266800997906}