{"numgrasp": 233, "translation_d": 7.067182286921659e-09, "rotation_d": 5.963300170179886e-05, "width_d": 0.004769810863320236}