{"numgrasp": 251, "translation_d": 6.657590727767954e-09, "rotation_d": 6.014991588768027e-05, "width_d": 0.004550516329678224}