{"numgrasp": 245, "translation_d": 7.028381099363769e-09, "rotation_d": 6.171069423215644e-05, "width_d": 0.004149940978646184}