{"numgrasp": 259, "translation_d": 6.985027667532992e-09, "rotation_d": 6.0580675116076025e-05, "width_d": 0.004103631989508719}