{"numgrasp": 264, "translation_d": 6.619890173360235e-09, "rotation_d": 6.065416178372578e-05, "width_d": 0.0037882583308727433}