{"numgrasp": 246, "translation_d": 6.787215295616437e-09, "rotation_d": 6.188686254159923e-05, "width_d": 0.003993153037113539}