{"numgrasp": 248, "translation_d": 6.4099805710691145e-09, "rotation_d": 6.109812982988749e-05, "width_d": 0.004001901826003947}