{"numgrasp": 265, "translation_d": 6.759930469474128e-09, "rotation_d": 6.0142141332791676e-05, "width_d": 0.004219001417614385}