{"numgrasp": 261, "translation_d": 7.108636509802315e-09, "rotation_d": 3.934126190716249e-05, "width_d": 0.0035990365217468076}