{"numgrasp": 249, "translation_d": 6.620686468429836e-09, "rotation_d": 6.0716999001678994e-05, "width_d": 0.00469433379005272}