{"numgrasp": 242, "translation_d": 6.623352943085696e-09, "rotation_d": 6.0214871661337907e-05, "width_d": 0.004849095237755782}