{"numgrasp": 234, "translation_d": 6.595405376327799e-09, "rotation_d": 6.110310153996928e-05, "width_d": 0.005365609803676548}