{"numgrasp": 239, "translation_d": 6.5990173761403986e-09, "rotation_d": 5.3311928913815116e-05, "width_d": 0.005780873006329889}