{"numgrasp": 244, "translation_d": 6.572190205316586e-09, "rotation_d": 5.385101928273163e-05, "width_d": 0.0053155718324830094}