{"numgrasp": 248, "translation_d": 6.6752838875966944e-09, "rotation_d": 5.282748948158864e-05, "width_d": 0.004942683586532542}