{"numgrasp": 256, "translation_d": 6.913873862508336e-09, "rotation_d": 4.013492595101072e-05, "width_d": 0.003470756422049449}