{"numgrasp": 256, "translation_d": 6.517789390491131e-09, "rotation_d": 5.265895606832902e-05, "width_d": 0.004617947262374216}