{"numgrasp": 259, "translation_d": 6.37718363848946e-09, "rotation_d": 5.153866634142653e-05, "width_d": 0.004462831788441482}