{"numgrasp": 262, "translation_d": 6.606235410092756e-09, "rotation_d": 5.306302936697851e-05, "width_d": 0.004675997890106232}