{"numgrasp": 265, "translation_d": 5.898260534925167e-09, "rotation_d": 5.537962315200688e-05, "width_d": 0.003696707415816091}