{"numgrasp": 261, "translation_d": 6.217374398611057e-09, "rotation_d": 5.65254783063488e-05, "width_d": 0.0039398621291072255}