{"numgrasp": 247, "translation_d": 7.030730181437468e-09, "rotation_d": 4.142665480991073e-05, "width_d": 0.0035751840442242422}