{"numgrasp": 254, "translation_d": 6.26996687943717e-09, "rotation_d": 4.0709109612324086e-05, "width_d": 0.004010807631707428}