{"numgrasp": 249, "translation_d": 5.985131804305698e-09, "rotation_d": 3.866625755206678e-05, "width_d": 0.004635914259763482}