{"numgrasp": 275, "translation_d": 7.218250375039218e-09, "rotation_d": 5.3102351443983156e-05, "width_d": 0.0038133479765269616}