{"numgrasp": 290, "translation_d": 6.506790286331628e-09, "rotation_d": 4.2658403247537986e-05, "width_d": 0.003394760292381872}