{"numgrasp": 280, "translation_d": 6.3374311918710075e-09, "rotation_d": 4.403608093932761e-05, "width_d": 0.0027701233855061016}