{"numgrasp": 290, "translation_d": 6.8032093180122444e-09, "rotation_d": 4.356859125456904e-05, "width_d": 0.00279064088799699}