{"numgrasp": 318, "translation_d": 6.677975637873567e-09, "rotation_d": 4.563006029636531e-05, "width_d": 0.002688104178638326}