{"numgrasp": 318, "translation_d": 6.429814423972101e-09, "rotation_d": 5.142594485987564e-05, "width_d": 0.0025491529095257293}