{"numgrasp": 327, "translation_d": 6.1754017787249284e-09, "rotation_d": 4.1986623600138285e-05, "width_d": 0.0019036591399832715}