{"numgrasp": 316, "translation_d": 6.359369794865025e-09, "rotation_d": 4.022386573323858e-05, "width_d": 0.002142634589005596}