{"numgrasp": 300, "translation_d": 6.441969965867547e-09, "rotation_d": 3.694640656210331e-05, "width_d": 0.002841591651014903}