{"numgrasp": 301, "translation_d": 5.5404486780701535e-09, "rotation_d": 6.900257653208108e-05, "width_d": 0.0029585742491975505}