{"numgrasp": 311, "translation_d": 5.574909427885988e-09, "rotation_d": 4.3454195265912795e-05, "width_d": 0.0027882604825517363}