{"numgrasp": 325, "translation_d": 5.638846578766292e-09, "rotation_d": 4.3854924569338154e-05, "width_d": 0.0026702659760789436}