{"numgrasp": 349, "translation_d": 6.730194590838608e-09, "rotation_d": 4.5369246223893886e-05, "width_d": 0.006043594915762948}