{"numgrasp": 286, "translation_d": 5.808787057962621e-09, "rotation_d": 4.310108626264083e-05, "width_d": 0.0024410943148857464}