{"numgrasp": 294, "translation_d": 6.293447204423984e-09, "rotation_d": 4.088149237357868e-05, "width_d": 0.0022210799163508133}