{"numgrasp": 290, "translation_d": 5.983431645625448e-09, "rotation_d": 4.101288235080805e-05, "width_d": 0.0020098862555723127}