{"numgrasp": 313, "translation_d": 6.1096741800653056e-09, "rotation_d": 4.2424160178103195e-05, "width_d": 0.0022126502524718694}