{"numgrasp": 322, "translation_d": 6.071579176047856e-09, "rotation_d": 4.438097300791529e-05, "width_d": 0.0020281412379692873}