{"numgrasp": 352, "translation_d": 5.956708089874322e-09, "rotation_d": 4.538999361593521e-05, "width_d": 0.0021083646295513773}