{"numgrasp": 323, "translation_d": 5.691789926728857e-09, "rotation_d": 5.749237295378686e-05, "width_d": 0.0020051965507194708}