{"numgrasp": 291, "translation_d": 6.007320270492149e-09, "rotation_d": 5.283358739073057e-05, "width_d": 0.0022133992851890057}