{"numgrasp": 331, "translation_d": 6.890302711569262e-09, "rotation_d": 4.6474222737949e-05, "width_d": 0.006339053707956421}