{"numgrasp": 315, "translation_d": 5.543670128839528e-09, "rotation_d": 5.049724320068424e-05, "width_d": 0.0021712924860970775}