{"numgrasp": 313, "translation_d": 5.871699028344928e-09, "rotation_d": 5.081929479866385e-05, "width_d": 0.002486342419481716}