{"numgrasp": 303, "translation_d": 5.121425326131373e-09, "rotation_d": 4.945154247986132e-05, "width_d": 0.0023748294535349363}