{"numgrasp": 317, "translation_d": 5.2394115339884165e-09, "rotation_d": 5.0174007170096396e-05, "width_d": 0.002699883669879222}