{"numgrasp": 326, "translation_d": 5.187434530419502e-09, "rotation_d": 5.4767753780114104e-05, "width_d": 0.0028493619321734998}