{"numgrasp": 338, "translation_d": 5.20160992156662e-09, "rotation_d": 5.5244475009870374e-05, "width_d": 0.0023474701470448853}