{"numgrasp": 328, "translation_d": 5.591302930400124e-09, "rotation_d": 5.975350548493642e-05, "width_d": 0.0021929324603587345}