{"numgrasp": 333, "translation_d": 5.651549464127059e-09, "rotation_d": 5.912426509707442e-05, "width_d": 0.002197904896082757}