{"numgrasp": 345, "translation_d": 5.317770325650618e-09, "rotation_d": 5.883035482648765e-05, "width_d": 0.0023930319237238347}