{"numgrasp": 347, "translation_d": 5.274257427050585e-09, "rotation_d": 5.692830402092996e-05, "width_d": 0.002553376795731927}