{"numgrasp": 348, "translation_d": 5.153049356997602e-09, "rotation_d": 5.5780332445684626e-05, "width_d": 0.0034841506617061583}