{"numgrasp": 347, "translation_d": 5.1272713795091404e-09, "rotation_d": 5.42157489170405e-05, "width_d": 0.0033162614097611938}