{"numgrasp": 363, "translation_d": 6.98122751853292e-09, "rotation_d": 4.445561487038474e-05, "width_d": 0.005421127710975699}