{"numgrasp": 350, "translation_d": 5.163579347916584e-09, "rotation_d": 5.624653936339095e-05, "width_d": 0.003178007794965519}