{"numgrasp": 315, "translation_d": 5.377098985347506e-09, "rotation_d": 5.505210939562741e-05, "width_d": 0.0025338804311405023}