{"numgrasp": 283, "translation_d": 5.103458893101688e-09, "rotation_d": 4.939312186322902e-05, "width_d": 0.0026892116482254164}