{"numgrasp": 347, "translation_d": 5.5701136850731266e-09, "rotation_d": 5.487561061646683e-05, "width_d": 0.003621818733680168}