{"numgrasp": 346, "translation_d": 5.421539082598695e-09, "rotation_d": 5.426166730920481e-05, "width_d": 0.0036679993756840016}