{"numgrasp": 340, "translation_d": 5.073953593535007e-09, "rotation_d": 5.590210159289342e-05, "width_d": 0.004045047489680241}