{"numgrasp": 312, "translation_d": 4.8349491439876264e-09, "rotation_d": 5.392221808676209e-05, "width_d": 0.0045228648698830065}