{"numgrasp": 296, "translation_d": 5.29305303897613e-09, "rotation_d": 5.22048420684341e-05, "width_d": 0.00440496977455464}