{"numgrasp": 259, "translation_d": 5.2168293605734865e-09, "rotation_d": 4.253363964389055e-05, "width_d": 0.0030954611726603906}