{"numgrasp": 235, "translation_d": 5.060780354695825e-09, "rotation_d": 3.032365192761103e-05, "width_d": 0.0026056232107724672}