{"numgrasp": 249, "translation_d": 5.493644089579312e-09, "rotation_d": 3.114342460340343e-05, "width_d": 0.0030796526460692883}