{"numgrasp": 264, "translation_d": 5.1510016423162885e-09, "rotation_d": 3.890685316656594e-05, "width_d": 0.0036673101703664046}