{"numgrasp": 294, "translation_d": 5.000589775656228e-09, "rotation_d": 3.9730371067809476e-05, "width_d": 0.003959319992349455}