{"numgrasp": 281, "translation_d": 4.257881719392223e-09, "rotation_d": 4.4572390897417875e-05, "width_d": 0.004706769740943422}