{"numgrasp": 359, "translation_d": 6.655547586635146e-09, "rotation_d": 4.4719164295483614e-05, "width_d": 0.003824062867710859}