{"numgrasp": 355, "translation_d": 6.599451153173131e-09, "rotation_d": 4.599130914182569e-05, "width_d": 0.0037098105034659577}