{"numgrasp": 314, "translation_d": 6.725578605131072e-09, "rotation_d": 4.738506487343471e-05, "width_d": 0.003272764958808367}