{"numgrasp": 283, "translation_d": 6.616049238968921e-09, "rotation_d": 4.691003768366318e-05, "width_d": 0.003137949611593849}