{"numgrasp": 341, "translation_d": 6.6778250822096545e-09, "rotation_d": 4.7078355741778516e-05, "width_d": 0.0035988970715741925}