{"numgrasp": 355, "translation_d": 7.083953625345645e-09, "rotation_d": 4.894770454487856e-05, "width_d": 0.004509498476040317}