{"numgrasp": 322, "translation_d": 6.850270496378083e-09, "rotation_d": 4.8081322348561264e-05, "width_d": 0.003305802275312559}