{"numgrasp": 358, "translation_d": 6.994649306219376e-09, "rotation_d": 5.144508236003822e-05, "width_d": 0.005483115486908355}