{"numgrasp": 361, "translation_d": 7.066938295800282e-09, "rotation_d": 5.0868871076649974e-05, "width_d": 0.006165184658871902}