{"numgrasp": 342, "translation_d": 6.995272017107701e-09, "rotation_d": 5.301785853319609e-05, "width_d": 0.0038579905741393523}