{"numgrasp": 356, "translation_d": 6.992196841024338e-09, "rotation_d": 5.0752216741062047e-05, "width_d": 0.0034202604096406713}