{"numgrasp": 319, "translation_d": 6.600967587753699e-09, "rotation_d": 5.7426795963029315e-05, "width_d": 0.003134876326420449}