{"numgrasp": 341, "translation_d": 7.000841584792023e-09, "rotation_d": 5.7645108775137316e-05, "width_d": 0.003328234281770061}