{"numgrasp": 335, "translation_d": 7.3107552501073985e-09, "rotation_d": 5.818433760605657e-05, "width_d": 0.00358716438814073}