{"numgrasp": 320, "translation_d": 7.596421397315648e-09, "rotation_d": 5.987787445530175e-05, "width_d": 0.004489688721934769}