{"numgrasp": 322, "translation_d": 7.651581900439685e-09, "rotation_d": 5.96157101236328e-05, "width_d": 0.004725348342782723}