{"numgrasp": 321, "translation_d": 7.414565070766818e-09, "rotation_d": 5.9507572153255835e-05, "width_d": 0.004882130266902413}