{"numgrasp": 314, "translation_d": 7.698421680196733e-09, "rotation_d": 5.780041358247772e-05, "width_d": 0.0055096370427981135}