{"numgrasp": 326, "translation_d": 6.953398052216305e-09, "rotation_d": 5.526245018543835e-05, "width_d": 0.0049467973247552186}