{"numgrasp": 303, "translation_d": 6.740950837686015e-09, "rotation_d": 5.829381614169024e-05, "width_d": 0.0045644465691147395}