{"numgrasp": 324, "translation_d": 7.0800219484773515e-09, "rotation_d": 5.86116556775698e-05, "width_d": 0.0037428694787544283}