{"numgrasp": 318, "translation_d": 6.861432704108268e-09, "rotation_d": 5.9355933084530055e-05, "width_d": 0.0031257902057660134}