{"numgrasp": 316, "translation_d": 6.8830249171553015e-09, "rotation_d": 5.9919459937964986e-05, "width_d": 0.0029491259543619106}