{"numgrasp": 333, "translation_d": 6.5369368320468974e-09, "rotation_d": 4.677166843651814e-05, "width_d": 0.00428341974450174}