{"numgrasp": 308, "translation_d": 7.1875211378737464e-09, "rotation_d": 5.631528868704744e-05, "width_d": 0.0031431713995111535}