{"numgrasp": 392, "translation_d": 4.997435947399135e-09, "rotation_d": 6.161420331417437e-05, "width_d": 0.005746432461564926}