{"numgrasp": 368, "translation_d": 5.1143050150165284e-09, "rotation_d": 6.200271198337062e-05, "width_d": 0.00603742022655}