{"numgrasp": 392, "translation_d": 5.042047378409483e-09, "rotation_d": 5.0547553340650294e-05, "width_d": 0.00599145480774804}