{"numgrasp": 410, "translation_d": 5.1083508667960424e-09, "rotation_d": 4.979057675607783e-05, "width_d": 0.005328294014625549}