{"numgrasp": 387, "translation_d": 5.167921625386159e-09, "rotation_d": 4.8756563000581545e-05, "width_d": 0.0045073783273860465}