{"numgrasp": 386, "translation_d": 5.425363505970134e-09, "rotation_d": 4.7656894833283635e-05, "width_d": 0.002957779165926896}