{"numgrasp": 393, "translation_d": 5.440668794960227e-09, "rotation_d": 5.035810877756821e-05, "width_d": 0.0023795020789914127}