{"numgrasp": 462, "translation_d": 5.498763401872189e-09, "rotation_d": 3.0390465264670055e-05, "width_d": 0.002184202792759068}