{"numgrasp": 387, "translation_d": 5.2267635974436655e-09, "rotation_d": 3.325261226947496e-05, "width_d": 0.002760042988288469}