{"numgrasp": 397, "translation_d": 4.9693508345545e-09, "rotation_d": 3.4585802994785806e-05, "width_d": 0.003925014226941425}