{"numgrasp": 391, "translation_d": 4.470097520144491e-09, "rotation_d": 3.645693073837801e-05, "width_d": 0.00682595994577845}