{"numgrasp": 438, "translation_d": 4.835402304785223e-09, "rotation_d": 3.5018910247180496e-05, "width_d": 0.0059109753564264515}