{"numgrasp": 359, "translation_d": 5.563082402599959e-09, "rotation_d": 3.911133356128098e-05, "width_d": 0.002964334156714594}