{"numgrasp": 376, "translation_d": 5.4089382035045186e-09, "rotation_d": 4.003964129486005e-05, "width_d": 0.0025174135315329596}