{"numgrasp": 437, "translation_d": 5.403867034284726e-09, "rotation_d": 3.0038063953730135e-05, "width_d": 0.0020426243263776712}