{"numgrasp": 357, "translation_d": 5.416395806829289e-09, "rotation_d": 5.2155003155148436e-05, "width_d": 0.004135659697877773}