{"numgrasp": 365, "translation_d": 5.3545046612204965e-09, "rotation_d": 5.191210655540458e-05, "width_d": 0.004480541548206103}