{"numgrasp": 352, "translation_d": 4.609266570052343e-09, "rotation_d": 5.220484122946578e-05, "width_d": 0.006340351317506258}