{"numgrasp": 364, "translation_d": 5.248502997730909e-09, "rotation_d": 6.148396414100772e-05, "width_d": 0.004674838026100158}