{"numgrasp": 374, "translation_d": 5.142777011181702e-09, "rotation_d": 6.127590348708694e-05, "width_d": 0.004125634436367923}