{"numgrasp": 352, "translation_d": 5.172719006857438e-09, "rotation_d": 6.169005438400265e-05, "width_d": 0.0033638567035362745}