{"numgrasp": 360, "translation_d": 5.08702988916587e-09, "rotation_d": 6.245197012602227e-05, "width_d": 0.003078990243172116}