{"numgrasp": 368, "translation_d": 5.3024748888192405e-09, "rotation_d": 6.31929723134094e-05, "width_d": 0.0028905741349833035}