{"numgrasp": 386, "translation_d": 5.466485504644789e-09, "rotation_d": 6.339943663564593e-05, "width_d": 0.002615208763927938}