{"numgrasp": 383, "translation_d": 5.289385663214515e-09, "rotation_d": 6.394916043397872e-05, "width_d": 0.002539226418847335}