{"numgrasp": 404, "translation_d": 5.269661009406482e-09, "rotation_d": 7.393336505532433e-05, "width_d": 0.002644767596980755}