{"numgrasp": 411, "translation_d": 5.4856723141077226e-09, "rotation_d": 6.835255236835301e-05, "width_d": 0.0027738019157040276}