{"numgrasp": 402, "translation_d": 5.443132272363692e-09, "rotation_d": 6.305610107260836e-05, "width_d": 0.0036267192037243014}