{"numgrasp": 411, "translation_d": 5.3192176601254065e-09, "rotation_d": 3.296044599260212e-05, "width_d": 0.0021285566077759626}