{"numgrasp": 372, "translation_d": 5.222415935653619e-09, "rotation_d": 6.344003945807476e-05, "width_d": 0.005005703600896478}