{"numgrasp": 381, "translation_d": 4.797058634912304e-09, "rotation_d": 6.359200456627768e-05, "width_d": 0.005254623224542531}