{"numgrasp": 391, "translation_d": 5.134866879686368e-09, "rotation_d": 5.888826275046828e-05, "width_d": 0.0053693292385799795}