{"numgrasp": 401, "translation_d": 5.053579524392219e-09, "rotation_d": 5.9082560398375885e-05, "width_d": 0.004673438824181119}