{"numgrasp": 435, "translation_d": 5.574805312462821e-09, "rotation_d": 3.119947984278835e-05, "width_d": 0.0021356987663112975}