{"numgrasp": 409, "translation_d": 5.2533065443850435e-09, "rotation_d": 5.972689038094003e-05, "width_d": 0.003456916252666706}