{"numgrasp": 424, "translation_d": 5.487075277688491e-09, "rotation_d": 5.104361088306319e-05, "width_d": 0.002383933791560895}