{"numgrasp": 421, "translation_d": 5.409013244223265e-09, "rotation_d": 4.716549801135e-05, "width_d": 0.0024109213205687095}