{"numgrasp": 406, "translation_d": 5.1761681838923154e-09, "rotation_d": 4.788666620455767e-05, "width_d": 0.0030310625230479038}