{"numgrasp": 412, "translation_d": 5.273107422387778e-09, "rotation_d": 4.801433614677476e-05, "width_d": 0.0033093371240171}