{"numgrasp": 427, "translation_d": 4.795505121766694e-09, "rotation_d": 4.910534823625636e-05, "width_d": 0.003959713519276671}