{"numgrasp": 429, "translation_d": 4.804916883498561e-09, "rotation_d": 4.9015816634206395e-05, "width_d": 0.0044408408380627725}