{"numgrasp": 406, "translation_d": 4.742837509121432e-09, "rotation_d": 3.885874220636701e-05, "width_d": 0.0034454994033248122}