{"numgrasp": 463, "translation_d": 5.380067002726083e-09, "rotation_d": 2.933770537055524e-05, "width_d": 0.002042725408584569}