{"numgrasp": 399, "translation_d": 5.187696478475563e-09, "rotation_d": 3.7969046743830894e-05, "width_d": 0.0022922423274042265}