{"numgrasp": 425, "translation_d": 5.1986231157978235e-09, "rotation_d": 3.54400266178883e-05, "width_d": 0.0022599569362627054}