{"numgrasp": 442, "translation_d": 5.3172599635792714e-09, "rotation_d": 3.0688464797372176e-05, "width_d": 0.0022252100985403925}