{"numgrasp": 437, "translation_d": 5.335114774583937e-09, "rotation_d": 3.077521876406252e-05, "width_d": 0.002180382503077603}