{"numgrasp": 416, "translation_d": 5.463540401053434e-09, "rotation_d": 3.080023706995367e-05, "width_d": 0.0021430761559533174}