{"numgrasp": 425, "translation_d": 5.365728304253992e-09, "rotation_d": 3.066099018914158e-05, "width_d": 0.002211018858029193}