{"numgrasp": 423, "translation_d": 5.1861235514876394e-09, "rotation_d": 3.0400046781520854e-05, "width_d": 0.0021591441444494324}