{"numgrasp": 411, "translation_d": 4.755258003789273e-09, "rotation_d": 3.0364765459400105e-05, "width_d": 0.002664963349889827}