{"numgrasp": 442, "translation_d": 5.8333875004906474e-09, "rotation_d": 2.8167874054531375e-05, "width_d": 0.0020002907509150607}