{"numgrasp": 436, "translation_d": 5.665844997939404e-09, "rotation_d": 3.4256009379776204e-05, "width_d": 0.0018628065577351353}