{"numgrasp": 449, "translation_d": 5.291664295904075e-09, "rotation_d": 3.741518402986197e-05, "width_d": 0.002041621464001206}