{"numgrasp": 452, "translation_d": 5.421401985877027e-09, "rotation_d": 3.898927033128837e-05, "width_d": 0.002305675818562045}