{"numgrasp": 465, "translation_d": 5.771764000475603e-09, "rotation_d": 3.747294796671603e-05, "width_d": 0.00199707180139048}