{"numgrasp": 449, "translation_d": 5.502756340005825e-09, "rotation_d": 3.878487387025694e-05, "width_d": 0.0025264591510034216}