{"numgrasp": 406, "translation_d": 5.352998129643908e-09, "rotation_d": 4.61307951478877e-05, "width_d": 0.0036135033072382246}