{"numgrasp": 455, "translation_d": 5.779997591175055e-09, "rotation_d": 3.494436111364674e-05, "width_d": 0.0020119852077726303}