{"numgrasp": 453, "translation_d": 5.383241278189432e-09, "rotation_d": 4.7219538976823624e-05, "width_d": 0.0020265809960350024}