{"numgrasp": 427, "translation_d": 5.230627294950935e-09, "rotation_d": 4.656660059222334e-05, "width_d": 0.0019836733296036357}