{"numgrasp": 448, "translation_d": 5.667842563399685e-09, "rotation_d": 4.445182386777703e-05, "width_d": 0.0019563096374724956}