{"numgrasp": 422, "translation_d": 5.443720201301506e-09, "rotation_d": 4.121641669304831e-05, "width_d": 0.001734943394194093}