{"numgrasp": 430, "translation_d": 5.5378163514135366e-09, "rotation_d": 3.2373862254343375e-05, "width_d": 0.0021845586583940945}