{"numgrasp": 414, "translation_d": 5.375872357547791e-09, "rotation_d": 5.796235563219676e-05, "width_d": 0.0021750003447572395}