{"numgrasp": 432, "translation_d": 5.127255487785566e-09, "rotation_d": 0.00010655742238802458, "width_d": 0.0026466038918185946}