{"numgrasp": 416, "translation_d": 5.6270175254384784e-09, "rotation_d": 5.940474568436882e-05, "width_d": 0.0030254802449612137}