{"numgrasp": 430, "translation_d": 5.4559287551066316e-09, "rotation_d": 6.365911940654006e-05, "width_d": 0.0032227277049865872}