{"numgrasp": 443, "translation_d": 5.889299204563181e-09, "rotation_d": 3.150973530524885e-05, "width_d": 0.0020599408825319994}