{"numgrasp": 415, "translation_d": 5.4921129125483755e-09, "rotation_d": 5.900966175591182e-05, "width_d": 0.0034673356520608565}