{"numgrasp": 411, "translation_d": 5.641052674398506e-09, "rotation_d": 5.7601597211225513e-05, "width_d": 0.003650630187747866}