{"numgrasp": 408, "translation_d": 5.163713965086839e-09, "rotation_d": 6.261262977566788e-05, "width_d": 0.004842873105635841}