{"numgrasp": 436, "translation_d": 5.2525889833948766e-09, "rotation_d": 6.425878199289797e-05, "width_d": 0.002204650696554512}