{"numgrasp": 420, "translation_d": 5.5095732377896344e-09, "rotation_d": 6.201844587703947e-05, "width_d": 0.0019189240719666197}