{"numgrasp": 423, "translation_d": 5.434444286485168e-09, "rotation_d": 6.27736495713041e-05, "width_d": 0.00220509005182264}