{"numgrasp": 418, "translation_d": 5.3260304527879525e-09, "rotation_d": 6.0193210356711106e-05, "width_d": 0.0031510385048067113}