{"numgrasp": 396, "translation_d": 5.416611138328738e-09, "rotation_d": 6.0459040993572874e-05, "width_d": 0.0034302636384650797}