{"numgrasp": 469, "translation_d": 5.6020405555782455e-09, "rotation_d": 3.0045800386345374e-05, "width_d": 0.0021798726826419285}