{"numgrasp": 109, "translation_d": 5.5455548173823536e-09, "rotation_d": 3.853343485811438e-05, "width_d": 0.0036615791474986}