{"numgrasp": 105, "translation_d": 5.483011244305283e-09, "rotation_d": 4.3334699082341897e-05, "width_d": 0.004179029991534919}