{"numgrasp": 128, "translation_d": 5.562450353822954e-09, "rotation_d": 4.496673133407056e-05, "width_d": 0.0035788359810391955}