{"numgrasp": 138, "translation_d": 5.750853944166638e-09, "rotation_d": 4.57217076425989e-05, "width_d": 0.003781422642161656}