{"numgrasp": 137, "translation_d": 5.760701124816343e-09, "rotation_d": 4.630508849925989e-05, "width_d": 0.003928758121889056}