{"numgrasp": 127, "translation_d": 5.652819416789306e-09, "rotation_d": 4.587946978072624e-05, "width_d": 0.0030334777968956967}