{"numgrasp": 142, "translation_d": 7.622605988732597e-09, "rotation_d": 5.129279766720191e-05, "width_d": 0.0038020148890145007}