{"numgrasp": 144, "translation_d": 5.2098568620771735e-09, "rotation_d": 5.559966905953722e-05, "width_d": 0.003642892340648611}