{"numgrasp": 143, "translation_d": 5.284952313620837e-09, "rotation_d": 5.6041848956634525e-05, "width_d": 0.003920622516518668}