{"numgrasp": 136, "translation_d": 5.050051412415973e-09, "rotation_d": 5.443674906089582e-05, "width_d": 0.004410512357507918}