{"numgrasp": 119, "translation_d": 5.321634330765492e-09, "rotation_d": 5.366708593557065e-05, "width_d": 0.004286902570804806}