{"numgrasp": 130, "translation_d": 7.533829460292138e-09, "rotation_d": 5.2555865259763484e-05, "width_d": 0.0035188281106177228}