{"numgrasp": 97, "translation_d": 4.697018011419338e-09, "rotation_d": 5.8216907280620966e-05, "width_d": 0.0036030081810856877}