{"numgrasp": 129, "translation_d": 5.407701244922237e-09, "rotation_d": 5.772120558118129e-05, "width_d": 0.004261689048382797}