{"numgrasp": 143, "translation_d": 5.172815865803467e-09, "rotation_d": 5.71803132869163e-05, "width_d": 0.004618547822601084}