{"numgrasp": 138, "translation_d": 4.799952694209683e-09, "rotation_d": 5.7628702206921365e-05, "width_d": 0.004537458286381094}