{"numgrasp": 135, "translation_d": 5.128584010850137e-09, "rotation_d": 5.817994172335949e-05, "width_d": 0.004255099078292597}