{"numgrasp": 137, "translation_d": 7.357274110580598e-09, "rotation_d": 5.205035880761401e-05, "width_d": 0.003988037960885544}