{"numgrasp": 149, "translation_d": 4.8284078772850435e-09, "rotation_d": 5.9325230907617346e-05, "width_d": 0.0038577579368334405}