{"numgrasp": 136, "translation_d": 4.747160645114348e-09, "rotation_d": 5.3831276976241666e-05, "width_d": 0.004459229628464595}