{"numgrasp": 135, "translation_d": 4.8640168203026114e-09, "rotation_d": 5.4342314716860485e-05, "width_d": 0.004009292801113077}