{"numgrasp": 106, "translation_d": 4.776908930797733e-09, "rotation_d": 5.5571294735169946e-05, "width_d": 0.004575022084166555}