{"numgrasp": 110, "translation_d": 4.96306276964824e-09, "rotation_d": 5.029738524773216e-05, "width_d": 0.004639173039221554}