{"numgrasp": 115, "translation_d": 4.90642030218995e-09, "rotation_d": 4.880185914378937e-05, "width_d": 0.004185162622194499}