{"numgrasp": 120, "translation_d": 4.942725438057703e-09, "rotation_d": 4.918172339657491e-05, "width_d": 0.0043195115471562975}