{"numgrasp": 133, "translation_d": 4.530439864000886e-09, "rotation_d": 4.6472992162889015e-05, "width_d": 0.0047073000677411}