{"numgrasp": 138, "translation_d": 4.510738037555542e-09, "rotation_d": 4.6896834582607314e-05, "width_d": 0.004313883569826101}