{"numgrasp": 141, "translation_d": 4.944425503082786e-09, "rotation_d": 4.5063418292630295e-05, "width_d": 0.004409548684271382}