{"numgrasp": 110, "translation_d": 5.2498760417916205e-09, "rotation_d": 4.2864867657353403e-05, "width_d": 0.004110331958827204}