{"numgrasp": 114, "translation_d": 5.138419867207864e-09, "rotation_d": 4.726912392077259e-05, "width_d": 0.00456514003592225}