{"numgrasp": 100, "translation_d": 4.541100344211442e-09, "rotation_d": 4.794563658668726e-05, "width_d": 0.003993868715827237}