{"numgrasp": 99, "translation_d": 4.7621565262499e-09, "rotation_d": 4.8156900139387125e-05, "width_d": 0.004510391649987847}