{"numgrasp": 99, "translation_d": 5.192072673348261e-09, "rotation_d": 4.7532403945805026e-05, "width_d": 0.004145419662580032}