{"numgrasp": 110, "translation_d": 5.009937100981114e-09, "rotation_d": 4.749279734716975e-05, "width_d": 0.0043709474967251645}