{"numgrasp": 110, "translation_d": 5.091470456584738e-09, "rotation_d": 4.3869815553927915e-05, "width_d": 0.003880767972994286}