{"numgrasp": 107, "translation_d": 4.583148253664656e-09, "rotation_d": 4.845541696046325e-05, "width_d": 0.004129034792849676}