{"numgrasp": 98, "translation_d": 4.787979083508789e-09, "rotation_d": 4.881314539576787e-05, "width_d": 0.003980220449663191}