{"numgrasp": 95, "translation_d": 4.789680939721534e-09, "rotation_d": 4.8559773122570196e-05, "width_d": 0.004025266009838912}