{"numgrasp": 91, "translation_d": 4.67489735781797e-09, "rotation_d": 5.046142539542445e-05, "width_d": 0.004325772209794117}