{"numgrasp": 91, "translation_d": 4.834006879526213e-09, "rotation_d": 4.9121889993094724e-05, "width_d": 0.004172191760833394}