{"numgrasp": 92, "translation_d": 4.526959165840045e-09, "rotation_d": 4.9749685467383295e-05, "width_d": 0.004227981764285162}