{"numgrasp": 96, "translation_d": 4.589427216643095e-09, "rotation_d": 4.8706006688701565e-05, "width_d": 0.004321940507108418}