{"numgrasp": 96, "translation_d": 5.057745256213775e-09, "rotation_d": 0.00014284119911689511, "width_d": 0.004389297434989303}