{"numgrasp": 101, "translation_d": 5.092848273273024e-09, "rotation_d": 5.6629735975873184e-05, "width_d": 0.004277385324621055}