{"numgrasp": 147, "translation_d": 6.943668835667209e-09, "rotation_d": 5.2336536234084034e-05, "width_d": 0.004198646891877342}