{"numgrasp": 97, "translation_d": 5.127220416219489e-09, "rotation_d": 6.004260501406356e-05, "width_d": 0.0049255509013617655}