{"numgrasp": 92, "translation_d": 4.857679403491583e-09, "rotation_d": 5.8226878854788e-05, "width_d": 0.0043633872717215435}