{"numgrasp": 139, "translation_d": 7.182942641286058e-09, "rotation_d": 5.340100972878505e-05, "width_d": 0.003941430001744417}