{"numgrasp": 93, "translation_d": 4.4792625914136255e-09, "rotation_d": 4.8372706966984815e-05, "width_d": 0.004221069153644795}