{"numgrasp": 95, "translation_d": 4.649116369568745e-09, "rotation_d": 5.048869717902873e-05, "width_d": 0.004744720222696067}