{"numgrasp": 90, "translation_d": 4.617087474434976e-09, "rotation_d": 4.886900575697892e-05, "width_d": 0.00445295117685434}