{"numgrasp": 146, "translation_d": 7.131395990697697e-09, "rotation_d": 5.2844309837807494e-05, "width_d": 0.00415923242653613}