{"numgrasp": 130, "translation_d": 7.20542354438459e-09, "rotation_d": 5.050556405068077e-05, "width_d": 0.003711918505438453}