{"numgrasp": 120, "translation_d": 6.729196167916115e-09, "rotation_d": 5.528268028452446e-05, "width_d": 0.0038433901874560207}