{"numgrasp": 124, "translation_d": 7.1053539654339835e-09, "rotation_d": 5.64793836777832e-05, "width_d": 0.003260640758234319}