{"numgrasp": 148, "translation_d": 6.91938472023918e-09, "rotation_d": 5.5469547087551836e-05, "width_d": 0.003720511178229627}