{"numgrasp": 136, "translation_d": 6.980626039886012e-09, "rotation_d": 5.5240102837071405e-05, "width_d": 0.00337233580859564}