{"numgrasp": 135, "translation_d": 7.006828139921519e-09, "rotation_d": 5.477869999356994e-05, "width_d": 0.0038921578940734015}