{"numgrasp": 127, "translation_d": 7.59402805126084e-09, "rotation_d": 5.3367798187926194e-05, "width_d": 0.00404586172599234}