{"numgrasp": 155, "translation_d": 6.43772414747779e-09, "rotation_d": 4.901064617312846e-05, "width_d": 0.0038375745913000955}