{"numgrasp": 139, "translation_d": 7.1461384778923295e-09, "rotation_d": 5.368887059590276e-05, "width_d": 0.004318507941279214}