{"numgrasp": 125, "translation_d": 7.320191083815663e-09, "rotation_d": 5.475194628398497e-05, "width_d": 0.0032119689677495115}