{"numgrasp": 116, "translation_d": 6.647683594893796e-09, "rotation_d": 5.138293427994718e-05, "width_d": 0.002661015302414128}