{"numgrasp": 148, "translation_d": 7.388833545036231e-09, "rotation_d": 4.9324488644349034e-05, "width_d": 0.0031878086910508653}