{"numgrasp": 138, "translation_d": 6.97651141639295e-09, "rotation_d": 4.920178847617677e-05, "width_d": 0.004329641543295739}