{"numgrasp": 133, "translation_d": 6.358837289652375e-09, "rotation_d": 4.855126288350865e-05, "width_d": 0.003942294932339205}