{"numgrasp": 124, "translation_d": 6.410632382440606e-09, "rotation_d": 5.215934147507003e-05, "width_d": 0.004841808433189836}