{"numgrasp": 119, "translation_d": 5.7643640867035545e-09, "rotation_d": 5.185567922449483e-05, "width_d": 0.004716496654052983}