{"numgrasp": 109, "translation_d": 5.891724816120106e-09, "rotation_d": 4.293343790490125e-05, "width_d": 0.004480911246468112}