{"numgrasp": 117, "translation_d": 6.006078577020096e-09, "rotation_d": 4.1902059047790196e-05, "width_d": 0.003689523319000889}