{"numgrasp": 119, "translation_d": 5.905459302032788e-09, "rotation_d": 4.368257830701699e-05, "width_d": 0.0034756080134961996}