{"numgrasp": 124, "translation_d": 6.579560368702864e-09, "rotation_d": 4.2232594051854466e-05, "width_d": 0.0035901746940755082}