{"numgrasp": 123, "translation_d": 6.6038399336844756e-09, "rotation_d": 4.320890462128127e-05, "width_d": 0.003087733895891528}