{"numgrasp": 122, "translation_d": 6.8614309816771e-09, "rotation_d": 4.246663045885468e-05, "width_d": 0.0029198624316181107}