{"numgrasp": 104, "translation_d": 6.427664960169203e-09, "rotation_d": 4.4263873640355784e-05, "width_d": 0.002263813400981624}