{"numgrasp": 120, "translation_d": 6.217801976240129e-09, "rotation_d": 3.735453898169144e-05, "width_d": 0.0028760769195251023}