{"numgrasp": 118, "translation_d": 6.154613846647162e-09, "rotation_d": 4.000563758467502e-05, "width_d": 0.0027530462806438544}