{"numgrasp": 129, "translation_d": 5.960383499596155e-09, "rotation_d": 3.9192896570348765e-05, "width_d": 0.0031980787431861012}