{"numgrasp": 147, "translation_d": 7.0099369468247325e-09, "rotation_d": 5.012145964107752e-05, "width_d": 0.0034075157710294567}