{"numgrasp": 239, "translation_d": 6.732687236629767e-09, "rotation_d": 6.376256089891549e-05, "width_d": 0.0020746845882008984}