{"numgrasp": 272, "translation_d": 7.361328586710699e-09, "rotation_d": 3.93490538829744e-05, "width_d": 0.0047598754338234696}