{"numgrasp": 275, "translation_d": 7.30161375561812e-09, "rotation_d": 4.140939164586575e-05, "width_d": 0.005296552644527325}