{"numgrasp": 273, "translation_d": 7.263506810086287e-09, "rotation_d": 5.153141704129817e-05, "width_d": 0.004490530807463787}