{"numgrasp": 269, "translation_d": 7.035621840886608e-09, "rotation_d": 5.0428170102218605e-05, "width_d": 0.0035640094879535004}