{"numgrasp": 271, "translation_d": 7.266468171422003e-09, "rotation_d": 5.049948586757678e-05, "width_d": 0.0029675378677722795}