{"numgrasp": 195, "translation_d": 6.2191068026007355e-09, "rotation_d": 5.842999666440597e-05, "width_d": 0.004423998523859223}