{"numgrasp": 246, "translation_d": 6.89075401862349e-09, "rotation_d": 6.317209351890651e-05, "width_d": 0.0023744475838633973}