{"numgrasp": 272, "translation_d": 6.562162125880902e-09, "rotation_d": 6.149987521350214e-05, "width_d": 0.0037097826065019177}