{"numgrasp": 282, "translation_d": 6.78375418011544e-09, "rotation_d": 5.991553338882001e-05, "width_d": 0.004451796989770497}