{"numgrasp": 281, "translation_d": 6.715303404691816e-09, "rotation_d": 5.9228469521378065e-05, "width_d": 0.004810585551480523}