{"numgrasp": 278, "translation_d": 6.674389626052987e-09, "rotation_d": 5.887950067719799e-05, "width_d": 0.003944759721290855}