{"numgrasp": 275, "translation_d": 7.101126506928305e-09, "rotation_d": 5.9408835182120285e-05, "width_d": 0.003811652942256891}