{"numgrasp": 278, "translation_d": 6.891504300531842e-09, "rotation_d": 6.25727439214923e-05, "width_d": 0.003096864078593127}