{"numgrasp": 256, "translation_d": 6.662508821603646e-09, "rotation_d": 6.467115131975508e-05, "width_d": 0.002276116372450295}