{"numgrasp": 248, "translation_d": 6.35121772392384e-09, "rotation_d": 5.393426579684453e-05, "width_d": 0.002130033192399431}