{"numgrasp": 261, "translation_d": 6.821252270081236e-09, "rotation_d": 5.736351531871806e-05, "width_d": 0.0026068671492972036}