{"numgrasp": 268, "translation_d": 6.5756448043472276e-09, "rotation_d": 5.5585396282343485e-05, "width_d": 0.003023489585652465}