{"numgrasp": 234, "translation_d": 6.775454079121389e-09, "rotation_d": 5.550088482800213e-05, "width_d": 0.002977349984044785}