{"numgrasp": 257, "translation_d": 6.759925462173273e-09, "rotation_d": 5.3058115194006846e-05, "width_d": 0.0032571860005568944}