{"numgrasp": 248, "translation_d": 6.162406528659936e-09, "rotation_d": 5.070626613617676e-05, "width_d": 0.0036324452723319424}