{"numgrasp": 226, "translation_d": 6.0778441728915764e-09, "rotation_d": 4.426675916903991e-05, "width_d": 0.00297349637188577}