{"numgrasp": 236, "translation_d": 6.228195034392736e-09, "rotation_d": 4.466292865444683e-05, "width_d": 0.002982461322946703}