{"numgrasp": 197, "translation_d": 6.181871640428615e-09, "rotation_d": 6.099279809728373e-05, "width_d": 0.005601863547999346}