{"numgrasp": 240, "translation_d": 6.554023717397092e-09, "rotation_d": 4.5727293978708806e-05, "width_d": 0.0028055889844050153}