{"numgrasp": 253, "translation_d": 6.259283448780723e-09, "rotation_d": 4.553669229703636e-05, "width_d": 0.0023465813471976724}