{"numgrasp": 249, "translation_d": 6.273434012732387e-09, "rotation_d": 4.2731415312055676e-05, "width_d": 0.002286404222315685}