{"numgrasp": 241, "translation_d": 5.962457711384392e-09, "rotation_d": 3.5118498924237494e-05, "width_d": 0.0016847770312461107}