{"numgrasp": 193, "translation_d": 6.014094807532307e-09, "rotation_d": 6.043872076181111e-05, "width_d": 0.00545602828411461}