{"numgrasp": 244, "translation_d": 5.977632434536084e-09, "rotation_d": 3.07807906105613e-05, "width_d": 0.0020494758759684087}