{"numgrasp": 226, "translation_d": 6.289963842783866e-09, "rotation_d": 3.186763971681338e-05, "width_d": 0.002064942888685788}