{"numgrasp": 260, "translation_d": 6.113342703685167e-09, "rotation_d": 3.384840791182416e-05, "width_d": 0.0022915488225357457}