{"numgrasp": 230, "translation_d": 6.3091507353111696e-09, "rotation_d": 3.667864182885794e-05, "width_d": 0.002424686796087374}