{"numgrasp": 212, "translation_d": 5.949869667512913e-09, "rotation_d": 4.0500340820929674e-05, "width_d": 0.003081076706563875}