{"numgrasp": 193, "translation_d": 6.086686810530191e-09, "rotation_d": 3.271568252184349e-05, "width_d": 0.002508219202791895}