{"numgrasp": 193, "translation_d": 6.347913411445846e-09, "rotation_d": 3.273136974343052e-05, "width_d": 0.002273020587357236}