{"numgrasp": 212, "translation_d": 6.034853392740064e-09, "rotation_d": 3.405733640188034e-05, "width_d": 0.0025092474211705416}