{"numgrasp": 222, "translation_d": 5.851812738527159e-09, "rotation_d": 3.3141664266913915e-05, "width_d": 0.0021677870907461983}