{"numgrasp": 227, "translation_d": 5.917710284311614e-09, "rotation_d": 3.429546741480241e-05, "width_d": 0.001954231016337895}