{"numgrasp": 223, "translation_d": 6.21972606149313e-09, "rotation_d": 3.455567832416664e-05, "width_d": 0.0023147613088973264}