{"numgrasp": 222, "translation_d": 5.787249793137838e-09, "rotation_d": 4.16206025285661e-05, "width_d": 0.0019608917739254886}