{"numgrasp": 216, "translation_d": 5.132159214214686e-09, "rotation_d": 5.789071225549004e-05, "width_d": 0.002372347095248862}