{"numgrasp": 208, "translation_d": 5.590074725964045e-09, "rotation_d": 5.25445319908635e-05, "width_d": 0.0024992274376217515}