{"numgrasp": 199, "translation_d": 5.556741948071748e-09, "rotation_d": 4.827547045130024e-05, "width_d": 0.0024261755460137564}