{"numgrasp": 199, "translation_d": 5.659502698668039e-09, "rotation_d": 4.1877735779664944e-05, "width_d": 0.0027893795810866305}