{"numgrasp": 200, "translation_d": 6.004463304975418e-09, "rotation_d": 4.104483335602184e-05, "width_d": 0.0028466134060339842}