{"numgrasp": 178, "translation_d": 5.965512619980304e-09, "rotation_d": 3.2869162084566e-05, "width_d": 0.0030814922837697563}