{"numgrasp": 186, "translation_d": 5.889344019029071e-09, "rotation_d": 3.182313924200194e-05, "width_d": 0.00363547205563367}