{"numgrasp": 175, "translation_d": 5.920718785688244e-09, "rotation_d": 3.2351115138460224e-05, "width_d": 0.003880836486776931}