{"numgrasp": 174, "translation_d": 5.84747331917326e-09, "rotation_d": 3.6616083739171924e-05, "width_d": 0.004014829411606472}