{"numgrasp": 199, "translation_d": 5.950577459893548e-09, "rotation_d": 3.809566480964228e-05, "width_d": 0.0038537641382552757}