{"numgrasp": 180, "translation_d": 6.173587636886032e-09, "rotation_d": 4.221907136898508e-05, "width_d": 0.003945206599669354}