{"numgrasp": 184, "translation_d": 5.762136459185521e-09, "rotation_d": 4.489811001845203e-05, "width_d": 0.003915104216396981}