{"numgrasp": 188, "translation_d": 5.634725155342189e-09, "rotation_d": 4.7143669973467335e-05, "width_d": 0.003665585901645395}