{"numgrasp": 207, "translation_d": 5.546573544387059e-09, "rotation_d": 5.424845797091616e-05, "width_d": 0.0034242398900438437}