{"numgrasp": 198, "translation_d": 5.058423781469508e-09, "rotation_d": 6.306298315423274e-05, "width_d": 0.0037351107101601367}