{"numgrasp": 209, "translation_d": 5.0975099779563205e-09, "rotation_d": 6.190121121190429e-05, "width_d": 0.0038347647443986114}