{"numgrasp": 194, "translation_d": 5.3088239115889475e-09, "rotation_d": 5.1875905746008435e-05, "width_d": 0.005268812094496114}