{"numgrasp": 182, "translation_d": 5.344505073071588e-09, "rotation_d": 4.786639408030745e-05, "width_d": 0.00549551243214735}