{"numgrasp": 199, "translation_d": 5.572787242889086e-09, "rotation_d": 6.527200536863155e-05, "width_d": 0.003547268745595413}