{"numgrasp": 188, "translation_d": 5.8339300508203725e-09, "rotation_d": 6.31552901685897e-05, "width_d": 0.0024537179722853245}