{"numgrasp": 221, "translation_d": 5.692622013710695e-09, "rotation_d": 6.523149379609494e-05, "width_d": 0.0035749502797221824}