{"numgrasp": 228, "translation_d": 6.206815571797779e-09, "rotation_d": 6.440003607217095e-05, "width_d": 0.004525687842550805}