{"numgrasp": 207, "translation_d": 6.742626571325575e-09, "rotation_d": 6.269546608882567e-05, "width_d": 0.005894303730903981}