{"numgrasp": 222, "translation_d": 6.473960253445593e-09, "rotation_d": 5.8013006574141854e-05, "width_d": 0.006343371347860594}