{"numgrasp": 231, "translation_d": 6.5207998130279085e-09, "rotation_d": 5.7333551704711885e-05, "width_d": 0.005838916244842303}