{"numgrasp": 235, "translation_d": 6.864743855754259e-09, "rotation_d": 5.669770728527487e-05, "width_d": 0.005325721848711525}