{"numgrasp": 236, "translation_d": 6.6409080928221404e-09, "rotation_d": 5.7105743910405095e-05, "width_d": 0.005121812694725643}