{"numgrasp": 240, "translation_d": 5.460891603264135e-09, "rotation_d": 6.864072085885944e-05, "width_d": 0.002651169541329912}