{"numgrasp": 235, "translation_d": 6.9572109003293396e-09, "rotation_d": 4.966170067450879e-05, "width_d": 0.0030998807839666444}