{"numgrasp": 243, "translation_d": 6.750313140345551e-09, "rotation_d": 4.754884486106685e-05, "width_d": 0.0032930578488674376}