{"numgrasp": 234, "translation_d": 6.505263050717341e-09, "rotation_d": 4.398502392780099e-05, "width_d": 0.00472858090156226}