{"numgrasp": 253, "translation_d": 6.927977292768495e-09, "rotation_d": 4.4154043399380184e-05, "width_d": 0.005901791398792162}