{"numgrasp": 257, "translation_d": 6.385508623225933e-09, "rotation_d": 4.4305954135677175e-05, "width_d": 0.006922758132952093}