{"numgrasp": 176, "translation_d": 5.59478174455335e-09, "rotation_d": 5.75162623017439e-05, "width_d": 0.0030213331229612343}