{"numgrasp": 261, "translation_d": 6.859945058781432e-09, "rotation_d": 3.375215847029829e-05, "width_d": 0.005024773216018868}