{"numgrasp": 248, "translation_d": 7.34905832697951e-09, "rotation_d": 3.252629338191052e-05, "width_d": 0.003658829853375853}