{"numgrasp": 232, "translation_d": 6.946069408191826e-09, "rotation_d": 3.464256515594709e-05, "width_d": 0.0032665339748506684}