{"numgrasp": 266, "translation_d": 6.933317286346156e-09, "rotation_d": 3.1906847182169797e-05, "width_d": 0.0029808559047531584}