{"numgrasp": 258, "translation_d": 7.128351359221495e-09, "rotation_d": 3.364024545064435e-05, "width_d": 0.0036227526513014498}