{"numgrasp": 265, "translation_d": 7.068402533122114e-09, "rotation_d": 3.88400773470339e-05, "width_d": 0.004728848816539272}