{"numgrasp": 215, "translation_d": 5.880417899365009e-09, "rotation_d": 5.927015021564149e-05, "width_d": 0.0037839694873206624}