{"numgrasp": 86, "translation_d": 5.892295317378662e-09, "rotation_d": 5.149356416792097e-05, "width_d": 0.004097780793770989}