{"numgrasp": 85, "translation_d": 5.392772117858926e-09, "rotation_d": 4.485040004877921e-05, "width_d": 0.004905426095560137}