{"numgrasp": 89, "translation_d": 5.643763005077737e-09, "rotation_d": 4.544823146046146e-05, "width_d": 0.0046202341311292455}