{"numgrasp": 98, "translation_d": 5.906894403533552e-09, "rotation_d": 4.769907119838914e-05, "width_d": 0.0038546574400801603}