{"numgrasp": 89, "translation_d": 5.908805301559769e-09, "rotation_d": 4.560929815503358e-05, "width_d": 0.0033698376762689346}