{"numgrasp": 102, "translation_d": 6.177888268407274e-09, "rotation_d": 4.713662752725013e-05, "width_d": 0.0032846767816797824}