{"numgrasp": 96, "translation_d": 6.0233335363240914e-09, "rotation_d": 4.8219810067482616e-05, "width_d": 0.0031559848952802416}