{"numgrasp": 110, "translation_d": 5.884576245856836e-09, "rotation_d": 4.6576702872157445e-05, "width_d": 0.0026956646978515105}