{"numgrasp": 111, "translation_d": 6.0363861638837916e-09, "rotation_d": 4.6164377176187846e-05, "width_d": 0.003008988754478073}