{"numgrasp": 93, "translation_d": 6.5666704908323475e-09, "rotation_d": 4.8075074340726605e-05, "width_d": 0.0027810484799593977}