{"numgrasp": 92, "translation_d": 5.951826364141173e-09, "rotation_d": 4.387473934806164e-05, "width_d": 0.003307952977164403}