{"numgrasp": 94, "translation_d": 5.287323386003289e-09, "rotation_d": 4.3688355598362265e-05, "width_d": 0.004029571774863192}