{"numgrasp": 83, "translation_d": 5.18516417086078e-09, "rotation_d": 4.7692165042095045e-05, "width_d": 0.004244736486185984}