{"numgrasp": 100, "translation_d": 5.9389916032978674e-09, "rotation_d": 4.682502486070099e-05, "width_d": 0.0030891157886872318}