{"numgrasp": 109, "translation_d": 6.0365543031143325e-09, "rotation_d": 4.8513991569519514e-05, "width_d": 0.0038401700569643395}