{"numgrasp": 81, "translation_d": 6.274212353519939e-09, "rotation_d": 4.888021962037326e-05, "width_d": 0.003199387106327975}