{"numgrasp": 106, "translation_d": 6.153742735625914e-09, "rotation_d": 5.326473426946895e-05, "width_d": 0.0028985231496872683}