{"numgrasp": 112, "translation_d": 5.483597927094479e-09, "rotation_d": 5.323638550465433e-05, "width_d": 0.002839930321424882}