{"numgrasp": 91, "translation_d": 5.094796487697023e-09, "rotation_d": 5.3634425043637556e-05, "width_d": 0.0032882946652398287}