{"numgrasp": 89, "translation_d": 4.91806026964216e-09, "rotation_d": 5.4041898743579246e-05, "width_d": 0.00343012201026175}