{"numgrasp": 98, "translation_d": 4.490112269627092e-09, "rotation_d": 5.6621046071128695e-05, "width_d": 0.003061689821591111}