{"numgrasp": 103, "translation_d": 5.482242590717671e-09, "rotation_d": 5.3844979701115455e-05, "width_d": 0.0028352309818866976}