{"numgrasp": 103, "translation_d": 4.896663285714983e-09, "rotation_d": 5.4263104902888194e-05, "width_d": 0.0028261429861418655}