{"numgrasp": 108, "translation_d": 4.979334211809107e-09, "rotation_d": 5.3746062590786764e-05, "width_d": 0.0033314891149412705}