{"numgrasp": 106, "translation_d": 5.461112211623506e-09, "rotation_d": 5.367526042124312e-05, "width_d": 0.002743594349194171}