{"numgrasp": 102, "translation_d": 5.578605662304109e-09, "rotation_d": 5.387440945616633e-05, "width_d": 0.003189375378990257}