{"numgrasp": 82, "translation_d": 6.6413028095257725e-09, "rotation_d": 5.0713661228011276e-05, "width_d": 0.0031928123879556404}