{"numgrasp": 90, "translation_d": 4.623061977818452e-09, "rotation_d": 5.363296941916445e-05, "width_d": 0.0030521789510503197}