{"numgrasp": 82, "translation_d": 4.3810476515247205e-09, "rotation_d": 5.5257097933146066e-05, "width_d": 0.002445291914207842}