{"numgrasp": 86, "translation_d": 4.850782125862641e-09, "rotation_d": 5.4644715699529745e-05, "width_d": 0.002281136757704456}