{"numgrasp": 85, "translation_d": 4.254975730347804e-09, "rotation_d": 5.523178488073558e-05, "width_d": 0.002428204413011675}