{"numgrasp": 83, "translation_d": 4.707091651683053e-09, "rotation_d": 5.039008477908011e-05, "width_d": 0.0026539991027687516}