{"numgrasp": 78, "translation_d": 4.32175935793962e-09, "rotation_d": 5.268870357949576e-05, "width_d": 0.002671730411467203}