{"numgrasp": 72, "translation_d": 4.504241798882476e-09, "rotation_d": 5.2426583513071204e-05, "width_d": 0.0023117953239948415}