{"numgrasp": 67, "translation_d": 4.517040785191645e-09, "rotation_d": 5.03990630877768e-05, "width_d": 0.0029774451395502633}