{"numgrasp": 103, "translation_d": 6.404320592325492e-09, "rotation_d": 5.2808034104850684e-05, "width_d": 0.0033272833244647345}