{"numgrasp": 76, "translation_d": 4.71960375106542e-09, "rotation_d": 5.0176066724670435e-05, "width_d": 0.003000096754099157}