{"numgrasp": 79, "translation_d": 4.512886045834383e-09, "rotation_d": 4.8868508917978465e-05, "width_d": 0.0028317529853180154}