{"numgrasp": 74, "translation_d": 4.323338108923584e-09, "rotation_d": 4.6640327226754517e-05, "width_d": 0.002898309087236833}