{"numgrasp": 74, "translation_d": 4.584303816169639e-09, "rotation_d": 4.6465366157025025e-05, "width_d": 0.002571162411042309}