{"numgrasp": 75, "translation_d": 4.228966158025943e-09, "rotation_d": 4.535365093531243e-05, "width_d": 0.0027444968460270535}