{"numgrasp": 73, "translation_d": 4.3907182512582374e-09, "rotation_d": 4.8040109286272713e-05, "width_d": 0.0032113777011387786}