{"numgrasp": 102, "translation_d": 6.327949331740619e-09, "rotation_d": 5.384452354431138e-05, "width_d": 0.002672856864500123}