{"numgrasp": 107, "translation_d": 6.5234711840842075e-09, "rotation_d": 4.7446444394527985e-05, "width_d": 0.002849507727980243}