{"numgrasp": 100, "translation_d": 6.488962007791886e-09, "rotation_d": 4.76931378004225e-05, "width_d": 0.0026480281069733436}