{"numgrasp": 96, "translation_d": 6.388621145978943e-09, "rotation_d": 5.251502099224692e-05, "width_d": 0.0027647922433425157}