{"numgrasp": 97, "translation_d": 6.472962880481167e-09, "rotation_d": 5.406667701449254e-05, "width_d": 0.003052031371836505}