{"numgrasp": 97, "translation_d": 6.3902255104807866e-09, "rotation_d": 5.543163054630617e-05, "width_d": 0.0032403271514672826}