{"numgrasp": 80, "translation_d": 6.23046629311019e-09, "rotation_d": 5.1454941043397455e-05, "width_d": 0.0033987591606284666}