{"numgrasp": 93, "translation_d": 5.3972010583224054e-09, "rotation_d": 5.154969234933345e-05, "width_d": 0.004057680527227067}