{"numgrasp": 87, "translation_d": 6.4316667689326775e-09, "rotation_d": 5.0779428636040395e-05, "width_d": 0.003705371006419473}