{"numgrasp": 102, "translation_d": 6.107935734062616e-09, "rotation_d": 5.4075263290600395e-05, "width_d": 0.003504729151802597}