{"numgrasp": 94, "translation_d": 6.230831990934601e-09, "rotation_d": 5.454584407467893e-05, "width_d": 0.0031006852734448524}