{"numgrasp": 100, "translation_d": 6.072340575710742e-09, "rotation_d": 5.3886923119956064e-05, "width_d": 0.0030499773458291094}