{"numgrasp": 97, "translation_d": 6.24454901568952e-09, "rotation_d": 5.2261416612578e-05, "width_d": 0.0027496676190125213}