{"numgrasp": 101, "translation_d": 6.550339614678298e-09, "rotation_d": 4.636695010668407e-05, "width_d": 0.0025866821779540134}