{"numgrasp": 104, "translation_d": 6.488501341739655e-09, "rotation_d": 5.3138117748954906e-05, "width_d": 0.002989980554778193}