{"numgrasp": 92, "translation_d": 5.7835880707909e-09, "rotation_d": 5.565664206809188e-05, "width_d": 0.002565508491241091}