{"numgrasp": 93, "translation_d": 6.185930042011191e-09, "rotation_d": 5.518222813348211e-05, "width_d": 0.0035832750254658732}