{"numgrasp": 91, "translation_d": 6.3262944990998855e-09, "rotation_d": 5.029278005357239e-05, "width_d": 0.0027120808204816795}