{"numgrasp": 80, "translation_d": 6.427822987479489e-09, "rotation_d": 5.489694432772291e-05, "width_d": 0.004127279170776278}