{"numgrasp": 81, "translation_d": 6.210599851302175e-09, "rotation_d": 5.4984352127838505e-05, "width_d": 0.004242640556346102}