{"numgrasp": 94, "translation_d": 6.78028330492033e-09, "rotation_d": 5.024711318182561e-05, "width_d": 0.0030864032560612114}