{"numgrasp": 90, "translation_d": 5.827181672994673e-09, "rotation_d": 5.4297837513894735e-05, "width_d": 0.003861593937860955}