{"numgrasp": 101, "translation_d": 6.012706675558012e-09, "rotation_d": 5.24471324010836e-05, "width_d": 0.0036646808793229495}