{"numgrasp": 90, "translation_d": 6.35729393000944e-09, "rotation_d": 5.09515394104556e-05, "width_d": 0.003436200221651375}