{"numgrasp": 93, "translation_d": 5.940765433785612e-09, "rotation_d": 5.015248378539036e-05, "width_d": 0.0028470002656350068}