{"numgrasp": 87, "translation_d": 6.425735669963524e-09, "rotation_d": 4.837100391297341e-05, "width_d": 0.0029587203485038753}