{"numgrasp": 96, "translation_d": 6.194493857817542e-09, "rotation_d": 5.04969312847946e-05, "width_d": 0.0031554901078538777}