{"numgrasp": 87, "translation_d": 6.528195515009124e-09, "rotation_d": 5.0281050608927614e-05, "width_d": 0.0033513615792404045}