{"numgrasp": 90, "translation_d": 6.260629087592572e-09, "rotation_d": 5.183754205757938e-05, "width_d": 0.00375767126821506}