{"numgrasp": 93, "translation_d": 5.894600151641015e-09, "rotation_d": 5.2467205107657676e-05, "width_d": 0.003666790146250607}