{"numgrasp": 423, "translation_d": 5.6172508959395644e-09, "rotation_d": 4.915070022900272e-05, "width_d": 0.005179213324292161}