{"numgrasp": 392, "translation_d": 5.763509205336613e-09, "rotation_d": 5.1679362355006966e-05, "width_d": 0.005328068340938485}