{"numgrasp": 365, "translation_d": 4.855008348303116e-09, "rotation_d": 5.0429473210637736e-05, "width_d": 0.005288258146723316}