{"numgrasp": 388, "translation_d": 5.048660543747394e-09, "rotation_d": 5.011215922157067e-05, "width_d": 0.004456338910272013}