{"numgrasp": 406, "translation_d": 5.488538891542664e-09, "rotation_d": 5.0925605488436066e-05, "width_d": 0.004523346300553194}