{"numgrasp": 424, "translation_d": 5.148302855645886e-09, "rotation_d": 4.939990963229461e-05, "width_d": 0.004696768062810224}