{"numgrasp": 421, "translation_d": 5.065725190997283e-09, "rotation_d": 4.991002817995902e-05, "width_d": 0.004579502089423911}