{"numgrasp": 390, "translation_d": 5.283563933050764e-09, "rotation_d": 4.866310519412301e-05, "width_d": 0.0040250460983663125}