{"numgrasp": 412, "translation_d": 6.4978892978378284e-09, "rotation_d": 5.248110780082008e-05, "width_d": 0.005341412245982886}