{"numgrasp": 380, "translation_d": 5.378877690543806e-09, "rotation_d": 4.9846088930596696e-05, "width_d": 0.004069849459971553}