{"numgrasp": 408, "translation_d": 5.139461398520161e-09, "rotation_d": 5.2770935250287356e-05, "width_d": 0.0037492287752212794}