{"numgrasp": 432, "translation_d": 6.2112090459501905e-09, "rotation_d": 5.421751842679215e-05, "width_d": 0.005683573881902068}