{"numgrasp": 377, "translation_d": 4.995110281548473e-09, "rotation_d": 5.211531131021171e-05, "width_d": 0.004661599885255057}