{"numgrasp": 351, "translation_d": 4.653706761508251e-09, "rotation_d": 5.2720258320117945e-05, "width_d": 0.006327095551612887}