{"numgrasp": 368, "translation_d": 4.598778973904812e-09, "rotation_d": 5.28392284442772e-05, "width_d": 0.005033722281777552}