{"numgrasp": 391, "translation_d": 4.954406889362838e-09, "rotation_d": 5.696547557595937e-05, "width_d": 0.004579886101802305}