{"numgrasp": 406, "translation_d": 4.835363506302174e-09, "rotation_d": 5.2778077214736404e-05, "width_d": 0.0042685624493488715}