{"numgrasp": 388, "translation_d": 4.961309437889158e-09, "rotation_d": 5.313797100556905e-05, "width_d": 0.0033291624391252224}