{"numgrasp": 415, "translation_d": 4.8744550742136145e-09, "rotation_d": 5.052265228199038e-05, "width_d": 0.004325047096123197}