{"numgrasp": 397, "translation_d": 4.757316330396907e-09, "rotation_d": 5.0678051250669085e-05, "width_d": 0.004321305674007101}