{"numgrasp": 425, "translation_d": 6.425869245877679e-09, "rotation_d": 5.3428229361990925e-05, "width_d": 0.006083961090322024}