{"numgrasp": 385, "translation_d": 5.078032564474648e-09, "rotation_d": 5.069060273386319e-05, "width_d": 0.0046340525148686335}