{"numgrasp": 358, "translation_d": 4.8798213429591534e-09, "rotation_d": 5.17728777680294e-05, "width_d": 0.005260579651029612}