{"numgrasp": 373, "translation_d": 4.902160742520315e-09, "rotation_d": 5.171468532040628e-05, "width_d": 0.0053961535193479656}