{"numgrasp": 354, "translation_d": 4.791826274453124e-09, "rotation_d": 4.958617095034733e-05, "width_d": 0.005574585272724782}