{"numgrasp": 368, "translation_d": 4.503678992518829e-09, "rotation_d": 4.6674348454999685e-05, "width_d": 0.00584548368986764}