{"numgrasp": 418, "translation_d": 4.58618296119119e-09, "rotation_d": 4.7882857048785965e-05, "width_d": 0.005353558301519594}