{"numgrasp": 437, "translation_d": 4.678002263652444e-09, "rotation_d": 4.737790409018039e-05, "width_d": 0.005458094289846291}