{"numgrasp": 431, "translation_d": 5.860089285044148e-09, "rotation_d": 5.121763866389191e-05, "width_d": 0.00574330080544316}