{"numgrasp": 442, "translation_d": 4.89220559364084e-09, "rotation_d": 4.7414822963713266e-05, "width_d": 0.0045982087161659645}