{"numgrasp": 453, "translation_d": 4.7898403183517585e-09, "rotation_d": 4.748394479570247e-05, "width_d": 0.004518406552053496}