{"numgrasp": 416, "translation_d": 4.8615155041580155e-09, "rotation_d": 4.7896701055074395e-05, "width_d": 0.003771344980448929}