{"numgrasp": 428, "translation_d": 4.910961651966915e-09, "rotation_d": 4.921747132894652e-05, "width_d": 0.0036615999576572206}