{"numgrasp": 428, "translation_d": 4.694379800875955e-09, "rotation_d": 4.840115451156017e-05, "width_d": 0.0037218071339951454}