{"numgrasp": 456, "translation_d": 4.612256256973924e-09, "rotation_d": 4.7236350893337423e-05, "width_d": 0.0042112428745611314}