{"numgrasp": 449, "translation_d": 4.768381955708045e-09, "rotation_d": 4.7101256041348214e-05, "width_d": 0.004297819580782656}