{"numgrasp": 444, "translation_d": 4.992899918495505e-09, "rotation_d": 4.647663727938565e-05, "width_d": 0.00443683638248373}