{"numgrasp": 452, "translation_d": 6.064208575977869e-09, "rotation_d": 5.178320047225769e-05, "width_d": 0.005680658435353097}