{"numgrasp": 419, "translation_d": 4.6428211273947626e-09, "rotation_d": 4.7615798615373414e-05, "width_d": 0.00493742106850602}