{"numgrasp": 424, "translation_d": 4.708306516643957e-09, "rotation_d": 4.702997887056127e-05, "width_d": 0.005155114554295488}