{"numgrasp": 385, "translation_d": 4.899930636521986e-09, "rotation_d": 4.859055968873157e-05, "width_d": 0.005155558998113852}