{"numgrasp": 400, "translation_d": 4.7933048614087015e-09, "rotation_d": 4.8244376013917296e-05, "width_d": 0.004761980650356626}