{"numgrasp": 415, "translation_d": 4.918755509097891e-09, "rotation_d": 4.972401828208366e-05, "width_d": 0.004625076766859863}