{"numgrasp": 434, "translation_d": 4.931865475314667e-09, "rotation_d": 4.977935411984605e-05, "width_d": 0.004623690944920445}