{"numgrasp": 453, "translation_d": 4.713859823065456e-09, "rotation_d": 4.897167223208651e-05, "width_d": 0.004398651792775289}