{"numgrasp": 450, "translation_d": 5.002180171836761e-09, "rotation_d": 5.0116224287303756e-05, "width_d": 0.004128702638681492}