{"numgrasp": 444, "translation_d": 4.7713020605179875e-09, "rotation_d": 5.175070088065115e-05, "width_d": 0.004084664664483112}