{"numgrasp": 456, "translation_d": 4.822282455856953e-09, "rotation_d": 5.193417174083385e-05, "width_d": 0.004329721912980068}