{"numgrasp": 449, "translation_d": 4.7166815819207886e-09, "rotation_d": 5.187456736341463e-05, "width_d": 0.004490175625246696}