{"numgrasp": 461, "translation_d": 4.522814648062344e-09, "rotation_d": 5.2350839346328096e-05, "width_d": 0.004517523322083094}