{"numgrasp": 408, "translation_d": 4.616844520865014e-09, "rotation_d": 5.2824597924927135e-05, "width_d": 0.004535209339547976}