{"numgrasp": 452, "translation_d": 6.447471508551749e-09, "rotation_d": 5.280308917256021e-05, "width_d": 0.004972854760473783}