{"numgrasp": 481, "translation_d": 4.747815107000777e-09, "rotation_d": 5.390832165240325e-05, "width_d": 0.004590848158303522}