{"numgrasp": 451, "translation_d": 4.743015216215657e-09, "rotation_d": 5.435797097515763e-05, "width_d": 0.004145359419794903}