{"numgrasp": 442, "translation_d": 4.756062869022628e-09, "rotation_d": 5.334962953694954e-05, "width_d": 0.004187867276062947}