{"numgrasp": 410, "translation_d": 4.876947694318818e-09, "rotation_d": 5.3607247361216176e-05, "width_d": 0.004021445812139158}