{"numgrasp": 429, "translation_d": 4.593083987699234e-09, "rotation_d": 5.31068982604398e-05, "width_d": 0.004065580919764874}