{"numgrasp": 436, "translation_d": 4.858564325046202e-09, "rotation_d": 5.402750561703988e-05, "width_d": 0.004064594442051699}