{"numgrasp": 419, "translation_d": 4.848449962672935e-09, "rotation_d": 5.4173317834811886e-05, "width_d": 0.0041230658006172535}