{"numgrasp": 436, "translation_d": 5.046647019357112e-09, "rotation_d": 5.363718039413923e-05, "width_d": 0.004529649093258418}