{"numgrasp": 456, "translation_d": 4.47484937003299e-09, "rotation_d": 5.200335710142417e-05, "width_d": 0.004762418075476013}