{"numgrasp": 469, "translation_d": 4.572657635104963e-09, "rotation_d": 5.318299480464664e-05, "width_d": 0.004789505718442257}