{"numgrasp": 464, "translation_d": 4.443677054229476e-09, "rotation_d": 5.370525255427047e-05, "width_d": 0.004972614433242087}