{"numgrasp": 433, "translation_d": 4.330375174036142e-09, "rotation_d": 5.381926673228233e-05, "width_d": 0.004961212434617116}