{"numgrasp": 462, "translation_d": 6.437943463799929e-09, "rotation_d": 5.3283297589378925e-05, "width_d": 0.004540727045111904}