{"numgrasp": 467, "translation_d": 6.393728785903301e-09, "rotation_d": 5.150992635664348e-05, "width_d": 0.0043245971303504625}