{"numgrasp": 422, "translation_d": 6.452837931829269e-09, "rotation_d": 4.961880510997269e-05, "width_d": 0.0038327735472142885}