{"numgrasp": 462, "translation_d": 6.217852618895504e-09, "rotation_d": 5.2300078694759196e-05, "width_d": 0.004623937995980782}