{"numgrasp": 464, "translation_d": 6.62387798929905e-09, "rotation_d": 8.508354035553793e-05, "width_d": 0.004401571336628899}