{"numgrasp": 463, "translation_d": 6.021754225929436e-09, "rotation_d": 5.1413148536761806e-05, "width_d": 0.004837517514480424}