{"numgrasp": 450, "translation_d": 6.048844866391625e-09, "rotation_d": 5.01573375605082e-05, "width_d": 0.005615372475277674}