{"numgrasp": 404, "translation_d": 5.910234066940079e-09, "rotation_d": 5.0497942062585324e-05, "width_d": 0.00560768844962908}