{"numgrasp": 423, "translation_d": 6.198440006690576e-09, "rotation_d": 5.078930102625123e-05, "width_d": 0.0053165662751733485}