{"numgrasp": 441, "translation_d": 6.2485376015197004e-09, "rotation_d": 5.753104995673823e-05, "width_d": 0.004754203200763996}