{"numgrasp": 448, "translation_d": 6.068992976296734e-09, "rotation_d": 5.185861519738351e-05, "width_d": 0.004532547140709876}