{"numgrasp": 430, "translation_d": 6.219104281853887e-09, "rotation_d": 5.457007353820897e-05, "width_d": 0.003941475894000237}