{"numgrasp": 453, "translation_d": 6.425550995793048e-09, "rotation_d": 5.16029228998699e-05, "width_d": 0.004382303118080057}