{"numgrasp": 448, "translation_d": 6.021531616764826e-09, "rotation_d": 5.350729690274377e-05, "width_d": 0.0038835786919252328}