{"numgrasp": 429, "translation_d": 6.013942168055095e-09, "rotation_d": 5.397988648568363e-05, "width_d": 0.003929080213917401}