{"numgrasp": 432, "translation_d": 6.215162840817855e-09, "rotation_d": 5.493404094069791e-05, "width_d": 0.004132228389072868}