{"numgrasp": 434, "translation_d": 6.322541181556634e-09, "rotation_d": 5.224927188616471e-05, "width_d": 0.0041697066081149686}