{"numgrasp": 419, "translation_d": 6.19460231771537e-09, "rotation_d": 5.11346051803157e-05, "width_d": 0.004644029923643738}