{"numgrasp": 426, "translation_d": 6.381974553789491e-09, "rotation_d": 5.260001299252861e-05, "width_d": 0.004525878540650257}