{"numgrasp": 387, "translation_d": 6.0508707040440505e-09, "rotation_d": 4.9856026504738506e-05, "width_d": 0.00521299911415328}