{"numgrasp": 376, "translation_d": 6.02491204891388e-09, "rotation_d": 5.058884494363678e-05, "width_d": 0.004979491883044188}