{"numgrasp": 419, "translation_d": 5.93275585518711e-09, "rotation_d": 5.028362627974478e-05, "width_d": 0.005011217785603332}