{"numgrasp": 423, "translation_d": 6.4018295707919145e-09, "rotation_d": 5.0629906857643266e-05, "width_d": 0.005091151546509875}