{"numgrasp": 434, "translation_d": 6.083409946452976e-09, "rotation_d": 4.95866073939816e-05, "width_d": 0.004516402692719304}