{"numgrasp": 422, "translation_d": 5.868859924401687e-09, "rotation_d": 4.943882665662796e-05, "width_d": 0.004243057384779424}