{"numgrasp": 396, "translation_d": 5.4052279212490376e-09, "rotation_d": 4.696701852706267e-05, "width_d": 0.004712915605878402}