{"numgrasp": 418, "translation_d": 5.808743353515823e-09, "rotation_d": 4.631439936552477e-05, "width_d": 0.004495333657599766}