{"numgrasp": 420, "translation_d": 5.816997998602063e-09, "rotation_d": 4.8087222601118726e-05, "width_d": 0.004428893952350236}