{"numgrasp": 417, "translation_d": 5.757164601897223e-09, "rotation_d": 4.821874875036218e-05, "width_d": 0.004394168491472201}