{"numgrasp": 438, "translation_d": 6.191534777630133e-09, "rotation_d": 5.3328904770515604e-05, "width_d": 0.0051429079941335935}