{"numgrasp": 491, "translation_d": 5.706868911901752e-09, "rotation_d": 4.460468000321464e-05, "width_d": 0.003697146060513843}