{"numgrasp": 486, "translation_d": 5.43957804185477e-09, "rotation_d": 4.39355843679801e-05, "width_d": 0.003895193404573476}