{"numgrasp": 456, "translation_d": 5.65229373492547e-09, "rotation_d": 4.4580137381219766e-05, "width_d": 0.003577975221109506}