{"numgrasp": 481, "translation_d": 5.460181629217117e-09, "rotation_d": 4.627217081200445e-05, "width_d": 0.0032214047295216807}