{"numgrasp": 455, "translation_d": 5.5322184954203796e-09, "rotation_d": 4.727676599290277e-05, "width_d": 0.00248140832664876}