{"numgrasp": 452, "translation_d": 5.435624759518791e-09, "rotation_d": 4.7113907742867826e-05, "width_d": 0.002622737396888656}