{"numgrasp": 509, "translation_d": 5.443046565066055e-09, "rotation_d": 5.134828296802511e-05, "width_d": 0.002764117491985283}