{"numgrasp": 509, "translation_d": 5.53012700912156e-09, "rotation_d": 5.153273084506554e-05, "width_d": 0.0031988375495697694}