{"numgrasp": 479, "translation_d": 5.5322205403161655e-09, "rotation_d": 5.071553851587095e-05, "width_d": 0.0032128078933749507}