{"numgrasp": 440, "translation_d": 5.520418715701099e-09, "rotation_d": 5.0904465825742914e-05, "width_d": 0.003485804805123862}