{"numgrasp": 468, "translation_d": 5.3716940845158475e-09, "rotation_d": 5.08193561014312e-05, "width_d": 0.0037180831923790836}