{"numgrasp": 444, "translation_d": 5.431559787898628e-09, "rotation_d": 5.131718683744127e-05, "width_d": 0.004045170720157625}