{"numgrasp": 467, "translation_d": 5.296083632566875e-09, "rotation_d": 5.5276735296841566e-05, "width_d": 0.0038834465338312735}