{"numgrasp": 440, "translation_d": 5.273117087493378e-09, "rotation_d": 5.6034709886632366e-05, "width_d": 0.00424759556427132}