{"numgrasp": 459, "translation_d": 5.171998102094813e-09, "rotation_d": 5.6082162175727155e-05, "width_d": 0.004128624268682115}