{"numgrasp": 476, "translation_d": 5.141270765507611e-09, "rotation_d": 5.523743412249815e-05, "width_d": 0.00237109445018238}