{"numgrasp": 495, "translation_d": 5.10680035734923e-09, "rotation_d": 5.612996139547958e-05, "width_d": 0.0023411882985134155}