{"numgrasp": 460, "translation_d": 5.02768736094954e-09, "rotation_d": 5.594451362659759e-05, "width_d": 0.0020740374338555773}