{"numgrasp": 460, "translation_d": 4.978964635129797e-09, "rotation_d": 5.408105817656966e-05, "width_d": 0.0026360551171859697}