{"numgrasp": 499, "translation_d": 4.861195663282637e-09, "rotation_d": 5.650210472154048e-05, "width_d": 0.0036453716072535444}