{"numgrasp": 480, "translation_d": 5.118802765212874e-09, "rotation_d": 5.592594905526943e-05, "width_d": 0.004572945074314345}