{"numgrasp": 463, "translation_d": 4.894293952988356e-09, "rotation_d": 5.318002448919034e-05, "width_d": 0.005150769217553296}