{"numgrasp": 462, "translation_d": 5.006049952711047e-09, "rotation_d": 5.298263702590788e-05, "width_d": 0.003201226999130215}