{"numgrasp": 427, "translation_d": 4.925557021742576e-09, "rotation_d": 5.1049354284956656e-05, "width_d": 0.002205463858925282}