{"numgrasp": 416, "translation_d": 4.894993737160134e-09, "rotation_d": 4.615989707409327e-05, "width_d": 0.002395308007878062}