{"numgrasp": 447, "translation_d": 4.915107376501774e-09, "rotation_d": 4.8881386401927567e-05, "width_d": 0.003966681964650139}