{"numgrasp": 471, "translation_d": 4.963272773678589e-09, "rotation_d": 5.015077956144322e-05, "width_d": 0.0049137646495757935}