{"numgrasp": 434, "translation_d": 4.835564974168893e-09, "rotation_d": 5.102858801617858e-05, "width_d": 0.005228754345823472}