{"numgrasp": 464, "translation_d": 4.764848204586114e-09, "rotation_d": 4.9973776761661886e-05, "width_d": 0.005812315358993873}