{"numgrasp": 393, "translation_d": 5.906313376988792e-09, "rotation_d": 5.1026323933230726e-05, "width_d": 0.002915380369756807}