{"numgrasp": 456, "translation_d": 4.657594270088819e-09, "rotation_d": 4.7516635279254986e-05, "width_d": 0.004286546925610147}