{"numgrasp": 454, "translation_d": 4.950033676101329e-09, "rotation_d": 4.664353202246507e-05, "width_d": 0.003356233955366798}