{"numgrasp": 445, "translation_d": 4.7227462561258826e-09, "rotation_d": 4.7395491562023836e-05, "width_d": 0.0032584982018899968}