{"numgrasp": 456, "translation_d": 4.88635720806522e-09, "rotation_d": 4.644228425228961e-05, "width_d": 0.003958702294787878}