{"numgrasp": 444, "translation_d": 5.019587303736449e-09, "rotation_d": 4.58929309778658e-05, "width_d": 0.004679481730371427}