{"numgrasp": 439, "translation_d": 4.873483443535827e-09, "rotation_d": 4.541850144932518e-05, "width_d": 0.004893495799170413}