{"numgrasp": 411, "translation_d": 4.713790200712063e-09, "rotation_d": 4.7535386201659856e-05, "width_d": 0.005784734927429102}