{"numgrasp": 444, "translation_d": 4.6725415561748406e-09, "rotation_d": 4.937497733860886e-05, "width_d": 0.006656026474561501}