{"numgrasp": 456, "translation_d": 4.575794525070242e-09, "rotation_d": 4.7647556157279884e-05, "width_d": 0.006841624086334977}