{"numgrasp": 397, "translation_d": 4.976307484298849e-09, "rotation_d": 4.867410749880564e-05, "width_d": 0.0044021961199406075}