{"numgrasp": 386, "translation_d": 4.9121281641488176e-09, "rotation_d": 5.307021246537124e-05, "width_d": 0.002782893573201622}