{"numgrasp": 391, "translation_d": 4.903442539309017e-09, "rotation_d": 5.403606914593442e-05, "width_d": 0.002918777006203317}