{"numgrasp": 386, "translation_d": 4.7912782754976065e-09, "rotation_d": 5.628263240776108e-05, "width_d": 0.0027670266626469166}