{"numgrasp": 396, "translation_d": 4.781038527331906e-09, "rotation_d": 5.6679846876090946e-05, "width_d": 0.0027844670012517926}