{"numgrasp": 406, "translation_d": 4.917290526368878e-09, "rotation_d": 5.482961900941961e-05, "width_d": 0.0030859767820982657}