{"numgrasp": 426, "translation_d": 4.736476722129314e-09, "rotation_d": 5.262972188303634e-05, "width_d": 0.0037192175357960433}