{"numgrasp": 403, "translation_d": 4.659394447556589e-09, "rotation_d": 5.148880730231646e-05, "width_d": 0.0038640398191031825}