{"numgrasp": 451, "translation_d": 5.830656195212475e-09, "rotation_d": 5.430908674529111e-05, "width_d": 0.0031976735024337997}