{"numgrasp": 378, "translation_d": 4.804001054325061e-09, "rotation_d": 4.931814054458837e-05, "width_d": 0.004462769608146334}