{"numgrasp": 422, "translation_d": 4.789026344945957e-09, "rotation_d": 4.846573454792398e-05, "width_d": 0.006358507864638865}