{"numgrasp": 461, "translation_d": 6.151590842913312e-09, "rotation_d": 5.4226692033780255e-05, "width_d": 0.0032600457726186917}