{"numgrasp": 451, "translation_d": 5.93084235905409e-09, "rotation_d": 5.463675964780196e-05, "width_d": 0.0030686367327799795}