{"numgrasp": 382, "translation_d": 5.895182142288471e-09, "rotation_d": 5.5947455663207014e-05, "width_d": 0.0026633121826495996}