{"numgrasp": 438, "translation_d": 5.705457891469e-09, "rotation_d": 5.571353107043777e-05, "width_d": 0.0031981165995031}