{"numgrasp": 434, "translation_d": 5.706088714870606e-09, "rotation_d": 5.57544945444773e-05, "width_d": 0.0034214613411526983}