{"numgrasp": 478, "translation_d": 5.88614688077804e-09, "rotation_d": 5.5852092288050384e-05, "width_d": 0.0035883290224594092}