{"numgrasp": 476, "translation_d": 6.0811743337251116e-09, "rotation_d": 5.591413281351666e-05, "width_d": 0.0036076822912684612}