{"numgrasp": 438, "translation_d": 5.9426253655667305e-09, "rotation_d": 5.192488753822776e-05, "width_d": 0.0031957364354192543}