{"numgrasp": 382, "translation_d": 5.788464315102442e-09, "rotation_d": 5.0559621649013606e-05, "width_d": 0.003690419002798567}