{"numgrasp": 463, "translation_d": 6.0733352404814476e-09, "rotation_d": 5.1877051161457786e-05, "width_d": 0.003793424925900386}