{"numgrasp": 438, "translation_d": 5.620596465475021e-09, "rotation_d": 5.478431422861448e-05, "width_d": 0.003175521482034532}