{"numgrasp": 402, "translation_d": 5.59330824828207e-09, "rotation_d": 5.436174588384875e-05, "width_d": 0.0025844375028739827}