{"numgrasp": 380, "translation_d": 5.735643040041107e-09, "rotation_d": 5.270500841662456e-05, "width_d": 0.0022890707537369746}