{"numgrasp": 436, "translation_d": 6.083670596816212e-09, "rotation_d": 5.210611496940133e-05, "width_d": 0.0033110085492596537}