{"numgrasp": 462, "translation_d": 6.057953018161148e-09, "rotation_d": 5.261503302503672e-05, "width_d": 0.003245420867021635}