{"numgrasp": 475, "translation_d": 5.9410392571879945e-09, "rotation_d": 4.6672505764748085e-05, "width_d": 0.003569352185177683}