{"numgrasp": 467, "translation_d": 5.7746540639317905e-09, "rotation_d": 5.256156221817433e-05, "width_d": 0.0034559904203801542}