{"numgrasp": 481, "translation_d": 5.892255698098208e-09, "rotation_d": 4.711777341145676e-05, "width_d": 0.0035371988442931164}