{"numgrasp": 488, "translation_d": 5.656732486674344e-09, "rotation_d": 5.0828424185449856e-05, "width_d": 0.0033096412383992278}