{"numgrasp": 427, "translation_d": 5.8591696801304765e-09, "rotation_d": 4.686910239082958e-05, "width_d": 0.002437256178777001}