{"numgrasp": 377, "translation_d": 5.746912002770789e-09, "rotation_d": 4.8777982512800215e-05, "width_d": 0.002240477689054672}