{"numgrasp": 457, "translation_d": 6.039566819093431e-09, "rotation_d": 5.297244299024913e-05, "width_d": 0.003580076300022906}