{"numgrasp": 376, "translation_d": 5.616629880173366e-09, "rotation_d": 4.466108714086677e-05, "width_d": 0.0022660672671968372}