{"numgrasp": 465, "translation_d": 5.588608350844343e-09, "rotation_d": 4.464999734831218e-05, "width_d": 0.0030875294168609875}