{"numgrasp": 196, "translation_d": 6.2812560940264696e-09, "rotation_d": 8.989007326118714e-05, "width_d": 0.005099330278112862}