{"numgrasp": 214, "translation_d": 6.510315575090592e-09, "rotation_d": 5.656757479631948e-05, "width_d": 0.0048236348825154525}