{"numgrasp": 211, "translation_d": 6.438736876208862e-09, "rotation_d": 5.528849076404393e-05, "width_d": 0.004379941909132572}