{"numgrasp": 171, "translation_d": 6.654716735592084e-09, "rotation_d": 4.9594744966102715e-05, "width_d": 0.004991079433847234}