{"numgrasp": 207, "translation_d": 6.728965213928428e-09, "rotation_d": 5.419718050189282e-05, "width_d": 0.003330442624537266}