{"numgrasp": 214, "translation_d": 6.682974301816737e-09, "rotation_d": 5.173340339991849e-05, "width_d": 0.00239649437310567}