{"numgrasp": 224, "translation_d": 6.497452257098763e-09, "rotation_d": 5.042032582083201e-05, "width_d": 0.0026522080856782775}