{"numgrasp": 206, "translation_d": 6.720134711633533e-09, "rotation_d": 5.0175041017590576e-05, "width_d": 0.0032271271304832637}