{"numgrasp": 216, "translation_d": 6.349333130659643e-09, "rotation_d": 5.097192686123118e-05, "width_d": 0.003904516003101528}