{"numgrasp": 232, "translation_d": 6.1109927165775095e-09, "rotation_d": 5.175644900695084e-05, "width_d": 0.004318937373355874}