{"numgrasp": 217, "translation_d": 6.303070883401134e-09, "rotation_d": 5.1814965376889636e-05, "width_d": 0.004501401369810019}