{"numgrasp": 204, "translation_d": 6.018972796139355e-09, "rotation_d": 5.316218180827935e-05, "width_d": 0.005119950345598241}