{"numgrasp": 215, "translation_d": 6.375021083470876e-09, "rotation_d": 4.745473380111439e-05, "width_d": 0.004878540377113363}