{"numgrasp": 226, "translation_d": 6.676850524561453e-09, "rotation_d": 4.6820217001403306e-05, "width_d": 0.004814940297158972}