{"numgrasp": 169, "translation_d": 7.274561512100937e-09, "rotation_d": 4.98694211865832e-05, "width_d": 0.005613626227450057}