{"numgrasp": 229, "translation_d": 6.7616517813120555e-09, "rotation_d": 4.6946495027423445e-05, "width_d": 0.004303929950438579}