{"numgrasp": 234, "translation_d": 6.0423389721469065e-09, "rotation_d": 4.871099069196021e-05, "width_d": 0.0036549640738791256}