{"numgrasp": 225, "translation_d": 6.488194780221145e-09, "rotation_d": 4.750595032199936e-05, "width_d": 0.003168642661470051}