{"numgrasp": 219, "translation_d": 6.600791371553754e-09, "rotation_d": 4.91740688634251e-05, "width_d": 0.002649415209124023}