{"numgrasp": 168, "translation_d": 6.266803023289899e-09, "rotation_d": 4.9313608834330445e-05, "width_d": 0.005600656120147595}