{"numgrasp": 217, "translation_d": 5.734366947061807e-09, "rotation_d": 4.975946755031008e-05, "width_d": 0.002134407695277668}