{"numgrasp": 221, "translation_d": 6.141361498295099e-09, "rotation_d": 4.908709804769201e-05, "width_d": 0.002433891903038994}