{"numgrasp": 225, "translation_d": 6.007240803158675e-09, "rotation_d": 4.826917523752884e-05, "width_d": 0.0026504506775699398}