{"numgrasp": 217, "translation_d": 5.726962856807985e-09, "rotation_d": 4.833807334125925e-05, "width_d": 0.0034589815998581413}