{"numgrasp": 231, "translation_d": 6.025056414795301e-09, "rotation_d": 4.748803946998708e-05, "width_d": 0.0038280987141475734}