{"numgrasp": 226, "translation_d": 6.308041401958458e-09, "rotation_d": 4.6030286085489904e-05, "width_d": 0.0051968736955021674}