{"numgrasp": 198, "translation_d": 6.008628923294413e-09, "rotation_d": 5.186117636781137e-05, "width_d": 0.005353291276030516}