{"numgrasp": 224, "translation_d": 5.865333867219445e-09, "rotation_d": 5.226519342474474e-05, "width_d": 0.004036397369450239}