{"numgrasp": 213, "translation_d": 6.260282196531469e-09, "rotation_d": 5.0847812942371104e-05, "width_d": 0.0030316607104329146}