{"numgrasp": 221, "translation_d": 5.688528270340725e-09, "rotation_d": 5.1324450948134884e-05, "width_d": 0.0024544391511772557}