{"numgrasp": 215, "translation_d": 5.401596756116025e-09, "rotation_d": 5.188513775540025e-05, "width_d": 0.0022870238337151525}