{"numgrasp": 228, "translation_d": 6.081881804238263e-09, "rotation_d": 5.5352000548050335e-05, "width_d": 0.0029743179293167223}