{"numgrasp": 220, "translation_d": 5.640655472110528e-09, "rotation_d": 5.4633450434705204e-05, "width_d": 0.003400493448816043}