{"numgrasp": 215, "translation_d": 5.8149063571115854e-09, "rotation_d": 5.311563155374905e-05, "width_d": 0.003764645485075349}