{"numgrasp": 172, "translation_d": 6.730946942921918e-09, "rotation_d": 4.852661748011889e-05, "width_d": 0.005046180327214601}