{"numgrasp": 170, "translation_d": 5.736740460422205e-09, "rotation_d": 5.3927561466174776e-05, "width_d": 0.004869085117846609}