{"numgrasp": 165, "translation_d": 5.869495053362907e-09, "rotation_d": 5.419922570153364e-05, "width_d": 0.004924580796359898}