{"numgrasp": 175, "translation_d": 5.701994347383423e-09, "rotation_d": 5.4713897598633295e-05, "width_d": 0.004547546696785456}