{"numgrasp": 233, "translation_d": 5.606613233506792e-09, "rotation_d": 5.3613881569667936e-05, "width_d": 0.003536425321584582}