{"numgrasp": 227, "translation_d": 5.7752766969641075e-09, "rotation_d": 5.315746497768228e-05, "width_d": 0.00319075408804097}