{"numgrasp": 228, "translation_d": 5.704757909031384e-09, "rotation_d": 5.20390313824764e-05, "width_d": 0.0030285158951440464}