{"numgrasp": 174, "translation_d": 5.654888841473364e-09, "rotation_d": 5.2515141733381224e-05, "width_d": 0.0024677865310247975}