{"numgrasp": 171, "translation_d": 6.156697576886101e-09, "rotation_d": 5.308430310839102e-05, "width_d": 0.0026806393272494834}