{"numgrasp": 177, "translation_d": 5.384649186495424e-09, "rotation_d": 5.203662406784221e-05, "width_d": 0.003198804682695563}