{"numgrasp": 178, "translation_d": 5.60176626137552e-09, "rotation_d": 5.1512703235747525e-05, "width_d": 0.0035521461151458065}