{"numgrasp": 178, "translation_d": 5.856188615885891e-09, "rotation_d": 5.1573214318395024e-05, "width_d": 0.003791684187397759}