{"numgrasp": 180, "translation_d": 5.917430633802411e-09, "rotation_d": 5.0802542018912404e-05, "width_d": 0.004186141661772078}