{"numgrasp": 179, "translation_d": 5.75929498750806e-09, "rotation_d": 5.1576570578719664e-05, "width_d": 0.0042851294770520736}