{"numgrasp": 166, "translation_d": 5.664436030761479e-09, "rotation_d": 5.047617430223028e-05, "width_d": 0.004821725687036287}