{"numgrasp": 172, "translation_d": 5.645234945076246e-09, "rotation_d": 5.137371245087233e-05, "width_d": 0.0049146615267898815}