{"numgrasp": 173, "translation_d": 5.426368993538976e-09, "rotation_d": 4.766419499500884e-05, "width_d": 0.00468611289015096}