{"numgrasp": 173, "translation_d": 5.233882099595629e-09, "rotation_d": 4.792869840802801e-05, "width_d": 0.004574351340488705}