{"numgrasp": 178, "translation_d": 5.572997378611946e-09, "rotation_d": 4.802311617803912e-05, "width_d": 0.004390304520819247}