{"numgrasp": 182, "translation_d": 7.113125518181389e-09, "rotation_d": 5.0477852375829036e-05, "width_d": 0.004148416396615739}