{"numgrasp": 179, "translation_d": 5.620453331356553e-09, "rotation_d": 4.873206703435186e-05, "width_d": 0.004255149445717039}