{"numgrasp": 183, "translation_d": 5.431472886483773e-09, "rotation_d": 4.981260244547098e-05, "width_d": 0.0030936738369191554}