{"numgrasp": 175, "translation_d": 5.5846618995871225e-09, "rotation_d": 4.6860485051368485e-05, "width_d": 0.0027904418879788934}