{"numgrasp": 172, "translation_d": 5.5497934514754085e-09, "rotation_d": 4.624713817298316e-05, "width_d": 0.0028717381667198068}