{"numgrasp": 177, "translation_d": 5.456938083953845e-09, "rotation_d": 4.8678246595073304e-05, "width_d": 0.0038588332335904524}