{"numgrasp": 176, "translation_d": 5.8127062972439785e-09, "rotation_d": 4.742836400937413e-05, "width_d": 0.0039024195244733544}