{"numgrasp": 168, "translation_d": 5.3732771152192855e-09, "rotation_d": 4.698985814509948e-05, "width_d": 0.004420446072062401}