{"numgrasp": 161, "translation_d": 4.941910807588592e-09, "rotation_d": 4.651178492291076e-05, "width_d": 0.004283721713750507}