{"numgrasp": 195, "translation_d": 6.9142737290197445e-09, "rotation_d": 5.0970589756755376e-05, "width_d": 0.00369884702405315}