{"numgrasp": 188, "translation_d": 6.547506138046578e-09, "rotation_d": 5.0322724518306526e-05, "width_d": 0.0033670141161216112}