{"numgrasp": 195, "translation_d": 8.101053591296864e-09, "rotation_d": 5.051774921091803e-05, "width_d": 0.0034074095651415864}