{"numgrasp": 181, "translation_d": 6.831490256832834e-09, "rotation_d": 4.956371748732792e-05, "width_d": 0.0036465724104906426}