{"numgrasp": 190, "translation_d": 7.108452659116269e-09, "rotation_d": 4.986163309762767e-05, "width_d": 0.0034167691891499995}