{"numgrasp": 165, "translation_d": 6.569100946052796e-09, "rotation_d": 4.765865760947177e-05, "width_d": 0.004617810812328923}