{"numgrasp": 190, "translation_d": 6.440715493956922e-09, "rotation_d": 4.803504776333129e-05, "width_d": 0.004048885851975393}