{"numgrasp": 203, "translation_d": 6.983238013219373e-09, "rotation_d": 4.964130225085849e-05, "width_d": 0.0037259188290076728}