{"numgrasp": 182, "translation_d": 7.191961776597695e-09, "rotation_d": 4.925155172861989e-05, "width_d": 0.0037587648924307126}