{"numgrasp": 174, "translation_d": 6.360271567818809e-09, "rotation_d": 4.997924302850537e-05, "width_d": 0.0033226281006546784}