{"numgrasp": 159, "translation_d": 5.81085099053813e-09, "rotation_d": 4.8573812819675794e-05, "width_d": 0.003460131414259538}