{"numgrasp": 164, "translation_d": 6.173952857773053e-09, "rotation_d": 4.9247935947102615e-05, "width_d": 0.0033729110067340644}