{"numgrasp": 162, "translation_d": 6.899351283842652e-09, "rotation_d": 5.004402800521216e-05, "width_d": 0.0026311303121193154}