{"numgrasp": 167, "translation_d": 6.02141779866467e-09, "rotation_d": 5.018093889067718e-05, "width_d": 0.00289680394479364}