{"numgrasp": 179, "translation_d": 6.388196700862603e-09, "rotation_d": 5.01217437786044e-05, "width_d": 0.0033663248073142965}