{"numgrasp": 180, "translation_d": 6.356064610794739e-09, "rotation_d": 4.958946976187808e-05, "width_d": 0.003253280306784542}