{"numgrasp": 190, "translation_d": 6.3529958671480375e-09, "rotation_d": 5.032320713487793e-05, "width_d": 0.004103279341971485}