{"numgrasp": 175, "translation_d": 6.810885248316687e-09, "rotation_d": 4.9156664760428184e-05, "width_d": 0.0037226318236547136}