{"numgrasp": 173, "translation_d": 6.6734981251516826e-09, "rotation_d": 4.917992429886122e-05, "width_d": 0.0037426070908395223}