{"numgrasp": 159, "translation_d": 6.621602931470676e-09, "rotation_d": 4.624753029210763e-05, "width_d": 0.004465473139522342}