{"numgrasp": 171, "translation_d": 6.69657552789809e-09, "rotation_d": 5.0971585443552513e-05, "width_d": 0.004361525670971675}