{"numgrasp": 181, "translation_d": 6.549521253197332e-09, "rotation_d": 5.0562711118942094e-05, "width_d": 0.004036230414971723}