{"numgrasp": 188, "translation_d": 6.597996016299342e-09, "rotation_d": 4.928640322061098e-05, "width_d": 0.004347149068991728}