{"numgrasp": 184, "translation_d": 6.913307066290993e-09, "rotation_d": 5.2383636701047486e-05, "width_d": 0.003285769586252483}