{"numgrasp": 155, "translation_d": 6.522247183485623e-09, "rotation_d": 5.250062656916834e-05, "width_d": 0.0029902879911229384}