{"numgrasp": 176, "translation_d": 6.559191408050374e-09, "rotation_d": 5.2367477717893355e-05, "width_d": 0.0029234070782509823}