{"numgrasp": 169, "translation_d": 6.40018042754904e-09, "rotation_d": 5.313061116339122e-05, "width_d": 0.0028399958963498378}