{"numgrasp": 189, "translation_d": 6.493557067861497e-09, "rotation_d": 5.0006013129838744e-05, "width_d": 0.00461501855250249}