{"numgrasp": 175, "translation_d": 6.589137510282722e-09, "rotation_d": 5.3566869106118e-05, "width_d": 0.0024079009062653103}