{"numgrasp": 170, "translation_d": 6.6309422315730395e-09, "rotation_d": 5.3994139165468834e-05, "width_d": 0.002810730018619734}