{"numgrasp": 183, "translation_d": 6.173530091574309e-09, "rotation_d": 5.4837389487246725e-05, "width_d": 0.0027694745437792925}