{"numgrasp": 203, "translation_d": 6.444018059495442e-09, "rotation_d": 5.451052563959649e-05, "width_d": 0.0031680333035983836}