{"numgrasp": 195, "translation_d": 6.411724223925635e-09, "rotation_d": 5.37741338953901e-05, "width_d": 0.003364336466251697}