{"numgrasp": 222, "translation_d": 5.4726093489167615e-09, "rotation_d": 5.2023151452538356e-05, "width_d": 0.0032307184153463077}