{"numgrasp": 200, "translation_d": 5.0375266328260975e-09, "rotation_d": 5.2927144477328176e-05, "width_d": 0.0047882541416860835}