{"numgrasp": 199, "translation_d": 4.8074944307307764e-09, "rotation_d": 5.1542338521892344e-05, "width_d": 0.0044977818713967214}