{"numgrasp": 217, "translation_d": 4.70857238777535e-09, "rotation_d": 5.326919494922461e-05, "width_d": 0.004681880841129083}