{"numgrasp": 201, "translation_d": 4.819649548649362e-09, "rotation_d": 5.35662123070337e-05, "width_d": 0.004223801193672046}