{"numgrasp": 218, "translation_d": 4.8834252593201795e-09, "rotation_d": 5.4419091136640574e-05, "width_d": 0.004415312953495305}