{"numgrasp": 213, "translation_d": 4.762328991022479e-09, "rotation_d": 5.3623299228324855e-05, "width_d": 0.0041854757738964245}