{"numgrasp": 226, "translation_d": 5.070201688982874e-09, "rotation_d": 5.3493900135644134e-05, "width_d": 0.004390856622420298}