{"numgrasp": 224, "translation_d": 5.387332204448673e-09, "rotation_d": 5.4288273418723574e-05, "width_d": 0.003761599322273833}