{"numgrasp": 222, "translation_d": 5.526335645515545e-09, "rotation_d": 5.500110057507006e-05, "width_d": 0.003843748144233929}