{"numgrasp": 211, "translation_d": 6.849147697250002e-09, "rotation_d": 5.688654009324673e-05, "width_d": 0.004678105336917073}