{"numgrasp": 248, "translation_d": 4.994747525254352e-09, "rotation_d": 5.16753274555201e-05, "width_d": 0.003028351984246471}