{"numgrasp": 214, "translation_d": 6.4949188248805615e-09, "rotation_d": 5.626151480591049e-05, "width_d": 0.004978315398607009}