{"numgrasp": 200, "translation_d": 4.578523033234409e-09, "rotation_d": 5.1456127846372164e-05, "width_d": 0.0041570556370682495}