{"numgrasp": 196, "translation_d": 5.02828966506795e-09, "rotation_d": 5.1901521894588204e-05, "width_d": 0.003888278698662531}