{"numgrasp": 224, "translation_d": 4.556784759678544e-09, "rotation_d": 5.215253329028628e-05, "width_d": 0.00422356955597756}