{"numgrasp": 211, "translation_d": 5.074568614578957e-09, "rotation_d": 5.3463175272554526e-05, "width_d": 0.0043917377907694045}