{"numgrasp": 232, "translation_d": 4.7891417503688866e-09, "rotation_d": 4.798499579751708e-05, "width_d": 0.003876828375043226}