{"numgrasp": 219, "translation_d": 5.032482295149557e-09, "rotation_d": 4.679022164104599e-05, "width_d": 0.0034413536207644653}