{"numgrasp": 240, "translation_d": 5.079351312686514e-09, "rotation_d": 4.686709202284492e-05, "width_d": 0.0032428968613830125}