{"numgrasp": 246, "translation_d": 4.736652104246925e-09, "rotation_d": 4.385021882562389e-05, "width_d": 0.0029650604351751523}