{"numgrasp": 242, "translation_d": 4.596805220865779e-09, "rotation_d": 4.5531235856248874e-05, "width_d": 0.0034349465649550024}