{"numgrasp": 199, "translation_d": 6.089670879639608e-09, "rotation_d": 5.5828148972962724e-05, "width_d": 0.00542823830828029}