{"numgrasp": 253, "translation_d": 4.530237489665452e-09, "rotation_d": 4.4936820596752785e-05, "width_d": 0.0037517298257301454}