{"numgrasp": 230, "translation_d": 4.484721551622665e-09, "rotation_d": 4.611827052901695e-05, "width_d": 0.00404335811557079}