{"numgrasp": 207, "translation_d": 4.244591019643769e-09, "rotation_d": 4.4759590192281755e-05, "width_d": 0.0033554198611593093}