{"numgrasp": 252, "translation_d": 4.431312587732262e-09, "rotation_d": 4.729574844552193e-05, "width_d": 0.003639953758876805}