{"numgrasp": 253, "translation_d": 4.768682442396821e-09, "rotation_d": 4.693675222306109e-05, "width_d": 0.0032957981440346782}