{"numgrasp": 229, "translation_d": 4.762611929686724e-09, "rotation_d": 4.803920715443767e-05, "width_d": 0.00315668903226432}