{"numgrasp": 200, "translation_d": 6.708158614971145e-09, "rotation_d": 5.355102186105145e-05, "width_d": 0.0053903856205048985}