{"numgrasp": 238, "translation_d": 5.0419469908624876e-09, "rotation_d": 5.086323499429444e-05, "width_d": 0.0030679883454144572}