{"numgrasp": 214, "translation_d": 5.034352916619333e-09, "rotation_d": 5.265334081320542e-05, "width_d": 0.0027915288260738727}