{"numgrasp": 223, "translation_d": 5.195898472522204e-09, "rotation_d": 5.2227429648374495e-05, "width_d": 0.003448214087374169}