{"numgrasp": 228, "translation_d": 4.447508388115368e-09, "rotation_d": 4.891019326031573e-05, "width_d": 0.003500330579468911}