{"numgrasp": 214, "translation_d": 6.178877066699326e-09, "rotation_d": 5.3701611678419124e-05, "width_d": 0.004975719834061618}