{"numgrasp": 220, "translation_d": 4.424387330223243e-09, "rotation_d": 4.793185669777855e-05, "width_d": 0.0038665691578446976}