{"numgrasp": 211, "translation_d": 4.837404190093363e-09, "rotation_d": 5.0652564084642e-05, "width_d": 0.004658792602120765}