{"numgrasp": 208, "translation_d": 4.930942613336828e-09, "rotation_d": 5.215323786937811e-05, "width_d": 0.004469899083997387}