{"numgrasp": 202, "translation_d": 4.817780146670229e-09, "rotation_d": 5.2494565652242645e-05, "width_d": 0.0041855546831861936}