{"numgrasp": 212, "translation_d": 5.196388323283086e-09, "rotation_d": 5.102532389568618e-05, "width_d": 0.004270225005039998}