{"numgrasp": 214, "translation_d": 5.226392803086084e-09, "rotation_d": 5.290199398023962e-05, "width_d": 0.0037584876337881244}