{"numgrasp": 208, "translation_d": 4.839707193978117e-09, "rotation_d": 5.342571391630596e-05, "width_d": 0.003659327825579484}