{"numgrasp": 204, "translation_d": 5.7820551116101535e-09, "rotation_d": 5.3412453489337475e-05, "width_d": 0.00344026487609663}