{"numgrasp": 156, "translation_d": 5.852136480970371e-09, "rotation_d": 4.914507788332448e-05, "width_d": 0.0034509161103971086}