{"numgrasp": 189, "translation_d": 5.8925131707872404e-09, "rotation_d": 5.126545717428282e-05, "width_d": 0.0034295754503039645}