{"numgrasp": 188, "translation_d": 4.928057059274621e-09, "rotation_d": 5.009669636015785e-05, "width_d": 0.005326901483351649}