{"numgrasp": 175, "translation_d": 5.61672930164413e-09, "rotation_d": 4.7753490505548235e-05, "width_d": 0.0047049487964231}