{"numgrasp": 184, "translation_d": 5.473209378943193e-09, "rotation_d": 5.055639720845673e-05, "width_d": 0.004385527186089293}