{"numgrasp": 181, "translation_d": 5.851556072599053e-09, "rotation_d": 4.978930565388544e-05, "width_d": 0.00431639654525936}