{"numgrasp": 178, "translation_d": 5.935871031955521e-09, "rotation_d": 4.958012479107403e-05, "width_d": 0.004428232956338558}