{"numgrasp": 147, "translation_d": 6.276869481563742e-09, "rotation_d": 4.698080714150359e-05, "width_d": 0.0033764543378454245}