{"numgrasp": 210, "translation_d": 6.883226482306302e-09, "rotation_d": 5.19435221533437e-05, "width_d": 0.00450873678629402}