{"numgrasp": 145, "translation_d": 6.183005611423305e-09, "rotation_d": 4.922504163074631e-05, "width_d": 0.003975107071357113}