{"numgrasp": 169, "translation_d": 6.319988316298562e-09, "rotation_d": 4.712902713490689e-05, "width_d": 0.004055755903452888}