{"numgrasp": 174, "translation_d": 6.294268191335901e-09, "rotation_d": 4.745790970390087e-05, "width_d": 0.004171159469690618}