{"numgrasp": 229, "translation_d": 6.70393279802758e-09, "rotation_d": 5.185415183318807e-05, "width_d": 0.004122259021245149}