{"numgrasp": 175, "translation_d": 5.7015094298192005e-09, "rotation_d": 4.862065740721204e-05, "width_d": 0.005000970896965931}