{"numgrasp": 227, "translation_d": 7.103969005249107e-09, "rotation_d": 5.3501274092981894e-05, "width_d": 0.0037171916002020897}