{"numgrasp": 227, "translation_d": 6.676760251915575e-09, "rotation_d": 5.530916477685622e-05, "width_d": 0.00374003531262065}