{"numgrasp": 217, "translation_d": 6.421365033389062e-09, "rotation_d": 5.608887581418768e-05, "width_d": 0.0034652916867056577}