{"numgrasp": 218, "translation_d": 6.577642903042715e-09, "rotation_d": 4.740206454681398e-05, "width_d": 0.0038396337113598173}