{"numgrasp": 203, "translation_d": 6.707434657099069e-09, "rotation_d": 4.771338667292639e-05, "width_d": 0.0044271417865140335}