{"numgrasp": 225, "translation_d": 6.786357456554119e-09, "rotation_d": 5.863899572741822e-05, "width_d": 0.0037177872027810326}