{"numgrasp": 215, "translation_d": 6.373920516523225e-09, "rotation_d": 4.7514088431741496e-05, "width_d": 0.0054830545488337235}