{"numgrasp": 180, "translation_d": 6.414997212674718e-09, "rotation_d": 4.836311799885091e-05, "width_d": 0.005341738873810743}