{"numgrasp": 200, "translation_d": 6.2579067872488295e-09, "rotation_d": 4.469748623451917e-05, "width_d": 0.005730815989325923}