{"numgrasp": 201, "translation_d": 6.641064118321405e-09, "rotation_d": 4.31168405782705e-05, "width_d": 0.005432312729548469}