{"numgrasp": 231, "translation_d": 6.956450143889842e-09, "rotation_d": 5.6428125612187544e-05, "width_d": 0.003679630731929588}