{"numgrasp": 205, "translation_d": 6.158647408865418e-09, "rotation_d": 4.3708150347096056e-05, "width_d": 0.0034696468804057434}