{"numgrasp": 203, "translation_d": 5.8128949288271534e-09, "rotation_d": 4.68877762837423e-05, "width_d": 0.004286935896780442}