{"numgrasp": 232, "translation_d": 6.680702069857627e-09, "rotation_d": 5.6587226511675456e-05, "width_d": 0.004073034198948231}