{"numgrasp": 221, "translation_d": 5.539339580103651e-09, "rotation_d": 4.7505571977281104e-05, "width_d": 0.00505212510428812}