{"numgrasp": 211, "translation_d": 5.193463785339369e-09, "rotation_d": 4.9871291372529075e-05, "width_d": 0.005241402344805801}