{"numgrasp": 183, "translation_d": 4.7952484007255895e-09, "rotation_d": 5.118801466414704e-05, "width_d": 0.004960699690168101}