{"numgrasp": 199, "translation_d": 4.923805648611931e-09, "rotation_d": 5.043139823151293e-05, "width_d": 0.005261438408667908}