{"numgrasp": 229, "translation_d": 5.212320476023959e-09, "rotation_d": 5.291155095167155e-05, "width_d": 0.00478485634373673}