{"numgrasp": 230, "translation_d": 5.533798350291422e-09, "rotation_d": 5.072612246031435e-05, "width_d": 0.004060040330685516}