{"numgrasp": 194, "translation_d": 6.082296925399926e-09, "rotation_d": 4.743376699362917e-05, "width_d": 0.0032220857776339294}