{"numgrasp": 214, "translation_d": 5.465585792722849e-09, "rotation_d": 5.4951375809632284e-05, "width_d": 0.0033592974794714727}