{"numgrasp": 225, "translation_d": 5.254398696243245e-09, "rotation_d": 5.539927203111626e-05, "width_d": 0.0035830042877487795}