{"numgrasp": 223, "translation_d": 5.54952354533155e-09, "rotation_d": 5.572479824927839e-05, "width_d": 0.003921726181594209}