{"numgrasp": 231, "translation_d": 5.3308384517887554e-09, "rotation_d": 5.371057227019738e-05, "width_d": 0.00408711093844497}