{"numgrasp": 228, "translation_d": 5.3716180770095736e-09, "rotation_d": 5.596043286421383e-05, "width_d": 0.004512073759005003}