{"numgrasp": 301, "translation_d": 5.415447597287155e-09, "rotation_d": 5.0580405269673953e-05, "width_d": 0.0043008899420467275}