{"numgrasp": 233, "translation_d": 6.268430322719242e-09, "rotation_d": 4.496726453470564e-05, "width_d": 0.0056678228383317715}