{"numgrasp": 262, "translation_d": 5.351553234914384e-09, "rotation_d": 5.3548083577501334e-05, "width_d": 0.0029768194033024248}