{"numgrasp": 270, "translation_d": 5.473373385503019e-09, "rotation_d": 5.392089094015016e-05, "width_d": 0.0026325318760503837}