{"numgrasp": 217, "translation_d": 6.466752659397517e-09, "rotation_d": 4.510845948625413e-05, "width_d": 0.005586369163220254}