{"numgrasp": 263, "translation_d": 5.047048012129892e-09, "rotation_d": 5.113200466346612e-05, "width_d": 0.002952051777972593}