{"numgrasp": 268, "translation_d": 5.13364934280315e-09, "rotation_d": 5.1803419549370185e-05, "width_d": 0.003635650497437256}