{"numgrasp": 266, "translation_d": 5.024235312785386e-09, "rotation_d": 5.171990976285285e-05, "width_d": 0.003966923218784452}