{"numgrasp": 255, "translation_d": 4.679059296226177e-09, "rotation_d": 5.2930998271311714e-05, "width_d": 0.004597790288537898}