{"numgrasp": 264, "translation_d": 4.906568181358485e-09, "rotation_d": 4.9903896283474766e-05, "width_d": 0.0039694694195228294}