{"numgrasp": 209, "translation_d": 6.254702031661689e-09, "rotation_d": 4.395553050472016e-05, "width_d": 0.005891753223233118}