{"numgrasp": 263, "translation_d": 4.959323177588311e-09, "rotation_d": 4.9079225451925916e-05, "width_d": 0.003045665956228225}