{"numgrasp": 247, "translation_d": 4.784047421348653e-09, "rotation_d": 4.7481732524427755e-05, "width_d": 0.0022036544138408195}