{"numgrasp": 258, "translation_d": 5.248639208338807e-09, "rotation_d": 4.637478205686928e-05, "width_d": 0.002159877112811563}