{"numgrasp": 258, "translation_d": 5.208000301615217e-09, "rotation_d": 4.544409255277206e-05, "width_d": 0.0017544481044336451}