{"numgrasp": 277, "translation_d": 4.653515147702189e-09, "rotation_d": 4.901931314171789e-05, "width_d": 0.0019303177523241667}