{"numgrasp": 275, "translation_d": 4.785181444745707e-09, "rotation_d": 4.677830534352806e-05, "width_d": 0.002056588805411432}