{"numgrasp": 256, "translation_d": 4.705451788951417e-09, "rotation_d": 4.773921714511266e-05, "width_d": 0.00211474968711003}