{"numgrasp": 276, "translation_d": 4.638487068993058e-09, "rotation_d": 4.739862501261601e-05, "width_d": 0.002372267312666502}