{"numgrasp": 260, "translation_d": 4.666358579728461e-09, "rotation_d": 4.862891626171023e-05, "width_d": 0.0028824177903740127}