{"numgrasp": 220, "translation_d": 5.973250359726315e-09, "rotation_d": 4.536555768584021e-05, "width_d": 0.0065054199100551295}