{"numgrasp": 266, "translation_d": 4.78579820808662e-09, "rotation_d": 5.03598324152109e-05, "width_d": 0.0035017105846377565}