{"numgrasp": 261, "translation_d": 4.728256070466645e-09, "rotation_d": 4.987093696380059e-05, "width_d": 0.0035803106216116755}