{"numgrasp": 263, "translation_d": 4.8551380877901835e-09, "rotation_d": 4.9743419673307595e-05, "width_d": 0.003793964412496418}