{"numgrasp": 283, "translation_d": 4.8685128113136e-09, "rotation_d": 4.977696816401718e-05, "width_d": 0.004053964842426628}