{"numgrasp": 265, "translation_d": 4.565271214410505e-09, "rotation_d": 5.0386303262458516e-05, "width_d": 0.0035109434456281263}