{"numgrasp": 265, "translation_d": 4.810303961597778e-09, "rotation_d": 4.893892137779796e-05, "width_d": 0.002986669759839293}