{"numgrasp": 260, "translation_d": 4.670258232406559e-09, "rotation_d": 5.3442167365597836e-05, "width_d": 0.0022619994839372785}