{"numgrasp": 252, "translation_d": 4.705385691039804e-09, "rotation_d": 5.162277288413738e-05, "width_d": 0.002901317447742842}