{"numgrasp": 252, "translation_d": 4.7803280520540904e-09, "rotation_d": 5.065199062656762e-05, "width_d": 0.002964505390331649}