{"numgrasp": 260, "translation_d": 4.939311616737964e-09, "rotation_d": 4.960727079739074e-05, "width_d": 0.0034345085458488927}