{"numgrasp": 256, "translation_d": 4.643032642010883e-09, "rotation_d": 5.142354469974028e-05, "width_d": 0.004264006923301223}