{"numgrasp": 251, "translation_d": 4.70695324205627e-09, "rotation_d": 5.052599121628477e-05, "width_d": 0.0035589048147608485}