{"numgrasp": 247, "translation_d": 4.788127810197542e-09, "rotation_d": 5.205064718996705e-05, "width_d": 0.003724239528728721}