{"numgrasp": 266, "translation_d": 6.951383509120639e-09, "rotation_d": 5.420579485779398e-05, "width_d": 0.003070783225653455}