{"numgrasp": 259, "translation_d": 4.833439648818146e-09, "rotation_d": 5.3184715801255174e-05, "width_d": 0.002938471635653446}