{"numgrasp": 267, "translation_d": 4.866365879103961e-09, "rotation_d": 5.29208756999976e-05, "width_d": 0.002803902777872233}