{"numgrasp": 276, "translation_d": 4.763151746534979e-09, "rotation_d": 5.390122774621564e-05, "width_d": 0.002233969662361915}