{"numgrasp": 276, "translation_d": 4.8179940024523335e-09, "rotation_d": 5.3691220140443334e-05, "width_d": 0.0021211952759288156}