{"numgrasp": 237, "translation_d": 6.117903430892955e-09, "rotation_d": 4.6203759927314954e-05, "width_d": 0.005100951427358407}