{"numgrasp": 284, "translation_d": 4.514908407258384e-09, "rotation_d": 5.1387544239655825e-05, "width_d": 0.002179515263847033}