{"numgrasp": 286, "translation_d": 5.010931011122812e-09, "rotation_d": 5.281180734839298e-05, "width_d": 0.002662466278207889}