{"numgrasp": 291, "translation_d": 4.92953264324731e-09, "rotation_d": 5.288359436937523e-05, "width_d": 0.0025879184000479408}