{"numgrasp": 286, "translation_d": 4.612306841089093e-09, "rotation_d": 5.343870592420681e-05, "width_d": 0.002832155289002069}