{"numgrasp": 257, "translation_d": 4.684370586257717e-09, "rotation_d": 5.2905065320482844e-05, "width_d": 0.004494729948020046}