{"numgrasp": 264, "translation_d": 4.7845321990851714e-09, "rotation_d": 5.1412590124185996e-05, "width_d": 0.004057935820776969}