{"numgrasp": 256, "translation_d": 5.068265952375438e-09, "rotation_d": 5.1679914970630766e-05, "width_d": 0.004161055412446406}