{"numgrasp": 241, "translation_d": 6.109961916995023e-09, "rotation_d": 4.397841062358915e-05, "width_d": 0.00482028843376365}