{"numgrasp": 262, "translation_d": 4.675952038844173e-09, "rotation_d": 5.163074420702182e-05, "width_d": 0.004052485254713394}