{"numgrasp": 276, "translation_d": 4.72693004440058e-09, "rotation_d": 4.779832629887391e-05, "width_d": 0.0022288297560489217}