{"numgrasp": 269, "translation_d": 4.540912633704086e-09, "rotation_d": 4.622771147923792e-05, "width_d": 0.002477584940180448}