{"numgrasp": 288, "translation_d": 4.438467962642507e-09, "rotation_d": 4.802532413597444e-05, "width_d": 0.0033500726961421907}