{"numgrasp": 284, "translation_d": 4.6555475753288165e-09, "rotation_d": 4.8170742777691026e-05, "width_d": 0.0038964545854867296}