{"numgrasp": 282, "translation_d": 4.475210832912287e-09, "rotation_d": 4.808402944767173e-05, "width_d": 0.003982315740075126}