{"numgrasp": 272, "translation_d": 4.6362436495859225e-09, "rotation_d": 4.799744119019626e-05, "width_d": 0.004455202593919608}