{"numgrasp": 253, "translation_d": 6.136844310729337e-09, "rotation_d": 4.302249945427719e-05, "width_d": 0.004071687730766878}