{"numgrasp": 264, "translation_d": 6.293527017349327e-09, "rotation_d": 4.7957490300685145e-05, "width_d": 0.0026772264586498204}