{"numgrasp": 301, "translation_d": 6.410474639583452e-09, "rotation_d": 4.50355815164376e-05, "width_d": 0.0028292421852061382}