{"numgrasp": 290, "translation_d": 6.319964424997394e-09, "rotation_d": 4.611305473140378e-05, "width_d": 0.002865814215133198}