{"numgrasp": 238, "translation_d": 5.496653582919045e-09, "rotation_d": 5.328096197956248e-05, "width_d": 0.0053121286179649944}