{"numgrasp": 254, "translation_d": 5.630662782002058e-09, "rotation_d": 5.335873485519367e-05, "width_d": 0.004380422669841255}