{"numgrasp": 273, "translation_d": 6.143006549872258e-09, "rotation_d": 4.920881062370675e-05, "width_d": 0.0028632177792377225}