{"numgrasp": 274, "translation_d": 6.2046492818565765e-09, "rotation_d": 4.722997039316132e-05, "width_d": 0.0026154785587940766}