{"numgrasp": 262, "translation_d": 6.122102543743519e-09, "rotation_d": 4.9440262322832165e-05, "width_d": 0.002208545718972233}