{"numgrasp": 276, "translation_d": 6.268270556033009e-09, "rotation_d": 5.126460040062555e-05, "width_d": 0.00254460036331097}