{"numgrasp": 294, "translation_d": 6.2100534323765104e-09, "rotation_d": 5.19137309092039e-05, "width_d": 0.003986879722691381}