{"numgrasp": 303, "translation_d": 5.698004325315936e-09, "rotation_d": 4.885764066476664e-05, "width_d": 0.0037622593449180633}