{"numgrasp": 301, "translation_d": 5.74713575577448e-09, "rotation_d": 5.166099561264083e-05, "width_d": 0.0032242708667346385}