{"numgrasp": 298, "translation_d": 6.007756882806634e-09, "rotation_d": 5.100761283063968e-05, "width_d": 0.002447226742258087}