{"numgrasp": 279, "translation_d": 5.657625272230825e-09, "rotation_d": 5.389092543385377e-05, "width_d": 0.002251857413304511}