{"numgrasp": 328, "translation_d": 5.226194241651351e-09, "rotation_d": 5.050523795748148e-05, "width_d": 0.004527259462061442}