{"numgrasp": 293, "translation_d": 5.3579905890445935e-09, "rotation_d": 5.243623516601915e-05, "width_d": 0.00521599189753544}