{"numgrasp": 270, "translation_d": 5.241376425389021e-09, "rotation_d": 4.8614857328473214e-05, "width_d": 0.004494648838386835}