{"numgrasp": 443, "translation_d": 6.722429104840257e-09, "rotation_d": 4.8335311531690206e-05, "width_d": 0.004293781908443165}