{"numgrasp": 300, "translation_d": 4.881399284398257e-09, "rotation_d": 5.059611073346903e-05, "width_d": 0.003748474811327356}