{"numgrasp": 307, "translation_d": 4.843217444960643e-09, "rotation_d": 5.0655025707569315e-05, "width_d": 0.0032964746033030774}