{"numgrasp": 293, "translation_d": 4.870568137955115e-09, "rotation_d": 5.1117261707927524e-05, "width_d": 0.002896877050195542}