{"numgrasp": 424, "translation_d": 6.131520734300352e-09, "rotation_d": 4.849817038861068e-05, "width_d": 0.004205062991016055}