{"numgrasp": 295, "translation_d": 4.742277151147221e-09, "rotation_d": 5.1067005748361454e-05, "width_d": 0.0026439165200353044}