{"numgrasp": 291, "translation_d": 4.9177899972077185e-09, "rotation_d": 5.462281934185185e-05, "width_d": 0.0027277634524110004}