{"numgrasp": 289, "translation_d": 5.067997582516935e-09, "rotation_d": 5.4637284073324995e-05, "width_d": 0.0026823539213488737}