{"numgrasp": 299, "translation_d": 4.8505227074084595e-09, "rotation_d": 5.5972705999029216e-05, "width_d": 0.002821901576802335}