{"numgrasp": 311, "translation_d": 4.928439707390971e-09, "rotation_d": 5.217037996413934e-05, "width_d": 0.00391130820646166}