{"numgrasp": 375, "translation_d": 5.288454679169816e-09, "rotation_d": 4.657549637346269e-05, "width_d": 0.005187187583763324}