{"numgrasp": 409, "translation_d": 6.113812040178557e-09, "rotation_d": 4.779004543891803e-05, "width_d": 0.00468215312190593}