{"numgrasp": 330, "translation_d": 5.0311001766141575e-09, "rotation_d": 5.289127273606133e-05, "width_d": 0.0033713589335057676}