{"numgrasp": 319, "translation_d": 4.946728464496788e-09, "rotation_d": 5.427413618725265e-05, "width_d": 0.002786321378134455}