{"numgrasp": 407, "translation_d": 6.379623496303268e-09, "rotation_d": 4.71864777010825e-05, "width_d": 0.0049377257938283525}