{"numgrasp": 403, "translation_d": 4.934554580933261e-09, "rotation_d": 5.168781306535704e-05, "width_d": 0.003539332457761371}