{"numgrasp": 415, "translation_d": 5.092250555181883e-09, "rotation_d": 5.196777368861598e-05, "width_d": 0.0037020195108004895}