{"numgrasp": 411, "translation_d": 5.059065480274521e-09, "rotation_d": 5.1805924128763344e-05, "width_d": 0.004005122000193192}