{"numgrasp": 432, "translation_d": 5.333499237458081e-09, "rotation_d": 5.259827274145665e-05, "width_d": 0.005899080199125567}