{"numgrasp": 425, "translation_d": 5.233144179174768e-09, "rotation_d": 5.564474955298696e-05, "width_d": 0.005345228635691325}