{"numgrasp": 403, "translation_d": 4.912533584350302e-09, "rotation_d": 5.298047282787814e-05, "width_d": 0.002944568071694525}