{"numgrasp": 386, "translation_d": 5.0184753452331525e-09, "rotation_d": 5.303477664519785e-05, "width_d": 0.002552081726172924}