{"numgrasp": 390, "translation_d": 5.251419112190656e-09, "rotation_d": 5.1484064781779e-05, "width_d": 0.0020669954947357236}