{"numgrasp": 415, "translation_d": 5.061075890247902e-09, "rotation_d": 5.1584852909361525e-05, "width_d": 0.00307515416975255}