{"numgrasp": 407, "translation_d": 5.168560361362911e-09, "rotation_d": 5.202240408279357e-05, "width_d": 0.003535220292990392}