{"numgrasp": 375, "translation_d": 5.26581547800645e-09, "rotation_d": 4.9772622495995726e-05, "width_d": 0.0049459422854398255}