{"numgrasp": 422, "translation_d": 5.004262209318372e-09, "rotation_d": 5.2875278409847176e-05, "width_d": 0.0051839823675866115}