{"numgrasp": 417, "translation_d": 4.9666083431201055e-09, "rotation_d": 5.1149621939591856e-05, "width_d": 0.004925622707346338}