{"numgrasp": 420, "translation_d": 4.9648683872097375e-09, "rotation_d": 5.015291689947609e-05, "width_d": 0.004279958395449806}