{"numgrasp": 435, "translation_d": 5.198430015151448e-09, "rotation_d": 5.0821583022366096e-05, "width_d": 0.0026531323772220716}