{"numgrasp": 381, "translation_d": 5.600091026916069e-09, "rotation_d": 5.021085953958263e-05, "width_d": 0.004458690061646198}