{"numgrasp": 409, "translation_d": 4.955093219683722e-09, "rotation_d": 5.094528519680153e-05, "width_d": 0.0021022129312312557}