{"numgrasp": 421, "translation_d": 4.9751306153602015e-09, "rotation_d": 5.182423754958759e-05, "width_d": 0.0031496895106793675}