{"numgrasp": 416, "translation_d": 5.058636174267562e-09, "rotation_d": 5.1890373476239775e-05, "width_d": 0.003502201650553927}