{"numgrasp": 387, "translation_d": 5.604973567774322e-09, "rotation_d": 5.091973966440864e-05, "width_d": 0.004517411773229788}