{"numgrasp": 415, "translation_d": 4.9047116908177516e-09, "rotation_d": 5.377867384898897e-05, "width_d": 0.004246098176822841}