{"numgrasp": 403, "translation_d": 4.897908218156841e-09, "rotation_d": 5.362279559218061e-05, "width_d": 0.004487521609981473}