{"numgrasp": 397, "translation_d": 4.9077692053125436e-09, "rotation_d": 5.435052143663393e-05, "width_d": 0.004062373848784629}