{"numgrasp": 402, "translation_d": 5.858152902066684e-09, "rotation_d": 5.221940732749851e-05, "width_d": 0.004205527885815168}