{"numgrasp": 396, "translation_d": 5.585056752455043e-09, "rotation_d": 5.163888694780656e-05, "width_d": 0.004134664518925284}