{"numgrasp": 411, "translation_d": 5.038719093236981e-09, "rotation_d": 5.0913452979118244e-05, "width_d": 0.002423507524546895}