{"numgrasp": 424, "translation_d": 5.084840364866033e-09, "rotation_d": 5.206344818900161e-05, "width_d": 0.003025620768746054}