{"numgrasp": 429, "translation_d": 6.61730584944908e-09, "rotation_d": 4.838168565696654e-05, "width_d": 0.003104462476748544}