{"numgrasp": 416, "translation_d": 5.576637726184493e-09, "rotation_d": 4.9850726148989475e-05, "width_d": 0.0027621981476250628}