{"numgrasp": 369, "translation_d": 5.569067942619692e-09, "rotation_d": 5.262187358240926e-05, "width_d": 0.0035149063163650027}