{"numgrasp": 360, "translation_d": 5.507413126544402e-09, "rotation_d": 5.285843356322998e-05, "width_d": 0.0041034752926276934}