{"numgrasp": 337, "translation_d": 5.075691122326257e-09, "rotation_d": 5.126518061499432e-05, "width_d": 0.004865549483337246}