{"numgrasp": 313, "translation_d": 4.790837548270107e-09, "rotation_d": 5.13558031258698e-05, "width_d": 0.005071530635512385}