{"numgrasp": 309, "translation_d": 5.177966265632923e-09, "rotation_d": 5.2072793297071065e-05, "width_d": 0.004055707519964842}