{"numgrasp": 369, "translation_d": 5.740210806486192e-09, "rotation_d": 5.2471834393840784e-05, "width_d": 0.0031840966571044663}