{"numgrasp": 345, "translation_d": 5.392262877252211e-09, "rotation_d": 5.0715672409142714e-05, "width_d": 0.003079121984365208}