{"numgrasp": 328, "translation_d": 5.194785538799025e-09, "rotation_d": 5.001625054987703e-05, "width_d": 0.003442627562111764}