{"numgrasp": 309, "translation_d": 4.8292855917055504e-09, "rotation_d": 5.02756495148745e-05, "width_d": 0.004399340337902245}