{"numgrasp": 432, "translation_d": 6.5139471441120574e-09, "rotation_d": 4.966368587188381e-05, "width_d": 0.0038276465564350227}