{"numgrasp": 309, "translation_d": 5.080494872715178e-09, "rotation_d": 5.0801689635087355e-05, "width_d": 0.004618186575150173}