{"numgrasp": 290, "translation_d": 4.7801849021412015e-09, "rotation_d": 5.096204221700304e-05, "width_d": 0.004396287726163003}