{"numgrasp": 312, "translation_d": 4.804579087880358e-09, "rotation_d": 5.111249473149079e-05, "width_d": 0.005183961901742261}