{"numgrasp": 328, "translation_d": 5.191652619521011e-09, "rotation_d": 4.969398351609577e-05, "width_d": 0.004133106858078699}