{"numgrasp": 351, "translation_d": 5.178570047698101e-09, "rotation_d": 5.0531408422389754e-05, "width_d": 0.0037853423154436293}