{"numgrasp": 358, "translation_d": 5.070814925689162e-09, "rotation_d": 4.902897774606391e-05, "width_d": 0.003645408595408412}