{"numgrasp": 343, "translation_d": 5.300167126105838e-09, "rotation_d": 4.946335493359632e-05, "width_d": 0.003532016187189865}