{"numgrasp": 338, "translation_d": 5.0946338484723035e-09, "rotation_d": 4.9462421235397056e-05, "width_d": 0.0032467650219600514}