{"numgrasp": 332, "translation_d": 4.999037992514355e-09, "rotation_d": 4.8003018225034133e-05, "width_d": 0.003292968795775398}