{"numgrasp": 319, "translation_d": 5.112436530232139e-09, "rotation_d": 4.7856788772603985e-05, "width_d": 0.003202001181197566}