{"numgrasp": 300, "translation_d": 5.998504217139815e-09, "rotation_d": 5.4417791165773355e-05, "width_d": 0.005064892885487489}