{"numgrasp": 296, "translation_d": 5.858523345756784e-09, "rotation_d": 5.5396021793915884e-05, "width_d": 0.005719048099663796}