{"numgrasp": 315, "translation_d": 6.157192874458069e-09, "rotation_d": 5.8854363733520485e-05, "width_d": 0.005001578574404502}