{"numgrasp": 250, "translation_d": 6.731678411780902e-09, "rotation_d": 5.5178843653003176e-05, "width_d": 0.005314835745884887}