{"numgrasp": 304, "translation_d": 6.1756075283873124e-09, "rotation_d": 5.669243913721152e-05, "width_d": 0.002980973135996164}