{"numgrasp": 256, "translation_d": 6.0237982654453315e-09, "rotation_d": 5.433161777696764e-05, "width_d": 0.006231621471051913}