{"numgrasp": 323, "translation_d": 6.082577116275931e-09, "rotation_d": 5.535834110385925e-05, "width_d": 0.004124803926168958}