{"numgrasp": 306, "translation_d": 6.220180592815223e-09, "rotation_d": 5.4009587725397386e-05, "width_d": 0.0048493271064629995}