{"numgrasp": 324, "translation_d": 6.115734480776201e-09, "rotation_d": 4.6834541862785963e-05, "width_d": 0.0040289370364231785}