{"numgrasp": 312, "translation_d": 5.827678147616609e-09, "rotation_d": 4.9259606186674455e-05, "width_d": 0.0028865111741971797}