{"numgrasp": 317, "translation_d": 6.101644732499169e-09, "rotation_d": 4.3907769160431586e-05, "width_d": 0.0020115998672311044}