{"numgrasp": 330, "translation_d": 5.7666879301960366e-09, "rotation_d": 4.380345019078803e-05, "width_d": 0.0023085095811922283}