{"numgrasp": 329, "translation_d": 6.0527040541582275e-09, "rotation_d": 4.4667994482391935e-05, "width_d": 0.002995147388288617}