{"numgrasp": 311, "translation_d": 5.99742917936457e-09, "rotation_d": 4.210127151991058e-05, "width_d": 0.003651107887148271}