{"numgrasp": 317, "translation_d": 5.808704423961299e-09, "rotation_d": 4.222184585944769e-05, "width_d": 0.003948612581558056}