{"numgrasp": 312, "translation_d": 5.780525353623455e-09, "rotation_d": 4.442918298738364e-05, "width_d": 0.0039422098698428795}