{"numgrasp": 308, "translation_d": 6.109553603597489e-09, "rotation_d": 4.4315176637339567e-05, "width_d": 0.0038021598148274835}