{"numgrasp": 312, "translation_d": 5.9654856498158416e-09, "rotation_d": 4.412318842376724e-05, "width_d": 0.0031671850243408873}