{"numgrasp": 317, "translation_d": 5.7824787455194626e-09, "rotation_d": 4.2319692879273324e-05, "width_d": 0.0029300874890297378}