{"numgrasp": 321, "translation_d": 6.007745629144133e-09, "rotation_d": 4.347411716000018e-05, "width_d": 0.0028981628763793976}