{"numgrasp": 313, "translation_d": 5.933197810235235e-09, "rotation_d": 5.107269807604808e-05, "width_d": 0.001872458421875518}