{"numgrasp": 326, "translation_d": 5.642818394988498e-09, "rotation_d": 5.063986624809192e-05, "width_d": 0.0020768258192269268}