{"numgrasp": 314, "translation_d": 5.835636262125711e-09, "rotation_d": 4.941812290473692e-05, "width_d": 0.002363800754293986}