{"numgrasp": 315, "translation_d": 6.010917870438251e-09, "rotation_d": 4.64877021132775e-05, "width_d": 0.0031059646614103632}