{"numgrasp": 306, "translation_d": 6.092729781963163e-09, "rotation_d": 4.70078982972415e-05, "width_d": 0.0033120587639363748}