{"numgrasp": 313, "translation_d": 6.184530461575715e-09, "rotation_d": 4.671382298166663e-05, "width_d": 0.0035378089383072634}