{"numgrasp": 304, "translation_d": 5.872570085541895e-09, "rotation_d": 4.5787019252075574e-05, "width_d": 0.003532249709839974}