{"numgrasp": 300, "translation_d": 5.537420416320178e-09, "rotation_d": 4.9066408500115225e-05, "width_d": 0.004001572711422736}