{"numgrasp": 292, "translation_d": 5.482992410998488e-09, "rotation_d": 4.80065424026819e-05, "width_d": 0.0038045876661088568}