{"numgrasp": 309, "translation_d": 5.852405459450901e-09, "rotation_d": 5.00164928193694e-05, "width_d": 0.0035850248922347384}