{"numgrasp": 314, "translation_d": 5.628457599470671e-09, "rotation_d": 5.001581859579516e-05, "width_d": 0.003652094383367354}