{"numgrasp": 313, "translation_d": 5.950527204798405e-09, "rotation_d": 5.0038195117131014e-05, "width_d": 0.0032242412196023355}