{"numgrasp": 325, "translation_d": 5.85997079362149e-09, "rotation_d": 5.1069344224828405e-05, "width_d": 0.0029980789835277115}