{"numgrasp": 328, "translation_d": 6.0745816811123536e-09, "rotation_d": 5.32365152514875e-05, "width_d": 0.0027203001508077735}