{"numgrasp": 312, "translation_d": 5.778880303326041e-09, "rotation_d": 5.296690012231538e-05, "width_d": 0.0025521399061325624}