{"numgrasp": 317, "translation_d": 5.519874198012574e-09, "rotation_d": 5.5109589547350415e-05, "width_d": 0.002131882658612919}