{"numgrasp": 309, "translation_d": 5.200920635148224e-09, "rotation_d": 5.604551128989889e-05, "width_d": 0.0019851578696792474}