{"numgrasp": 314, "translation_d": 5.350601952975523e-09, "rotation_d": 5.737390985334886e-05, "width_d": 0.0022159579646763095}