{"numgrasp": 316, "translation_d": 5.431937263788376e-09, "rotation_d": 5.5869731625686477e-05, "width_d": 0.002777527448736863}