{"numgrasp": 313, "translation_d": 5.562198316952021e-09, "rotation_d": 5.3522093834773244e-05, "width_d": 0.0037194284866064126}