{"numgrasp": 305, "translation_d": 5.856844691239748e-09, "rotation_d": 5.28751143119175e-05, "width_d": 0.00387690434958925}