{"numgrasp": 310, "translation_d": 5.766640979827242e-09, "rotation_d": 5.141297960012327e-05, "width_d": 0.004431489773229632}