{"numgrasp": 272, "translation_d": 5.868268153899859e-09, "rotation_d": 5.37283095410527e-05, "width_d": 0.005291203583796129}