{"numgrasp": 318, "translation_d": 5.255254552446086e-09, "rotation_d": 5.606050107011112e-05, "width_d": 0.0036697352238083984}