{"numgrasp": 309, "translation_d": 5.4998162113185114e-09, "rotation_d": 5.560347223726913e-05, "width_d": 0.003151103332815023}