{"numgrasp": 295, "translation_d": 5.2259750230901035e-09, "rotation_d": 5.455213741188967e-05, "width_d": 0.0024077332384851015}