{"numgrasp": 253, "translation_d": 6.336621018630411e-09, "rotation_d": 5.408373540186869e-05, "width_d": 0.004758629217190991}