{"numgrasp": 305, "translation_d": 4.811351069909482e-09, "rotation_d": 5.400118739331396e-05, "width_d": 0.0035316954145469762}