{"numgrasp": 308, "translation_d": 5.000647143662114e-09, "rotation_d": 5.4529268201459074e-05, "width_d": 0.0040917932905731825}