{"numgrasp": 302, "translation_d": 5.418899681176999e-09, "rotation_d": 5.449457707890573e-05, "width_d": 0.00521318539141712}