{"numgrasp": 243, "translation_d": 6.832183238214484e-09, "rotation_d": 5.662856939101592e-05, "width_d": 0.0030024493512737483}