{"numgrasp": 239, "translation_d": 6.8197112777665356e-09, "rotation_d": 5.732691477069322e-05, "width_d": 0.0027950912042068233}