{"numgrasp": 259, "translation_d": 6.426964991460977e-09, "rotation_d": 5.386808553262236e-05, "width_d": 0.0033338421456131423}