{"numgrasp": 265, "translation_d": 6.21574312711896e-09, "rotation_d": 5.086068808198276e-05, "width_d": 0.00392355696194041}