{"numgrasp": 294, "translation_d": 6.4591462937239355e-09, "rotation_d": 5.107679448206365e-05, "width_d": 0.004393501921740993}