{"numgrasp": 285, "translation_d": 5.933107584463461e-09, "rotation_d": 5.028619358448593e-05, "width_d": 0.004717285643169579}