{"numgrasp": 227, "translation_d": 6.5409879569306535e-09, "rotation_d": 5.7371606396266015e-05, "width_d": 0.003228060047499882}