{"numgrasp": 284, "translation_d": 5.887632850197354e-09, "rotation_d": 5.091468451053418e-05, "width_d": 0.006732313993448555}