{"numgrasp": 270, "translation_d": 6.2578272283261905e-09, "rotation_d": 4.565380678988774e-05, "width_d": 0.007355792187356521}