{"numgrasp": 260, "translation_d": 5.938598068819083e-09, "rotation_d": 4.609907829658693e-05, "width_d": 0.00609552865154629}