{"numgrasp": 280, "translation_d": 6.202040729060069e-09, "rotation_d": 4.619114434748611e-05, "width_d": 0.00552834295152803}