{"numgrasp": 288, "translation_d": 6.306903153984744e-09, "rotation_d": 4.6119006153382115e-05, "width_d": 0.005289973970791804}