{"numgrasp": 275, "translation_d": 6.02538357179003e-09, "rotation_d": 4.49449764162638e-05, "width_d": 0.004416037114662904}