{"numgrasp": 247, "translation_d": 6.400287976195574e-09, "rotation_d": 5.074641573929533e-05, "width_d": 0.002622594128912385}