{"numgrasp": 283, "translation_d": 5.999214577045449e-09, "rotation_d": 4.340292163625836e-05, "width_d": 0.003448816361151442}