{"numgrasp": 287, "translation_d": 5.924100754104569e-09, "rotation_d": 4.31926968499957e-05, "width_d": 0.00402023611024485}