{"numgrasp": 283, "translation_d": 6.057946492148861e-09, "rotation_d": 4.328820875324573e-05, "width_d": 0.00431868827234459}