{"numgrasp": 282, "translation_d": 5.873386958286894e-09, "rotation_d": 4.278333856993719e-05, "width_d": 0.006038266034039708}