{"numgrasp": 286, "translation_d": 6.126190602758238e-09, "rotation_d": 4.2658540623154375e-05, "width_d": 0.006841388670517279}