{"numgrasp": 271, "translation_d": 6.145348592490781e-09, "rotation_d": 4.3257860532386806e-05, "width_d": 0.0069108265403136585}