{"numgrasp": 277, "translation_d": 6.064156922169223e-09, "rotation_d": 4.852758968091787e-05, "width_d": 0.006870960970296127}