{"numgrasp": 293, "translation_d": 6.4300489528269164e-09, "rotation_d": 4.919642831696356e-05, "width_d": 0.006131270536529486}