{"numgrasp": 249, "translation_d": 6.8898582664243215e-09, "rotation_d": 5.64316028215702e-05, "width_d": 0.004534402511188532}