{"numgrasp": 300, "translation_d": 5.960964080351034e-09, "rotation_d": 4.771884747022561e-05, "width_d": 0.004147439800633695}