{"numgrasp": 297, "translation_d": 6.044080151830944e-09, "rotation_d": 4.627632334523936e-05, "width_d": 0.003853175028874307}