{"numgrasp": 302, "translation_d": 6.181089861372794e-09, "rotation_d": 4.692096326174835e-05, "width_d": 0.003580793039843622}