{"numgrasp": 302, "translation_d": 6.251128968334402e-09, "rotation_d": 5.1576423864376834e-05, "width_d": 0.0029337466246697366}