{"numgrasp": 303, "translation_d": 5.719324343249109e-09, "rotation_d": 5.4153574039345316e-05, "width_d": 0.0036457681022850443}