{"numgrasp": 312, "translation_d": 6.240537881870792e-09, "rotation_d": 5.3591964915741894e-05, "width_d": 0.0039043915943656497}