{"numgrasp": 306, "translation_d": 6.1871580578599795e-09, "rotation_d": 5.4807382559308226e-05, "width_d": 0.004672473938270912}