{"numgrasp": 345, "translation_d": 5.9463861866579934e-09, "rotation_d": 3.9189316525368294e-05, "width_d": 0.00331785760892742}