{"numgrasp": 346, "translation_d": 6.063267731391706e-09, "rotation_d": 5.424629377620884e-05, "width_d": 0.004476139971881449}