{"numgrasp": 340, "translation_d": 5.809605870797646e-09, "rotation_d": 5.239198686850487e-05, "width_d": 0.005250723196286169}