{"numgrasp": 339, "translation_d": 5.4843963251214655e-09, "rotation_d": 4.529875892656603e-05, "width_d": 0.0050098803017010925}