{"numgrasp": 355, "translation_d": 5.290864474311373e-09, "rotation_d": 4.503802797738024e-05, "width_d": 0.004951078614705961}