{"numgrasp": 355, "translation_d": 5.892310826028924e-09, "rotation_d": 4.974354743494507e-05, "width_d": 0.003835189217048657}