{"numgrasp": 354, "translation_d": 5.529746340792452e-09, "rotation_d": 4.990275769216308e-05, "width_d": 0.0035644204939040084}