{"numgrasp": 338, "translation_d": 5.546359354753764e-09, "rotation_d": 5.058204862814319e-05, "width_d": 0.0035975744382766846}