{"numgrasp": 287, "translation_d": 5.614567338957879e-09, "rotation_d": 4.408071882950237e-05, "width_d": 0.0058744192701271165}