{"numgrasp": 366, "translation_d": 5.4661324757331744e-09, "rotation_d": 4.00301330640654e-05, "width_d": 0.0035161537746041926}