{"numgrasp": 350, "translation_d": 5.300910904741415e-09, "rotation_d": 4.0357239531806485e-05, "width_d": 0.004169323549387608}