{"numgrasp": 292, "translation_d": 5.7532755107058194e-09, "rotation_d": 4.333246298583767e-05, "width_d": 0.006230174439199902}