{"numgrasp": 348, "translation_d": 5.457434129389914e-09, "rotation_d": 4.1754815021021043e-05, "width_d": 0.004536867700360752}