{"numgrasp": 316, "translation_d": 5.013788411708372e-09, "rotation_d": 4.1409468133396816e-05, "width_d": 0.004956091063750027}