{"numgrasp": 302, "translation_d": 5.017478124949313e-09, "rotation_d": 4.2793625705408644e-05, "width_d": 0.004929882015585535}