{"numgrasp": 341, "translation_d": 5.177209589783735e-09, "rotation_d": 4.253491665590955e-05, "width_d": 0.004429497413731787}