{"numgrasp": 332, "translation_d": 5.38551332271519e-09, "rotation_d": 4.098541939503864e-05, "width_d": 0.004268823109773977}