{"numgrasp": 343, "translation_d": 5.494014294813761e-09, "rotation_d": 3.9560006168739694e-05, "width_d": 0.0036290511894120202}