{"numgrasp": 358, "translation_d": 5.760642461364907e-09, "rotation_d": 4.070884289848408e-05, "width_d": 0.003725896757210396}