{"numgrasp": 320, "translation_d": 5.588313953237809e-09, "rotation_d": 4.252411727571025e-05, "width_d": 0.006649451514957296}