{"numgrasp": 345, "translation_d": 5.778436475972865e-09, "rotation_d": 4.100545836578777e-05, "width_d": 0.003648299943887206}