{"numgrasp": 348, "translation_d": 5.660122013647206e-09, "rotation_d": 5.1668994971226e-05, "width_d": 0.0036795660844101794}