{"numgrasp": 339, "translation_d": 5.330391593473358e-09, "rotation_d": 4.917269757977846e-05, "width_d": 0.004070112593885601}