{"numgrasp": 285, "translation_d": 4.867619434683358e-09, "rotation_d": 4.873810182103678e-05, "width_d": 0.005144979056796251}