{"numgrasp": 299, "translation_d": 5.075573003364321e-09, "rotation_d": 4.894206138209052e-05, "width_d": 0.00538954551082627}