{"numgrasp": 280, "translation_d": 5.190074301683735e-09, "rotation_d": 5.19976007513562e-05, "width_d": 0.005651606715878909}