{"numgrasp": 302, "translation_d": 5.76564453499616e-09, "rotation_d": 4.442437721187755e-05, "width_d": 0.006615715414037223}