{"numgrasp": 320, "translation_d": 5.166223566111973e-09, "rotation_d": 5.4697816118648805e-05, "width_d": 0.004714863158992535}