{"numgrasp": 340, "translation_d": 5.538381785287596e-09, "rotation_d": 5.528866621963113e-05, "width_d": 0.004757361738920573}