{"numgrasp": 333, "translation_d": 5.7366077704441644e-09, "rotation_d": 5.6408454525406786e-05, "width_d": 0.0045536769731754296}