{"numgrasp": 354, "translation_d": 5.613966586687083e-09, "rotation_d": 5.715082235320012e-05, "width_d": 0.003977265081756668}