{"numgrasp": 340, "translation_d": 5.504033573480051e-09, "rotation_d": 6.113481413519347e-05, "width_d": 0.004093536983563841}