{"numgrasp": 347, "translation_d": 5.2823927709669656e-09, "rotation_d": 6.121845604964429e-05, "width_d": 0.004069814867217002}