{"numgrasp": 318, "translation_d": 5.144071681247352e-09, "rotation_d": 5.735486010215683e-05, "width_d": 0.0050070536309265}