{"numgrasp": 296, "translation_d": 5.167693404164321e-09, "rotation_d": 5.667995986639989e-05, "width_d": 0.005706805444769122}