{"numgrasp": 316, "translation_d": 4.780138873410555e-09, "rotation_d": 5.448248043874704e-05, "width_d": 0.005742113044284676}