{"numgrasp": 328, "translation_d": 4.772557576852938e-09, "rotation_d": 5.424416924074079e-05, "width_d": 0.005781237285683732}