{"numgrasp": 298, "translation_d": 4.882586179716603e-09, "rotation_d": 5.672309159289138e-05, "width_d": 0.006071983006013779}