{"numgrasp": 297, "translation_d": 4.711015588508927e-09, "rotation_d": 5.6616229454704655e-05, "width_d": 0.005814587980901338}