{"numgrasp": 297, "translation_d": 6.998099968606464e-09, "rotation_d": 5.248364830467328e-05, "width_d": 0.004171807524673302}