{"numgrasp": 344, "translation_d": 5.269755429523237e-09, "rotation_d": 5.832984930834419e-05, "width_d": 0.005277261212187616}