{"numgrasp": 357, "translation_d": 5.215218797614059e-09, "rotation_d": 5.748370562541971e-05, "width_d": 0.004321504395392313}