{"numgrasp": 323, "translation_d": 5.7345692749913636e-09, "rotation_d": 4.119854994202731e-05, "width_d": 0.005822760949456308}