{"numgrasp": 343, "translation_d": 5.261470410407603e-09, "rotation_d": 4.5695127810063045e-05, "width_d": 0.004232580890178304}