{"numgrasp": 355, "translation_d": 5.271123614757529e-09, "rotation_d": 4.939743188353615e-05, "width_d": 0.004412176568891597}