{"numgrasp": 347, "translation_d": 5.3514139301218695e-09, "rotation_d": 5.182229502108584e-05, "width_d": 0.004612351638468872}