{"numgrasp": 340, "translation_d": 5.097437155250008e-09, "rotation_d": 5.427439170132692e-05, "width_d": 0.005655181153876644}