{"numgrasp": 263, "translation_d": 4.4350178445652145e-09, "rotation_d": 5.0142135905348616e-05, "width_d": 0.006954051892833822}