{"numgrasp": 281, "translation_d": 4.6807683883732085e-09, "rotation_d": 4.8434159163864635e-05, "width_d": 0.00623036676475316}