{"numgrasp": 332, "translation_d": 5.1018555975491485e-09, "rotation_d": 4.89405160418131e-05, "width_d": 0.0061369873170028}