{"numgrasp": 333, "translation_d": 5.377656784313153e-09, "rotation_d": 4.9575828202407566e-05, "width_d": 0.005996745166875458}