{"numgrasp": 355, "translation_d": 5.680585950687846e-09, "rotation_d": 4.429344797099965e-05, "width_d": 0.0049313079390803155}