{"numgrasp": 319, "translation_d": 5.356310242175181e-09, "rotation_d": 3.628870413950723e-05, "width_d": 0.0048867520375554105}