{"numgrasp": 338, "translation_d": 5.270537194182335e-09, "rotation_d": 3.919420846230563e-05, "width_d": 0.005182288612278505}