{"numgrasp": 355, "translation_d": 5.265063713645355e-09, "rotation_d": 4.7326016221159446e-05, "width_d": 0.005939469831206727}