{"numgrasp": 356, "translation_d": 5.348899577319402e-09, "rotation_d": 4.297126802311268e-05, "width_d": 0.0061244206753681635}