{"numgrasp": 341, "translation_d": 5.062705218405929e-09, "rotation_d": 4.395762870480501e-05, "width_d": 0.006377007962783257}