{"numgrasp": 329, "translation_d": 4.892725588773815e-09, "rotation_d": 4.46748595101456e-05, "width_d": 0.006750190363267731}