{"numgrasp": 307, "translation_d": 4.73648529783325e-09, "rotation_d": 4.6356830378300674e-05, "width_d": 0.006880229294878866}