{"numgrasp": 286, "translation_d": 4.47449598609022e-09, "rotation_d": 4.617345492078145e-05, "width_d": 0.007410723080441129}