{"numgrasp": 305, "translation_d": 5.760189684652256e-09, "rotation_d": 3.8368901335197934e-05, "width_d": 0.004863150895797427}