{"numgrasp": 320, "translation_d": 5.778249588632303e-09, "rotation_d": 3.912792985029096e-05, "width_d": 0.0048995379530478375}