{"numgrasp": 305, "translation_d": 5.891474341859362e-09, "rotation_d": 3.952158110002744e-05, "width_d": 0.004369458823441926}