{"numgrasp": 299, "translation_d": 6.483848720896874e-09, "rotation_d": 5.0178536296923326e-05, "width_d": 0.004353092188434592}