{"numgrasp": 332, "translation_d": 5.8949142425960775e-09, "rotation_d": 3.6693663013000915e-05, "width_d": 0.003948180547834496}