{"numgrasp": 342, "translation_d": 5.967199949126203e-09, "rotation_d": 3.79242239998871e-05, "width_d": 0.0039762918208463595}