{"numgrasp": 334, "translation_d": 5.886552752730664e-09, "rotation_d": 4.1011624165557094e-05, "width_d": 0.004428964158954753}