{"numgrasp": 327, "translation_d": 5.719337844066129e-09, "rotation_d": 4.205906915324137e-05, "width_d": 0.004481975159256293}