{"numgrasp": 327, "translation_d": 5.652074902424784e-09, "rotation_d": 4.296001455991747e-05, "width_d": 0.004717357053375352}