{"numgrasp": 350, "translation_d": 6.005870256948526e-09, "rotation_d": 4.5154694664612286e-05, "width_d": 0.005044359057898522}