{"numgrasp": 335, "translation_d": 5.851920764028957e-09, "rotation_d": 4.7737598265627875e-05, "width_d": 0.005461518921612159}