{"numgrasp": 350, "translation_d": 5.927269367913706e-09, "rotation_d": 4.826634917359547e-05, "width_d": 0.005687865822318366}