{"numgrasp": 356, "translation_d": 6.0533686625996454e-09, "rotation_d": 4.791463021184999e-05, "width_d": 0.0057406286603112165}