{"numgrasp": 335, "translation_d": 5.8877164099109275e-09, "rotation_d": 5.593917612277757e-05, "width_d": 0.006298161258293906}