{"numgrasp": 328, "translation_d": 5.680572168790491e-09, "rotation_d": 5.5899141855267565e-05, "width_d": 0.005990135530646429}