{"numgrasp": 334, "translation_d": 5.935675748322542e-09, "rotation_d": 5.559752821808759e-05, "width_d": 0.005645852124297083}