{"numgrasp": 356, "translation_d": 5.867103795442399e-09, "rotation_d": 4.804055637346051e-05, "width_d": 0.003881227816547563}