{"numgrasp": 343, "translation_d": 5.833060533446864e-09, "rotation_d": 5.563568616348094e-05, "width_d": 0.003744507344292269}