{"numgrasp": 358, "translation_d": 6.042666890876645e-09, "rotation_d": 5.827383865694884e-05, "width_d": 0.004605417210846031}