{"numgrasp": 339, "translation_d": 6.042715861550703e-09, "rotation_d": 5.9563126451306876e-05, "width_d": 0.005406199699106358}