{"numgrasp": 319, "translation_d": 6.163234382957025e-09, "rotation_d": 6.0054787056645814e-05, "width_d": 0.005897904880117289}