{"numgrasp": 333, "translation_d": 6.017450386308892e-09, "rotation_d": 5.867428398317772e-05, "width_d": 0.005302842361877083}