{"numgrasp": 269, "translation_d": 5.8812970299494375e-09, "rotation_d": 4.4475305693430215e-05, "width_d": 0.005183966979193432}