{"numgrasp": 359, "translation_d": 6.084258165741034e-09, "rotation_d": 5.8096180374755795e-05, "width_d": 0.003400494716558725}