{"numgrasp": 271, "translation_d": 6.1137731157090745e-09, "rotation_d": 4.3869274600089544e-05, "width_d": 0.005230440463446802}