{"numgrasp": 333, "translation_d": 5.7793312413122375e-09, "rotation_d": 4.8435624220990035e-05, "width_d": 0.005617132442846567}