{"numgrasp": 341, "translation_d": 5.804726505696369e-09, "rotation_d": 4.8086091919111e-05, "width_d": 0.005723767010333909}