{"numgrasp": 349, "translation_d": 5.851071768663378e-09, "rotation_d": 4.9349010679467006e-05, "width_d": 0.005882323594768687}