{"numgrasp": 329, "translation_d": 6.002112325231211e-09, "rotation_d": 4.868507184097101e-05, "width_d": 0.0058527514937099295}