{"numgrasp": 306, "translation_d": 5.862672447001009e-09, "rotation_d": 4.935887492632779e-05, "width_d": 0.0053499286153844096}