{"numgrasp": 346, "translation_d": 5.5972419530286455e-09, "rotation_d": 4.951540477777418e-05, "width_d": 0.004945725274009944}