{"numgrasp": 315, "translation_d": 5.915200353300718e-09, "rotation_d": 5.020488690497384e-05, "width_d": 0.004356652569676074}