{"numgrasp": 307, "translation_d": 5.579901094079967e-09, "rotation_d": 4.944572344387864e-05, "width_d": 0.004057388660796023}