{"numgrasp": 292, "translation_d": 5.445199097357445e-09, "rotation_d": 5.122133432153788e-05, "width_d": 0.004205054114769749}