{"numgrasp": 294, "translation_d": 5.330728974133529e-09, "rotation_d": 5.160073673488219e-05, "width_d": 0.0045058205929775046}