{"numgrasp": 306, "translation_d": 5.346057374769488e-09, "rotation_d": 5.157433597360985e-05, "width_d": 0.004641042345943263}