{"numgrasp": 315, "translation_d": 5.469551799635127e-09, "rotation_d": 5.073044897610102e-05, "width_d": 0.004702314771200247}