{"numgrasp": 325, "translation_d": 5.643500067646983e-09, "rotation_d": 5.120735398413577e-05, "width_d": 0.005542142394714269}