{"numgrasp": 406, "translation_d": 7.209174340083708e-09, "rotation_d": 4.778193221521547e-05, "width_d": 0.006175610377168295}