{"numgrasp": 325, "translation_d": 5.28725851518068e-09, "rotation_d": 5.069997558597599e-05, "width_d": 0.005046227331173186}