{"numgrasp": 303, "translation_d": 5.3323369687005685e-09, "rotation_d": 5.035934808528184e-05, "width_d": 0.004873846780242805}