{"numgrasp": 313, "translation_d": 5.366071034392667e-09, "rotation_d": 5.2347282430513633e-05, "width_d": 0.004041088551780679}