{"numgrasp": 309, "translation_d": 5.124509937523436e-09, "rotation_d": 5.185564585541875e-05, "width_d": 0.0039903396666333656}