{"numgrasp": 326, "translation_d": 5.407159608965384e-09, "rotation_d": 5.197996660711363e-05, "width_d": 0.004370452709839521}