{"numgrasp": 316, "translation_d": 5.4716800872421675e-09, "rotation_d": 5.0963683118564583e-05, "width_d": 0.004493778820879009}