{"numgrasp": 389, "translation_d": 6.849106481679354e-09, "rotation_d": 4.735940328665231e-05, "width_d": 0.006377974622414472}