{"numgrasp": 324, "translation_d": 5.115566672028839e-09, "rotation_d": 5.1513432896322866e-05, "width_d": 0.005890284454444708}