{"numgrasp": 313, "translation_d": 5.099326029873226e-09, "rotation_d": 6.655928614954137e-05, "width_d": 0.00617464134230123}