{"numgrasp": 352, "translation_d": 5.139989505317495e-09, "rotation_d": 5.369591097006442e-05, "width_d": 0.006273840290627639}