{"numgrasp": 339, "translation_d": 5.114623994772631e-09, "rotation_d": 5.2875811596303e-05, "width_d": 0.004357569579070204}