{"numgrasp": 320, "translation_d": 5.062119395100634e-09, "rotation_d": 5.16370425795619e-05, "width_d": 0.004065716392884583}