{"numgrasp": 327, "translation_d": 5.287573986177352e-09, "rotation_d": 5.2126796846424296e-05, "width_d": 0.004095087473995455}