{"numgrasp": 325, "translation_d": 4.922913945136333e-09, "rotation_d": 5.268033002381227e-05, "width_d": 0.003864162056375535}