{"numgrasp": 357, "translation_d": 5.010977911774681e-09, "rotation_d": 5.079704465673121e-05, "width_d": 0.004078321322123585}