{"numgrasp": 339, "translation_d": 4.95556997549431e-09, "rotation_d": 5.2489998612043993e-05, "width_d": 0.003990908774163937}