{"numgrasp": 361, "translation_d": 4.770817864755256e-09, "rotation_d": 5.337433930555052e-05, "width_d": 0.0046656519233518184}