{"numgrasp": 365, "translation_d": 4.774832167900748e-09, "rotation_d": 5.444984332086558e-05, "width_d": 0.005266071173559638}