{"numgrasp": 393, "translation_d": 4.924108225809907e-09, "rotation_d": 5.4549074943938936e-05, "width_d": 0.005487406259763792}