{"numgrasp": 385, "translation_d": 4.718496484881576e-09, "rotation_d": 5.57040180572377e-05, "width_d": 0.006040551710734466}