{"numgrasp": 405, "translation_d": 4.542167491877424e-09, "rotation_d": 5.353276810539809e-05, "width_d": 0.00614644901613596}