{"numgrasp": 422, "translation_d": 4.560975400989096e-09, "rotation_d": 5.297602745365178e-05, "width_d": 0.005731340658644256}