{"numgrasp": 377, "translation_d": 4.897787100531861e-09, "rotation_d": 4.796529457793325e-05, "width_d": 0.0043462511493654234}