{"numgrasp": 394, "translation_d": 4.61288661980373e-09, "rotation_d": 4.8248143936085045e-05, "width_d": 0.004481319052714989}