{"numgrasp": 421, "translation_d": 4.498435324057066e-09, "rotation_d": 4.8758236101132687e-05, "width_d": 0.004972031044703797}