{"numgrasp": 390, "translation_d": 6.809045561180277e-09, "rotation_d": 5.145812267627118e-05, "width_d": 0.005483513910081577}