{"numgrasp": 413, "translation_d": 4.565279560633897e-09, "rotation_d": 5.047682297805248e-05, "width_d": 0.005919456836361843}