{"numgrasp": 402, "translation_d": 4.456921025553089e-09, "rotation_d": 5.050035466700592e-05, "width_d": 0.006218652908992882}