{"numgrasp": 372, "translation_d": 4.627599006269205e-09, "rotation_d": 4.6251867523480646e-05, "width_d": 0.0068264408032783054}