{"numgrasp": 389, "translation_d": 4.321322532928803e-09, "rotation_d": 4.56885716405228e-05, "width_d": 0.006731011835965437}