{"numgrasp": 401, "translation_d": 4.552877517287642e-09, "rotation_d": 4.608224305511154e-05, "width_d": 0.00625240559080922}