{"numgrasp": 387, "translation_d": 4.423290191310519e-09, "rotation_d": 4.582409773618484e-05, "width_d": 0.0058728690611379525}