{"numgrasp": 394, "translation_d": 4.461310273261465e-09, "rotation_d": 4.5919643834968824e-05, "width_d": 0.005806864530971324}