{"numgrasp": 406, "translation_d": 4.6371417954939205e-09, "rotation_d": 4.612140894296003e-05, "width_d": 0.005040980306351533}