{"numgrasp": 417, "translation_d": 4.5916949408082965e-09, "rotation_d": 4.6396621469312014e-05, "width_d": 0.004560075163272929}