{"numgrasp": 409, "translation_d": 6.957185475978525e-09, "rotation_d": 5.033053831523498e-05, "width_d": 0.005049199326802569}