{"numgrasp": 414, "translation_d": 4.2670613854515995e-09, "rotation_d": 4.6142723202461214e-05, "width_d": 0.00600483516822292}