{"numgrasp": 394, "translation_d": 4.370343832175511e-09, "rotation_d": 4.494925943240182e-05, "width_d": 0.006300295098280707}