{"numgrasp": 390, "translation_d": 4.367454801591264e-09, "rotation_d": 4.473431646400473e-05, "width_d": 0.0065059942207273715}