{"numgrasp": 397, "translation_d": 4.351294012557138e-09, "rotation_d": 4.49691512962733e-05, "width_d": 0.007176976593132445}