{"numgrasp": 402, "translation_d": 6.7153507458274175e-09, "rotation_d": 4.9704201650697636e-05, "width_d": 0.0041790867239765}