{"numgrasp": 395, "translation_d": 6.779151522062444e-09, "rotation_d": 4.978275850931138e-05, "width_d": 0.00427689115181638}