{"numgrasp": 405, "translation_d": 6.7239985853945455e-09, "rotation_d": 5.4045185221116915e-05, "width_d": 0.004808897451290134}