{"numgrasp": 392, "translation_d": 6.526420919659911e-09, "rotation_d": 5.3328388825950205e-05, "width_d": 0.005872854258040136}