{"numgrasp": 393, "translation_d": 6.494130200763674e-09, "rotation_d": 5.3726380259098325e-05, "width_d": 0.006325215325754195}