{"numgrasp": 382, "translation_d": 6.266565712815537e-09, "rotation_d": 5.36004999117501e-05, "width_d": 0.0060576877722716}