{"numgrasp": 396, "translation_d": 6.415969213582408e-09, "rotation_d": 5.444024421878821e-05, "width_d": 0.005682186278537302}