{"numgrasp": 405, "translation_d": 6.443530111265986e-09, "rotation_d": 5.466998036083982e-05, "width_d": 0.005373323271491555}