{"numgrasp": 399, "translation_d": 6.470743272084213e-09, "rotation_d": 5.5449093146296046e-05, "width_d": 0.004417603598465746}