{"numgrasp": 371, "translation_d": 6.69002092247312e-09, "rotation_d": 5.4070610225632404e-05, "width_d": 0.004596832075405971}