{"numgrasp": 368, "translation_d": 6.439183742789889e-09, "rotation_d": 5.337015146714759e-05, "width_d": 0.00444012296226711}