{"numgrasp": 366, "translation_d": 6.255939025028721e-09, "rotation_d": 5.2401227308124765e-05, "width_d": 0.004753141714272088}