{"numgrasp": 372, "translation_d": 6.2868638620724975e-09, "rotation_d": 5.271525454550355e-05, "width_d": 0.005317724683799121}