{"numgrasp": 386, "translation_d": 6.3183656979508915e-09, "rotation_d": 5.319946502621579e-05, "width_d": 0.005416983099996205}