{"numgrasp": 427, "translation_d": 6.730011296892052e-09, "rotation_d": 4.749370463097293e-05, "width_d": 0.004991611160066623}