{"numgrasp": 377, "translation_d": 6.079645969868734e-09, "rotation_d": 5.2944518647417724e-05, "width_d": 0.00579144365597554}