{"numgrasp": 386, "translation_d": 6.070158239150371e-09, "rotation_d": 5.940312967405254e-05, "width_d": 0.005923562905926607}