{"numgrasp": 399, "translation_d": 6.063492893780959e-09, "rotation_d": 0.0002572430187469353, "width_d": 0.006155427249287583}