{"numgrasp": 358, "translation_d": 6.062518092740577e-09, "rotation_d": 5.226435209027131e-05, "width_d": 0.006374083023912114}