{"numgrasp": 356, "translation_d": 6.510849851249983e-09, "rotation_d": 5.154156397728069e-05, "width_d": 0.006123609344971306}