{"numgrasp": 361, "translation_d": 6.084866263630129e-09, "rotation_d": 5.018389918351979e-05, "width_d": 0.0060585195605466925}