{"numgrasp": 364, "translation_d": 6.2349666406651e-09, "rotation_d": 4.978407592730792e-05, "width_d": 0.005886108329403597}