{"numgrasp": 356, "translation_d": 6.227860252414452e-09, "rotation_d": 5.016030656741468e-05, "width_d": 0.00520673553067147}