{"numgrasp": 369, "translation_d": 6.320636202116452e-09, "rotation_d": 5.033337901715486e-05, "width_d": 0.004997576881556524}