{"numgrasp": 384, "translation_d": 6.371666361476796e-09, "rotation_d": 4.884074559553307e-05, "width_d": 0.004649961752405312}