{"numgrasp": 363, "translation_d": 6.39364186290429e-09, "rotation_d": 5.089864636372165e-05, "width_d": 0.004443623755501872}