{"numgrasp": 358, "translation_d": 6.44585765022908e-09, "rotation_d": 5.109804884416395e-05, "width_d": 0.004398636389977497}