{"numgrasp": 362, "translation_d": 6.1693585346207345e-09, "rotation_d": 5.067636770266019e-05, "width_d": 0.004288136519031391}