{"numgrasp": 346, "translation_d": 6.254017328997052e-09, "rotation_d": 5.010628235781099e-05, "width_d": 0.004086152191124256}