{"numgrasp": 330, "translation_d": 6.3069290223190604e-09, "rotation_d": 4.907193732933471e-05, "width_d": 0.00450080390467647}