{"numgrasp": 334, "translation_d": 6.105163955399665e-09, "rotation_d": 4.711491240904711e-05, "width_d": 0.004446265515081392}