{"numgrasp": 350, "translation_d": 5.932421534530388e-09, "rotation_d": 4.7350979993881894e-05, "width_d": 0.00530419971605094}