{"numgrasp": 390, "translation_d": 5.664925688999587e-09, "rotation_d": 3.605878237100305e-05, "width_d": 0.003557174909493142}