{"numgrasp": 393, "translation_d": 6.055559029553633e-09, "rotation_d": 3.796422374018552e-05, "width_d": 0.003493347902754047}