{"numgrasp": 396, "translation_d": 6.026206489636653e-09, "rotation_d": 3.733455590816044e-05, "width_d": 0.003339625618237423}