{"numgrasp": 401, "translation_d": 5.897357832002431e-09, "rotation_d": 2.5790485612368838e-05, "width_d": 0.003224348408950128}