{"numgrasp": 413, "translation_d": 5.894168623252517e-09, "rotation_d": 2.6036647804732426e-05, "width_d": 0.003285721001615604}