{"numgrasp": 407, "translation_d": 6.710445122741936e-09, "rotation_d": 4.391221722073647e-05, "width_d": 0.004018087414797188}