{"numgrasp": 393, "translation_d": 5.762063944312015e-09, "rotation_d": 2.5978270041472755e-05, "width_d": 0.0032805988662256026}