{"numgrasp": 348, "translation_d": 5.859840367220568e-09, "rotation_d": 2.6397933244009813e-05, "width_d": 0.0031516573100771623}