{"numgrasp": 316, "translation_d": 5.549404025681865e-09, "rotation_d": 3.019355744281048e-05, "width_d": 0.0037880135153808333}