{"numgrasp": 376, "translation_d": 5.275699287299485e-09, "rotation_d": 3.498906058848674e-05, "width_d": 0.0035657324727117914}