{"numgrasp": 381, "translation_d": 5.5220537380605035e-09, "rotation_d": 3.460048416977836e-05, "width_d": 0.0032100606316388855}