{"numgrasp": 403, "translation_d": 5.776112212785371e-09, "rotation_d": 3.3721033507805164e-05, "width_d": 0.003463301755511077}