{"numgrasp": 387, "translation_d": 5.4243136007968654e-09, "rotation_d": 5.042537557477454e-05, "width_d": 0.0037438414284695393}