{"numgrasp": 395, "translation_d": 5.289738845066985e-09, "rotation_d": 5.035559233048209e-05, "width_d": 0.003683224543994723}