{"numgrasp": 396, "translation_d": 5.336186857838638e-09, "rotation_d": 4.99895482293623e-05, "width_d": 0.003440315076039913}