{"numgrasp": 410, "translation_d": 5.51435166773803e-09, "rotation_d": 5.0913627143241336e-05, "width_d": 0.003592755985129153}