{"numgrasp": 411, "translation_d": 5.3748249262943195e-09, "rotation_d": 5.1008022445349226e-05, "width_d": 0.003563050779901733}