{"numgrasp": 412, "translation_d": 5.3321111245247745e-09, "rotation_d": 5.282452178132406e-05, "width_d": 0.0034590824608916712}