{"numgrasp": 374, "translation_d": 5.2636404642951984e-09, "rotation_d": 5.885288625819645e-05, "width_d": 0.003971384092405657}