{"numgrasp": 415, "translation_d": 5.275650010416292e-09, "rotation_d": 6.643690875024527e-05, "width_d": 0.003937058985984179}