{"numgrasp": 433, "translation_d": 5.235239942439486e-09, "rotation_d": 6.498069714748752e-05, "width_d": 0.003541259096785467}