{"numgrasp": 418, "translation_d": 5.310454855091235e-09, "rotation_d": 6.321653727680864e-05, "width_d": 0.003823892504463105}