{"numgrasp": 404, "translation_d": 4.750898412494473e-09, "rotation_d": 6.505187277741144e-05, "width_d": 0.0042431121436427195}