{"numgrasp": 381, "translation_d": 6.38397150251592e-09, "rotation_d": 5.903566395296585e-05, "width_d": 0.0038705855916628157}