{"numgrasp": 421, "translation_d": 4.995998659205579e-09, "rotation_d": 6.591519229163334e-05, "width_d": 0.0038845811479757833}