{"numgrasp": 421, "translation_d": 4.933976728309559e-09, "rotation_d": 6.658167909161725e-05, "width_d": 0.004156032558622692}