{"numgrasp": 393, "translation_d": 4.829994786366625e-09, "rotation_d": 6.633728401448256e-05, "width_d": 0.0036892123317565115}