{"numgrasp": 408, "translation_d": 4.7958372001843965e-09, "rotation_d": 6.604177524326426e-05, "width_d": 0.0035872392104520827}