{"numgrasp": 392, "translation_d": 4.843145949303481e-09, "rotation_d": 4.2626156966117263e-05, "width_d": 0.0035855958582343994}