{"numgrasp": 382, "translation_d": 4.701650654607328e-09, "rotation_d": 4.8757002586837375e-05, "width_d": 0.0034128285588446404}