{"numgrasp": 396, "translation_d": 5.0452925489992145e-09, "rotation_d": 5.1643590862134495e-05, "width_d": 0.0034632917044124935}