{"numgrasp": 406, "translation_d": 4.8132922586471645e-09, "rotation_d": 5.766795228498708e-05, "width_d": 0.004093600895443241}