{"numgrasp": 387, "translation_d": 4.61917158731059e-09, "rotation_d": 6.014189834708255e-05, "width_d": 0.004328140859051852}