{"numgrasp": 414, "translation_d": 4.545349701861987e-09, "rotation_d": 6.0834644317160193e-05, "width_d": 0.004757521887490531}