{"numgrasp": 401, "translation_d": 6.358350682307813e-09, "rotation_d": 5.410793241237476e-05, "width_d": 0.003599656955864832}