{"numgrasp": 396, "translation_d": 4.5376588646166845e-09, "rotation_d": 4.727801897113323e-05, "width_d": 0.004411217725392278}