{"numgrasp": 395, "translation_d": 4.419563912741721e-09, "rotation_d": 4.589756065314493e-05, "width_d": 0.004211637328721702}