{"numgrasp": 411, "translation_d": 4.579955139202296e-09, "rotation_d": 4.519818603315883e-05, "width_d": 0.004329323100403699}