{"numgrasp": 396, "translation_d": 4.7672114433529745e-09, "rotation_d": 4.093071068151428e-05, "width_d": 0.004242061175814904}