{"numgrasp": 406, "translation_d": 6.694332526523119e-09, "rotation_d": 5.41634117710657e-05, "width_d": 0.004030114151106311}