{"numgrasp": 389, "translation_d": 4.569269860683336e-09, "rotation_d": 2.8581915598355644e-05, "width_d": 0.0036201349788658648}