{"numgrasp": 381, "translation_d": 4.470159687068822e-09, "rotation_d": 2.8351466281276743e-05, "width_d": 0.004162598377148611}