{"numgrasp": 398, "translation_d": 4.404953251477039e-09, "rotation_d": 2.7869254704333095e-05, "width_d": 0.003858693765040042}