{"numgrasp": 403, "translation_d": 4.626145971918959e-09, "rotation_d": 3.0135511038065366e-05, "width_d": 0.004167193301225956}