{"numgrasp": 390, "translation_d": 4.445400167446585e-09, "rotation_d": 3.1862821748106255e-05, "width_d": 0.004521470750927426}