{"numgrasp": 414, "translation_d": 6.312485817918531e-09, "rotation_d": 5.28942847499636e-05, "width_d": 0.00365718812940911}