{"numgrasp": 392, "translation_d": 4.3696777747840635e-09, "rotation_d": 3.529317684610464e-05, "width_d": 0.0048208038545304015}