{"numgrasp": 379, "translation_d": 4.547420455775679e-09, "rotation_d": 3.548788029444318e-05, "width_d": 0.004647349217001262}