{"numgrasp": 351, "translation_d": 4.198950850751777e-09, "rotation_d": 3.697963328770065e-05, "width_d": 0.004906849305716263}