{"numgrasp": 362, "translation_d": 4.124728233263735e-09, "rotation_d": 3.774026236265208e-05, "width_d": 0.005542245055757421}