{"numgrasp": 437, "translation_d": 6.516915502176139e-09, "rotation_d": 5.198553205918285e-05, "width_d": 0.0037665639351840575}