{"numgrasp": 375, "translation_d": 4.320689263973311e-09, "rotation_d": 3.1879753245050925e-05, "width_d": 0.004849264975613346}