{"numgrasp": 394, "translation_d": 4.351967532998596e-09, "rotation_d": 3.1645284028549614e-05, "width_d": 0.004356807190298224}