{"numgrasp": 369, "translation_d": 4.473424558859767e-09, "rotation_d": 3.2823298989530346e-05, "width_d": 0.004538870041572356}