{"numgrasp": 424, "translation_d": 6.4686034375914e-09, "rotation_d": 4.9984224654097755e-05, "width_d": 0.004004598463304356}