{"numgrasp": 351, "translation_d": 4.7418829729042774e-09, "rotation_d": 4.304873968119752e-05, "width_d": 0.004705350976733329}