{"numgrasp": 322, "translation_d": 4.766052395077687e-09, "rotation_d": 5.563730584732838e-05, "width_d": 0.005047994006741861}