{"numgrasp": 322, "translation_d": 4.787291862264357e-09, "rotation_d": 5.528690536640794e-05, "width_d": 0.00463962997025702}