{"numgrasp": 353, "translation_d": 4.367446655593026e-09, "rotation_d": 4.439899588999008e-05, "width_d": 0.004690836840338893}