{"numgrasp": 356, "translation_d": 4.080776131825951e-09, "rotation_d": 4.240403136604092e-05, "width_d": 0.005109148623391739}