{"numgrasp": 345, "translation_d": 4.326966182550839e-09, "rotation_d": 4.246130371192541e-05, "width_d": 0.005303836884440944}