{"numgrasp": 334, "translation_d": 4.264668521571081e-09, "rotation_d": 4.182774704856521e-05, "width_d": 0.005528086200799506}