{"numgrasp": 420, "translation_d": 6.4319270490054295e-09, "rotation_d": 4.744835997672079e-05, "width_d": 0.0034161856086075367}