{"numgrasp": 414, "translation_d": 6.389457420841734e-09, "rotation_d": 4.5451530395046984e-05, "width_d": 0.003495150572753169}