{"numgrasp": 420, "translation_d": 6.866148086330388e-09, "rotation_d": 3.38981101023097e-05, "width_d": 0.003525832661312582}