{"numgrasp": 423, "translation_d": 6.8725709087286e-09, "rotation_d": 4.4250130529592416e-05, "width_d": 0.0031861695692503643}