{"numgrasp": 410, "translation_d": 6.483875432974663e-09, "rotation_d": 4.80376123485659e-05, "width_d": 0.003679441553093075}