{"numgrasp": 441, "translation_d": 6.338224884856654e-09, "rotation_d": 5.384210563237541e-05, "width_d": 0.003784134834770093}