{"numgrasp": 406, "translation_d": 6.7309974894079275e-09, "rotation_d": 5.6983983558694904e-05, "width_d": 0.0034701657533381166}