{"numgrasp": 407, "translation_d": 6.438247773736531e-09, "rotation_d": 5.948616998952185e-05, "width_d": 0.003881029615221024}