{"numgrasp": 396, "translation_d": 6.382923919727713e-09, "rotation_d": 5.977141024529834e-05, "width_d": 0.0039588743712619}