{"numgrasp": 419, "translation_d": 6.495316751417548e-09, "rotation_d": 6.157281064269988e-05, "width_d": 0.0036410648303366053}