{"numgrasp": 418, "translation_d": 6.343830017942748e-09, "rotation_d": 6.198624608368378e-05, "width_d": 0.0037361891044993107}