{"numgrasp": 416, "translation_d": 6.385368356219358e-09, "rotation_d": 6.28916828648823e-05, "width_d": 0.0032618330294369867}