{"numgrasp": 416, "translation_d": 6.1618079269005504e-09, "rotation_d": 6.294207082314295e-05, "width_d": 0.003915504479951923}