{"numgrasp": 410, "translation_d": 6.517720849831311e-09, "rotation_d": 6.312769320311205e-05, "width_d": 0.0033886377914446233}