{"numgrasp": 381, "translation_d": 6.263830667823753e-09, "rotation_d": 6.442005547710969e-05, "width_d": 0.0036993953542050527}