{"numgrasp": 366, "translation_d": 6.177473397184896e-09, "rotation_d": 6.313629087550408e-05, "width_d": 0.003645998872694917}