{"numgrasp": 422, "translation_d": 6.830984071760719e-09, "rotation_d": 3.7180391574538975e-05, "width_d": 0.0034564412464619765}