{"numgrasp": 411, "translation_d": 6.194160671800088e-09, "rotation_d": 5.849525104875795e-05, "width_d": 0.0038837924698324417}