{"numgrasp": 383, "translation_d": 6.057125300763816e-09, "rotation_d": 5.5079785906867856e-05, "width_d": 0.0036278773726716555}