{"numgrasp": 396, "translation_d": 6.302783308521731e-09, "rotation_d": 4.929315745596916e-05, "width_d": 0.0033608080776507446}