{"numgrasp": 341, "translation_d": 6.156133359393637e-09, "rotation_d": 5.637153743774886e-05, "width_d": 0.003188542780996338}