{"numgrasp": 381, "translation_d": 5.3852526868256865e-09, "rotation_d": 4.268760380036343e-05, "width_d": 0.005383185019630914}