{"numgrasp": 415, "translation_d": 5.8546085192370995e-09, "rotation_d": 4.760410544318028e-05, "width_d": 0.005817970165520015}