{"numgrasp": 398, "translation_d": 5.128387108863239e-09, "rotation_d": 4.499396910423112e-05, "width_d": 0.005115951903534728}