{"numgrasp": 402, "translation_d": 5.246156702995019e-09, "rotation_d": 4.384282782835895e-05, "width_d": 0.005275928780923414}