{"numgrasp": 436, "translation_d": 4.82039720323846e-09, "rotation_d": 4.4541591608659535e-05, "width_d": 0.0051168249750265914}