{"numgrasp": 417, "translation_d": 5.210906790043757e-09, "rotation_d": 4.316988048316745e-05, "width_d": 0.005052861651447145}