{"numgrasp": 418, "translation_d": 4.903296600873968e-09, "rotation_d": 4.739210835017508e-05, "width_d": 0.005141729529422645}