{"numgrasp": 427, "translation_d": 4.83681783344457e-09, "rotation_d": 4.7935882219383783e-05, "width_d": 0.00484848264366576}