{"numgrasp": 439, "translation_d": 4.967993791580293e-09, "rotation_d": 4.7284143675001505e-05, "width_d": 0.004720061934483173}