{"numgrasp": 439, "translation_d": 4.925542848491001e-09, "rotation_d": 4.8202755006281057e-05, "width_d": 0.005091206741212734}