{"numgrasp": 438, "translation_d": 4.94013235723835e-09, "rotation_d": 4.697269450043102e-05, "width_d": 0.005257804248369942}