{"numgrasp": 425, "translation_d": 5.0974061132717825e-09, "rotation_d": 4.66197714162593e-05, "width_d": 0.005612523830824903}