{"numgrasp": 395, "translation_d": 5.0169474006410105e-09, "rotation_d": 4.653872423040269e-05, "width_d": 0.005290207497798402}