{"numgrasp": 367, "translation_d": 4.95641771503282e-09, "rotation_d": 4.539398180543292e-05, "width_d": 0.005104916578831972}