{"numgrasp": 385, "translation_d": 4.9521566130404574e-09, "rotation_d": 4.593618715695116e-05, "width_d": 0.005064771309425776}