{"numgrasp": 389, "translation_d": 5.086693054531232e-09, "rotation_d": 4.704561333593849e-05, "width_d": 0.005143204523587143}