{"numgrasp": 446, "translation_d": 4.648395271058362e-09, "rotation_d": 5.1100599701583215e-05, "width_d": 0.005390994853324326}