{"numgrasp": 422, "translation_d": 4.777782835213554e-09, "rotation_d": 5.422338037888022e-05, "width_d": 0.00474070435904381}