{"numgrasp": 423, "translation_d": 4.623496238361272e-09, "rotation_d": 5.273626709459029e-05, "width_d": 0.004959706281001083}