{"numgrasp": 414, "translation_d": 4.800184846053347e-09, "rotation_d": 5.424754203858276e-05, "width_d": 0.005032183184246932}