{"numgrasp": 426, "translation_d": 4.701060167205906e-09, "rotation_d": 5.546789496585749e-05, "width_d": 0.005506184779164521}