{"numgrasp": 446, "translation_d": 4.4256706195490666e-09, "rotation_d": 5.372798685566869e-05, "width_d": 0.0048913272584364354}