{"numgrasp": 426, "translation_d": 4.439412931708511e-09, "rotation_d": 5.390766936161541e-05, "width_d": 0.005509784002349552}