{"numgrasp": 452, "translation_d": 4.744723474455253e-09, "rotation_d": 5.355423374905941e-05, "width_d": 0.005228584752861336}