{"numgrasp": 381, "translation_d": 5.524718146796076e-09, "rotation_d": 4.891695123310862e-05, "width_d": 0.00611868812213429}