{"numgrasp": 420, "translation_d": 4.607601459971357e-09, "rotation_d": 5.304708874301081e-05, "width_d": 0.005266995497817433}