{"numgrasp": 392, "translation_d": 4.914499993173806e-09, "rotation_d": 5.1817900674589966e-05, "width_d": 0.005600816049825092}