{"numgrasp": 417, "translation_d": 4.690169842064766e-09, "rotation_d": 5.443226269948565e-05, "width_d": 0.005168865094766872}