{"numgrasp": 450, "translation_d": 4.555393089435342e-09, "rotation_d": 5.5142474430918056e-05, "width_d": 0.004862971247273211}