{"numgrasp": 407, "translation_d": 4.181749804401249e-09, "rotation_d": 5.3522004074046676e-05, "width_d": 0.005388846364911877}