{"numgrasp": 413, "translation_d": 4.3467165539680935e-09, "rotation_d": 5.2060968239645164e-05, "width_d": 0.005744774285826532}