{"numgrasp": 427, "translation_d": 4.2831580316245335e-09, "rotation_d": 4.998838402454513e-05, "width_d": 0.005465830198073574}