{"numgrasp": 438, "translation_d": 4.379833474963524e-09, "rotation_d": 5.081095803073041e-05, "width_d": 0.0053544967126730085}