{"numgrasp": 459, "translation_d": 4.376509433985973e-09, "rotation_d": 5.143191406572089e-05, "width_d": 0.005010863204204658}