{"numgrasp": 457, "translation_d": 4.254361716829283e-09, "rotation_d": 5.257907411709037e-05, "width_d": 0.005182748464726897}