{"numgrasp": 454, "translation_d": 4.193769019923567e-09, "rotation_d": 5.356947422646231e-05, "width_d": 0.004984806669788632}