{"numgrasp": 454, "translation_d": 4.386622285307006e-09, "rotation_d": 5.3230911984420176e-05, "width_d": 0.005064984001183782}