{"numgrasp": 448, "translation_d": 4.311191470038055e-09, "rotation_d": 5.285947697181226e-05, "width_d": 0.005050663094100679}