{"numgrasp": 451, "translation_d": 4.51378118572034e-09, "rotation_d": 4.9538861186876896e-05, "width_d": 0.004850861585911551}