{"numgrasp": 397, "translation_d": 5.921425091263394e-09, "rotation_d": 5.1089427954518114e-05, "width_d": 0.006176381655319299}