{"numgrasp": 439, "translation_d": 4.2200493702764045e-09, "rotation_d": 5.0516558689590714e-05, "width_d": 0.005195738011195936}