{"numgrasp": 450, "translation_d": 4.451383907871964e-09, "rotation_d": 4.970087108631386e-05, "width_d": 0.0051532391940652695}