{"numgrasp": 424, "translation_d": 4.1979691346837326e-09, "rotation_d": 4.8167091309092335e-05, "width_d": 0.005666483912952725}