{"numgrasp": 387, "translation_d": 4.326616823254875e-09, "rotation_d": 4.6007027391175654e-05, "width_d": 0.006098682281195241}