{"numgrasp": 412, "translation_d": 4.218938767111245e-09, "rotation_d": 4.68433333925884e-05, "width_d": 0.005519891265123116}