{"numgrasp": 424, "translation_d": 4.424099446203371e-09, "rotation_d": 4.637990032193162e-05, "width_d": 0.005322558302306097}