{"numgrasp": 423, "translation_d": 4.425683575279668e-09, "rotation_d": 6.653021450726646e-05, "width_d": 0.004842933109802395}