{"numgrasp": 422, "translation_d": 4.400060147278468e-09, "rotation_d": 4.59685258029895e-05, "width_d": 0.004791554039048355}