{"numgrasp": 422, "translation_d": 4.2706266320651104e-09, "rotation_d": 4.63465415166902e-05, "width_d": 0.0048864975983898395}