{"numgrasp": 413, "translation_d": 4.427206165275637e-09, "rotation_d": 4.699663994635968e-05, "width_d": 0.004876368155268988}