{"numgrasp": 390, "translation_d": 4.374822384286168e-09, "rotation_d": 4.501014330650627e-05, "width_d": 0.004618159512158595}