{"numgrasp": 419, "translation_d": 4.451059966140845e-09, "rotation_d": 4.730803318085934e-05, "width_d": 0.004924835739743147}