{"numgrasp": 412, "translation_d": 4.491760197406469e-09, "rotation_d": 0.0008785763021012015, "width_d": 0.005278239816380796}