{"numgrasp": 374, "translation_d": 4.293544577800027e-09, "rotation_d": 4.8165687332181985e-05, "width_d": 0.00565960787339638}