{"numgrasp": 422, "translation_d": 5.987875154960024e-09, "rotation_d": 5.198824900364091e-05, "width_d": 0.006112974422223199}