{"numgrasp": 374, "translation_d": 4.2666714664692104e-09, "rotation_d": 4.834119291027464e-05, "width_d": 0.005940429350724285}