{"numgrasp": 438, "translation_d": 6.050941966013781e-09, "rotation_d": 5.1727677740610474e-05, "width_d": 0.0062732506745762405}