{"numgrasp": 395, "translation_d": 4.537895668326062e-09, "rotation_d": 4.870370859386442e-05, "width_d": 0.004969807283883}