{"numgrasp": 407, "translation_d": 4.3492239998796105e-09, "rotation_d": 4.8186868954181006e-05, "width_d": 0.004771721658313949}