{"numgrasp": 432, "translation_d": 5.8064530807853e-09, "rotation_d": 5.1666725070206244e-05, "width_d": 0.006363139498896773}