{"numgrasp": 434, "translation_d": 5.9913966596507e-09, "rotation_d": 5.1617593405638345e-05, "width_d": 0.006275347318542754}