{"numgrasp": 430, "translation_d": 6.141804792961735e-09, "rotation_d": 4.936312829229619e-05, "width_d": 0.0056297184083182}