{"numgrasp": 397, "translation_d": 5.759593942508549e-09, "rotation_d": 5.3162263796678766e-05, "width_d": 0.005859850767858607}