{"numgrasp": 449, "translation_d": 5.724924256271795e-09, "rotation_d": 5.524416274709746e-05, "width_d": 0.005918037065307575}