{"numgrasp": 436, "translation_d": 6.020827426170065e-09, "rotation_d": 5.5607731246294756e-05, "width_d": 0.005915039995580526}