{"numgrasp": 421, "translation_d": 5.7108737966845775e-09, "rotation_d": 5.539029173048334e-05, "width_d": 0.006378450034498722}