{"numgrasp": 417, "translation_d": 5.765864740100733e-09, "rotation_d": 5.454464521226497e-05, "width_d": 0.0059967182357501154}