{"numgrasp": 404, "translation_d": 5.949126681921468e-09, "rotation_d": 5.374880392185064e-05, "width_d": 0.00632233445769779}