{"numgrasp": 382, "translation_d": 5.879825898479703e-09, "rotation_d": 5.348456812319571e-05, "width_d": 0.0063000213074157095}