{"numgrasp": 376, "translation_d": 6.0904494613640716e-09, "rotation_d": 5.1491466803852915e-05, "width_d": 0.006135653787259167}