{"numgrasp": 392, "translation_d": 5.628402593442112e-09, "rotation_d": 5.31606368782958e-05, "width_d": 0.005460248247682342}