{"numgrasp": 422, "translation_d": 6.03137414683428e-09, "rotation_d": 5.445026840467768e-05, "width_d": 0.005731937518572142}