{"numgrasp": 421, "translation_d": 5.9120353342937484e-09, "rotation_d": 5.495494705331324e-05, "width_d": 0.006312735730880083}