{"numgrasp": 403, "translation_d": 5.586557915474187e-09, "rotation_d": 5.518151487163541e-05, "width_d": 0.005752024515236275}