{"numgrasp": 413, "translation_d": 5.905051054183193e-09, "rotation_d": 5.595994918782991e-05, "width_d": 0.006025702298814629}