{"numgrasp": 406, "translation_d": 5.72645896285848e-09, "rotation_d": 5.837995974365442e-05, "width_d": 0.005756974153227967}