{"numgrasp": 396, "translation_d": 5.9061670645100826e-09, "rotation_d": 5.704150767018848e-05, "width_d": 0.006033477933175453}