{"numgrasp": 354, "translation_d": 5.59084283920391e-09, "rotation_d": 0.00013143951205836979, "width_d": 0.005715510876414871}