{"numgrasp": 396, "translation_d": 5.495937645241209e-09, "rotation_d": 5.5665831716927355e-05, "width_d": 0.006121226595042064}