{"numgrasp": 388, "translation_d": 5.771513289517556e-09, "rotation_d": 5.5761469876770166e-05, "width_d": 0.005611306207091374}