{"numgrasp": 419, "translation_d": 5.7558769181557435e-09, "rotation_d": 5.06346609908963e-05, "width_d": 0.006424935441066366}