{"numgrasp": 383, "translation_d": 5.601954906587159e-09, "rotation_d": 4.728097592274586e-05, "width_d": 0.005076727797943516}