{"numgrasp": 396, "translation_d": 5.669759270328005e-09, "rotation_d": 4.518741451049204e-05, "width_d": 0.005045055328087286}