{"numgrasp": 409, "translation_d": 5.58370831394472e-09, "rotation_d": 4.508727877342219e-05, "width_d": 0.0051142654277424255}