{"numgrasp": 399, "translation_d": 5.3522634301169415e-09, "rotation_d": 4.595072069677272e-05, "width_d": 0.005735139140970884}