{"numgrasp": 409, "translation_d": 5.575891997836879e-09, "rotation_d": 4.627997530947917e-05, "width_d": 0.00575483535845662}