{"numgrasp": 411, "translation_d": 5.355733484088614e-09, "rotation_d": 4.7348325014844676e-05, "width_d": 0.005658881586716707}