{"numgrasp": 402, "translation_d": 5.465095711048429e-09, "rotation_d": 4.830506435957744e-05, "width_d": 0.005795191091393657}