{"numgrasp": 393, "translation_d": 5.302981422313263e-09, "rotation_d": 4.593833886855534e-05, "width_d": 0.005378626881053347}