{"numgrasp": 425, "translation_d": 5.667240488760601e-09, "rotation_d": 4.659888390042349e-05, "width_d": 0.006111695379397693}