{"numgrasp": 325, "translation_d": 4.7013179514360945e-09, "rotation_d": 6.113754149065701e-05, "width_d": 0.005306032237873278}