{"numgrasp": 307, "translation_d": 4.36761809815749e-09, "rotation_d": 5.6240225833596544e-05, "width_d": 0.006098946643803879}