{"numgrasp": 345, "translation_d": 4.747398805882729e-09, "rotation_d": 5.516688950000166e-05, "width_d": 0.005656360123102028}