{"numgrasp": 341, "translation_d": 4.8049871850462826e-09, "rotation_d": 5.5060033276009726e-05, "width_d": 0.0052680467027362}