{"numgrasp": 338, "translation_d": 4.732944391180373e-09, "rotation_d": 5.4834988292912816e-05, "width_d": 0.005647188891148721}