{"numgrasp": 352, "translation_d": 5.036113658235966e-09, "rotation_d": 5.483711724624936e-05, "width_d": 0.005389299659167223}