{"numgrasp": 362, "translation_d": 4.793946503041644e-09, "rotation_d": 5.523025068624366e-05, "width_d": 0.005049009684519456}