{"numgrasp": 347, "translation_d": 6.468998457879406e-09, "rotation_d": 4.290511164406479e-05, "width_d": 0.004551203330923969}