{"numgrasp": 357, "translation_d": 4.666703001207414e-09, "rotation_d": 4.503357302571834e-05, "width_d": 0.005320790519714785}