{"numgrasp": 327, "translation_d": 4.479492367677014e-09, "rotation_d": 4.367214303125364e-05, "width_d": 0.005504302284162801}