{"numgrasp": 308, "translation_d": 4.600578631344971e-09, "rotation_d": 4.325498413742759e-05, "width_d": 0.005661765619999213}