{"numgrasp": 347, "translation_d": 6.697050536899174e-09, "rotation_d": 4.3100797497934204e-05, "width_d": 0.004635583447697138}