{"numgrasp": 326, "translation_d": 4.2525401938678065e-09, "rotation_d": 4.441288859947639e-05, "width_d": 0.006471946155107064}