{"numgrasp": 318, "translation_d": 4.631945545175726e-09, "rotation_d": 4.46015140847979e-05, "width_d": 0.00644661459805741}