{"numgrasp": 322, "translation_d": 4.5022238968517545e-09, "rotation_d": 3.891448832485856e-05, "width_d": 0.006458655159562294}