{"numgrasp": 330, "translation_d": 4.512116148299664e-09, "rotation_d": 3.8972065094053485e-05, "width_d": 0.00635750337533492}