{"numgrasp": 331, "translation_d": 4.437831504705156e-09, "rotation_d": 3.8960593653975045e-05, "width_d": 0.005968794488200907}