{"numgrasp": 345, "translation_d": 4.485767004312182e-09, "rotation_d": 3.860222703723526e-05, "width_d": 0.00571393622292631}