{"numgrasp": 349, "translation_d": 4.558454928145398e-09, "rotation_d": 3.9570285626793724e-05, "width_d": 0.005601258110612175}