{"numgrasp": 356, "translation_d": 4.6524112330829435e-09, "rotation_d": 3.934754685797139e-05, "width_d": 0.0057089013803532755}