{"numgrasp": 346, "translation_d": 4.5590698931041026e-09, "rotation_d": 3.702804059042441e-05, "width_d": 0.005366944708396549}