{"numgrasp": 342, "translation_d": 4.916301622520532e-09, "rotation_d": 3.487824827686309e-05, "width_d": 0.005305133616048025}