{"numgrasp": 340, "translation_d": 4.860984835643122e-09, "rotation_d": 3.3409633401350804e-05, "width_d": 0.0049702620868794355}