{"numgrasp": 342, "translation_d": 4.759776295951569e-09, "rotation_d": 4.2639277567669264e-05, "width_d": 0.005657955936185269}