{"numgrasp": 346, "translation_d": 4.440083225967284e-09, "rotation_d": 4.486718474815771e-05, "width_d": 0.006722629539331749}