{"numgrasp": 312, "translation_d": 4.507954740546318e-09, "rotation_d": 5.245340495294499e-05, "width_d": 0.007411832776552294}