{"numgrasp": 301, "translation_d": 4.547619195759058e-09, "rotation_d": 5.1443855504328534e-05, "width_d": 0.006283537338884994}