{"numgrasp": 304, "translation_d": 4.673699319767515e-09, "rotation_d": 5.324338713052089e-05, "width_d": 0.005048536842679544}