{"numgrasp": 302, "translation_d": 5.4566374708661545e-09, "rotation_d": 5.885232645932948e-05, "width_d": 0.005020950593258082}