{"numgrasp": 262, "translation_d": 5.203889656072679e-09, "rotation_d": 6.0259838262177174e-05, "width_d": 0.005946191155239788}