{"numgrasp": 273, "translation_d": 5.238670114255888e-09, "rotation_d": 5.7448816843566836e-05, "width_d": 0.005626853871331938}