{"numgrasp": 264, "translation_d": 5.017716528915457e-09, "rotation_d": 5.5525610253726744e-05, "width_d": 0.0055989099084589235}