{"numgrasp": 252, "translation_d": 4.949592323189206e-09, "rotation_d": 5.4851729290816173e-05, "width_d": 0.005944965282246165}