{"numgrasp": 255, "translation_d": 4.921678377238878e-09, "rotation_d": 5.444537922536694e-05, "width_d": 0.0062933999609421434}