{"numgrasp": 240, "translation_d": 5.332267021804886e-09, "rotation_d": 5.589290416522039e-05, "width_d": 0.005759218525078551}