{"numgrasp": 346, "translation_d": 6.677297999980689e-09, "rotation_d": 5.5358828724827404e-05, "width_d": 0.004822131688134372}