{"numgrasp": 246, "translation_d": 5.243521724618624e-09, "rotation_d": 5.571225640462477e-05, "width_d": 0.006225110597648235}