{"numgrasp": 245, "translation_d": 5.26667077135322e-09, "rotation_d": 5.5966682751327845e-05, "width_d": 0.005529413365135848}