{"numgrasp": 240, "translation_d": 5.412539541658161e-09, "rotation_d": 5.813480115971737e-05, "width_d": 0.0056653514935823095}