{"numgrasp": 271, "translation_d": 5.266395497576872e-09, "rotation_d": 5.61237821510413e-05, "width_d": 0.005517917922909752}