{"numgrasp": 259, "translation_d": 5.310003123499408e-09, "rotation_d": 5.695954586578215e-05, "width_d": 0.005335164166728801}