{"numgrasp": 261, "translation_d": 5.264495193887254e-09, "rotation_d": 5.4003312560298984e-05, "width_d": 0.006732851057391993}