{"numgrasp": 236, "translation_d": 5.0015351819586e-09, "rotation_d": 5.557677340494245e-05, "width_d": 0.0061306550782979224}