{"numgrasp": 248, "translation_d": 5.2689785897666745e-09, "rotation_d": 5.6244247418990154e-05, "width_d": 0.005846556877041146}