{"numgrasp": 243, "translation_d": 5.2410592654923636e-09, "rotation_d": 5.574740740416981e-05, "width_d": 0.005698084061425825}