{"numgrasp": 265, "translation_d": 5.309649037616668e-09, "rotation_d": 5.50437981523734e-05, "width_d": 0.005847155947269645}