{"numgrasp": 256, "translation_d": 5.672574189830162e-09, "rotation_d": 5.2615466078684846e-05, "width_d": 0.00580770386922326}