{"numgrasp": 278, "translation_d": 5.800546720300276e-09, "rotation_d": 4.8786703066895545e-05, "width_d": 0.005831528681417501}