{"numgrasp": 292, "translation_d": 5.593674390239176e-09, "rotation_d": 4.6134292542384586e-05, "width_d": 0.0056197285774390185}