{"numgrasp": 327, "translation_d": 5.383399833595258e-09, "rotation_d": 3.919171322813787e-05, "width_d": 0.005485620202803751}