{"numgrasp": 294, "translation_d": 5.34888116230985e-09, "rotation_d": 4.915533043163261e-05, "width_d": 0.0059499661919658955}