{"numgrasp": 268, "translation_d": 5.330317192994598e-09, "rotation_d": 5.158683016458057e-05, "width_d": 0.006127416033330479}