{"numgrasp": 261, "translation_d": 4.931430703012081e-09, "rotation_d": 5.4165627108729156e-05, "width_d": 0.005933920971325533}