{"numgrasp": 357, "translation_d": 6.358729648706526e-09, "rotation_d": 3.946867498278434e-05, "width_d": 0.004817495245924006}