{"numgrasp": 356, "translation_d": 6.196533100619706e-09, "rotation_d": 3.9236496239755554e-05, "width_d": 0.004566594634149197}