{"numgrasp": 348, "translation_d": 6.182222370297818e-09, "rotation_d": 3.550184561578281e-05, "width_d": 0.004707854938520114}