{"numgrasp": 359, "translation_d": 5.953250523838247e-09, "rotation_d": 3.708849652636417e-05, "width_d": 0.00487688048914489}