{"numgrasp": 327, "translation_d": 5.761426425132321e-09, "rotation_d": 4.2816504371708276e-05, "width_d": 0.00482083799728555}