{"numgrasp": 344, "translation_d": 6.386290955692088e-09, "rotation_d": 4.980297973633024e-05, "width_d": 0.004872142686526208}