{"numgrasp": 295, "translation_d": 5.573902799001027e-09, "rotation_d": 4.358409870916992e-05, "width_d": 0.004727721064334534}