{"numgrasp": 318, "translation_d": 5.324341254432059e-09, "rotation_d": 4.460884318583371e-05, "width_d": 0.00451426218614821}