{"numgrasp": 318, "translation_d": 5.099609334390287e-09, "rotation_d": 4.935695577424521e-05, "width_d": 0.004739191407463665}