{"numgrasp": 338, "translation_d": 5.41762194303009e-09, "rotation_d": 5.2672695651745904e-05, "width_d": 0.004804162935778781}