{"numgrasp": 340, "translation_d": 5.268268092219368e-09, "rotation_d": 5.4295739461222514e-05, "width_d": 0.005119145267849951}