{"numgrasp": 351, "translation_d": 5.442269897500956e-09, "rotation_d": 5.53328652145888e-05, "width_d": 0.005270990002824361}