{"numgrasp": 341, "translation_d": 5.513492380106944e-09, "rotation_d": 5.58721130940784e-05, "width_d": 0.005202664288837574}