{"numgrasp": 358, "translation_d": 6.43854726704023e-09, "rotation_d": 4.435350110833286e-05, "width_d": 0.004909381324445654}