{"numgrasp": 344, "translation_d": 4.974302723496004e-09, "rotation_d": 5.5139511314306056e-05, "width_d": 0.005296356335772379}