{"numgrasp": 302, "translation_d": 4.967477420455541e-09, "rotation_d": 5.5283238834545205e-05, "width_d": 0.004914973654110023}