{"numgrasp": 298, "translation_d": 4.915817378693249e-09, "rotation_d": 5.988110587829555e-05, "width_d": 0.005090430206009013}