{"numgrasp": 348, "translation_d": 5.220544776467375e-09, "rotation_d": 6.0757869792304656e-05, "width_d": 0.005181621404273107}