{"numgrasp": 344, "translation_d": 5.086688479882673e-09, "rotation_d": 6.027982623756063e-05, "width_d": 0.005351722497399928}