{"numgrasp": 337, "translation_d": 5.133506619898225e-09, "rotation_d": 5.403932013491437e-05, "width_d": 0.00496106828193126}