{"numgrasp": 343, "translation_d": 5.228256094809177e-09, "rotation_d": 6.316634691554761e-05, "width_d": 0.005036293318704837}