{"numgrasp": 356, "translation_d": 5.0244232434255264e-09, "rotation_d": 6.10353838207231e-05, "width_d": 0.005521558871912179}