{"numgrasp": 340, "translation_d": 5.015064187743021e-09, "rotation_d": 5.988298642104184e-05, "width_d": 0.0055720994168093245}