{"numgrasp": 361, "translation_d": 6.3549693436869805e-09, "rotation_d": 4.277050681259461e-05, "width_d": 0.004653561381408003}