{"numgrasp": 297, "translation_d": 6.85805086325799e-09, "rotation_d": 5.438156863832451e-05, "width_d": 0.004555475837546059}