{"numgrasp": 302, "translation_d": 6.593083459585897e-09, "rotation_d": 5.313560826135938e-05, "width_d": 0.004917997160010796}