{"numgrasp": 321, "translation_d": 6.446248162011595e-09, "rotation_d": 5.383409292414787e-05, "width_d": 0.004851750589316242}