{"numgrasp": 316, "translation_d": 6.414884103787606e-09, "rotation_d": 5.349882639008834e-05, "width_d": 0.004639973038471064}