{"numgrasp": 318, "translation_d": 6.680146568590312e-09, "rotation_d": 5.286943460478203e-05, "width_d": 0.004319471314639048}