{"numgrasp": 323, "translation_d": 6.6896021406387875e-09, "rotation_d": 5.395983273922976e-05, "width_d": 0.003982672805712622}