{"numgrasp": 308, "translation_d": 6.8128786334775575e-09, "rotation_d": 5.500971647999578e-05, "width_d": 0.003412842217564066}