{"numgrasp": 312, "translation_d": 6.576250163639404e-09, "rotation_d": 5.440621967423463e-05, "width_d": 0.0033372737085934747}