{"numgrasp": 294, "translation_d": 6.410372883112157e-09, "rotation_d": 5.5634038680444626e-05, "width_d": 0.0031128268978283928}