{"numgrasp": 303, "translation_d": 6.502042760909699e-09, "rotation_d": 5.2362865956751263e-05, "width_d": 0.002837098776014186}