{"numgrasp": 299, "translation_d": 6.689595676122365e-09, "rotation_d": 5.2112896485496595e-05, "width_d": 0.0033810697074435495}