{"numgrasp": 330, "translation_d": 6.564988127052893e-09, "rotation_d": 5.0106493976381756e-05, "width_d": 0.00422955554691798}