{"numgrasp": 313, "translation_d": 6.197698131071918e-09, "rotation_d": 4.894077748902049e-05, "width_d": 0.004679575694938113}