{"numgrasp": 319, "translation_d": 6.8787010989998755e-09, "rotation_d": 4.871312002727851e-05, "width_d": 0.0041735078866652515}