{"numgrasp": 315, "translation_d": 6.513107487481802e-09, "rotation_d": 4.9077565650561104e-05, "width_d": 0.004015928057213774}