{"numgrasp": 318, "translation_d": 6.223541635913774e-09, "rotation_d": 4.9049599317835625e-05, "width_d": 0.003508592618830037}