{"numgrasp": 316, "translation_d": 6.645898497440345e-09, "rotation_d": 4.852351246791762e-05, "width_d": 0.003344552955230686}