{"numgrasp": 314, "translation_d": 5.642804355774097e-09, "rotation_d": 4.666467451316098e-05, "width_d": 0.002730500430601705}