{"numgrasp": 302, "translation_d": 6.261926117377022e-09, "rotation_d": 4.9031455735630845e-05, "width_d": 0.0033047672356002955}