{"numgrasp": 316, "translation_d": 6.086513120124208e-09, "rotation_d": 4.8939660840209994e-05, "width_d": 0.003610887340621519}