{"numgrasp": 298, "translation_d": 6.01628874693643e-09, "rotation_d": 4.9027246171521214e-05, "width_d": 0.0035432734066286964}