{"numgrasp": 300, "translation_d": 6.006769285253917e-09, "rotation_d": 4.878563030899078e-05, "width_d": 0.003695836062847703}