{"numgrasp": 298, "translation_d": 6.293329390045571e-09, "rotation_d": 4.777763090712225e-05, "width_d": 0.00433454231471586}