{"numgrasp": 310, "translation_d": 5.490036187086954e-09, "rotation_d": 4.847894571501678e-05, "width_d": 0.004418167928717135}