{"numgrasp": 300, "translation_d": 6.343604799118073e-09, "rotation_d": 5.427747642034295e-05, "width_d": 0.005582703743863031}