{"numgrasp": 318, "translation_d": 5.4979190211564284e-09, "rotation_d": 4.701631409317317e-05, "width_d": 0.003377242460201691}