{"numgrasp": 289, "translation_d": 6.280171633831019e-09, "rotation_d": 5.554099256857954e-05, "width_d": 0.005372929826428147}