{"numgrasp": 302, "translation_d": 5.849441206870384e-09, "rotation_d": 4.790092869134934e-05, "width_d": 0.0025738082898798423}