{"numgrasp": 315, "translation_d": 5.639534978763707e-09, "rotation_d": 4.894075082735859e-05, "width_d": 0.0028589952914896116}