{"numgrasp": 330, "translation_d": 5.758460287930377e-09, "rotation_d": 4.7546065744552463e-05, "width_d": 0.0029667732050738223}