{"numgrasp": 333, "translation_d": 5.5337373647440005e-09, "rotation_d": 4.85824853173086e-05, "width_d": 0.0033933558103130387}