{"numgrasp": 299, "translation_d": 6.346245790465012e-09, "rotation_d": 5.427907947089256e-05, "width_d": 0.0054731435738872335}