{"numgrasp": 327, "translation_d": 5.504326203756582e-09, "rotation_d": 4.6512464409522426e-05, "width_d": 0.004280775207622913}