{"numgrasp": 303, "translation_d": 5.021269933432165e-09, "rotation_d": 4.7940025071859836e-05, "width_d": 0.00396893926171863}