{"numgrasp": 304, "translation_d": 6.6447345965632894e-09, "rotation_d": 5.553316521504356e-05, "width_d": 0.0052356613465701805}