{"numgrasp": 276, "translation_d": 6.156604073564485e-09, "rotation_d": 5.3748938076364825e-05, "width_d": 0.003212253118993723}