{"numgrasp": 319, "translation_d": 5.266869774145979e-09, "rotation_d": 4.82847245381933e-05, "width_d": 0.003929663037956249}