{"numgrasp": 321, "translation_d": 5.317733663297419e-09, "rotation_d": 5.0506131305867926e-05, "width_d": 0.003669294749607287}