{"numgrasp": 333, "translation_d": 5.616585001464418e-09, "rotation_d": 4.883652532925145e-05, "width_d": 0.0035294095851098792}