{"numgrasp": 329, "translation_d": 5.622625754058535e-09, "rotation_d": 5.204592758666931e-05, "width_d": 0.0027955221718694466}