{"numgrasp": 314, "translation_d": 5.18689647871273e-09, "rotation_d": 5.4271243013862786e-05, "width_d": 0.0026450414897867475}