{"numgrasp": 319, "translation_d": 5.593947098779666e-09, "rotation_d": 5.425531359192917e-05, "width_d": 0.002608322112193841}