{"numgrasp": 318, "translation_d": 5.272152573381588e-09, "rotation_d": 5.4280167127969235e-05, "width_d": 0.0028203282803019366}