{"numgrasp": 330, "translation_d": 5.200633260855899e-09, "rotation_d": 5.359958961175638e-05, "width_d": 0.0030178034717484744}