{"numgrasp": 332, "translation_d": 5.186008256115676e-09, "rotation_d": 5.3855941866316444e-05, "width_d": 0.0034119466441345845}