{"numgrasp": 332, "translation_d": 5.336574632985515e-09, "rotation_d": 5.233789735133485e-05, "width_d": 0.003722345767926921}