{"numgrasp": 323, "translation_d": 5.351331196566491e-09, "rotation_d": 5.3519453354781837e-05, "width_d": 0.003934584530698712}