{"numgrasp": 317, "translation_d": 5.241377585736555e-09, "rotation_d": 5.413246320668928e-05, "width_d": 0.004389482185707345}