{"numgrasp": 330, "translation_d": 5.1141027416116185e-09, "rotation_d": 5.619404218739991e-05, "width_d": 0.004380565500578831}