{"numgrasp": 340, "translation_d": 5.207082244002674e-09, "rotation_d": 5.558562680708172e-05, "width_d": 0.0036659943316171015}