{"numgrasp": 330, "translation_d": 5.20989142729743e-09, "rotation_d": 5.4519508504857834e-05, "width_d": 0.002991271837243083}