{"numgrasp": 332, "translation_d": 5.431830486622027e-09, "rotation_d": 5.402456286661948e-05, "width_d": 0.0028117943110959596}