{"numgrasp": 292, "translation_d": 6.011045075562944e-09, "rotation_d": 5.5566548815313165e-05, "width_d": 0.004343797515883987}