{"numgrasp": 314, "translation_d": 5.456444256563445e-09, "rotation_d": 5.3828549040651966e-05, "width_d": 0.002592458149327569}