{"numgrasp": 315, "translation_d": 5.536375228652076e-09, "rotation_d": 5.3275272874808206e-05, "width_d": 0.002744142546504688}