{"numgrasp": 331, "translation_d": 5.532674826043131e-09, "rotation_d": 5.397168439713886e-05, "width_d": 0.0032203332905701232}