{"numgrasp": 336, "translation_d": 5.353645515982229e-09, "rotation_d": 5.552490171250995e-05, "width_d": 0.0035523972298971093}