{"numgrasp": 340, "translation_d": 5.331144125015974e-09, "rotation_d": 5.472170880145771e-05, "width_d": 0.003957232095272396}