{"numgrasp": 324, "translation_d": 5.281151557688939e-09, "rotation_d": 6.9001029211824e-05, "width_d": 0.0037880349400141538}