{"numgrasp": 270, "translation_d": 5.93248183181796e-09, "rotation_d": 5.635972207067124e-05, "width_d": 0.003383212372217265}