{"numgrasp": 272, "translation_d": 5.771981202502576e-09, "rotation_d": 5.4423681521900516e-05, "width_d": 0.003289087238371656}