{"numgrasp": 270, "translation_d": 6.046696511942293e-09, "rotation_d": 5.2637129145280276e-05, "width_d": 0.003270126956451713}