{"numgrasp": 283, "translation_d": 5.7744162847082334e-09, "rotation_d": 5.1455158557028456e-05, "width_d": 0.0037385582830285337}