{"numgrasp": 274, "translation_d": 6.1630614210281836e-09, "rotation_d": 5.066139252815482e-05, "width_d": 0.004143889329305301}