{"numgrasp": 277, "translation_d": 6.28106041327796e-09, "rotation_d": 4.934218841298978e-05, "width_d": 0.004748338651308347}