{"numgrasp": 292, "translation_d": 6.246951099212983e-09, "rotation_d": 5.046004521001468e-05, "width_d": 0.005069612298636075}