{"numgrasp": 271, "translation_d": 5.700023113201207e-09, "rotation_d": 4.5895214257256075e-05, "width_d": 0.0052578857810002995}