{"numgrasp": 259, "translation_d": 5.766744977549952e-09, "rotation_d": 4.569477315596563e-05, "width_d": 0.004962265831596549}