{"numgrasp": 266, "translation_d": 5.655708476813635e-09, "rotation_d": 4.5693245855033805e-05, "width_d": 0.004734170152054619}