{"numgrasp": 256, "translation_d": 5.910579647913622e-09, "rotation_d": 4.65505278800182e-05, "width_d": 0.004053618692867224}