{"numgrasp": 261, "translation_d": 6.0487957648010855e-09, "rotation_d": 4.5059543201587033e-05, "width_d": 0.0037824605145591614}