{"numgrasp": 291, "translation_d": 6.5181869055317985e-09, "rotation_d": 5.763114427531121e-05, "width_d": 0.003911993999906342}