{"numgrasp": 255, "translation_d": 5.7096529034769186e-09, "rotation_d": 4.5688081495446595e-05, "width_d": 0.0031585656004521723}