{"numgrasp": 269, "translation_d": 6.046650116825398e-09, "rotation_d": 4.392015993257222e-05, "width_d": 0.003772764580392647}