{"numgrasp": 258, "translation_d": 6.047460271932209e-09, "rotation_d": 4.4159804071020366e-05, "width_d": 0.00390974780082685}