{"numgrasp": 268, "translation_d": 6.019199214097718e-09, "rotation_d": 4.4593195268858305e-05, "width_d": 0.0044335791951809565}