{"numgrasp": 268, "translation_d": 6.170309152944996e-09, "rotation_d": 4.470282644976548e-05, "width_d": 0.005046042929488737}