{"numgrasp": 261, "translation_d": 6.3717429491423914e-09, "rotation_d": 4.675963546205223e-05, "width_d": 0.005034866522452823}