{"numgrasp": 287, "translation_d": 6.007770463237879e-09, "rotation_d": 5.058860469266015e-05, "width_d": 0.004767654530405231}