{"numgrasp": 292, "translation_d": 6.089171824728168e-09, "rotation_d": 5.7335755785036306e-05, "width_d": 0.004069118467692553}