{"numgrasp": 278, "translation_d": 6.21786797994136e-09, "rotation_d": 4.942840246970762e-05, "width_d": 0.004138953714388215}