{"numgrasp": 289, "translation_d": 6.787086409808212e-09, "rotation_d": 5.0596424772676866e-05, "width_d": 0.004196113003492778}