{"numgrasp": 297, "translation_d": 6.428465247977496e-09, "rotation_d": 5.096365636005052e-05, "width_d": 0.004123383882592041}