{"numgrasp": 291, "translation_d": 6.194430316396264e-09, "rotation_d": 5.0538873521028666e-05, "width_d": 0.003949471090750714}