{"numgrasp": 284, "translation_d": 6.592345087047523e-09, "rotation_d": 5.02478476965894e-05, "width_d": 0.0036950624325001306}