{"numgrasp": 287, "translation_d": 6.3534797306992754e-09, "rotation_d": 4.731738888609523e-05, "width_d": 0.0032029482798126723}