{"numgrasp": 283, "translation_d": 5.984804052000474e-09, "rotation_d": 5.6927778512943644e-05, "width_d": 0.0042849040695758225}