{"numgrasp": 280, "translation_d": 6.206112466724773e-09, "rotation_d": 4.679562917536769e-05, "width_d": 0.00326674983387611}