{"numgrasp": 298, "translation_d": 6.744561065340161e-09, "rotation_d": 5.350453312901027e-05, "width_d": 0.003214100092242362}