{"numgrasp": 292, "translation_d": 6.416678359274853e-09, "rotation_d": 5.431278961571744e-05, "width_d": 0.0033456107060429443}