{"numgrasp": 294, "translation_d": 6.144612736988227e-09, "rotation_d": 5.4268833389329954e-05, "width_d": 0.003462502948510664}