{"numgrasp": 296, "translation_d": 6.2612234882883284e-09, "rotation_d": 5.541781167129792e-05, "width_d": 0.003639183306503559}