{"numgrasp": 303, "translation_d": 6.474915846863942e-09, "rotation_d": 5.710253024325512e-05, "width_d": 0.004610527947932486}