{"numgrasp": 217, "translation_d": 5.703365686704622e-09, "rotation_d": 5.588016663903195e-05, "width_d": 0.0040171306974305454}