{"numgrasp": 179, "translation_d": 5.147091891957937e-09, "rotation_d": 5.30461217911466e-05, "width_d": 0.004886756800425094}