{"numgrasp": 175, "translation_d": 5.155061674857167e-09, "rotation_d": 5.325007638650634e-05, "width_d": 0.0051501199679474}