{"numgrasp": 196, "translation_d": 5.177699951060037e-09, "rotation_d": 5.4892904584085374e-05, "width_d": 0.0046639549089662795}