{"numgrasp": 213, "translation_d": 5.329437505909402e-09, "rotation_d": 5.465839349740893e-05, "width_d": 0.0036943698333110286}