{"numgrasp": 211, "translation_d": 5.740941360252713e-09, "rotation_d": 5.4691490790694254e-05, "width_d": 0.00301772534526228}