{"numgrasp": 223, "translation_d": 5.489230714800018e-09, "rotation_d": 6.374927937021648e-05, "width_d": 0.002866764949108049}