{"numgrasp": 216, "translation_d": 5.041429309043569e-09, "rotation_d": 5.2066804791240634e-05, "width_d": 0.00211761568607956}