{"numgrasp": 216, "translation_d": 5.402610054023504e-09, "rotation_d": 5.2482903908846654e-05, "width_d": 0.0025902951064575262}