{"numgrasp": 174, "translation_d": 7.858094607691016e-09, "rotation_d": 5.309571646811664e-05, "width_d": 0.0041071780227458134}