{"numgrasp": 196, "translation_d": 4.700211787588674e-09, "rotation_d": 5.3945320874374705e-05, "width_d": 0.00460163923018403}