{"numgrasp": 206, "translation_d": 4.624359430828719e-09, "rotation_d": 5.062110195630023e-05, "width_d": 0.0040216414225053955}