{"numgrasp": 200, "translation_d": 5.216853463795723e-09, "rotation_d": 5.0309503593939704e-05, "width_d": 0.00308610480431668}