{"numgrasp": 211, "translation_d": 4.988472140918814e-09, "rotation_d": 4.7413892797656186e-05, "width_d": 0.0021591191597140178}