{"numgrasp": 222, "translation_d": 4.691832016162747e-09, "rotation_d": 4.672416001913053e-05, "width_d": 0.002215907132301429}