{"numgrasp": 205, "translation_d": 4.784410602570858e-09, "rotation_d": 4.588861608438995e-05, "width_d": 0.002239525428710541}