{"numgrasp": 196, "translation_d": 4.949137265210749e-09, "rotation_d": 4.362067846855874e-05, "width_d": 0.002245103553988635}