{"numgrasp": 209, "translation_d": 4.7859625863279e-09, "rotation_d": 4.578695911184181e-05, "width_d": 0.0025525042684601223}