{"numgrasp": 201, "translation_d": 4.784380009595762e-09, "rotation_d": 4.518351948948091e-05, "width_d": 0.002606622940781264}