{"numgrasp": 157, "translation_d": 6.916625881814891e-09, "rotation_d": 5.3467405242610256e-05, "width_d": 0.004367234809398034}