{"numgrasp": 202, "translation_d": 4.548542636753234e-09, "rotation_d": 4.572026535936503e-05, "width_d": 0.0032980295283832157}