{"numgrasp": 205, "translation_d": 4.849745497291483e-09, "rotation_d": 4.4751411373635134e-05, "width_d": 0.003468115110962555}