{"numgrasp": 207, "translation_d": 4.5483163134335525e-09, "rotation_d": 4.389905833904763e-05, "width_d": 0.003653571460094047}