{"numgrasp": 209, "translation_d": 4.872102416329953e-09, "rotation_d": 4.662658720892572e-05, "width_d": 0.0030332418258394375}