{"numgrasp": 211, "translation_d": 4.69279904193649e-09, "rotation_d": 4.3940052581465586e-05, "width_d": 0.0027836839779402053}