{"numgrasp": 213, "translation_d": 4.503494293112247e-09, "rotation_d": 4.5667000816015334e-05, "width_d": 0.002449645472816579}