{"numgrasp": 214, "translation_d": 4.7322954311426235e-09, "rotation_d": 4.713816870553581e-05, "width_d": 0.0022385897067116935}