{"numgrasp": 215, "translation_d": 4.728445030186495e-09, "rotation_d": 4.8023308161499666e-05, "width_d": 0.0021980905980610835}