{"numgrasp": 197, "translation_d": 5.072216657002365e-09, "rotation_d": 5.2461677398071275e-05, "width_d": 0.0021975800039545704}