{"numgrasp": 198, "translation_d": 4.752641823173758e-09, "rotation_d": 5.1802452741472956e-05, "width_d": 0.002474779134750999}