{"numgrasp": 207, "translation_d": 4.70721147646878e-09, "rotation_d": 5.08310841619279e-05, "width_d": 0.0028928807443040394}