{"numgrasp": 212, "translation_d": 4.624475440989657e-09, "rotation_d": 4.719234851053098e-05, "width_d": 0.003450080677656735}