{"numgrasp": 218, "translation_d": 4.280662075145665e-09, "rotation_d": 4.6271984790159635e-05, "width_d": 0.0035627095804976424}