{"numgrasp": 189, "translation_d": 4.185040141625664e-09, "rotation_d": 4.687299800592913e-05, "width_d": 0.004476373702021181}