{"numgrasp": 190, "translation_d": 4.204056487751636e-09, "rotation_d": 4.902895105734152e-05, "width_d": 0.0042800995818987305}