{"numgrasp": 197, "translation_d": 6.909474953141047e-09, "rotation_d": 5.8121692561578305e-05, "width_d": 0.002206182837945238}