{"numgrasp": 186, "translation_d": 4.614979242425194e-09, "rotation_d": 4.9533368416088084e-05, "width_d": 0.0036881724551681093}