{"numgrasp": 172, "translation_d": 4.510677020790163e-09, "rotation_d": 5.3067531376415314e-05, "width_d": 0.0031217396128824754}