{"numgrasp": 172, "translation_d": 4.855285872136326e-09, "rotation_d": 5.2604837611074745e-05, "width_d": 0.0027622131304317213}