{"numgrasp": 156, "translation_d": 5.070875569304537e-09, "rotation_d": 5.361850372628333e-05, "width_d": 0.002414599959748212}