{"numgrasp": 144, "translation_d": 5.218772851876248e-09, "rotation_d": 5.25194198177095e-05, "width_d": 0.0022609913185029163}