{"numgrasp": 141, "translation_d": 4.707319483423004e-09, "rotation_d": 5.370087752740997e-05, "width_d": 0.00247964583820765}