{"numgrasp": 134, "translation_d": 4.717139083055216e-09, "rotation_d": 5.294576688823703e-05, "width_d": 0.0030246715378404107}