{"numgrasp": 156, "translation_d": 4.562418016847976e-09, "rotation_d": 5.223537640868173e-05, "width_d": 0.0032029031500342966}