{"numgrasp": 159, "translation_d": 4.7597495959228786e-09, "rotation_d": 5.106835474708789e-05, "width_d": 0.004187933916528894}