{"numgrasp": 169, "translation_d": 3.86120132722516e-09, "rotation_d": 5.108122843179398e-05, "width_d": 0.005462505616139243}