{"numgrasp": 171, "translation_d": 4.15680058469472e-09, "rotation_d": 4.984210678293684e-05, "width_d": 0.006062334208597398}