{"numgrasp": 144, "translation_d": 4.404199373066352e-09, "rotation_d": 5.153347898408084e-05, "width_d": 0.004333477484210001}