{"numgrasp": 189, "translation_d": 7.641458153729397e-09, "rotation_d": 4.5677052705144045e-05, "width_d": 0.0036318213728207542}