{"numgrasp": 141, "translation_d": 4.5700050274347185e-09, "rotation_d": 5.0697544684687645e-05, "width_d": 0.0030634929238250266}