{"numgrasp": 113, "translation_d": 4.7914749914289015e-09, "rotation_d": 5.362105341170117e-05, "width_d": 0.002213855788680621}