{"numgrasp": 191, "translation_d": 7.177900739203355e-09, "rotation_d": 4.7546171814936805e-05, "width_d": 0.003610942707412059}