{"numgrasp": 122, "translation_d": 4.864046554831581e-09, "rotation_d": 5.628322037034828e-05, "width_d": 0.002179020386300785}