{"numgrasp": 130, "translation_d": 4.919671084083897e-09, "rotation_d": 5.6884045049419395e-05, "width_d": 0.0020760180635030533}