{"numgrasp": 123, "translation_d": 5.138870316454133e-09, "rotation_d": 5.571231508611373e-05, "width_d": 0.0027438443736400083}