{"numgrasp": 195, "translation_d": 7.799272791652282e-09, "rotation_d": 4.8361825866637765e-05, "width_d": 0.0032819756291753094}