{"numgrasp": 135, "translation_d": 4.317741431812082e-09, "rotation_d": 5.051904856420471e-05, "width_d": 0.00401975097169794}