{"numgrasp": 195, "translation_d": 6.957841587860527e-09, "rotation_d": 4.909564417660623e-05, "width_d": 0.003268376620587722}