{"numgrasp": 218, "translation_d": 7.460251226974258e-09, "rotation_d": 5.1221974869614975e-05, "width_d": 0.0032182341986965687}