{"numgrasp": 209, "translation_d": 6.846145439165816e-09, "rotation_d": 5.55064304364617e-05, "width_d": 0.0022758553283443567}