{"numgrasp": 207, "translation_d": 7.180705708707426e-09, "rotation_d": 4.740650321612873e-05, "width_d": 0.00285948584644521}