{"numgrasp": 194, "translation_d": 7.1872292007889446e-09, "rotation_d": 4.574045113910594e-05, "width_d": 0.0032951812225457703}