{"numgrasp": 194, "translation_d": 7.064475714556409e-09, "rotation_d": 4.400935298119285e-05, "width_d": 0.003465373091544016}