{"numgrasp": 195, "translation_d": 7.378734067356366e-09, "rotation_d": 4.3514107947921466e-05, "width_d": 0.0038741662212888974}