{"numgrasp": 190, "translation_d": 7.248481232682004e-09, "rotation_d": 4.216263775965628e-05, "width_d": 0.003947834226815988}