{"numgrasp": 174, "translation_d": 7.198744726503862e-09, "rotation_d": 4.0667024100492234e-05, "width_d": 0.004556848554617263}