{"numgrasp": 176, "translation_d": 7.533115480992489e-09, "rotation_d": 4.185445343071418e-05, "width_d": 0.004465619182534444}