{"numgrasp": 159, "translation_d": 7.1410504285821396e-09, "rotation_d": 4.888427184075449e-05, "width_d": 0.005058420059371935}