{"numgrasp": 189, "translation_d": 7.118215643045199e-09, "rotation_d": 4.738461453513619e-05, "width_d": 0.003520696630411929}