{"numgrasp": 197, "translation_d": 6.678678958517294e-09, "rotation_d": 4.637795238618712e-05, "width_d": 0.003520817736139261}