{"numgrasp": 193, "translation_d": 6.635255420543402e-09, "rotation_d": 4.472268406463084e-05, "width_d": 0.0033237904553495854}