{"numgrasp": 201, "translation_d": 6.9143963801877585e-09, "rotation_d": 4.622984643925686e-05, "width_d": 0.0031258368734751185}