{"numgrasp": 196, "translation_d": 7.0284620125452405e-09, "rotation_d": 4.46355473999803e-05, "width_d": 0.0028256148517510887}