{"numgrasp": 213, "translation_d": 6.81177582431103e-09, "rotation_d": 4.69129126190381e-05, "width_d": 0.002658468486871706}