{"numgrasp": 203, "translation_d": 7.34904713101394e-09, "rotation_d": 5.658772734294722e-05, "width_d": 0.003229234273018071}