{"numgrasp": 206, "translation_d": 7.11875051379397e-09, "rotation_d": 4.768761502263971e-05, "width_d": 0.00252726012880686}