{"numgrasp": 202, "translation_d": 6.241779537751323e-09, "rotation_d": 4.779111269395847e-05, "width_d": 0.0030266603323305242}