{"numgrasp": 194, "translation_d": 7.519467932921196e-09, "rotation_d": 5.520580264101524e-05, "width_d": 0.0035469696958383323}