{"numgrasp": 175, "translation_d": 6.7898452714660725e-09, "rotation_d": 5.34237337851957e-05, "width_d": 0.004404203477318444}