{"numgrasp": 162, "translation_d": 6.857638170137932e-09, "rotation_d": 5.3464425969425486e-05, "width_d": 0.004604329974678444}