{"numgrasp": 167, "translation_d": 5.684157223067288e-09, "rotation_d": 5.475695235297057e-05, "width_d": 0.005184727201855535}