{"numgrasp": 181, "translation_d": 6.1959089206143e-09, "rotation_d": 5.251532582344025e-05, "width_d": 0.004675815091948706}