{"numgrasp": 193, "translation_d": 7.061764688532131e-09, "rotation_d": 5.407050373715627e-05, "width_d": 0.003792086305703952}