{"numgrasp": 185, "translation_d": 6.299643946061144e-09, "rotation_d": 5.2914142704909225e-05, "width_d": 0.0043102270159524865}