{"numgrasp": 199, "translation_d": 6.398295634074659e-09, "rotation_d": 5.2201355997997585e-05, "width_d": 0.003942889630186959}