{"numgrasp": 188, "translation_d": 5.996450729207709e-09, "rotation_d": 5.408614225000754e-05, "width_d": 0.0042541651012609795}