{"numgrasp": 216, "translation_d": 6.259686272105623e-09, "rotation_d": 5.2016758647262224e-05, "width_d": 0.003667370831062247}