{"numgrasp": 200, "translation_d": 6.434261686592563e-09, "rotation_d": 5.1821350505146585e-05, "width_d": 0.003373056125408492}