{"numgrasp": 205, "translation_d": 6.430989129724669e-09, "rotation_d": 5.094512624241856e-05, "width_d": 0.0030186984607805233}