{"numgrasp": 202, "translation_d": 6.471335985939647e-09, "rotation_d": 4.904010016914216e-05, "width_d": 0.0027402717732097066}