{"numgrasp": 216, "translation_d": 6.073991939822397e-09, "rotation_d": 5.35249431351298e-05, "width_d": 0.0023210041019459905}