{"numgrasp": 212, "translation_d": 6.211874674479843e-09, "rotation_d": 5.284770128727235e-05, "width_d": 0.0025349970137325713}