{"numgrasp": 206, "translation_d": 6.0473872500089415e-09, "rotation_d": 5.308754055926332e-05, "width_d": 0.0032998162416057113}