{"numgrasp": 183, "translation_d": 7.345869423159058e-09, "rotation_d": 5.274709879073187e-05, "width_d": 0.0036852940994711206}