{"numgrasp": 373, "translation_d": 5.8869944814014874e-09, "rotation_d": 5.213617005399006e-05, "width_d": 0.004683936387512696}