{"numgrasp": 371, "translation_d": 5.6861773856993135e-09, "rotation_d": 5.379574254378247e-05, "width_d": 0.004981278902074208}