{"numgrasp": 401, "translation_d": 5.361317983462326e-09, "rotation_d": 4.39970921045905e-05, "width_d": 0.005443137100266488}