{"numgrasp": 404, "translation_d": 5.494211469882835e-09, "rotation_d": 4.1073272431939e-05, "width_d": 0.004691600013262754}