{"numgrasp": 350, "translation_d": 5.083362374156378e-09, "rotation_d": 3.765745519521558e-05, "width_d": 0.002797038832377735}