{"numgrasp": 394, "translation_d": 5.538673478010359e-09, "rotation_d": 3.708205377893235e-05, "width_d": 0.003102385235982896}