{"numgrasp": 365, "translation_d": 6.565874515603833e-09, "rotation_d": 3.234033564558118e-05, "width_d": 0.0040097829731859155}