{"numgrasp": 402, "translation_d": 5.194901164758921e-09, "rotation_d": 3.7837023512820804e-05, "width_d": 0.004935521969614286}