{"numgrasp": 380, "translation_d": 4.853100437149837e-09, "rotation_d": 3.816790484076683e-05, "width_d": 0.0048636714917738}