{"numgrasp": 406, "translation_d": 4.694882938442658e-09, "rotation_d": 4.549736703510443e-05, "width_d": 0.00580689727852121}