{"numgrasp": 398, "translation_d": 4.780553047770023e-09, "rotation_d": 4.499571349525801e-05, "width_d": 0.005338362065891913}