{"numgrasp": 354, "translation_d": 6.398829863914966e-09, "rotation_d": 3.309172960097643e-05, "width_d": 0.004189367379237408}