{"numgrasp": 431, "translation_d": 5.116601672518909e-09, "rotation_d": 4.738349523219706e-05, "width_d": 0.003068096056432552}