{"numgrasp": 411, "translation_d": 4.897386414054301e-09, "rotation_d": 6.0574416087975963e-05, "width_d": 0.002926774909988789}