{"numgrasp": 425, "translation_d": 4.866007882416979e-09, "rotation_d": 5.747330333776979e-05, "width_d": 0.004368214870108999}