{"numgrasp": 344, "translation_d": 6.678592343055962e-09, "rotation_d": 3.3448617703778436e-05, "width_d": 0.004517394657946378}