{"numgrasp": 440, "translation_d": 4.4611325235250376e-09, "rotation_d": 5.9026165538497705e-05, "width_d": 0.005930817462082259}