{"numgrasp": 460, "translation_d": 4.591487767787704e-09, "rotation_d": 6.259780296684824e-05, "width_d": 0.0037572056367726997}