{"numgrasp": 429, "translation_d": 4.933196250364979e-09, "rotation_d": 6.213253370565452e-05, "width_d": 0.0031898155065606614}