{"numgrasp": 444, "translation_d": 4.804464961839825e-09, "rotation_d": 5.275015402287027e-05, "width_d": 0.002947652340106042}