{"numgrasp": 465, "translation_d": 4.746976179105106e-09, "rotation_d": 5.885837781462257e-05, "width_d": 0.003566342855875093}