{"numgrasp": 372, "translation_d": 6.322872724323604e-09, "rotation_d": 4.005484481585601e-05, "width_d": 0.004539700445474596}