{"numgrasp": 436, "translation_d": 4.57813342318493e-09, "rotation_d": 5.9385924769145804e-05, "width_d": 0.004710527849332708}