{"numgrasp": 447, "translation_d": 4.479253037833092e-09, "rotation_d": 5.846818985063232e-05, "width_d": 0.004962000219516159}