{"numgrasp": 461, "translation_d": 4.277638086835111e-09, "rotation_d": 5.030460239637846e-05, "width_d": 0.005582683841066346}