{"numgrasp": 469, "translation_d": 4.536750672396458e-09, "rotation_d": 5.103954708464917e-05, "width_d": 0.005511606488050476}