{"numgrasp": 426, "translation_d": 4.513940023706533e-09, "rotation_d": 5.259485196098401e-05, "width_d": 0.004216221522229481}