{"numgrasp": 453, "translation_d": 4.791072185141615e-09, "rotation_d": 5.0594049324895206e-05, "width_d": 0.003528466417906399}