{"numgrasp": 456, "translation_d": 4.723623677903323e-09, "rotation_d": 4.087468466041805e-05, "width_d": 0.003030450629637601}