{"numgrasp": 474, "translation_d": 4.645731404631417e-09, "rotation_d": 3.876848667662298e-05, "width_d": 0.0033546821344398498}