{"numgrasp": 466, "translation_d": 4.650844087051787e-09, "rotation_d": 4.1990712780045764e-05, "width_d": 0.004110905659850093}