{"numgrasp": 475, "translation_d": 4.55689931941965e-09, "rotation_d": 4.217094263136916e-05, "width_d": 0.004298478322194334}