{"numgrasp": 467, "translation_d": 4.485072553578012e-09, "rotation_d": 4.3576806965990446e-05, "width_d": 0.004580911720982055}