{"numgrasp": 461, "translation_d": 4.374647544493081e-09, "rotation_d": 4.4062362786102794e-05, "width_d": 0.005400205779980532}