{"numgrasp": 449, "translation_d": 4.323003205469379e-09, "rotation_d": 4.4675617079904504e-05, "width_d": 0.005369141202933331}