{"numgrasp": 454, "translation_d": 4.436932592622488e-09, "rotation_d": 3.770208362820516e-05, "width_d": 0.005322247551964079}