{"numgrasp": 456, "translation_d": 4.552722158578038e-09, "rotation_d": 3.605031461617292e-05, "width_d": 0.004966484464093381}