{"numgrasp": 465, "translation_d": 4.423527224713843e-09, "rotation_d": 3.516037794819565e-05, "width_d": 0.004501338367559909}