{"numgrasp": 462, "translation_d": 4.363837318497755e-09, "rotation_d": 3.450204687552876e-05, "width_d": 0.004132227031529741}