{"numgrasp": 475, "translation_d": 4.359384461372029e-09, "rotation_d": 3.41177455679457e-05, "width_d": 0.0036005417185797288}