{"numgrasp": 478, "translation_d": 4.592573214458853e-09, "rotation_d": 3.431541182485371e-05, "width_d": 0.003281450602087839}