{"numgrasp": 434, "translation_d": 4.499679443794871e-09, "rotation_d": 4.653463563193532e-05, "width_d": 0.003187334027596344}