{"numgrasp": 452, "translation_d": 4.464569297625138e-09, "rotation_d": 4.5148259375004726e-05, "width_d": 0.0034725994279101004}