{"numgrasp": 457, "translation_d": 4.599792745707145e-09, "rotation_d": 3.914160586038601e-05, "width_d": 0.0038035003867627334}