{"numgrasp": 481, "translation_d": 4.435940958396817e-09, "rotation_d": 3.574122104142788e-05, "width_d": 0.0045149786408740095}