{"numgrasp": 477, "translation_d": 4.4305567739630926e-09, "rotation_d": 3.4562131707003165e-05, "width_d": 0.004599309355461656}