{"numgrasp": 368, "translation_d": 6.6189830491638155e-09, "rotation_d": 3.797426769387604e-05, "width_d": 0.003677485634438786}