{"numgrasp": 446, "translation_d": 4.522847826704815e-09, "rotation_d": 3.406840108806887e-05, "width_d": 0.004791803346518243}