{"numgrasp": 373, "translation_d": 6.476375879032454e-09, "rotation_d": 3.739393336135292e-05, "width_d": 0.003403695911471367}