{"numgrasp": 341, "translation_d": 6.324599298891253e-09, "rotation_d": 3.253657253782123e-05, "width_d": 0.003103445816764421}