{"numgrasp": 351, "translation_d": 6.4245340505217566e-09, "rotation_d": 4.070855553466108e-05, "width_d": 0.0030080312951862743}