{"numgrasp": 400, "translation_d": 5.938946884352458e-09, "rotation_d": 4.711113126687911e-05, "width_d": 0.003339238673161754}