{"numgrasp": 392, "translation_d": 6.190944909997708e-09, "rotation_d": 4.826659196788698e-05, "width_d": 0.0034131966828039872}