{"numgrasp": 384, "translation_d": 6.150393494512423e-09, "rotation_d": 4.8759231303460365e-05, "width_d": 0.0038815438804819923}