{"numgrasp": 392, "translation_d": 6.360002008064093e-09, "rotation_d": 5.5500282610991765e-05, "width_d": 0.003922544306931974}