{"numgrasp": 395, "translation_d": 6.539941876947488e-09, "rotation_d": 5.5671111815389924e-05, "width_d": 0.0035399858451640328}