{"numgrasp": 393, "translation_d": 5.99328522635976e-09, "rotation_d": 5.5310133367119103e-05, "width_d": 0.0034215635930775197}