{"numgrasp": 392, "translation_d": 6.595249418500103e-09, "rotation_d": 5.501547950852365e-05, "width_d": 0.002987823660776534}