{"numgrasp": 356, "translation_d": 6.2830674205003884e-09, "rotation_d": 5.041169772804891e-05, "width_d": 0.0027696353441538663}