{"numgrasp": 332, "translation_d": 6.27838102231032e-09, "rotation_d": 3.229979782874764e-05, "width_d": 0.0032778990081195284}