{"numgrasp": 383, "translation_d": 5.822815014026337e-09, "rotation_d": 6.221034259048849e-05, "width_d": 0.0027942712373887086}