{"numgrasp": 394, "translation_d": 5.6422723441160725e-09, "rotation_d": 6.106072367981439e-05, "width_d": 0.0030669071498586648}