{"numgrasp": 377, "translation_d": 5.67496776032197e-09, "rotation_d": 6.116536298995538e-05, "width_d": 0.003342925461207603}