{"numgrasp": 385, "translation_d": 6.017075909411281e-09, "rotation_d": 6.030016125634075e-05, "width_d": 0.003492956096633072}