{"numgrasp": 395, "translation_d": 5.747345901035401e-09, "rotation_d": 5.701551489660275e-05, "width_d": 0.004540352225927316}