{"numgrasp": 394, "translation_d": 6.062631428639088e-09, "rotation_d": 5.513021222353944e-05, "width_d": 0.004952026246193739}