{"numgrasp": 345, "translation_d": 6.552465266139218e-09, "rotation_d": 3.2028815765623325e-05, "width_d": 0.003497442455464955}