{"numgrasp": 378, "translation_d": 5.911823119039206e-09, "rotation_d": 6.0242585099692746e-05, "width_d": 0.003627289013992702}