{"numgrasp": 382, "translation_d": 6.017920508797723e-09, "rotation_d": 6.00055565903175e-05, "width_d": 0.0033457733833843813}