{"numgrasp": 374, "translation_d": 5.508075455299945e-09, "rotation_d": 6.19077208421594e-05, "width_d": 0.0030076373286285103}