{"numgrasp": 386, "translation_d": 5.7135738535167225e-09, "rotation_d": 5.8795580686493934e-05, "width_d": 0.0024119117015580535}