{"numgrasp": 390, "translation_d": 5.495914600408521e-09, "rotation_d": 5.256607748547947e-05, "width_d": 0.0040557706178945795}