{"numgrasp": 218, "translation_d": 6.645546874383162e-09, "rotation_d": 5.524958443389306e-05, "width_d": 0.003547665160235939}