{"numgrasp": 220, "translation_d": 6.5030684697177275e-09, "rotation_d": 5.551918624805102e-05, "width_d": 0.003354914551861373}