{"numgrasp": 173, "translation_d": 5.830316760274573e-09, "rotation_d": 5.017940838353942e-05, "width_d": 0.003948963587268746}