{"numgrasp": 172, "translation_d": 5.187126543523591e-09, "rotation_d": 5.107119699058877e-05, "width_d": 0.0040205075676253916}