{"numgrasp": 187, "translation_d": 5.546104570089508e-09, "rotation_d": 4.911860342572255e-05, "width_d": 0.003378865408700031}