{"numgrasp": 215, "translation_d": 6.0212496491268595e-09, "rotation_d": 5.13373415878783e-05, "width_d": 0.002698702643935069}