{"numgrasp": 228, "translation_d": 6.00524153749903e-09, "rotation_d": 5.123099663638078e-05, "width_d": 0.00240436899723751}