{"numgrasp": 221, "translation_d": 5.983957964923371e-09, "rotation_d": 5.244645375689704e-05, "width_d": 0.002270427639613047}