{"numgrasp": 198, "translation_d": 7.109429234582853e-09, "rotation_d": 4.162810881980959e-05, "width_d": 0.0038181856255283626}