{"numgrasp": 214, "translation_d": 5.913725884152393e-09, "rotation_d": 5.381989989462902e-05, "width_d": 0.002155167753322786}