{"numgrasp": 226, "translation_d": 5.434386803162127e-09, "rotation_d": 4.269523876179258e-05, "width_d": 0.0024036025162529197}