{"numgrasp": 218, "translation_d": 5.597961368923636e-09, "rotation_d": 4.275387385530309e-05, "width_d": 0.002250627169968568}