{"numgrasp": 189, "translation_d": 5.470569529477749e-09, "rotation_d": 4.487627564687415e-05, "width_d": 0.003148663386912489}