{"numgrasp": 177, "translation_d": 5.217397891728796e-09, "rotation_d": 4.4765101764419966e-05, "width_d": 0.003336631914301567}