{"numgrasp": 175, "translation_d": 5.059516351131287e-09, "rotation_d": 4.131076472006035e-05, "width_d": 0.00268717078402378}