{"numgrasp": 199, "translation_d": 6.719447791326616e-09, "rotation_d": 5.779666622827134e-05, "width_d": 0.004213015988097465}