{"numgrasp": 193, "translation_d": 4.851392335904332e-09, "rotation_d": 4.15073103329067e-05, "width_d": 0.003019434809688259}