{"numgrasp": 199, "translation_d": 4.921251087156348e-09, "rotation_d": 4.1531169980630665e-05, "width_d": 0.0026441671052034365}