{"numgrasp": 195, "translation_d": 4.8159600022925455e-09, "rotation_d": 4.0856386002114884e-05, "width_d": 0.002466952222092908}