{"numgrasp": 205, "translation_d": 5.1290121144432085e-09, "rotation_d": 4.256668195075206e-05, "width_d": 0.002664599262688039}