{"numgrasp": 231, "translation_d": 4.7295370985279085e-09, "rotation_d": 5.224512275813141e-05, "width_d": 0.002489128055804872}