{"numgrasp": 210, "translation_d": 4.654974668221952e-09, "rotation_d": 4.908486143032649e-05, "width_d": 0.002627992903867158}