{"numgrasp": 191, "translation_d": 4.7837177941114065e-09, "rotation_d": 4.590656182278981e-05, "width_d": 0.0027120707267397183}