{"numgrasp": 197, "translation_d": 7.570467950445098e-09, "rotation_d": 4.23384329916132e-05, "width_d": 0.004457115032662167}