{"numgrasp": 198, "translation_d": 4.664597343931589e-09, "rotation_d": 4.3775050773166284e-05, "width_d": 0.0030712662066191315}