{"numgrasp": 223, "translation_d": 4.3162859310174976e-09, "rotation_d": 5.027251550282306e-05, "width_d": 0.0032434473706263478}