{"numgrasp": 210, "translation_d": 4.4001410687135824e-09, "rotation_d": 5.1010637249349854e-05, "width_d": 0.0030831814360124886}