{"numgrasp": 214, "translation_d": 4.408674229190242e-09, "rotation_d": 5.460049219456054e-05, "width_d": 0.002886051637553734}