{"numgrasp": 215, "translation_d": 4.3744111066156734e-09, "rotation_d": 5.6467825214477914e-05, "width_d": 0.003170518663932173}