{"numgrasp": 214, "translation_d": 4.281509240107258e-09, "rotation_d": 6.026051107768953e-05, "width_d": 0.0032574849204490743}