{"numgrasp": 224, "translation_d": 4.237914646504101e-09, "rotation_d": 6.017935933500518e-05, "width_d": 0.0033083809034371906}