{"numgrasp": 246, "translation_d": 4.206486432485077e-09, "rotation_d": 5.9161206889402506e-05, "width_d": 0.0039447890540477495}