{"numgrasp": 251, "translation_d": 4.51378716877386e-09, "rotation_d": 5.6325146969618116e-05, "width_d": 0.004942780336665137}