{"numgrasp": 232, "translation_d": 4.223784710409589e-09, "rotation_d": 5.525036620712694e-05, "width_d": 0.004686887782854845}