{"numgrasp": 231, "translation_d": 4.6410264287519884e-09, "rotation_d": 5.452867391693109e-05, "width_d": 0.004619634753169364}