{"numgrasp": 257, "translation_d": 4.166681392687368e-09, "rotation_d": 5.981140517045028e-05, "width_d": 0.0048353062578368996}