{"numgrasp": 251, "translation_d": 4.412058744086412e-09, "rotation_d": 6.000857016152799e-05, "width_d": 0.0045448919066828726}