{"numgrasp": 254, "translation_d": 4.3513072765073e-09, "rotation_d": 5.966645432265113e-05, "width_d": 0.004289905725816144}