{"numgrasp": 234, "translation_d": 4.2324234810836595e-09, "rotation_d": 5.9225599642454536e-05, "width_d": 0.003919830704872895}