{"numgrasp": 227, "translation_d": 4.18631490419116e-09, "rotation_d": 5.642478857153261e-05, "width_d": 0.0029257855319543905}