{"numgrasp": 173, "translation_d": 4.703488957140474e-09, "rotation_d": 4.398742622279463e-05, "width_d": 0.0018628764757395672}