{"numgrasp": 172, "translation_d": 4.57590147404657e-09, "rotation_d": 4.637925382455659e-05, "width_d": 0.0020233986248795396}