{"numgrasp": 206, "translation_d": 4.333543381044955e-09, "rotation_d": 4.956939104208031e-05, "width_d": 0.0021923158419853367}