{"numgrasp": 219, "translation_d": 4.327393019013578e-09, "rotation_d": 5.0333094774580905e-05, "width_d": 0.0023523392772492623}