{"numgrasp": 221, "translation_d": 3.965338900379007e-09, "rotation_d": 5.5321169160867566e-05, "width_d": 0.003339298210468302}