{"numgrasp": 246, "translation_d": 4.151440999560802e-09, "rotation_d": 5.613933649458822e-05, "width_d": 0.0037990335955359117}