{"numgrasp": 242, "translation_d": 3.98178139404024e-09, "rotation_d": 5.6573080476346014e-05, "width_d": 0.004365681730140809}