{"numgrasp": 247, "translation_d": 4.0787901256027485e-09, "rotation_d": 5.688954260953755e-05, "width_d": 0.0049081495376601374}