{"numgrasp": 268, "translation_d": 3.8162271818788754e-09, "rotation_d": 5.6595636699449114e-05, "width_d": 0.006233384257978008}