{"numgrasp": 233, "translation_d": 3.837832565215386e-09, "rotation_d": 5.059707951860946e-05, "width_d": 0.004702717794642307}