{"numgrasp": 178, "translation_d": 6.824769986890569e-09, "rotation_d": 3.9245528434707614e-05, "width_d": 0.003080673355653074}