{"numgrasp": 198, "translation_d": 4.606633246444541e-09, "rotation_d": 4.161065844224162e-05, "width_d": 0.0024165267743630208}