{"numgrasp": 225, "translation_d": 3.9494615028441234e-09, "rotation_d": 4.083762312395789e-05, "width_d": 0.0042427908262474825}