{"numgrasp": 190, "translation_d": 7.686290379164065e-09, "rotation_d": 4.021170176156275e-05, "width_d": 0.0029139029859932704}