{"numgrasp": 231, "translation_d": 3.776216110502403e-09, "rotation_d": 4.1642230791880824e-05, "width_d": 0.0048991015419659}