{"numgrasp": 244, "translation_d": 3.3373732877688085e-09, "rotation_d": 4.290493363211195e-05, "width_d": 0.0058458138889049644}