{"numgrasp": 212, "translation_d": 7.561929665650896e-09, "rotation_d": 3.9331429198706686e-05, "width_d": 0.002984470502149694}