{"numgrasp": 210, "translation_d": 7.232236279033224e-09, "rotation_d": 4.172960686071695e-05, "width_d": 0.0025567942026312167}