{"numgrasp": 206, "translation_d": 7.359352672116572e-09, "rotation_d": 4.2949897736837334e-05, "width_d": 0.0028773340476588665}