{"numgrasp": 207, "translation_d": 6.995028921977533e-09, "rotation_d": 4.590472865729696e-05, "width_d": 0.0038174550322616512}