{"numgrasp": 218, "translation_d": 7.312181627646015e-09, "rotation_d": 4.631391895597856e-05, "width_d": 0.0037543436732559807}