{"numgrasp": 227, "translation_d": 7.156738183402978e-09, "rotation_d": 4.7950423341765154e-05, "width_d": 0.0040341384109598335}