{"numgrasp": 217, "translation_d": 7.666582520483777e-09, "rotation_d": 4.714986562687408e-05, "width_d": 0.00289772127570496}