{"numgrasp": 215, "translation_d": 7.7330466915096e-09, "rotation_d": 5.28831459047263e-05, "width_d": 0.0031704150912377814}