{"numgrasp": 218, "translation_d": 7.313862560245898e-09, "rotation_d": 5.10741484916187e-05, "width_d": 0.0029276427205992364}