{"numgrasp": 191, "translation_d": 6.753586950733256e-09, "rotation_d": 4.467418085282835e-05, "width_d": 0.0020294129045535948}