{"numgrasp": 232, "translation_d": 7.659495737545733e-09, "rotation_d": 5.6028977933198436e-05, "width_d": 0.0033806650310088063}