{"numgrasp": 196, "translation_d": 7.750412449344117e-09, "rotation_d": 4.421307216305048e-05, "width_d": 0.0029999394579792527}