{"numgrasp": 215, "translation_d": 6.774490418157941e-09, "rotation_d": 5.7612471551420554e-05, "width_d": 0.0042782958021035655}