{"numgrasp": 216, "translation_d": 7.190924935414635e-09, "rotation_d": 5.693080928440962e-05, "width_d": 0.004001330201716696}