{"numgrasp": 227, "translation_d": 7.3193040501047295e-09, "rotation_d": 5.838776044153812e-05, "width_d": 0.0035254714108822697}