{"numgrasp": 229, "translation_d": 6.891906130838687e-09, "rotation_d": 5.8933246654225344e-05, "width_d": 0.0030342272711774833}