{"numgrasp": 192, "translation_d": 7.238787211667721e-09, "rotation_d": 6.075846452932442e-05, "width_d": 0.001708300004552444}