{"numgrasp": 184, "translation_d": 7.523303614999856e-09, "rotation_d": 4.1370133777963315e-05, "width_d": 0.0032467971471273204}