{"numgrasp": 192, "translation_d": 7.029963862834255e-09, "rotation_d": 5.923856829708038e-05, "width_d": 0.0016749486245379456}