{"numgrasp": 197, "translation_d": 6.7807024353176e-09, "rotation_d": 5.82311209768515e-05, "width_d": 0.001990019702401977}