{"numgrasp": 230, "translation_d": 6.387738588941485e-09, "rotation_d": 5.711230501570575e-05, "width_d": 0.0028120780916628153}