{"numgrasp": 450, "translation_d": 6.035120897412175e-09, "rotation_d": 4.733039056080882e-05, "width_d": 0.0026958120960249425}