{"numgrasp": 465, "translation_d": 5.244526760048321e-09, "rotation_d": 6.116894830455341e-05, "width_d": 0.004539083639688209}