{"numgrasp": 411, "translation_d": 5.200029265432524e-09, "rotation_d": 5.8918996308171266e-05, "width_d": 0.004923720511710617}