{"numgrasp": 409, "translation_d": 5.24064952934942e-09, "rotation_d": 5.976078675951986e-05, "width_d": 0.005162551306737634}