{"numgrasp": 448, "translation_d": 5.544751649110171e-09, "rotation_d": 5.302832050336381e-05, "width_d": 0.004561342999754173}