{"numgrasp": 468, "translation_d": 5.68322765854083e-09, "rotation_d": 5.3270696506191016e-05, "width_d": 0.00319862889776462}