{"numgrasp": 493, "translation_d": 5.6188051811588585e-09, "rotation_d": 4.609166172073726e-05, "width_d": 0.0035154646744486933}