{"numgrasp": 456, "translation_d": 5.8577125245700266e-09, "rotation_d": 4.45692112962358e-05, "width_d": 0.0045118910905374825}