{"numgrasp": 444, "translation_d": 5.5057922750225e-09, "rotation_d": 4.496516352432048e-05, "width_d": 0.005889573375399629}