{"numgrasp": 446, "translation_d": 5.623631716775661e-09, "rotation_d": 4.188341306309388e-05, "width_d": 0.005879238307830349}