{"numgrasp": 449, "translation_d": 6.474529102938917e-09, "rotation_d": 4.4065850656885256e-05, "width_d": 0.004267079564942853}