{"numgrasp": 454, "translation_d": 5.470554195700514e-09, "rotation_d": 4.356980358719034e-05, "width_d": 0.0037529565453575256}