{"numgrasp": 449, "translation_d": 5.5104976079141175e-09, "rotation_d": 4.324430686400132e-05, "width_d": 0.0027862469355866173}