{"numgrasp": 462, "translation_d": 5.589308441188682e-09, "rotation_d": 4.3975471929373156e-05, "width_d": 0.0025668630519717}