{"numgrasp": 452, "translation_d": 5.408135437880098e-09, "rotation_d": 4.9983671992513785e-05, "width_d": 0.0026604973800116176}