{"numgrasp": 458, "translation_d": 5.4351034986199164e-09, "rotation_d": 4.9004084013873455e-05, "width_d": 0.0026814688755583916}