{"numgrasp": 464, "translation_d": 5.640402876894364e-09, "rotation_d": 4.8561015351946444e-05, "width_d": 0.004217896964418272}