{"numgrasp": 468, "translation_d": 5.300122305148325e-09, "rotation_d": 4.794335829492272e-05, "width_d": 0.004061234480561252}