{"numgrasp": 441, "translation_d": 5.333754737905371e-09, "rotation_d": 4.959094761298506e-05, "width_d": 0.005395935995799511}