{"numgrasp": 460, "translation_d": 5.427860388502896e-09, "rotation_d": 5.518511140461461e-05, "width_d": 0.002840069572699391}