{"numgrasp": 406, "translation_d": 5.2154044760393435e-09, "rotation_d": 5.4678473660644846e-05, "width_d": 0.002662959194557356}