{"numgrasp": 455, "translation_d": 5.4519976456530086e-09, "rotation_d": 5.618578730853525e-05, "width_d": 0.0029752937701495695}