{"numgrasp": 413, "translation_d": 6.497447788585014e-09, "rotation_d": 4.4536070776889085e-05, "width_d": 0.004415537068574212}