{"numgrasp": 445, "translation_d": 5.467252417743798e-09, "rotation_d": 5.899079178978292e-05, "width_d": 0.004246012808331178}