{"numgrasp": 393, "translation_d": 4.9402974820306125e-09, "rotation_d": 5.614519181480429e-05, "width_d": 0.004320940928459996}