{"numgrasp": 450, "translation_d": 4.805269944644443e-09, "rotation_d": 5.769868294588395e-05, "width_d": 0.004258133308558265}