{"numgrasp": 426, "translation_d": 5.398696019833906e-09, "rotation_d": 5.6853177844189766e-05, "width_d": 0.0032636435947065124}