{"numgrasp": 420, "translation_d": 5.21389717056824e-09, "rotation_d": 5.0922775074933317e-05, "width_d": 0.0024783959299236324}