{"numgrasp": 408, "translation_d": 5.17533444995382e-09, "rotation_d": 5.200553307468246e-05, "width_d": 0.0025772750399775776}