{"numgrasp": 431, "translation_d": 6.469745199738231e-09, "rotation_d": 4.688553654316608e-05, "width_d": 0.0042141641097407055}