{"numgrasp": 436, "translation_d": 4.943612131426876e-09, "rotation_d": 5.229656960502891e-05, "width_d": 0.003189872240164408}