{"numgrasp": 404, "translation_d": 4.786844503413303e-09, "rotation_d": 5.274151542630169e-05, "width_d": 0.0036615841357832777}