{"numgrasp": 425, "translation_d": 6.470931094463775e-09, "rotation_d": 4.76651906542958e-05, "width_d": 0.0041694944330399235}