{"numgrasp": 418, "translation_d": 4.9036928239507236e-09, "rotation_d": 4.8282299593088716e-05, "width_d": 0.002913028478777598}