{"numgrasp": 419, "translation_d": 4.72258209847473e-09, "rotation_d": 4.8742096935797844e-05, "width_d": 0.0028071061917563133}