{"numgrasp": 430, "translation_d": 5.03811349357094e-09, "rotation_d": 4.888615861126835e-05, "width_d": 0.002561376387640588}