{"numgrasp": 400, "translation_d": 4.737746232172405e-09, "rotation_d": 4.4429944675214875e-05, "width_d": 0.0025729534410113865}