{"numgrasp": 438, "translation_d": 4.868674926273587e-09, "rotation_d": 4.569845769622781e-05, "width_d": 0.002483132422290345}