{"numgrasp": 429, "translation_d": 4.732341861156792e-09, "rotation_d": 4.569640830584983e-05, "width_d": 0.0025806181636045793}