{"numgrasp": 462, "translation_d": 6.611859381098953e-09, "rotation_d": 4.550820634169459e-05, "width_d": 0.0034513108956383477}