{"numgrasp": 410, "translation_d": 4.606420250288436e-09, "rotation_d": 4.7115891967721653e-05, "width_d": 0.002949298856008519}