{"numgrasp": 414, "translation_d": 4.549526930348349e-09, "rotation_d": 4.723435709083808e-05, "width_d": 0.0030585483190838226}