{"numgrasp": 411, "translation_d": 4.650421379734681e-09, "rotation_d": 4.6633117164475874e-05, "width_d": 0.0032987590157027118}