{"numgrasp": 405, "translation_d": 4.6153272736810845e-09, "rotation_d": 4.575292526974393e-05, "width_d": 0.00334271928727013}