{"numgrasp": 484, "translation_d": 6.583006579600538e-09, "rotation_d": 4.5329361601482494e-05, "width_d": 0.0035480510953303426}