{"numgrasp": 481, "translation_d": 6.239183170941498e-09, "rotation_d": 4.906443917050688e-05, "width_d": 0.003198462139699234}