{"numgrasp": 483, "translation_d": 6.579832898630372e-09, "rotation_d": 4.688855070944758e-05, "width_d": 0.0031257922950789683}