{"numgrasp": 473, "translation_d": 6.833470218736213e-09, "rotation_d": 4.6832480753442516e-05, "width_d": 0.00318478843519369}