{"numgrasp": 493, "translation_d": 6.6653969698917974e-09, "rotation_d": 4.668067941214351e-05, "width_d": 0.0032013006999744693}