{"numgrasp": 455, "translation_d": 6.306935021157785e-09, "rotation_d": 4.679000325440224e-05, "width_d": 0.003335499764954637}