{"numgrasp": 425, "translation_d": 5.912471359394189e-09, "rotation_d": 4.6434210890603134e-05, "width_d": 0.004540694696196892}