{"numgrasp": 413, "translation_d": 6.293368691149838e-09, "rotation_d": 4.776386132530873e-05, "width_d": 0.004460941714762669}