{"numgrasp": 461, "translation_d": 6.4671761008928455e-09, "rotation_d": 4.877712407838559e-05, "width_d": 0.003606217550665052}