{"numgrasp": 459, "translation_d": 6.454462268235573e-09, "rotation_d": 4.814442554316892e-05, "width_d": 0.003130955986037338}