{"numgrasp": 478, "translation_d": 6.419403884888804e-09, "rotation_d": 4.794468568959604e-05, "width_d": 0.002777138547655351}