{"numgrasp": 466, "translation_d": 6.329992647353387e-09, "rotation_d": 4.98447101303459e-05, "width_d": 0.0031151470173405586}