{"numgrasp": 462, "translation_d": 5.677798764077894e-09, "rotation_d": 5.1736550284475804e-05, "width_d": 0.0034650290893322813}