{"numgrasp": 440, "translation_d": 5.924187203343078e-09, "rotation_d": 5.1671951863505165e-05, "width_d": 0.0037803129678984377}