{"numgrasp": 447, "translation_d": 6.038648114379955e-09, "rotation_d": 5.0808698452495336e-05, "width_d": 0.004122251049745663}