{"numgrasp": 394, "translation_d": 5.7973828295336435e-09, "rotation_d": 4.999016064818663e-05, "width_d": 0.004474318710204484}