{"numgrasp": 383, "translation_d": 6.055455293672005e-09, "rotation_d": 4.835667674397905e-05, "width_d": 0.005003889934913396}