{"numgrasp": 420, "translation_d": 5.099937685001325e-09, "rotation_d": 5.650779070077723e-05, "width_d": 0.00427459710189595}