{"numgrasp": 451, "translation_d": 5.425398459328968e-09, "rotation_d": 5.692686801162926e-05, "width_d": 0.004321175380031815}