{"numgrasp": 465, "translation_d": 5.480204677731919e-09, "rotation_d": 5.670551947199812e-05, "width_d": 0.003931117529295798}