{"numgrasp": 464, "translation_d": 5.878858985188027e-09, "rotation_d": 5.5459189221949374e-05, "width_d": 0.003583813166402067}