{"numgrasp": 473, "translation_d": 6.100662476585426e-09, "rotation_d": 5.3199862072177956e-05, "width_d": 0.0028739522051006933}