{"numgrasp": 488, "translation_d": 6.536204591819649e-09, "rotation_d": 4.414561958068118e-05, "width_d": 0.003397165490200636}