{"numgrasp": 458, "translation_d": 5.639444696260872e-09, "rotation_d": 5.633505808643083e-05, "width_d": 0.0030588480703969837}