{"numgrasp": 470, "translation_d": 5.616277001924077e-09, "rotation_d": 5.78858905534298e-05, "width_d": 0.004118185156723267}