{"numgrasp": 350, "translation_d": 5.685043926032814e-09, "rotation_d": 2.6596739441226793e-05, "width_d": 0.002681569550092144}