{"numgrasp": 355, "translation_d": 5.608522976483852e-09, "rotation_d": 2.7262637796225705e-05, "width_d": 0.003081024559945011}