{"numgrasp": 347, "translation_d": 5.7228770335770815e-09, "rotation_d": 2.917774013850405e-05, "width_d": 0.0030359987235995594}