{"numgrasp": 341, "translation_d": 5.633372360456259e-09, "rotation_d": 3.597191691764117e-05, "width_d": 0.0035436360936345022}