{"numgrasp": 332, "translation_d": 5.854545332877988e-09, "rotation_d": 3.5391458632010456e-05, "width_d": 0.0029733350826936043}