{"numgrasp": 343, "translation_d": 5.566747450746282e-09, "rotation_d": 3.504173647011853e-05, "width_d": 0.00283193178857845}