{"numgrasp": 321, "translation_d": 5.5586144663419116e-09, "rotation_d": 3.2566484148231515e-05, "width_d": 0.0028993369833195115}