{"numgrasp": 299, "translation_d": 5.575360667472813e-09, "rotation_d": 3.340314792976883e-05, "width_d": 0.0024348175429778677}