{"numgrasp": 285, "translation_d": 5.634383932529088e-09, "rotation_d": 3.07344495437512e-05, "width_d": 0.0027073370139949347}