{"numgrasp": 243, "translation_d": 5.073944344015953e-09, "rotation_d": 4.797518168779952e-05, "width_d": 0.0026582345545855617}