{"numgrasp": 324, "translation_d": 5.290453751266451e-09, "rotation_d": 5.178505670201714e-05, "width_d": 0.0031018326668095036}