{"numgrasp": 332, "translation_d": 5.380861177433931e-09, "rotation_d": 5.1807465321421525e-05, "width_d": 0.0034404020885123194}