{"numgrasp": 343, "translation_d": 5.575428768297044e-09, "rotation_d": 5.257990489661487e-05, "width_d": 0.003345002281272458}