{"numgrasp": 364, "translation_d": 5.480632513394302e-09, "rotation_d": 5.1790022048159926e-05, "width_d": 0.003771468071390498}