{"numgrasp": 380, "translation_d": 5.076017903312475e-09, "rotation_d": 6.197938254320056e-05, "width_d": 0.004031429032072001}