{"numgrasp": 384, "translation_d": 6.293655846707338e-09, "rotation_d": 6.196102685818463e-05, "width_d": 0.005238516629449278}