{"numgrasp": 296, "translation_d": 5.171173602071749e-09, "rotation_d": 6.231449417018202e-05, "width_d": 0.003833238878098045}