{"numgrasp": 327, "translation_d": 5.371297117728747e-09, "rotation_d": 6.367986050986823e-05, "width_d": 0.00323801332246047}