{"numgrasp": 283, "translation_d": 5.350519531981553e-09, "rotation_d": 6.346135587119108e-05, "width_d": 0.002793231686825021}