{"numgrasp": 265, "translation_d": 5.107430868147888e-09, "rotation_d": 6.363600277233278e-05, "width_d": 0.002783683550556539}