{"numgrasp": 277, "translation_d": 5.3127145693159546e-09, "rotation_d": 6.402217729754605e-05, "width_d": 0.002485905669488589}