{"numgrasp": 290, "translation_d": 5.135006192064474e-09, "rotation_d": 6.480568616199319e-05, "width_d": 0.002442149603174063}