{"numgrasp": 283, "translation_d": 4.71747866978427e-09, "rotation_d": 6.483396107292142e-05, "width_d": 0.002335877902767688}