{"numgrasp": 355, "translation_d": 4.934059044636377e-09, "rotation_d": 6.57162828312617e-05, "width_d": 0.002117187443258853}