{"numgrasp": 328, "translation_d": 5.029483909271448e-09, "rotation_d": 6.623884571729306e-05, "width_d": 0.002615164373167306}