{"numgrasp": 287, "translation_d": 4.977178664958461e-09, "rotation_d": 6.818909801666299e-05, "width_d": 0.0032240349292046977}