{"numgrasp": 267, "translation_d": 4.682503186190877e-09, "rotation_d": 6.49125611965618e-05, "width_d": 0.0034763972302336876}