{"numgrasp": 366, "translation_d": 6.095726994983273e-09, "rotation_d": 6.136841337003381e-05, "width_d": 0.0057733976817759035}