{"numgrasp": 363, "translation_d": 4.993333434774211e-09, "rotation_d": 6.53051534988571e-05, "width_d": 0.0035180495705996006}