{"numgrasp": 314, "translation_d": 5.063842752721478e-09, "rotation_d": 6.374062689583198e-05, "width_d": 0.004031364748513568}