{"numgrasp": 425, "translation_d": 5.324776473717405e-09, "rotation_d": 6.006820579201996e-05, "width_d": 0.004821483453911518}