{"numgrasp": 402, "translation_d": 4.949553905434465e-09, "rotation_d": 5.9259828137808637e-05, "width_d": 0.004410324394711168}