{"numgrasp": 359, "translation_d": 6.116749221505065e-09, "rotation_d": 6.118952330471697e-05, "width_d": 0.005029959330107769}