{"numgrasp": 426, "translation_d": 5.022481552613007e-09, "rotation_d": 5.8714180365545464e-05, "width_d": 0.003955877064646965}