{"numgrasp": 398, "translation_d": 4.970673273276518e-09, "rotation_d": 5.5817355873579314e-05, "width_d": 0.0026187041392390846}