{"numgrasp": 408, "translation_d": 4.7794419470349045e-09, "rotation_d": 5.4273985128300556e-05, "width_d": 0.0026999000993097044}