{"numgrasp": 397, "translation_d": 4.740730042490993e-09, "rotation_d": 4.846403966834796e-05, "width_d": 0.0023649736602243242}