{"numgrasp": 367, "translation_d": 4.669349483615547e-09, "rotation_d": 4.333269649845053e-05, "width_d": 0.0019418283592907328}