{"numgrasp": 369, "translation_d": 4.7722425798947954e-09, "rotation_d": 3.0425321832134396e-05, "width_d": 0.002432746848376443}