{"numgrasp": 396, "translation_d": 4.9405473979836685e-09, "rotation_d": 4.2199912130153594e-05, "width_d": 0.0034783481224738236}