{"numgrasp": 389, "translation_d": 4.8400950370381405e-09, "rotation_d": 6.230285193288853e-05, "width_d": 0.0050113074387880775}