{"numgrasp": 396, "translation_d": 4.922547144656619e-09, "rotation_d": 3.629111846704343e-05, "width_d": 0.005371553844050108}