{"numgrasp": 393, "translation_d": 4.825726230556569e-09, "rotation_d": 3.5152108134238426e-05, "width_d": 0.00544670181307592}