{"numgrasp": 382, "translation_d": 4.583623136334712e-09, "rotation_d": 2.835711689951787e-05, "width_d": 0.004251574554025433}