{"numgrasp": 350, "translation_d": 4.7150841876355465e-09, "rotation_d": 2.314847305165458e-05, "width_d": 0.0033121864047459403}