{"numgrasp": 359, "translation_d": 4.465586488231053e-09, "rotation_d": 3.230725558386048e-05, "width_d": 0.0030372079486718096}