{"numgrasp": 330, "translation_d": 4.43466654636897e-09, "rotation_d": 3.0465069573978564e-05, "width_d": 0.0043889947287766564}