{"numgrasp": 388, "translation_d": 6.257658876840027e-09, "rotation_d": 6.405933750647001e-05, "width_d": 0.004259778011559912}