{"numgrasp": 308, "translation_d": 4.3948768495922e-09, "rotation_d": 2.8137877970697204e-05, "width_d": 0.005041514983454148}