{"numgrasp": 309, "translation_d": 4.410280453127268e-09, "rotation_d": 3.057267028073386e-05, "width_d": 0.004904482022595249}