{"numgrasp": 311, "translation_d": 4.289419256582277e-09, "rotation_d": 3.1229108429095064e-05, "width_d": 0.005110357115300059}