{"numgrasp": 288, "translation_d": 4.288255672201512e-09, "rotation_d": 4.075735917342747e-05, "width_d": 0.004820995769000225}