{"numgrasp": 376, "translation_d": 6.472517529244468e-09, "rotation_d": 6.356714857990898e-05, "width_d": 0.0041269229884962075}