{"numgrasp": 321, "translation_d": 4.498361894907735e-09, "rotation_d": 4.3708699511661434e-05, "width_d": 0.0040632435859591295}