{"numgrasp": 326, "translation_d": 4.336845392585156e-09, "rotation_d": 4.6064366099668963e-05, "width_d": 0.00402708105929256}