{"numgrasp": 334, "translation_d": 4.251088747082429e-09, "rotation_d": 4.8160523608637215e-05, "width_d": 0.003719623845006461}