{"numgrasp": 339, "translation_d": 4.298823918404554e-09, "rotation_d": 5.521714810581305e-05, "width_d": 0.0027512636818586996}