{"numgrasp": 384, "translation_d": 6.4617065967970816e-09, "rotation_d": 6.389068013156561e-05, "width_d": 0.004037612552850981}