{"numgrasp": 334, "translation_d": 4.4677516628870505e-09, "rotation_d": 6.468220734127614e-05, "width_d": 0.003171961158630531}