{"numgrasp": 323, "translation_d": 4.178815259612876e-09, "rotation_d": 5.9116018060715136e-05, "width_d": 0.003673191683610684}