{"numgrasp": 314, "translation_d": 4.281250821465138e-09, "rotation_d": 5.581020865823487e-05, "width_d": 0.003840395080513107}