{"numgrasp": 290, "translation_d": 4.118503541058676e-09, "rotation_d": 5.509167089140459e-05, "width_d": 0.004642269134004956}