{"numgrasp": 298, "translation_d": 4.406857874921997e-09, "rotation_d": 5.520916626634941e-05, "width_d": 0.004806475416895077}