{"numgrasp": 302, "translation_d": 4.360249471039057e-09, "rotation_d": 5.459049684466304e-05, "width_d": 0.004733973546903522}