{"numgrasp": 309, "translation_d": 4.4292865010001935e-09, "rotation_d": 6.230001097562416e-05, "width_d": 0.00530588593306794}