{"numgrasp": 391, "translation_d": 6.299540584877942e-09, "rotation_d": 5.247319934468497e-05, "width_d": 0.003462962993699079}