{"numgrasp": 383, "translation_d": 6.570588433269884e-09, "rotation_d": 3.956010733731399e-05, "width_d": 0.0036121831387584194}