{"numgrasp": 361, "translation_d": 6.677245132421717e-09, "rotation_d": 4.630786359569196e-05, "width_d": 0.003417818495026928}