{"numgrasp": 405, "translation_d": 6.558932818307765e-09, "rotation_d": 6.337720369093918e-05, "width_d": 0.003373807354072244}