{"numgrasp": 413, "translation_d": 6.625062057825409e-09, "rotation_d": 6.464517036328052e-05, "width_d": 0.003271292860126849}