{"numgrasp": 389, "translation_d": 6.419389673501442e-09, "rotation_d": 6.596636912291822e-05, "width_d": 0.003238082214829618}