{"numgrasp": 400, "translation_d": 5.919678227586622e-09, "rotation_d": 6.44583355311951e-05, "width_d": 0.0038589920433661743}