{"numgrasp": 393, "translation_d": 5.84026718000293e-09, "rotation_d": 6.222915954638694e-05, "width_d": 0.004142556329845018}