{"numgrasp": 379, "translation_d": 6.1545218634612454e-09, "rotation_d": 6.094191804967478e-05, "width_d": 0.0043233161993306655}