{"numgrasp": 412, "translation_d": 6.355648000149672e-09, "rotation_d": 5.6107789895776734e-05, "width_d": 0.0038043749827378465}