{"numgrasp": 389, "translation_d": 6.376671139281274e-09, "rotation_d": 4.665613217168029e-05, "width_d": 0.0036601586095663502}