{"numgrasp": 395, "translation_d": 6.102626814501061e-09, "rotation_d": 6.569038514170292e-05, "width_d": 0.0030490332077937935}