{"numgrasp": 384, "translation_d": 6.130080952002132e-09, "rotation_d": 6.724386131118361e-05, "width_d": 0.003066329057157465}