{"numgrasp": 351, "translation_d": 5.934283837541192e-09, "rotation_d": 5.774769286350396e-05, "width_d": 0.0029662769125653014}