{"numgrasp": 360, "translation_d": 6.421544814074703e-09, "rotation_d": 5.495612043157329e-05, "width_d": 0.0026307885603099493}