{"numgrasp": 403, "translation_d": 6.270361123798093e-09, "rotation_d": 4.977976375704967e-05, "width_d": 0.003098341928289336}