{"numgrasp": 400, "translation_d": 6.196159221651399e-09, "rotation_d": 4.91700082155732e-05, "width_d": 0.0030170197758742443}