{"numgrasp": 403, "translation_d": 6.175221724444926e-09, "rotation_d": 4.73347396223367e-05, "width_d": 0.0033791138399827236}