{"numgrasp": 381, "translation_d": 6.26574731335542e-09, "rotation_d": 4.4979240987027206e-05, "width_d": 0.003779484139836968}