{"numgrasp": 378, "translation_d": 6.043118118559983e-09, "rotation_d": 3.6606748651946177e-05, "width_d": 0.0030428739085048744}