{"numgrasp": 376, "translation_d": 6.1324602714937475e-09, "rotation_d": 3.6476131510397625e-05, "width_d": 0.003446803274677906}