{"numgrasp": 385, "translation_d": 6.1212029653040805e-09, "rotation_d": 5.370574741982797e-05, "width_d": 0.0043272586506831155}