{"numgrasp": 368, "translation_d": 5.804975492969639e-09, "rotation_d": 4.34129310595415e-05, "width_d": 0.0026962664539007114}