{"numgrasp": 323, "translation_d": 5.906332009595607e-09, "rotation_d": 5.4542454135312384e-05, "width_d": 0.0024624661518063296}