{"numgrasp": 325, "translation_d": 5.534593719601985e-09, "rotation_d": 3.115064743581962e-05, "width_d": 0.0024964102814442296}