{"numgrasp": 337, "translation_d": 5.480991543118677e-09, "rotation_d": 2.7545235617033352e-05, "width_d": 0.0021444241862742758}