{"numgrasp": 348, "translation_d": 5.760001101994754e-09, "rotation_d": 2.5998075137727394e-05, "width_d": 0.00260553529129344}