{"numgrasp": 337, "translation_d": 6.120061837223558e-09, "rotation_d": 4.713989885681726e-05, "width_d": 0.005269748636793731}