{"numgrasp": 356, "translation_d": 6.044713660623085e-09, "rotation_d": 5.1043423349199764e-05, "width_d": 0.005768627125343334}