{"numgrasp": 346, "translation_d": 6.907941630052582e-09, "rotation_d": 5.6039199778743566e-05, "width_d": 0.005190700601676536}