{"numgrasp": 378, "translation_d": 5.7369978473101415e-09, "rotation_d": 5.294027704034163e-05, "width_d": 0.005261011738637409}