{"numgrasp": 368, "translation_d": 6.131404087400814e-09, "rotation_d": 5.3102850402294123e-05, "width_d": 0.004920201295107166}