{"numgrasp": 352, "translation_d": 6.303307869915418e-09, "rotation_d": 5.137429792717657e-05, "width_d": 0.00488726853089527}