{"numgrasp": 389, "translation_d": 5.830665176151097e-09, "rotation_d": 5.41012963608692e-05, "width_d": 0.005077365926377381}