{"numgrasp": 373, "translation_d": 5.861576689038137e-09, "rotation_d": 5.372892830408884e-05, "width_d": 0.005558004037504147}