{"numgrasp": 378, "translation_d": 5.838525410099907e-09, "rotation_d": 5.2381082914537824e-05, "width_d": 0.005720775558965845}