{"numgrasp": 357, "translation_d": 5.660374359678668e-09, "rotation_d": 5.201682346213143e-05, "width_d": 0.005756223075756697}