{"numgrasp": 340, "translation_d": 5.7974181225028065e-09, "rotation_d": 5.263814912029651e-05, "width_d": 0.005675440578958249}