{"numgrasp": 327, "translation_d": 5.571750985631802e-09, "rotation_d": 5.411230401351342e-05, "width_d": 0.006210293739840806}