{"numgrasp": 332, "translation_d": 5.50552355415152e-09, "rotation_d": 5.058761161357487e-05, "width_d": 0.005990414649500758}