{"numgrasp": 371, "translation_d": 5.525498885066827e-09, "rotation_d": 5.229654313698396e-05, "width_d": 0.005477796582293004}