{"numgrasp": 369, "translation_d": 5.472059959076834e-09, "rotation_d": 5.3628094396956135e-05, "width_d": 0.005324766487212057}