{"numgrasp": 352, "translation_d": 5.587357226140479e-09, "rotation_d": 5.353914327504549e-05, "width_d": 0.005125800228918495}