{"numgrasp": 364, "translation_d": 5.562425548683537e-09, "rotation_d": 5.368503747334694e-05, "width_d": 0.005327789049482328}