{"numgrasp": 384, "translation_d": 5.260652678029036e-09, "rotation_d": 5.168282688778583e-05, "width_d": 0.005219647784401638}