{"numgrasp": 314, "translation_d": 6.511185768091131e-09, "rotation_d": 5.510822194130428e-05, "width_d": 0.0052982181145124025}