{"numgrasp": 370, "translation_d": 5.446918010000993e-09, "rotation_d": 5.176360504300433e-05, "width_d": 0.0050843821533365875}