{"numgrasp": 359, "translation_d": 5.4105151505446e-09, "rotation_d": 4.795695398276779e-05, "width_d": 0.005060382740630575}