{"numgrasp": 365, "translation_d": 5.489337188178357e-09, "rotation_d": 4.8988976408022895e-05, "width_d": 0.004970372715962282}