{"numgrasp": 349, "translation_d": 5.032857172418472e-09, "rotation_d": 4.97722211009112e-05, "width_d": 0.005344191201408086}