{"numgrasp": 339, "translation_d": 5.310266397472309e-09, "rotation_d": 5.06193884052855e-05, "width_d": 0.006243456283461872}