{"numgrasp": 340, "translation_d": 4.946076277983647e-09, "rotation_d": 5.072031372644171e-05, "width_d": 0.006092026070705567}