{"numgrasp": 332, "translation_d": 4.7715526150676525e-09, "rotation_d": 4.996347820157634e-05, "width_d": 0.005931788012275582}