{"numgrasp": 322, "translation_d": 4.572986082996371e-09, "rotation_d": 5.022548530107812e-05, "width_d": 0.006227068234804526}