{"numgrasp": 352, "translation_d": 5.053724425057161e-09, "rotation_d": 5.136037004106248e-05, "width_d": 0.005539479597061796}