{"numgrasp": 303, "translation_d": 6.128039056443799e-09, "rotation_d": 5.599199912355596e-05, "width_d": 0.005149912025058389}