{"numgrasp": 358, "translation_d": 5.208472562158708e-09, "rotation_d": 4.671414241416695e-05, "width_d": 0.00463998524629521}