{"numgrasp": 359, "translation_d": 5.006223977499613e-09, "rotation_d": 4.794312368557692e-05, "width_d": 0.004725113002284867}