{"numgrasp": 376, "translation_d": 4.907856975250844e-09, "rotation_d": 4.752531510015561e-05, "width_d": 0.0047659379716390345}