{"numgrasp": 362, "translation_d": 4.998446217689945e-09, "rotation_d": 4.8369539013830115e-05, "width_d": 0.004966970590624867}