{"numgrasp": 350, "translation_d": 4.9466132253370545e-09, "rotation_d": 4.775559306253138e-05, "width_d": 0.005024230009800968}