{"numgrasp": 342, "translation_d": 4.895881892076354e-09, "rotation_d": 4.76489869047281e-05, "width_d": 0.0052372221257303946}