{"numgrasp": 346, "translation_d": 4.6032324131161674e-09, "rotation_d": 4.872650865261308e-05, "width_d": 0.0054257151233309845}