{"numgrasp": 337, "translation_d": 4.530422715833198e-09, "rotation_d": 4.940159771158281e-05, "width_d": 0.005610206498844192}