{"numgrasp": 338, "translation_d": 4.688964145395212e-09, "rotation_d": 4.788953708456427e-05, "width_d": 0.005881736702545253}