{"numgrasp": 325, "translation_d": 4.508928204633632e-09, "rotation_d": 4.688250242369493e-05, "width_d": 0.006176845626231776}