{"numgrasp": 312, "translation_d": 4.609843768353758e-09, "rotation_d": 4.638038416936734e-05, "width_d": 0.005742418851753036}