{"numgrasp": 306, "translation_d": 6.419194609020893e-09, "rotation_d": 5.72098817967275e-05, "width_d": 0.005187737856862015}