{"numgrasp": 351, "translation_d": 5.0573629251761544e-09, "rotation_d": 4.811778668927824e-05, "width_d": 0.005364600968599513}