{"numgrasp": 337, "translation_d": 5.10702422879944e-09, "rotation_d": 5.029919385144532e-05, "width_d": 0.005082716939419881}