{"numgrasp": 321, "translation_d": 5.196747122798324e-09, "rotation_d": 5.2099962296028856e-05, "width_d": 0.005313769862030886}