{"numgrasp": 327, "translation_d": 6.503126481621101e-09, "rotation_d": 5.578034350764658e-05, "width_d": 0.005044893708432723}