{"numgrasp": 300, "translation_d": 5.34710836475576e-09, "rotation_d": 5.513803160711729e-05, "width_d": 0.0050918894879224946}