{"numgrasp": 318, "translation_d": 4.979418053275325e-09, "rotation_d": 5.094262166664065e-05, "width_d": 0.005421218744723592}