{"numgrasp": 303, "translation_d": 5.162946560396546e-09, "rotation_d": 5.0428638350705594e-05, "width_d": 0.004932791141517009}