{"numgrasp": 343, "translation_d": 6.705513334651882e-09, "rotation_d": 5.668774973440971e-05, "width_d": 0.005040525011938842}