{"numgrasp": 291, "translation_d": 4.5639104474911066e-09, "rotation_d": 4.976474503444125e-05, "width_d": 0.005529239167589614}