{"numgrasp": 288, "translation_d": 4.602423790451004e-09, "rotation_d": 4.877092797244155e-05, "width_d": 0.005948618971079024}