{"numgrasp": 306, "translation_d": 4.7161362935713155e-09, "rotation_d": 4.92958704620688e-05, "width_d": 0.006055983178738245}