{"numgrasp": 279, "translation_d": 4.7817449895866845e-09, "rotation_d": 5.324441191814374e-05, "width_d": 0.005295605699757404}