{"numgrasp": 354, "translation_d": 6.7886394512391005e-09, "rotation_d": 5.647515773609374e-05, "width_d": 0.005003965187659649}