{"numgrasp": 295, "translation_d": 5.192021832995637e-09, "rotation_d": 5.365290218227589e-05, "width_d": 0.005359891092429388}