{"numgrasp": 300, "translation_d": 4.993672236527011e-09, "rotation_d": 5.3089609351484973e-05, "width_d": 0.005181368470592039}