{"numgrasp": 296, "translation_d": 5.145693219312634e-09, "rotation_d": 5.482613517272101e-05, "width_d": 0.00478272725891035}