{"numgrasp": 306, "translation_d": 5.2699532156718575e-09, "rotation_d": 5.361779253381083e-05, "width_d": 0.005448718688502025}