{"numgrasp": 315, "translation_d": 4.989820218284052e-09, "rotation_d": 5.526599353818313e-05, "width_d": 0.004897722820175149}