{"numgrasp": 296, "translation_d": 5.27139653469751e-09, "rotation_d": 5.538452544398757e-05, "width_d": 0.005211745646191929}