{"numgrasp": 288, "translation_d": 4.99999624502222e-09, "rotation_d": 5.59902068907598e-05, "width_d": 0.005245317036867473}