{"numgrasp": 288, "translation_d": 4.941056103521942e-09, "rotation_d": 5.5512743002659154e-05, "width_d": 0.0051009203567165436}