{"numgrasp": 285, "translation_d": 4.764222461393112e-09, "rotation_d": 5.40596225036007e-05, "width_d": 0.005364605769471663}