{"numgrasp": 354, "translation_d": 6.729742904760205e-09, "rotation_d": 5.683193009370308e-05, "width_d": 0.004814295751505912}