{"numgrasp": 376, "translation_d": 7.289435391008521e-09, "rotation_d": 5.54958580343844e-05, "width_d": 0.0047996126627753224}