{"numgrasp": 371, "translation_d": 6.148429652990728e-09, "rotation_d": 5.567353090408861e-05, "width_d": 0.004770071007441376}