{"numgrasp": 356, "translation_d": 5.909251538711451e-09, "rotation_d": 5.5069498797008726e-05, "width_d": 0.004825299519805514}