{"numgrasp": 323, "translation_d": 5.977453482177603e-09, "rotation_d": 5.580962960413614e-05, "width_d": 0.0049971047270275055}