{"numgrasp": 311, "translation_d": 6.220390698250034e-09, "rotation_d": 5.565700789246436e-05, "width_d": 0.004721284856739294}