{"numgrasp": 292, "translation_d": 6.037861005480514e-09, "rotation_d": 6.328406876219601e-05, "width_d": 0.004907927314259992}