{"numgrasp": 288, "translation_d": 5.843217291868489e-09, "rotation_d": 5.444280227084845e-05, "width_d": 0.004749683767311291}