{"numgrasp": 329, "translation_d": 6.0302254669432356e-09, "rotation_d": 5.288330116100526e-05, "width_d": 0.00479260539729474}