{"numgrasp": 343, "translation_d": 5.952445273624189e-09, "rotation_d": 5.3328575239739755e-05, "width_d": 0.004834091135138607}