{"numgrasp": 351, "translation_d": 6.187679159047762e-09, "rotation_d": 5.263902751755137e-05, "width_d": 0.004892025835457766}