{"numgrasp": 379, "translation_d": 6.19186558019223e-09, "rotation_d": 5.239696837458243e-05, "width_d": 0.004809271269650829}