{"numgrasp": 382, "translation_d": 6.1706595624323055e-09, "rotation_d": 5.305625252899375e-05, "width_d": 0.004791966188181629}