{"numgrasp": 363, "translation_d": 6.223859421845526e-09, "rotation_d": 5.3883086704770275e-05, "width_d": 0.004765184911510322}