{"numgrasp": 371, "translation_d": 6.097519140676367e-09, "rotation_d": 5.133384735845564e-05, "width_d": 0.0048746977830392}