{"numgrasp": 368, "translation_d": 6.163855618946652e-09, "rotation_d": 4.955453885343065e-05, "width_d": 0.004718160648985668}