{"numgrasp": 382, "translation_d": 6.2145334020481165e-09, "rotation_d": 4.9113745561497924e-05, "width_d": 0.004807203669234729}