{"numgrasp": 384, "translation_d": 6.3532975373963206e-09, "rotation_d": 4.834312543310788e-05, "width_d": 0.00481369714618728}