{"numgrasp": 375, "translation_d": 6.442858199069991e-09, "rotation_d": 4.885882094275697e-05, "width_d": 0.0047831867552049715}