{"numgrasp": 355, "translation_d": 7.362912215470379e-09, "rotation_d": 5.4502445738788064e-05, "width_d": 0.004995664258007821}