{"numgrasp": 307, "translation_d": 5.871680104701349e-09, "rotation_d": 5.042619243235264e-05, "width_d": 0.004595727425074133}