{"numgrasp": 321, "translation_d": 6.143647648164797e-09, "rotation_d": 4.641683871220797e-05, "width_d": 0.0049205204143854524}