{"numgrasp": 316, "translation_d": 6.109007421099233e-09, "rotation_d": 4.643541138460684e-05, "width_d": 0.004964803742472253}