{"numgrasp": 320, "translation_d": 6.112640361529893e-09, "rotation_d": 4.649147513893507e-05, "width_d": 0.0049905178755698335}