{"numgrasp": 352, "translation_d": 6.9600771535187375e-09, "rotation_d": 5.482462210362042e-05, "width_d": 0.00479340609746789}