{"numgrasp": 363, "translation_d": 6.254637316357796e-09, "rotation_d": 4.564983439537407e-05, "width_d": 0.005138507336758279}