{"numgrasp": 378, "translation_d": 6.237345594920085e-09, "rotation_d": 4.6014893730968054e-05, "width_d": 0.004899314620062523}