{"numgrasp": 386, "translation_d": 6.173454155736994e-09, "rotation_d": 4.812443215547297e-05, "width_d": 0.004940745586705004}