{"numgrasp": 371, "translation_d": 6.148282004228333e-09, "rotation_d": 4.828022916285496e-05, "width_d": 0.005098336887682646}