{"numgrasp": 346, "translation_d": 6.154738343727622e-09, "rotation_d": 4.778333001313036e-05, "width_d": 0.00520896900233646}