{"numgrasp": 347, "translation_d": 7.184772813255874e-09, "rotation_d": 5.446026530199009e-05, "width_d": 0.004960112768994634}