{"numgrasp": 189, "translation_d": 5.946177986140447e-09, "rotation_d": 5.049778932705802e-05, "width_d": 0.0029715488715361714}