{"numgrasp": 213, "translation_d": 5.7245036100635825e-09, "rotation_d": 5.49888084733967e-05, "width_d": 0.004545564087419727}