{"numgrasp": 228, "translation_d": 5.955657043585763e-09, "rotation_d": 5.4333406171076695e-05, "width_d": 0.004747425225368393}