{"numgrasp": 192, "translation_d": 5.982452924698789e-09, "rotation_d": 5.787119846018817e-05, "width_d": 0.0036406636924307396}