{"numgrasp": 198, "translation_d": 5.62789684357218e-09, "rotation_d": 5.702706865722587e-05, "width_d": 0.003460158809231162}