{"numgrasp": 183, "translation_d": 5.672049596104994e-09, "rotation_d": 5.8073659878183885e-05, "width_d": 0.003167817110644896}