{"numgrasp": 178, "translation_d": 6.0030334523169e-09, "rotation_d": 5.7970684667530836e-05, "width_d": 0.0029593732302245464}