{"numgrasp": 173, "translation_d": 5.8317271246588666e-09, "rotation_d": 6.0183607694518306e-05, "width_d": 0.0030127797116738697}