{"numgrasp": 194, "translation_d": 5.5430267137738664e-09, "rotation_d": 5.072249041799776e-05, "width_d": 0.0031696240280350073}