{"numgrasp": 185, "translation_d": 5.625425360589369e-09, "rotation_d": 5.067768726454527e-05, "width_d": 0.0033314717276988867}