{"numgrasp": 190, "translation_d": 5.447474055510658e-09, "rotation_d": 5.090055115310547e-05, "width_d": 0.0036249469881915568}