{"numgrasp": 193, "translation_d": 5.549295745625765e-09, "rotation_d": 5.203665348356675e-05, "width_d": 0.003562821946466675}