{"numgrasp": 256, "translation_d": 6.75812440386645e-09, "rotation_d": 4.932989098019995e-05, "width_d": 0.0035744839089805512}