{"numgrasp": 197, "translation_d": 5.6795513035541745e-09, "rotation_d": 5.109914365654716e-05, "width_d": 0.0038870638172930324}