{"numgrasp": 198, "translation_d": 5.85136599655119e-09, "rotation_d": 5.226270899776354e-05, "width_d": 0.004440302313036172}