{"numgrasp": 191, "translation_d": 5.402366614097869e-09, "rotation_d": 4.506369363219208e-05, "width_d": 0.004349060882847167}