{"numgrasp": 197, "translation_d": 5.494220804140524e-09, "rotation_d": 4.362522419389992e-05, "width_d": 0.003974885411111619}