{"numgrasp": 194, "translation_d": 5.802818760281221e-09, "rotation_d": 4.426796214974115e-05, "width_d": 0.004019663642628143}