{"numgrasp": 196, "translation_d": 5.686758763965695e-09, "rotation_d": 4.377098898162525e-05, "width_d": 0.003728974719424565}