{"numgrasp": 236, "translation_d": 6.153273807707241e-09, "rotation_d": 4.813009671950544e-05, "width_d": 0.004016901560752802}