{"numgrasp": 139, "translation_d": 5.224440260197918e-09, "rotation_d": 4.6858245723438766e-05, "width_d": 0.0023415462181948683}