{"numgrasp": 146, "translation_d": 5.129274691537467e-09, "rotation_d": 4.559997256577929e-05, "width_d": 0.002594213506248339}