{"numgrasp": 153, "translation_d": 4.8474860744132686e-09, "rotation_d": 4.640207757356029e-05, "width_d": 0.0022815725099338876}