{"numgrasp": 136, "translation_d": 4.936106240065139e-09, "rotation_d": 4.502563709275623e-05, "width_d": 0.0023826367183728257}