{"numgrasp": 129, "translation_d": 4.608758783748221e-09, "rotation_d": 4.549425136704603e-05, "width_d": 0.0024814887244493673}