{"numgrasp": 124, "translation_d": 4.885291082254548e-09, "rotation_d": 4.565796712305459e-05, "width_d": 0.0025880952963906172}