{"numgrasp": 139, "translation_d": 4.877538893651253e-09, "rotation_d": 4.8282393690334066e-05, "width_d": 0.002654575091673255}