{"numgrasp": 146, "translation_d": 4.532479861076753e-09, "rotation_d": 4.844749452799271e-05, "width_d": 0.0025719074398988227}