{"numgrasp": 223, "translation_d": 6.3894189081275075e-09, "rotation_d": 4.028077196917178e-05, "width_d": 0.0032656038742408873}