{"numgrasp": 147, "translation_d": 5.21855098151512e-09, "rotation_d": 4.601343596929948e-05, "width_d": 0.002562414317819487}