{"numgrasp": 212, "translation_d": 4.787245150417476e-09, "rotation_d": 5.9515621654983894e-05, "width_d": 0.0032960582856215756}