{"numgrasp": 189, "translation_d": 5.055026008184916e-09, "rotation_d": 5.5114608749677655e-05, "width_d": 0.003628211532297586}