{"numgrasp": 143, "translation_d": 4.707147388802166e-09, "rotation_d": 5.069825070447265e-05, "width_d": 0.002510883635521679}