{"numgrasp": 140, "translation_d": 4.519359933038482e-09, "rotation_d": 5.062296882501193e-05, "width_d": 0.0026954393656549447}