{"numgrasp": 142, "translation_d": 4.617416228872143e-09, "rotation_d": 5.0378579539116544e-05, "width_d": 0.002805610885051588}