{"numgrasp": 141, "translation_d": 4.850357088572452e-09, "rotation_d": 5.0758166665073734e-05, "width_d": 0.002974656952534261}