{"numgrasp": 164, "translation_d": 4.6655775353911164e-09, "rotation_d": 5.456652669559904e-05, "width_d": 0.003922827358721867}