{"numgrasp": 176, "translation_d": 4.669981368714535e-09, "rotation_d": 5.6390320494477786e-05, "width_d": 0.004252148824096945}