{"numgrasp": 191, "translation_d": 4.761693739972815e-09, "rotation_d": 6.03416604876492e-05, "width_d": 0.004255820978478129}