{"numgrasp": 201, "translation_d": 5.050190067844129e-09, "rotation_d": 6.038724284770094e-05, "width_d": 0.004174203918572474}