{"numgrasp": 208, "translation_d": 4.753892497439242e-09, "rotation_d": 6.024193315235061e-05, "width_d": 0.003933879126719677}