{"numgrasp": 204, "translation_d": 4.619091262491313e-09, "rotation_d": 5.9502319007862254e-05, "width_d": 0.0036103129821527555}