{"numgrasp": 201, "translation_d": 4.59328634617177e-09, "rotation_d": 5.79476694870286e-05, "width_d": 0.0036643284216460264}