{"numgrasp": 215, "translation_d": 4.615832384665002e-09, "rotation_d": 5.9527182946581056e-05, "width_d": 0.003889533426324217}