{"numgrasp": 245, "translation_d": 6.040637002029243e-09, "rotation_d": 4.259830723726913e-05, "width_d": 0.0029835959010672394}