{"numgrasp": 210, "translation_d": 4.629085588957954e-09, "rotation_d": 5.796140799480876e-05, "width_d": 0.004288444373418867}