{"numgrasp": 193, "translation_d": 4.6308572476314455e-09, "rotation_d": 5.7728313580569484e-05, "width_d": 0.005017232179741096}