{"numgrasp": 197, "translation_d": 4.667697858138855e-09, "rotation_d": 5.781697319183871e-05, "width_d": 0.004926130046570679}