{"numgrasp": 192, "translation_d": 4.756085993038173e-09, "rotation_d": 5.7794066388661335e-05, "width_d": 0.005058785274247567}