{"numgrasp": 192, "translation_d": 4.7205052379975506e-09, "rotation_d": 5.7870676916143804e-05, "width_d": 0.004949959545212341}