{"numgrasp": 264, "translation_d": 6.276958157287957e-09, "rotation_d": 4.572366901737314e-05, "width_d": 0.0028282152236435666}