{"numgrasp": 197, "translation_d": 5.042049836285302e-09, "rotation_d": 5.8084303877721524e-05, "width_d": 0.005006445269651287}