{"numgrasp": 197, "translation_d": 4.845551831855406e-09, "rotation_d": 5.791877838285384e-05, "width_d": 0.005005062415923352}