{"numgrasp": 282, "translation_d": 6.098830506144578e-09, "rotation_d": 5.185225676676762e-05, "width_d": 0.002693785438588437}