{"numgrasp": 273, "translation_d": 6.032965706151299e-09, "rotation_d": 5.451938284992944e-05, "width_d": 0.0025428617610525413}