{"numgrasp": 263, "translation_d": 6.148480988605923e-09, "rotation_d": 4.898712893527807e-05, "width_d": 0.0023772240241573778}