{"numgrasp": 255, "translation_d": 5.98900756242015e-09, "rotation_d": 4.5956739306850404e-05, "width_d": 0.0024488173339188035}