{"numgrasp": 256, "translation_d": 6.0960782610913825e-09, "rotation_d": 4.188681215961409e-05, "width_d": 0.002591938521367846}