{"numgrasp": 239, "translation_d": 6.095441362116883e-09, "rotation_d": 3.545174514018692e-05, "width_d": 0.002838675957558981}