{"numgrasp": 209, "translation_d": 5.9828337818421825e-09, "rotation_d": 3.4296146366310265e-05, "width_d": 0.0030784598615193697}