{"numgrasp": 215, "translation_d": 5.845175786674978e-09, "rotation_d": 3.7695715826053364e-05, "width_d": 0.003543458697094368}