{"numgrasp": 213, "translation_d": 5.616254372259628e-09, "rotation_d": 3.795556719804244e-05, "width_d": 0.0034566343699472366}