{"numgrasp": 222, "translation_d": 5.816045243552141e-09, "rotation_d": 3.547591665633382e-05, "width_d": 0.003247722250045271}