{"numgrasp": 234, "translation_d": 5.871363499290515e-09, "rotation_d": 3.8268176480678426e-05, "width_d": 0.0032217781054871037}