{"numgrasp": 232, "translation_d": 5.837479430144399e-09, "rotation_d": 3.725736317968805e-05, "width_d": 0.00299317659357434}