{"numgrasp": 225, "translation_d": 6.020427727064012e-09, "rotation_d": 3.65967442590905e-05, "width_d": 0.0028560920689283055}