{"numgrasp": 272, "translation_d": 5.782901082107851e-09, "rotation_d": 5.62839555443861e-05, "width_d": 0.003033310032081489}