{"numgrasp": 235, "translation_d": 6.212928318927513e-09, "rotation_d": 3.9737816646795444e-05, "width_d": 0.0024441952933544177}