{"numgrasp": 212, "translation_d": 5.963365778150379e-09, "rotation_d": 4.0862903293172136e-05, "width_d": 0.0029189576842382106}