{"numgrasp": 209, "translation_d": 5.97870137165945e-09, "rotation_d": 4.28734493565773e-05, "width_d": 0.00287195824542945}