{"numgrasp": 228, "translation_d": 5.976145172466706e-09, "rotation_d": 4.341489517709621e-05, "width_d": 0.0034959728758571364}