{"numgrasp": 227, "translation_d": 5.948855642109299e-09, "rotation_d": 4.309937855024716e-05, "width_d": 0.0039681412489552745}