{"numgrasp": 225, "translation_d": 6.033897161324147e-09, "rotation_d": 4.883053525931262e-05, "width_d": 0.004234896933635361}