{"numgrasp": 218, "translation_d": 6.131404947520023e-09, "rotation_d": 4.957494396676701e-05, "width_d": 0.004189265540560319}