{"numgrasp": 276, "translation_d": 6.285923606920416e-09, "rotation_d": 5.3491993202821304e-05, "width_d": 0.0033761672198933147}