{"numgrasp": 213, "translation_d": 5.871456884817694e-09, "rotation_d": 5.1492264722340376e-05, "width_d": 0.00363395538429102}