{"numgrasp": 205, "translation_d": 5.490538206955049e-09, "rotation_d": 4.986869293530357e-05, "width_d": 0.002968047737055227}