{"numgrasp": 197, "translation_d": 6.1048297592442705e-09, "rotation_d": 5.666975450474707e-05, "width_d": 0.003092155121641339}