{"numgrasp": 187, "translation_d": 5.79332248512975e-09, "rotation_d": 5.8091374889254e-05, "width_d": 0.0033820419510207866}