{"numgrasp": 199, "translation_d": 5.803988804571294e-09, "rotation_d": 5.82610659737897e-05, "width_d": 0.003442980891820748}