{"numgrasp": 206, "translation_d": 6.134805456345419e-09, "rotation_d": 5.8436511789248995e-05, "width_d": 0.003934184190199857}