{"numgrasp": 438, "translation_d": 5.02840962285285e-09, "rotation_d": 4.968573579664111e-05, "width_d": 0.0032406185698023115}