{"numgrasp": 408, "translation_d": 5.034116518022232e-09, "rotation_d": 5.024777715939458e-05, "width_d": 0.004727036166425281}