{"numgrasp": 365, "translation_d": 4.912719798124437e-09, "rotation_d": 4.976865675938826e-05, "width_d": 0.004741234480257751}