{"numgrasp": 354, "translation_d": 5.003634610150209e-09, "rotation_d": 5.007765883481656e-05, "width_d": 0.004874490479226015}