{"numgrasp": 394, "translation_d": 4.738654536291163e-09, "rotation_d": 4.810986908669541e-05, "width_d": 0.004282953877923565}