{"numgrasp": 421, "translation_d": 4.837190787230117e-09, "rotation_d": 4.791666612151994e-05, "width_d": 0.004236536298182652}