{"numgrasp": 415, "translation_d": 5.320733928205607e-09, "rotation_d": 5.553473735226238e-05, "width_d": 0.004443681168416372}