{"numgrasp": 427, "translation_d": 5.216946365967803e-09, "rotation_d": 4.883036747886821e-05, "width_d": 0.003457576154432508}