{"numgrasp": 403, "translation_d": 5.082309287724508e-09, "rotation_d": 4.817575708359941e-05, "width_d": 0.0030141877670911907}