{"numgrasp": 464, "translation_d": 4.859954337628837e-09, "rotation_d": 4.895452181918161e-05, "width_d": 0.0029565118022485265}