{"numgrasp": 466, "translation_d": 4.436677189080341e-09, "rotation_d": 4.737036796299106e-05, "width_d": 0.004047300183211907}