{"numgrasp": 448, "translation_d": 4.590911537071887e-09, "rotation_d": 4.940394274418791e-05, "width_d": 0.004810747454073639}