{"numgrasp": 406, "translation_d": 5.853116174916123e-09, "rotation_d": 4.887858992979885e-05, "width_d": 0.005454740982575641}