{"numgrasp": 429, "translation_d": 4.564239573684717e-09, "rotation_d": 4.912219605431746e-05, "width_d": 0.005284312601009958}