{"numgrasp": 381, "translation_d": 4.239585043339443e-09, "rotation_d": 4.974508203722673e-05, "width_d": 0.00529454028326846}