{"numgrasp": 397, "translation_d": 6.114707012676878e-09, "rotation_d": 4.926491293280146e-05, "width_d": 0.005256254198596254}