{"numgrasp": 389, "translation_d": 4.194208272897983e-09, "rotation_d": 4.965064903016641e-05, "width_d": 0.0048865506006690864}