{"numgrasp": 438, "translation_d": 4.4970513024292776e-09, "rotation_d": 4.92980933895639e-05, "width_d": 0.00463452204109657}