{"numgrasp": 464, "translation_d": 4.423306952794948e-09, "rotation_d": 4.821736247750908e-05, "width_d": 0.004231486573272981}