{"numgrasp": 425, "translation_d": 4.368257737485183e-09, "rotation_d": 4.9790168558258906e-05, "width_d": 0.003874122930082535}