{"numgrasp": 439, "translation_d": 4.644817896440266e-09, "rotation_d": 4.994667218779852e-05, "width_d": 0.00364831858885569}