{"numgrasp": 446, "translation_d": 4.6548262088918816e-09, "rotation_d": 5.02168825481651e-05, "width_d": 0.0031727844676509853}