{"numgrasp": 438, "translation_d": 4.621016200177537e-09, "rotation_d": 5.3007462988417654e-05, "width_d": 0.0036932254370949705}