{"numgrasp": 431, "translation_d": 4.4579277360114836e-09, "rotation_d": 5.130854147704833e-05, "width_d": 0.004917528866420389}