{"numgrasp": 416, "translation_d": 4.3886822100165435e-09, "rotation_d": 5.048008033094704e-05, "width_d": 0.005248867544750274}