{"numgrasp": 362, "translation_d": 6.071109149981958e-09, "rotation_d": 4.8971426197974864e-05, "width_d": 0.005670034322040732}