{"numgrasp": 477, "translation_d": 4.154048649383945e-09, "rotation_d": 5.060465906033423e-05, "width_d": 0.0058024512581310375}