{"numgrasp": 397, "translation_d": 4.168659621812047e-09, "rotation_d": 5.103822639660279e-05, "width_d": 0.005520982410504029}