{"numgrasp": 471, "translation_d": 3.9533754446539016e-09, "rotation_d": 5.147773703690414e-05, "width_d": 0.007454421598371097}