{"numgrasp": 481, "translation_d": 4.113263685840078e-09, "rotation_d": 5.1808614294909736e-05, "width_d": 0.006148855923089401}