{"numgrasp": 421, "translation_d": 4.468607477292302e-09, "rotation_d": 5.24868382172391e-05, "width_d": 0.004274382476587146}