{"numgrasp": 389, "translation_d": 4.564748152193979e-09, "rotation_d": 5.352066947840085e-05, "width_d": 0.003552041806051771}