{"numgrasp": 353, "translation_d": 5.431396615858485e-09, "rotation_d": 5.1969876412474315e-05, "width_d": 0.005492587249220948}