{"numgrasp": 404, "translation_d": 4.654053836393326e-09, "rotation_d": 5.087556717315143e-05, "width_d": 0.003856770676607878}