{"numgrasp": 432, "translation_d": 4.595067232250652e-09, "rotation_d": 5.203940694910321e-05, "width_d": 0.004910003265324616}