{"numgrasp": 445, "translation_d": 4.3753653300267275e-09, "rotation_d": 5.224423869157617e-05, "width_d": 0.005431440906572363}