{"numgrasp": 365, "translation_d": 5.837011103248505e-09, "rotation_d": 5.2164569676998856e-05, "width_d": 0.0055463235434128665}