{"numgrasp": 473, "translation_d": 4.193610454411419e-09, "rotation_d": 5.366168293908989e-05, "width_d": 0.006418010392459505}