{"numgrasp": 463, "translation_d": 4.222841030369163e-09, "rotation_d": 5.677841058755714e-05, "width_d": 0.006806183989616788}