{"numgrasp": 495, "translation_d": 4.039020698908133e-09, "rotation_d": 5.414224374085206e-05, "width_d": 0.007357434561983297}