{"numgrasp": 492, "translation_d": 4.0936495495427305e-09, "rotation_d": 5.356134155094085e-05, "width_d": 0.007629035100273022}