{"numgrasp": 489, "translation_d": 4.181881126914885e-09, "rotation_d": 5.332941545261558e-05, "width_d": 0.007470707022922061}