{"numgrasp": 475, "translation_d": 6.293122056446563e-09, "rotation_d": 4.984985925998052e-05, "width_d": 0.0036050259776512486}