{"numgrasp": 467, "translation_d": 4.250723469677574e-09, "rotation_d": 5.3405896886118624e-05, "width_d": 0.006376766304107597}