{"numgrasp": 362, "translation_d": 4.5682334142069824e-09, "rotation_d": 4.775749200759013e-05, "width_d": 0.0034207233710517398}