{"numgrasp": 374, "translation_d": 4.574686077385909e-09, "rotation_d": 4.872845148224581e-05, "width_d": 0.003467571556589153}