{"numgrasp": 384, "translation_d": 4.838606738367826e-09, "rotation_d": 4.819715906570749e-05, "width_d": 0.0040089110997852204}