{"numgrasp": 427, "translation_d": 4.312691383565544e-09, "rotation_d": 5.0398697930073605e-05, "width_d": 0.005367166611056587}