{"numgrasp": 426, "translation_d": 5.899643213717623e-09, "rotation_d": 5.216957822836886e-05, "width_d": 0.004975634962957179}