{"numgrasp": 447, "translation_d": 4.232787001414022e-09, "rotation_d": 5.0073212427512016e-05, "width_d": 0.007369080603237216}