{"numgrasp": 415, "translation_d": 4.10077187537428e-09, "rotation_d": 5.5041157577532915e-05, "width_d": 0.008018034351239657}