{"numgrasp": 395, "translation_d": 4.1841804010801e-09, "rotation_d": 4.938462670434439e-05, "width_d": 0.0066960247968424254}