{"numgrasp": 473, "translation_d": 4.259271305797721e-09, "rotation_d": 4.898250720336444e-05, "width_d": 0.006024551902842791}