{"numgrasp": 389, "translation_d": 4.470656931685831e-09, "rotation_d": 4.8319525733315934e-05, "width_d": 0.004185782930099055}