{"numgrasp": 356, "translation_d": 4.6138139271098414e-09, "rotation_d": 4.865495179851553e-05, "width_d": 0.0035473441353701075}