{"numgrasp": 399, "translation_d": 4.741721863045192e-09, "rotation_d": 4.941051918657045e-05, "width_d": 0.004026425473824184}