{"numgrasp": 442, "translation_d": 4.597021913368934e-09, "rotation_d": 4.967488317955357e-05, "width_d": 0.0047663674418103015}