{"numgrasp": 427, "translation_d": 5.694911812740668e-09, "rotation_d": 5.038712066509568e-05, "width_d": 0.004494873684451043}