{"numgrasp": 425, "translation_d": 4.348547705625499e-09, "rotation_d": 4.941892962270374e-05, "width_d": 0.0058016566920333435}