{"numgrasp": 400, "translation_d": 4.281754665345193e-09, "rotation_d": 5.1230265382047056e-05, "width_d": 0.006577831216198596}