{"numgrasp": 382, "translation_d": 4.073523830893891e-09, "rotation_d": 4.96983915853386e-05, "width_d": 0.006619169465427187}