{"numgrasp": 390, "translation_d": 3.93298696384205e-09, "rotation_d": 5.0585117422815074e-05, "width_d": 0.0069737665011145675}