{"numgrasp": 440, "translation_d": 5.666701903696961e-09, "rotation_d": 4.907158450901001e-05, "width_d": 0.004047808073286501}