{"numgrasp": 432, "translation_d": 5.614753119343175e-09, "rotation_d": 4.9025907467594035e-05, "width_d": 0.0038781145682696134}