{"numgrasp": 452, "translation_d": 5.752173819944532e-09, "rotation_d": 4.860576251457057e-05, "width_d": 0.0029786975701199367}