{"numgrasp": 422, "translation_d": 5.692824414594719e-09, "rotation_d": 5.105551414108581e-05, "width_d": 0.0033952224079825434}