{"numgrasp": 416, "translation_d": 5.429104343268509e-09, "rotation_d": 5.18661436461585e-05, "width_d": 0.0034776516988940125}