{"numgrasp": 428, "translation_d": 5.701247951969329e-09, "rotation_d": 5.188768444955553e-05, "width_d": 0.0039827214802768815}