{"numgrasp": 443, "translation_d": 5.968878291886163e-09, "rotation_d": 5.3113551715223906e-05, "width_d": 0.004363692873788579}