{"numgrasp": 405, "translation_d": 5.752915714504968e-09, "rotation_d": 5.4516820096694734e-05, "width_d": 0.004737032106797368}