{"numgrasp": 361, "translation_d": 5.666195458785009e-09, "rotation_d": 5.422105381237427e-05, "width_d": 0.006138503850691755}