{"numgrasp": 360, "translation_d": 5.687411321465335e-09, "rotation_d": 5.3797048213706356e-05, "width_d": 0.005270447168298569}