{"numgrasp": 366, "translation_d": 5.632889605687481e-09, "rotation_d": 5.476354914567455e-05, "width_d": 0.0052733123364063555}