{"numgrasp": 434, "translation_d": 5.575982192222772e-09, "rotation_d": 5.388274971793454e-05, "width_d": 0.0039988931694972625}