{"numgrasp": 427, "translation_d": 5.587452897931203e-09, "rotation_d": 5.427974272680814e-05, "width_d": 0.0038839764012175548}