{"numgrasp": 437, "translation_d": 5.456690283205428e-09, "rotation_d": 5.3707352644160325e-05, "width_d": 0.003594778550363559}