{"numgrasp": 442, "translation_d": 5.8433874670709184e-09, "rotation_d": 4.863186471599811e-05, "width_d": 0.003909784114392379}