{"numgrasp": 415, "translation_d": 5.600601123236701e-09, "rotation_d": 5.302329465023287e-05, "width_d": 0.003353611754849376}