{"numgrasp": 447, "translation_d": 5.714126895269987e-09, "rotation_d": 5.3148808743214684e-05, "width_d": 0.003886691640344549}