{"numgrasp": 453, "translation_d": 5.799384365863544e-09, "rotation_d": 5.30453681856807e-05, "width_d": 0.004283656036135256}