{"numgrasp": 382, "translation_d": 5.267336132762272e-09, "rotation_d": 5.0799275126967554e-05, "width_d": 0.0050623844216931314}