{"numgrasp": 427, "translation_d": 5.165222298581272e-09, "rotation_d": 5.109495660006209e-05, "width_d": 0.004680427859145963}