{"numgrasp": 452, "translation_d": 5.940115873261145e-09, "rotation_d": 4.9432768997511946e-05, "width_d": 0.004418298845706121}