{"numgrasp": 399, "translation_d": 5.412596896700612e-09, "rotation_d": 5.127114856895206e-05, "width_d": 0.0044969066001601}