{"numgrasp": 386, "translation_d": 5.407141358519774e-09, "rotation_d": 5.068077038542112e-05, "width_d": 0.003921702820927027}