{"numgrasp": 371, "translation_d": 5.3747708442896686e-09, "rotation_d": 5.0826288866880907e-05, "width_d": 0.003830149081821602}