{"numgrasp": 442, "translation_d": 5.466569154081883e-09, "rotation_d": 5.1757255300456854e-05, "width_d": 0.0036918347430654475}