{"numgrasp": 464, "translation_d": 5.066296159123788e-09, "rotation_d": 5.155722817990471e-05, "width_d": 0.0036793637529390255}