{"numgrasp": 431, "translation_d": 5.4181130041876496e-09, "rotation_d": 5.1222682755010764e-05, "width_d": 0.00343296530241844}