{"numgrasp": 440, "translation_d": 5.257406800614292e-09, "rotation_d": 5.010536211662564e-05, "width_d": 0.00425110402163905}