{"numgrasp": 456, "translation_d": 5.846682964056831e-09, "rotation_d": 4.936227856511842e-05, "width_d": 0.004753257649289768}