{"numgrasp": 365, "translation_d": 5.915117268260869e-09, "rotation_d": 4.347892951420528e-05, "width_d": 0.0035308546905757025}