{"numgrasp": 331, "translation_d": 5.568457329622768e-09, "rotation_d": 4.3776162155174795e-05, "width_d": 0.0045224608945413835}