{"numgrasp": 353, "translation_d": 5.433526803326229e-09, "rotation_d": 4.5711952153700255e-05, "width_d": 0.004115706989009462}