{"numgrasp": 351, "translation_d": 5.8873821798852285e-09, "rotation_d": 4.668258720396334e-05, "width_d": 0.003911167971786859}