{"numgrasp": 321, "translation_d": 5.519198468080901e-09, "rotation_d": 4.337700354093647e-05, "width_d": 0.004061604804678807}