{"numgrasp": 342, "translation_d": 5.480717891487661e-09, "rotation_d": 4.512276237665878e-05, "width_d": 0.004494004163932095}