{"numgrasp": 310, "translation_d": 5.079143169441228e-09, "rotation_d": 5.1810069498707116e-05, "width_d": 0.004132581581928997}