{"numgrasp": 371, "translation_d": 6.096856424393602e-09, "rotation_d": 4.7416014149340826e-05, "width_d": 0.004707439485161028}