{"numgrasp": 341, "translation_d": 5.058547158095136e-09, "rotation_d": 4.896361783647308e-05, "width_d": 0.0041102288090224546}