{"numgrasp": 344, "translation_d": 5.2262735065127316e-09, "rotation_d": 4.901561450831137e-05, "width_d": 0.0035603433446587856}