{"numgrasp": 384, "translation_d": 5.358127048597259e-09, "rotation_d": 4.739260870895485e-05, "width_d": 0.0037157749447074063}