{"numgrasp": 375, "translation_d": 5.465445459549372e-09, "rotation_d": 4.796750806067115e-05, "width_d": 0.003920326926835098}