{"numgrasp": 368, "translation_d": 5.379507620915976e-09, "rotation_d": 5.452964744818181e-05, "width_d": 0.003647289692487238}