{"numgrasp": 353, "translation_d": 5.329218215729166e-09, "rotation_d": 5.401879607122735e-05, "width_d": 0.0037092084325532184}