{"numgrasp": 363, "translation_d": 5.764241748494772e-09, "rotation_d": 4.834536187851382e-05, "width_d": 0.0051477764569885865}