{"numgrasp": 349, "translation_d": 4.774422328050828e-09, "rotation_d": 5.414784639627707e-05, "width_d": 0.003675960539477676}