{"numgrasp": 318, "translation_d": 5.29234234895002e-09, "rotation_d": 5.403641756121204e-05, "width_d": 0.00422880338400993}