{"numgrasp": 344, "translation_d": 5.2208024817975035e-09, "rotation_d": 5.441928595614027e-05, "width_d": 0.004029586334398373}