{"numgrasp": 335, "translation_d": 6.0087677452964515e-09, "rotation_d": 4.759160321855557e-05, "width_d": 0.0050503230552504524}