{"numgrasp": 374, "translation_d": 5.336699723574841e-09, "rotation_d": 5.590351104069268e-05, "width_d": 0.003875804181211198}