{"numgrasp": 371, "translation_d": 5.434818695295102e-09, "rotation_d": 5.677008317847909e-05, "width_d": 0.004153982609530793}