{"numgrasp": 373, "translation_d": 4.941061154905385e-09, "rotation_d": 5.6924992880619965e-05, "width_d": 0.00383217606987047}