{"numgrasp": 391, "translation_d": 5.191765670328009e-09, "rotation_d": 5.6788420802167904e-05, "width_d": 0.00406497858270056}