{"numgrasp": 359, "translation_d": 6.122788987332812e-09, "rotation_d": 4.683697605248576e-05, "width_d": 0.0047885325470493284}