{"numgrasp": 383, "translation_d": 5.204341548933043e-09, "rotation_d": 5.666596353573111e-05, "width_d": 0.003952004650705418}