{"numgrasp": 372, "translation_d": 5.422132745287375e-09, "rotation_d": 5.589574849818786e-05, "width_d": 0.004128598998678467}