{"numgrasp": 363, "translation_d": 5.6624763333452926e-09, "rotation_d": 5.565367365309087e-05, "width_d": 0.003972229018340524}