{"numgrasp": 363, "translation_d": 5.20680498580254e-09, "rotation_d": 5.676817432602176e-05, "width_d": 0.003589752350848838}