{"numgrasp": 341, "translation_d": 5.280519453986845e-09, "rotation_d": 5.5701936655990854e-05, "width_d": 0.0040284132434226785}