{"numgrasp": 338, "translation_d": 5.252590391720437e-09, "rotation_d": 5.4822560669502475e-05, "width_d": 0.0043716731180515386}