{"numgrasp": 352, "translation_d": 5.2466044922696624e-09, "rotation_d": 5.3155614216071865e-05, "width_d": 0.004906049619978536}