{"numgrasp": 354, "translation_d": 5.187185308855216e-09, "rotation_d": 5.340467740855125e-05, "width_d": 0.004327632348489863}