{"numgrasp": 348, "translation_d": 5.275033076884101e-09, "rotation_d": 5.331720281991337e-05, "width_d": 0.004231792808844423}