{"numgrasp": 340, "translation_d": 5.4429663157986885e-09, "rotation_d": 5.329697547349813e-05, "width_d": 0.004150716002820862}