{"numgrasp": 359, "translation_d": 5.400600643055973e-09, "rotation_d": 5.250095017797959e-05, "width_d": 0.004149323444693253}