{"numgrasp": 306, "translation_d": 5.45745894994049e-09, "rotation_d": 4.8584922229992386e-05, "width_d": 0.003998016275157882}