{"numgrasp": 307, "translation_d": 5.523737421508881e-09, "rotation_d": 4.831802563774304e-05, "width_d": 0.003978231771310221}