{"numgrasp": 290, "translation_d": 5.3070030921881155e-09, "rotation_d": 4.341442699077752e-05, "width_d": 0.00414460290850332}