{"numgrasp": 306, "translation_d": 5.280781769987431e-09, "rotation_d": 4.463909832480505e-05, "width_d": 0.003769719550083303}