{"numgrasp": 286, "translation_d": 5.381910882129281e-09, "rotation_d": 4.59532393483112e-05, "width_d": 0.0041876381237031446}