{"numgrasp": 285, "translation_d": 5.235852270214773e-09, "rotation_d": 4.6024137769962564e-05, "width_d": 0.004002724739373258}