{"numgrasp": 311, "translation_d": 5.379441290037329e-09, "rotation_d": 4.687315509097978e-05, "width_d": 0.003781482984854277}