{"numgrasp": 322, "translation_d": 5.396086421092798e-09, "rotation_d": 4.7609752586256624e-05, "width_d": 0.0039189627600172165}