{"numgrasp": 411, "translation_d": 6.118514406564189e-09, "rotation_d": 4.449915592972605e-05, "width_d": 0.00420730363424437}