{"numgrasp": 310, "translation_d": 5.346302914007302e-09, "rotation_d": 4.8779158457915194e-05, "width_d": 0.003663133294562836}