{"numgrasp": 304, "translation_d": 5.2656407836814225e-09, "rotation_d": 4.935491064018136e-05, "width_d": 0.004410206286281163}