{"numgrasp": 319, "translation_d": 5.305003501671977e-09, "rotation_d": 4.756684081057429e-05, "width_d": 0.004346595549014289}