{"numgrasp": 313, "translation_d": 5.22176279370247e-09, "rotation_d": 4.632829503100387e-05, "width_d": 0.004504310749473693}