{"numgrasp": 297, "translation_d": 5.416133335825453e-09, "rotation_d": 4.561611879334057e-05, "width_d": 0.004687501343823622}