{"numgrasp": 308, "translation_d": 5.095023990500586e-09, "rotation_d": 4.540532546962386e-05, "width_d": 0.004443856299392419}