{"numgrasp": 335, "translation_d": 5.428402604602638e-09, "rotation_d": 4.4264872826149106e-05, "width_d": 0.005032765819504296}