{"numgrasp": 298, "translation_d": 5.553875734551531e-09, "rotation_d": 4.3758629133167895e-05, "width_d": 0.004495532536060145}