{"numgrasp": 405, "translation_d": 6.377582089874331e-09, "rotation_d": 4.4687523851881016e-05, "width_d": 0.004052800010427805}