{"numgrasp": 405, "translation_d": 6.290440220910646e-09, "rotation_d": 4.453828194654582e-05, "width_d": 0.0039551163428054445}