{"numgrasp": 385, "translation_d": 6.145690789202308e-09, "rotation_d": 4.443899172531092e-05, "width_d": 0.0041165338219158205}