{"numgrasp": 389, "translation_d": 6.114427158519211e-09, "rotation_d": 4.859625738495495e-05, "width_d": 0.004432920125987007}