{"numgrasp": 394, "translation_d": 6.147577903620287e-09, "rotation_d": 4.676935912806447e-05, "width_d": 0.004420636647074846}