{"numgrasp": 373, "translation_d": 6.1146733362035155e-09, "rotation_d": 4.492277353589493e-05, "width_d": 0.004086897051240501}