{"numgrasp": 404, "translation_d": 6.363929910922612e-09, "rotation_d": 4.786723351241326e-05, "width_d": 0.004019444195667442}