{"numgrasp": 402, "translation_d": 5.973906818634298e-09, "rotation_d": 4.790787903830808e-05, "width_d": 0.0045658445116692195}