{"numgrasp": 381, "translation_d": 6.429578012450366e-09, "rotation_d": 4.8988637292358235e-05, "width_d": 0.004252668234267042}