{"numgrasp": 358, "translation_d": 6.408613708989293e-09, "rotation_d": 4.8831409628500737e-05, "width_d": 0.004707695775632574}