{"numgrasp": 370, "translation_d": 6.097517303985419e-09, "rotation_d": 4.778964139363344e-05, "width_d": 0.00477052395994222}