{"numgrasp": 380, "translation_d": 6.431174650683225e-09, "rotation_d": 5.310786540768827e-05, "width_d": 0.004031568175184033}