{"numgrasp": 362, "translation_d": 6.462401793297817e-09, "rotation_d": 5.1408976811262166e-05, "width_d": 0.004088611465205481}