{"numgrasp": 366, "translation_d": 6.568944833512483e-09, "rotation_d": 4.879713477799618e-05, "width_d": 0.004054099403383992}