{"numgrasp": 328, "translation_d": 6.8027933463428336e-09, "rotation_d": 5.592083334798692e-05, "width_d": 0.004080505439456424}