{"numgrasp": 351, "translation_d": 6.443007888364986e-09, "rotation_d": 5.58783046367425e-05, "width_d": 0.003669640362227982}