{"numgrasp": 361, "translation_d": 6.713663649207553e-09, "rotation_d": 5.6800049626210515e-05, "width_d": 0.0038211841009117347}