{"numgrasp": 342, "translation_d": 6.250662441083007e-09, "rotation_d": 5.648777017746462e-05, "width_d": 0.003764546657140487}