{"numgrasp": 337, "translation_d": 6.6396394021216e-09, "rotation_d": 5.604775970135364e-05, "width_d": 0.003845355669544323}