{"numgrasp": 334, "translation_d": 6.685042645732398e-09, "rotation_d": 5.640930435106633e-05, "width_d": 0.004070561946639431}