{"numgrasp": 317, "translation_d": 6.4648073269273785e-09, "rotation_d": 5.5684483620035834e-05, "width_d": 0.0046860944835297215}