{"numgrasp": 304, "translation_d": 6.129792179751962e-09, "rotation_d": 5.5713835516884716e-05, "width_d": 0.004718286005736801}