{"numgrasp": 297, "translation_d": 5.977554213510431e-09, "rotation_d": 5.396294397063164e-05, "width_d": 0.005222973338884026}