{"numgrasp": 319, "translation_d": 6.446122982397776e-09, "rotation_d": 5.4477362418767496e-05, "width_d": 0.003990258681808553}