{"numgrasp": 353, "translation_d": 6.416544408039371e-09, "rotation_d": 5.48091465907637e-05, "width_d": 0.004264843825258228}