{"numgrasp": 334, "translation_d": 6.327013470732179e-09, "rotation_d": 5.4491267003990285e-05, "width_d": 0.003927135849696897}