{"numgrasp": 353, "translation_d": 6.651173372837436e-09, "rotation_d": 5.55078498465198e-05, "width_d": 0.003952835639702156}