{"numgrasp": 336, "translation_d": 6.122386405798357e-09, "rotation_d": 5.623471774152713e-05, "width_d": 0.004071431849098462}