{"numgrasp": 384, "translation_d": 5.940286085073436e-09, "rotation_d": 4.561751438449031e-05, "width_d": 0.00456612046916347}