{"numgrasp": 299, "translation_d": 6.136316874903802e-09, "rotation_d": 5.606220836272038e-05, "width_d": 0.003925673782106681}