{"numgrasp": 325, "translation_d": 6.015861264914906e-09, "rotation_d": 5.5230538103749234e-05, "width_d": 0.0039462282601916395}