{"numgrasp": 336, "translation_d": 6.335354935036207e-09, "rotation_d": 5.408781081142797e-05, "width_d": 0.004114992692885759}