{"numgrasp": 359, "translation_d": 6.036110350907124e-09, "rotation_d": 5.0680297810213355e-05, "width_d": 0.004012714943730033}