{"numgrasp": 361, "translation_d": 5.931805801832638e-09, "rotation_d": 5.0805880805541614e-05, "width_d": 0.004014712868876593}