{"numgrasp": 271, "translation_d": 6.058923144007017e-09, "rotation_d": 5.072913793725194e-05, "width_d": 0.00368707197149837}