{"numgrasp": 301, "translation_d": 6.204091348392186e-09, "rotation_d": 5.168835582073783e-05, "width_d": 0.005089616749517426}