{"numgrasp": 305, "translation_d": 6.031661076665277e-09, "rotation_d": 5.1367884377731696e-05, "width_d": 0.005179705471220807}