{"numgrasp": 346, "translation_d": 5.809886586916071e-09, "rotation_d": 5.166502508137865e-05, "width_d": 0.005249796433857956}