{"numgrasp": 316, "translation_d": 5.72616434027381e-09, "rotation_d": 5.260447433800442e-05, "width_d": 0.004971332073943194}