{"numgrasp": 473, "translation_d": 7.2601233175865015e-09, "rotation_d": 5.619536025547845e-05, "width_d": 0.005994450644278381}