{"numgrasp": 301, "translation_d": 5.946284040356531e-09, "rotation_d": 5.4048170305006285e-05, "width_d": 0.004801225043279865}