{"numgrasp": 286, "translation_d": 5.843511861156469e-09, "rotation_d": 5.436798596990522e-05, "width_d": 0.004185973299465522}