{"numgrasp": 301, "translation_d": 5.811136130545087e-09, "rotation_d": 5.4459666787591844e-05, "width_d": 0.00399504460405162}