{"numgrasp": 281, "translation_d": 5.927971918207605e-09, "rotation_d": 5.4916046073265104e-05, "width_d": 0.003331831101826806}