{"numgrasp": 280, "translation_d": 5.845569072364472e-09, "rotation_d": 5.544892906138471e-05, "width_d": 0.003200136367776431}