{"numgrasp": 282, "translation_d": 5.5924180192790255e-09, "rotation_d": 5.517478840954716e-05, "width_d": 0.0028264853615184602}