{"numgrasp": 465, "translation_d": 7.236095296811517e-09, "rotation_d": 5.56172200848419e-05, "width_d": 0.005581908262221587}