{"numgrasp": 344, "translation_d": 5.408426497593588e-09, "rotation_d": 5.778779172886436e-05, "width_d": 0.004336675715210211}