{"numgrasp": 335, "translation_d": 5.558419271550984e-09, "rotation_d": 5.502944257022728e-05, "width_d": 0.004475564918519305}