{"numgrasp": 327, "translation_d": 5.41237702409935e-09, "rotation_d": 5.2482310189365564e-05, "width_d": 0.004908896255822981}