{"numgrasp": 362, "translation_d": 5.089799217889967e-09, "rotation_d": 5.476647164750983e-05, "width_d": 0.004458964317400104}