{"numgrasp": 384, "translation_d": 5.00993055478504e-09, "rotation_d": 5.3925950034955445e-05, "width_d": 0.004453767670547083}