{"numgrasp": 381, "translation_d": 5.006280623434547e-09, "rotation_d": 5.32002504739254e-05, "width_d": 0.004969272495246495}