{"numgrasp": 390, "translation_d": 4.99112596895027e-09, "rotation_d": 5.222348992502347e-05, "width_d": 0.005209149710483597}