{"numgrasp": 405, "translation_d": 4.870928423366507e-09, "rotation_d": 4.621973456284667e-05, "width_d": 0.005558120908964883}