{"numgrasp": 399, "translation_d": 5.077184874498186e-09, "rotation_d": 4.773410981077351e-05, "width_d": 0.005565644235213235}