{"numgrasp": 398, "translation_d": 4.900999928187326e-09, "rotation_d": 4.8442517001777694e-05, "width_d": 0.00506744866756999}