{"numgrasp": 434, "translation_d": 7.058790786946148e-09, "rotation_d": 5.3941561528689375e-05, "width_d": 0.005270568337812539}