{"numgrasp": 417, "translation_d": 4.842309324775219e-09, "rotation_d": 4.540008263587657e-05, "width_d": 0.004880524331833295}