{"numgrasp": 430, "translation_d": 4.938600969467213e-09, "rotation_d": 4.5732556590152746e-05, "width_d": 0.004906733466208345}