{"numgrasp": 415, "translation_d": 4.86600987490104e-09, "rotation_d": 4.538746630761524e-05, "width_d": 0.004794868670082495}