{"numgrasp": 420, "translation_d": 4.7651708465115435e-09, "rotation_d": 4.459846278715208e-05, "width_d": 0.00516788877063441}