{"numgrasp": 438, "translation_d": 4.9341363551811435e-09, "rotation_d": 4.407671099936844e-05, "width_d": 0.005599115125173645}