{"numgrasp": 439, "translation_d": 4.86249886921938e-09, "rotation_d": 4.2021308797022135e-05, "width_d": 0.00559594098910372}