{"numgrasp": 425, "translation_d": 4.795481890391623e-09, "rotation_d": 4.22885726220101e-05, "width_d": 0.005756360231873549}