{"numgrasp": 386, "translation_d": 4.751032300018285e-09, "rotation_d": 4.928181192205817e-05, "width_d": 0.005890150879330641}