{"numgrasp": 414, "translation_d": 4.665956766520427e-09, "rotation_d": 4.495149081221625e-05, "width_d": 0.005580933542827157}