{"numgrasp": 415, "translation_d": 4.663472965051893e-09, "rotation_d": 4.51657525835709e-05, "width_d": 0.00550818820712662}