{"numgrasp": 437, "translation_d": 4.801238833713015e-09, "rotation_d": 4.5472086044975135e-05, "width_d": 0.005572990035293348}