{"numgrasp": 430, "translation_d": 4.644954560975062e-09, "rotation_d": 4.3861930833050286e-05, "width_d": 0.005103164673379041}