{"numgrasp": 453, "translation_d": 7.077411045852496e-09, "rotation_d": 5.326244730254484e-05, "width_d": 0.005141189807692036}