{"numgrasp": 417, "translation_d": 4.612109399957341e-09, "rotation_d": 4.49883936678583e-05, "width_d": 0.0046059603006123485}