{"numgrasp": 412, "translation_d": 4.513741713836811e-09, "rotation_d": 4.48350222831704e-05, "width_d": 0.004655868575495929}