{"numgrasp": 411, "translation_d": 4.661823815228755e-09, "rotation_d": 4.47344775652004e-05, "width_d": 0.004533841209287329}