{"numgrasp": 401, "translation_d": 4.522242401933075e-09, "rotation_d": 4.643843069933358e-05, "width_d": 0.005222720572371414}