{"numgrasp": 401, "translation_d": 4.8425910311439e-09, "rotation_d": 4.765014532106981e-05, "width_d": 0.004806591469439819}