{"numgrasp": 418, "translation_d": 4.639918820541534e-09, "rotation_d": 4.7852326809153214e-05, "width_d": 0.0050188303797001795}