{"numgrasp": 401, "translation_d": 4.800129371904855e-09, "rotation_d": 4.939617649670476e-05, "width_d": 0.005482482713423735}