{"numgrasp": 394, "translation_d": 4.6475259317090604e-09, "rotation_d": 5.172726069398394e-05, "width_d": 0.006067580632972575}