{"numgrasp": 415, "translation_d": 4.711882205104033e-09, "rotation_d": 5.30508037394508e-05, "width_d": 0.0060572295569408735}