{"numgrasp": 388, "translation_d": 4.561463866897019e-09, "rotation_d": 5.7410135037257954e-05, "width_d": 0.00649908788541577}