{"numgrasp": 341, "translation_d": 4.494387257056547e-09, "rotation_d": 6.179683339959734e-05, "width_d": 0.006793520163261986}