{"numgrasp": 384, "translation_d": 4.590353639942005e-09, "rotation_d": 5.568483071502431e-05, "width_d": 0.006608566157917271}