{"numgrasp": 366, "translation_d": 4.488120524053485e-09, "rotation_d": 5.566740447355192e-05, "width_d": 0.0062466061917862}