{"numgrasp": 392, "translation_d": 4.605669264339156e-09, "rotation_d": 5.293766308858833e-05, "width_d": 0.005886790968898738}