{"numgrasp": 365, "translation_d": 4.4298040605132664e-09, "rotation_d": 5.190699787379063e-05, "width_d": 0.005546686156552736}