{"numgrasp": 382, "translation_d": 4.554354905418437e-09, "rotation_d": 4.92314849573991e-05, "width_d": 0.005237221575170362}