{"numgrasp": 438, "translation_d": 7.162471001425402e-09, "rotation_d": 5.572625290766376e-05, "width_d": 0.005048031421654007}