{"numgrasp": 347, "translation_d": 4.447695686811016e-09, "rotation_d": 5.4744765458807324e-05, "width_d": 0.006626550550989594}