{"numgrasp": 338, "translation_d": 4.4901689848788895e-09, "rotation_d": 5.605339502773725e-05, "width_d": 0.0068859440380931195}