{"numgrasp": 332, "translation_d": 4.505978682325525e-09, "rotation_d": 5.72138857839077e-05, "width_d": 0.00738898606767614}