{"numgrasp": 323, "translation_d": 4.3423194650378335e-09, "rotation_d": 5.8352833856819496e-05, "width_d": 0.00669593298340313}