{"numgrasp": 442, "translation_d": 7.027384576072813e-09, "rotation_d": 5.6431269518205716e-05, "width_d": 0.005557622378395035}