{"numgrasp": 278, "translation_d": 4.688393295172326e-09, "rotation_d": 5.658475541510861e-05, "width_d": 0.006788577799235984}