{"numgrasp": 321, "translation_d": 4.276906941978741e-09, "rotation_d": 5.647558106197698e-05, "width_d": 0.007565281425060222}