{"numgrasp": 306, "translation_d": 4.45236375953242e-09, "rotation_d": 5.7677550380421594e-05, "width_d": 0.0074797493389384614}