{"numgrasp": 308, "translation_d": 4.183616910200616e-09, "rotation_d": 5.712189509818677e-05, "width_d": 0.007178990215799212}