{"numgrasp": 341, "translation_d": 4.27699442804097e-09, "rotation_d": 5.625744659032332e-05, "width_d": 0.0076238063311338455}