{"numgrasp": 383, "translation_d": 4.16209383493541e-09, "rotation_d": 5.450160016524398e-05, "width_d": 0.00681500897131485}