{"numgrasp": 453, "translation_d": 7.210165437192071e-09, "rotation_d": 5.734331690028044e-05, "width_d": 0.005446051363458029}