{"numgrasp": 470, "translation_d": 7.044071964538908e-09, "rotation_d": 5.838450541088021e-05, "width_d": 0.0057639903627009275}