{"numgrasp": 438, "translation_d": 7.030529312186512e-09, "rotation_d": 5.9164160614311616e-05, "width_d": 0.005692594169490912}