{"numgrasp": 397, "translation_d": 6.9475188234336695e-09, "rotation_d": 5.632468396979062e-05, "width_d": 0.005272055971215511}