{"numgrasp": 397, "translation_d": 6.717354368956946e-09, "rotation_d": 5.3138973901580046e-05, "width_d": 0.004625516557193047}