{"numgrasp": 401, "translation_d": 6.757681359383852e-09, "rotation_d": 5.203433569204067e-05, "width_d": 0.004553909339982811}