{"numgrasp": 375, "translation_d": 7.153287930036142e-09, "rotation_d": 4.920404708262603e-05, "width_d": 0.004992634058781643}