{"numgrasp": 348, "translation_d": 6.760811646729989e-09, "rotation_d": 4.76820192148335e-05, "width_d": 0.004589396317062741}