{"numgrasp": 331, "translation_d": 6.695637306771197e-09, "rotation_d": 4.9157398587797435e-05, "width_d": 0.004465185211388852}