{"numgrasp": 342, "translation_d": 6.720733889883027e-09, "rotation_d": 4.848476976258077e-05, "width_d": 0.004411694128597054}