{"numgrasp": 349, "translation_d": 6.834358126337043e-09, "rotation_d": 4.975888152231223e-05, "width_d": 0.004204295637227764}