{"numgrasp": 398, "translation_d": 6.94002195856479e-09, "rotation_d": 5.408645666146247e-05, "width_d": 0.005117873206226483}