{"numgrasp": 297, "translation_d": 6.357670854343506e-09, "rotation_d": 4.856382887083475e-05, "width_d": 0.003889420524668732}