{"numgrasp": 304, "translation_d": 6.622341306569402e-09, "rotation_d": 4.661281983158646e-05, "width_d": 0.0034252000972510234}