{"numgrasp": 302, "translation_d": 6.602770583527296e-09, "rotation_d": 4.4536377767898365e-05, "width_d": 0.0033697898361402033}