{"numgrasp": 313, "translation_d": 6.427024780990045e-09, "rotation_d": 4.6237041549083386e-05, "width_d": 0.0034299207272549016}