{"numgrasp": 299, "translation_d": 6.602282932818626e-09, "rotation_d": 4.3511648737712886e-05, "width_d": 0.0030078107401479122}