{"numgrasp": 308, "translation_d": 6.468399546673054e-09, "rotation_d": 4.450053785995218e-05, "width_d": 0.003565857609899178}