{"numgrasp": 303, "translation_d": 6.635731611737199e-09, "rotation_d": 4.420598806866969e-05, "width_d": 0.003668204241497647}