{"numgrasp": 309, "translation_d": 6.851285829112842e-09, "rotation_d": 4.462750948684477e-05, "width_d": 0.0037425136932800022}