{"numgrasp": 307, "translation_d": 6.586594191643149e-09, "rotation_d": 4.406111987958186e-05, "width_d": 0.004219474617095225}