{"numgrasp": 328, "translation_d": 6.6079860796152075e-09, "rotation_d": 4.257944714430792e-05, "width_d": 0.004756811306903557}