{"numgrasp": 323, "translation_d": 6.762381205034145e-09, "rotation_d": 4.228894234528059e-05, "width_d": 0.004859517861908168}