{"numgrasp": 338, "translation_d": 6.629647496491201e-09, "rotation_d": 4.6908470602214504e-05, "width_d": 0.004927862911412717}