{"numgrasp": 353, "translation_d": 6.348056269855201e-09, "rotation_d": 4.3152101850667815e-05, "width_d": 0.005113679280570408}