{"numgrasp": 316, "translation_d": 6.6251000246980284e-09, "rotation_d": 4.68520436177127e-05, "width_d": 0.0051392625437062574}