{"numgrasp": 295, "translation_d": 6.5152792277219396e-09, "rotation_d": 4.6841909235353547e-05, "width_d": 0.00418805283689932}