{"numgrasp": 272, "translation_d": 6.4918137778934316e-09, "rotation_d": 4.1621388925630274e-05, "width_d": 0.00247437794875813}