{"numgrasp": 286, "translation_d": 6.424569100529197e-09, "rotation_d": 4.325997962922944e-05, "width_d": 0.002233254342610988}