{"numgrasp": 471, "translation_d": 7.5689047168331e-09, "rotation_d": 5.758418279009291e-05, "width_d": 0.00596189101993801}