{"numgrasp": 272, "translation_d": 6.34462787731853e-09, "rotation_d": 4.897279336372855e-05, "width_d": 0.0023024751014107453}