{"numgrasp": 285, "translation_d": 6.0628664424888144e-09, "rotation_d": 5.140970931678433e-05, "width_d": 0.0034840729746936196}