{"numgrasp": 472, "translation_d": 7.451371442952686e-09, "rotation_d": 5.690771233127965e-05, "width_d": 0.006003494560900315}