{"numgrasp": 454, "translation_d": 4.883535899171727e-09, "rotation_d": 5.660596940061873e-05, "width_d": 0.005582488958990938}