{"numgrasp": 462, "translation_d": 4.971355450112186e-09, "rotation_d": 5.667001104225597e-05, "width_d": 0.005434577044983699}