{"numgrasp": 470, "translation_d": 4.794313001713045e-09, "rotation_d": 5.822200945034413e-05, "width_d": 0.005628713339596327}