{"numgrasp": 410, "translation_d": 4.491026487456383e-09, "rotation_d": 6.102056416369689e-05, "width_d": 0.0054059893805358}