{"numgrasp": 409, "translation_d": 4.576443378289355e-09, "rotation_d": 6.001722087474594e-05, "width_d": 0.004975251982935278}