{"numgrasp": 395, "translation_d": 4.661695366618025e-09, "rotation_d": 5.6179800086965686e-05, "width_d": 0.004436008320171197}