{"numgrasp": 331, "translation_d": 4.357672360556425e-09, "rotation_d": 5.001305498805412e-05, "width_d": 0.004011137645449763}