{"numgrasp": 406, "translation_d": 4.690115981187389e-09, "rotation_d": 6.0332756248914956e-05, "width_d": 0.0047390821814904845}