{"numgrasp": 348, "translation_d": 4.50841021810762e-09, "rotation_d": 5.552773442824961e-05, "width_d": 0.00433732645820334}