{"numgrasp": 376, "translation_d": 4.4454323168927635e-09, "rotation_d": 5.6405015418896865e-05, "width_d": 0.004666544080073719}