{"numgrasp": 409, "translation_d": 4.734140061271372e-09, "rotation_d": 5.980314191474142e-05, "width_d": 0.004125665479939268}