{"numgrasp": 409, "translation_d": 4.802743562445851e-09, "rotation_d": 6.242762863071628e-05, "width_d": 0.0038057701385517443}