{"numgrasp": 389, "translation_d": 4.840831807507827e-09, "rotation_d": 6.178946885491113e-05, "width_d": 0.0038229253590108007}