{"numgrasp": 366, "translation_d": 4.766123494058651e-09, "rotation_d": 6.153678621137216e-05, "width_d": 0.0037367430882847496}