{"numgrasp": 355, "translation_d": 4.500278849057396e-09, "rotation_d": 4.7975661223486616e-05, "width_d": 0.003167550890170498}