{"numgrasp": 389, "translation_d": 4.950108214629957e-09, "rotation_d": 5.16579666154476e-05, "width_d": 0.003273799189765453}