{"numgrasp": 421, "translation_d": 4.6366680570793075e-09, "rotation_d": 5.236749441979023e-05, "width_d": 0.0034421899197155676}