{"numgrasp": 417, "translation_d": 4.51451210618744e-09, "rotation_d": 5.2473595240912614e-05, "width_d": 0.003829244822032638}