{"numgrasp": 406, "translation_d": 4.619244290165199e-09, "rotation_d": 5.3578232039315064e-05, "width_d": 0.004130077020981929}