{"numgrasp": 413, "translation_d": 4.761182241782499e-09, "rotation_d": 5.228850850996912e-05, "width_d": 0.00412573961692904}