{"numgrasp": 387, "translation_d": 4.5525477285944576e-09, "rotation_d": 5.885268205625813e-05, "width_d": 0.004078991527171785}