{"numgrasp": 394, "translation_d": 4.345906693013885e-09, "rotation_d": 5.2008484758736056e-05, "width_d": 0.004074752508027035}