{"numgrasp": 450, "translation_d": 4.031082586633249e-09, "rotation_d": 4.448722515092997e-05, "width_d": 0.005215147162342393}