{"numgrasp": 528, "translation_d": 5.886027511721859e-09, "rotation_d": 5.565592864146054e-05, "width_d": 0.0067745278303170875}