{"numgrasp": 405, "translation_d": 4.119997285618531e-09, "rotation_d": 4.302177744824765e-05, "width_d": 0.0038686553846600646}