{"numgrasp": 417, "translation_d": 4.243214049092514e-09, "rotation_d": 4.21872297671391e-05, "width_d": 0.00371841530397513}