{"numgrasp": 440, "translation_d": 4.3932834060228305e-09, "rotation_d": 4.170709909289143e-05, "width_d": 0.003201352177452059}