{"numgrasp": 430, "translation_d": 4.588870318416795e-09, "rotation_d": 4.1198462716571406e-05, "width_d": 0.003193620861284065}