{"numgrasp": 280, "translation_d": 4.77398095967611e-09, "rotation_d": 3.655475923121241e-05, "width_d": 0.0019213852111589571}