{"numgrasp": 256, "translation_d": 4.996292203697255e-09, "rotation_d": 0.00010274759373502135, "width_d": 0.0017530418964118563}