{"numgrasp": 251, "translation_d": 5.052422423896715e-09, "rotation_d": 3.593743322898125e-05, "width_d": 0.00214057483561752}