{"numgrasp": 391, "translation_d": 4.429788088787046e-09, "rotation_d": 3.090127651540371e-05, "width_d": 0.002637263181898385}