{"numgrasp": 374, "translation_d": 3.967599299942563e-09, "rotation_d": 3.432330059748232e-05, "width_d": 0.0033886853619020892}