{"numgrasp": 561, "translation_d": 6.0299180741317995e-09, "rotation_d": 5.338654347863665e-05, "width_d": 0.006626919238344374}