{"numgrasp": 455, "translation_d": 3.994295220319156e-09, "rotation_d": 3.621796247635433e-05, "width_d": 0.004140172522655518}