{"numgrasp": 317, "translation_d": 3.847630414078105e-09, "rotation_d": 3.436173025053266e-05, "width_d": 0.004672715065789501}