{"numgrasp": 539, "translation_d": 5.893193359996231e-09, "rotation_d": 5.065027504872412e-05, "width_d": 0.006676885024122055}