{"numgrasp": 325, "translation_d": 6.014216733758528e-09, "rotation_d": 4.631510026512277e-05, "width_d": 0.0022709782884862274}