{"numgrasp": 296, "translation_d": 4.027087751410523e-09, "rotation_d": 3.802987343221107e-05, "width_d": 0.00313683163633585}