{"numgrasp": 239, "translation_d": 4.5266007879791135e-09, "rotation_d": 4.3771132434659815e-05, "width_d": 0.002077790857373056}