{"numgrasp": 223, "translation_d": 4.805660995073356e-09, "rotation_d": 5.5349739092119674e-05, "width_d": 0.0024744955068585657}