{"numgrasp": 231, "translation_d": 4.370047571215978e-09, "rotation_d": 5.227139806858109e-05, "width_d": 0.002366749683316265}