{"numgrasp": 322, "translation_d": 4.363602601784053e-09, "rotation_d": 4.7222793661664475e-05, "width_d": 0.0028747390292706396}