{"numgrasp": 293, "translation_d": 4.1068540805810374e-09, "rotation_d": 4.336305838332428e-05, "width_d": 0.00464109917545095}