{"numgrasp": 292, "translation_d": 3.950388255272403e-09, "rotation_d": 4.405694741284606e-05, "width_d": 0.004255792191879866}