{"numgrasp": 323, "translation_d": 3.920340115669186e-09, "rotation_d": 3.964140723228218e-05, "width_d": 0.004892549031509263}