{"numgrasp": 327, "translation_d": 3.810954853044953e-09, "rotation_d": 3.904145519895707e-05, "width_d": 0.005794135915979711}