{"numgrasp": 312, "translation_d": 3.868766814561432e-09, "rotation_d": 4.720976611392442e-05, "width_d": 0.0058986466895878985}