{"numgrasp": 305, "translation_d": 4.157835727640008e-09, "rotation_d": 4.8464618003434786e-05, "width_d": 0.005322766655953123}