{"numgrasp": 324, "translation_d": 4.169125863917015e-09, "rotation_d": 5.291747721331305e-05, "width_d": 0.004055480342902253}