{"numgrasp": 304, "translation_d": 4.231436159092724e-09, "rotation_d": 5.4407636448839895e-05, "width_d": 0.003691763894233623}