{"numgrasp": 240, "translation_d": 4.371623612180129e-09, "rotation_d": 5.47403539758754e-05, "width_d": 0.0034870957889622293}