{"numgrasp": 217, "translation_d": 4.64639538901581e-09, "rotation_d": 5.508001255737569e-05, "width_d": 0.0031766999010338875}