{"numgrasp": 249, "translation_d": 4.656917553184615e-09, "rotation_d": 5.751956108623252e-05, "width_d": 0.003006867284739591}