{"numgrasp": 245, "translation_d": 4.416716239075607e-09, "rotation_d": 6.074832751595443e-05, "width_d": 0.0037771486686181727}