{"numgrasp": 290, "translation_d": 4.5061683321369344e-09, "rotation_d": 5.7783975145209344e-05, "width_d": 0.004450679280097105}