{"numgrasp": 324, "translation_d": 4.288110977432797e-09, "rotation_d": 5.774828798036644e-05, "width_d": 0.004364936340568707}