{"numgrasp": 310, "translation_d": 4.2045015866947736e-09, "rotation_d": 5.648987605972377e-05, "width_d": 0.004870199840147045}