{"numgrasp": 254, "translation_d": 4.245487951217921e-09, "rotation_d": 5.293642569808823e-05, "width_d": 0.005018062547157378}