{"numgrasp": 285, "translation_d": 4.460068591109559e-09, "rotation_d": 5.3463402853901117e-05, "width_d": 0.00541041595348958}