{"numgrasp": 491, "translation_d": 5.8419280775815034e-09, "rotation_d": 6.20417694533068e-05, "width_d": 0.005846790897811218}