{"numgrasp": 498, "translation_d": 5.875152338216382e-09, "rotation_d": 5.75082576704168e-05, "width_d": 0.005423619139362755}