{"numgrasp": 418, "translation_d": 6.206028202385529e-09, "rotation_d": 5.8661308458649356e-05, "width_d": 0.004291769841387793}