{"numgrasp": 334, "translation_d": 5.7458912133431585e-09, "rotation_d": 5.8199772382141796e-05, "width_d": 0.003439335889237896}