{"numgrasp": 326, "translation_d": 5.61879914432266e-09, "rotation_d": 5.7097867000194e-05, "width_d": 0.002812201866039858}