{"numgrasp": 300, "translation_d": 5.620579075756066e-09, "rotation_d": 6.088765879176975e-05, "width_d": 0.0033768257178823204}