{"numgrasp": 452, "translation_d": 5.262872796531316e-09, "rotation_d": 5.0260871004603616e-05, "width_d": 0.006448617165952237}