{"numgrasp": 513, "translation_d": 5.6461254194571335e-09, "rotation_d": 4.87771286055911e-05, "width_d": 0.006299222575673363}