{"numgrasp": 509, "translation_d": 5.830514863748843e-09, "rotation_d": 5.676964994210556e-05, "width_d": 0.006389271880910894}