{"numgrasp": 448, "translation_d": 5.0991514568305996e-09, "rotation_d": 5.431879325942301e-05, "width_d": 0.006411234993136895}