{"numgrasp": 461, "translation_d": 5.135762946716394e-09, "rotation_d": 4.887935221368069e-05, "width_d": 0.006432024042855449}