{"numgrasp": 424, "translation_d": 5.216458521457891e-09, "rotation_d": 4.510193032343164e-05, "width_d": 0.0059531514960014745}