{"numgrasp": 398, "translation_d": 6.273677584037674e-09, "rotation_d": 5.2578762416232764e-05, "width_d": 0.0034850314166155385}