{"numgrasp": 365, "translation_d": 4.959283500229029e-09, "rotation_d": 4.42522644076781e-05, "width_d": 0.005118643294051791}