{"numgrasp": 397, "translation_d": 4.928542134499097e-09, "rotation_d": 4.2390328267211196e-05, "width_d": 0.005347960441187213}