{"numgrasp": 404, "translation_d": 4.977786832327359e-09, "rotation_d": 4.27656061144672e-05, "width_d": 0.005395775000236566}