{"numgrasp": 458, "translation_d": 4.893044878847943e-09, "rotation_d": 4.350508456700207e-05, "width_d": 0.005743984826759071}