{"numgrasp": 482, "translation_d": 5.122794350807696e-09, "rotation_d": 5.052054269000178e-05, "width_d": 0.006004954370262587}