{"numgrasp": 456, "translation_d": 5.155729994728717e-09, "rotation_d": 5.166541912894055e-05, "width_d": 0.006197584997964451}