{"numgrasp": 454, "translation_d": 5.103960488246955e-09, "rotation_d": 5.54096421463121e-05, "width_d": 0.006111985834221257}