{"numgrasp": 447, "translation_d": 5.296409823111093e-09, "rotation_d": 5.695299722783685e-05, "width_d": 0.0063340054881493085}