{"numgrasp": 440, "translation_d": 4.8993450898126435e-09, "rotation_d": 5.228129468493366e-05, "width_d": 0.006139098554151639}