{"numgrasp": 441, "translation_d": 5.0761185681228274e-09, "rotation_d": 5.1746110553105714e-05, "width_d": 0.005907439666558194}