{"numgrasp": 442, "translation_d": 4.829328335135308e-09, "rotation_d": 4.8570775068505535e-05, "width_d": 0.005676632350218765}