{"numgrasp": 439, "translation_d": 5.0732682058317876e-09, "rotation_d": 4.704325380588224e-05, "width_d": 0.005381567673171811}