{"numgrasp": 366, "translation_d": 4.973758728394565e-09, "rotation_d": 3.9596478934230774e-05, "width_d": 0.004979409774135216}