{"numgrasp": 360, "translation_d": 4.636527462011867e-09, "rotation_d": 3.9742081493857276e-05, "width_d": 0.0047664457992706915}