{"numgrasp": 323, "translation_d": 5.005779494279322e-09, "rotation_d": 4.1847438863825225e-05, "width_d": 0.004519699462994727}