{"numgrasp": 339, "translation_d": 4.8439218282248725e-09, "rotation_d": 3.869275280782653e-05, "width_d": 0.004532594678933927}