{"numgrasp": 382, "translation_d": 4.812810652558306e-09, "rotation_d": 4.061975822949271e-05, "width_d": 0.004714034991726965}