{"numgrasp": 394, "translation_d": 4.5890379808564535e-09, "rotation_d": 5.021789172341076e-05, "width_d": 0.0051134736149013385}