{"numgrasp": 367, "translation_d": 5.416560286421938e-09, "rotation_d": 5.261738237145607e-05, "width_d": 0.005664632150156473}