{"numgrasp": 331, "translation_d": 5.650240816876555e-09, "rotation_d": 5.308168080709785e-05, "width_d": 0.004290569762381819}