{"numgrasp": 329, "translation_d": 5.697113592027961e-09, "rotation_d": 5.501075755392549e-05, "width_d": 0.004074637720926468}