{"numgrasp": 342, "translation_d": 5.573296389349775e-09, "rotation_d": 5.558398478654891e-05, "width_d": 0.0037389044570055293}