{"numgrasp": 337, "translation_d": 5.306795878327305e-09, "rotation_d": 5.6756192641439676e-05, "width_d": 0.00578762359086299}