{"numgrasp": 320, "translation_d": 5.491058723171763e-09, "rotation_d": 5.388482251545975e-05, "width_d": 0.003160787966531851}