{"numgrasp": 355, "translation_d": 5.393813098792952e-09, "rotation_d": 5.3606470168030385e-05, "width_d": 0.005613259135983708}