{"numgrasp": 308, "translation_d": 4.867824408689193e-09, "rotation_d": 5.179081847746236e-05, "width_d": 0.006716020878004731}