{"numgrasp": 358, "translation_d": 5.319531592986804e-09, "rotation_d": 5.488832002981423e-05, "width_d": 0.005571990447017741}