{"numgrasp": 371, "translation_d": 5.359843321220623e-09, "rotation_d": 5.475295879437322e-05, "width_d": 0.005206442546213044}