{"numgrasp": 363, "translation_d": 5.12650817218802e-09, "rotation_d": 5.51179160234628e-05, "width_d": 0.004791390698583738}