{"numgrasp": 311, "translation_d": 5.584799932690086e-09, "rotation_d": 5.624502776272885e-05, "width_d": 0.004202825486184838}