{"numgrasp": 316, "translation_d": 5.728346373692357e-09, "rotation_d": 4.6938323787284335e-05, "width_d": 0.0031021249498052253}