{"numgrasp": 315, "translation_d": 5.545060440260174e-09, "rotation_d": 4.9352494478490066e-05, "width_d": 0.003481607108519113}