{"numgrasp": 321, "translation_d": 5.521753502943199e-09, "rotation_d": 5.1205980517352385e-05, "width_d": 0.004168877605446362}