{"numgrasp": 361, "translation_d": 5.419452426508431e-09, "rotation_d": 5.552289167210676e-05, "width_d": 0.006297909272252313}