{"numgrasp": 352, "translation_d": 5.067548325027205e-09, "rotation_d": 5.095215368298729e-05, "width_d": 0.005093202331514365}