{"numgrasp": 346, "translation_d": 4.9332225264301825e-09, "rotation_d": 4.447029738525298e-05, "width_d": 0.006168780826609028}