{"numgrasp": 317, "translation_d": 5.1378289317055925e-09, "rotation_d": 4.46141237106807e-05, "width_d": 0.004957405062000948}