{"numgrasp": 320, "translation_d": 5.240941187068956e-09, "rotation_d": 4.442632918517676e-05, "width_d": 0.0046795852291949625}