{"numgrasp": 329, "translation_d": 5.470214670869173e-09, "rotation_d": 4.3036777489557394e-05, "width_d": 0.003847972077163419}