{"numgrasp": 325, "translation_d": 5.5154053041469495e-09, "rotation_d": 4.3174587954840715e-05, "width_d": 0.0031609050552117665}