{"numgrasp": 292, "translation_d": 5.563861804880338e-09, "rotation_d": 4.489363801447054e-05, "width_d": 0.002939562287846196}