{"numgrasp": 296, "translation_d": 5.63863393219289e-09, "rotation_d": 4.365040951100941e-05, "width_d": 0.003185960265779086}