{"numgrasp": 316, "translation_d": 5.625613379810264e-09, "rotation_d": 4.29854340800603e-05, "width_d": 0.0035819778153181854}