{"numgrasp": 353, "translation_d": 5.146993310263724e-09, "rotation_d": 4.38101866038754e-05, "width_d": 0.005277814759267636}