{"numgrasp": 336, "translation_d": 4.957047352377809e-09, "rotation_d": 4.388182843443641e-05, "width_d": 0.0056764113111402595}