{"numgrasp": 355, "translation_d": 5.003816553923453e-09, "rotation_d": 4.34427365595038e-05, "width_d": 0.0065173260365442515}