{"numgrasp": 358, "translation_d": 5.240780161784383e-09, "rotation_d": 4.4955518505745066e-05, "width_d": 0.006405994953837146}