{"numgrasp": 342, "translation_d": 5.014941933181825e-09, "rotation_d": 4.529427176807063e-05, "width_d": 0.006503280394125815}