{"numgrasp": 337, "translation_d": 5.236895566863069e-09, "rotation_d": 4.515331334083168e-05, "width_d": 0.005588678683006775}