{"numgrasp": 371, "translation_d": 5.042916099606844e-09, "rotation_d": 4.66094807520896e-05, "width_d": 0.005607226845278813}