{"numgrasp": 349, "translation_d": 6.1467325406617e-09, "rotation_d": 5.4694766963341356e-05, "width_d": 0.003670485787861307}