{"numgrasp": 339, "translation_d": 5.522971581320871e-09, "rotation_d": 4.6465341680874976e-05, "width_d": 0.004762331993358086}