{"numgrasp": 336, "translation_d": 5.421547455486963e-09, "rotation_d": 4.670707821764166e-05, "width_d": 0.004777780785523718}