{"numgrasp": 321, "translation_d": 5.529336952450708e-09, "rotation_d": 4.7603203630223345e-05, "width_d": 0.004347858512837663}