{"numgrasp": 329, "translation_d": 5.609863178530687e-09, "rotation_d": 4.9010744639181255e-05, "width_d": 0.004138552003358174}