{"numgrasp": 292, "translation_d": 5.592987646218351e-09, "rotation_d": 5.3596017101094026e-05, "width_d": 0.0028455655769726016}