{"numgrasp": 324, "translation_d": 5.3700967660928175e-09, "rotation_d": 5.212907564594916e-05, "width_d": 0.004518285474933215}