{"numgrasp": 356, "translation_d": 5.419259797352137e-09, "rotation_d": 5.209485351081264e-05, "width_d": 0.006344900779495148}