{"numgrasp": 355, "translation_d": 5.0398002070454786e-09, "rotation_d": 5.48405971671079e-05, "width_d": 0.006397529719392793}