{"numgrasp": 334, "translation_d": 5.620143584980987e-09, "rotation_d": 5.593624064925925e-05, "width_d": 0.0051022379554351216}