{"numgrasp": 350, "translation_d": 5.4378973142243334e-09, "rotation_d": 5.773093270440566e-05, "width_d": 0.004885176756636029}