{"numgrasp": 354, "translation_d": 5.51724998896486e-09, "rotation_d": 5.671144836676845e-05, "width_d": 0.004571238955036734}