{"numgrasp": 328, "translation_d": 5.457937282886733e-09, "rotation_d": 5.899484138907685e-05, "width_d": 0.003654178375282034}