{"numgrasp": 326, "translation_d": 5.568041369128415e-09, "rotation_d": 5.815176374766096e-05, "width_d": 0.0034454885407541685}