{"numgrasp": 324, "translation_d": 5.433890691129687e-09, "rotation_d": 5.832242575804123e-05, "width_d": 0.0032894303801975495}