{"numgrasp": 295, "translation_d": 5.6860834166766516e-09, "rotation_d": 5.667228469150791e-05, "width_d": 0.0029540662772631044}