{"numgrasp": 326, "translation_d": 5.472587587303716e-09, "rotation_d": 5.8040041388731547e-05, "width_d": 0.0038776333906963465}