{"numgrasp": 336, "translation_d": 5.660721133927416e-09, "rotation_d": 5.8982367717181295e-05, "width_d": 0.004084659899615275}