{"numgrasp": 353, "translation_d": 5.462295358290356e-09, "rotation_d": 5.834100481538029e-05, "width_d": 0.005044721689524453}