{"numgrasp": 378, "translation_d": 5.483903611473303e-09, "rotation_d": 5.641218624746572e-05, "width_d": 0.006001378895505659}