{"numgrasp": 354, "translation_d": 5.404651485982101e-09, "rotation_d": 5.624620285693929e-05, "width_d": 0.006688982438235644}