{"numgrasp": 342, "translation_d": 5.9063086874941856e-09, "rotation_d": 5.927957059660835e-05, "width_d": 0.0037880128452876627}