{"numgrasp": 332, "translation_d": 5.7943408075042445e-09, "rotation_d": 5.610512642384385e-05, "width_d": 0.00390915294084182}