{"numgrasp": 346, "translation_d": 5.841425138339448e-09, "rotation_d": 5.069931127291005e-05, "width_d": 0.005355833055558428}