{"numgrasp": 342, "translation_d": 5.687393741089203e-09, "rotation_d": 5.694594169503965e-05, "width_d": 0.004129145068168653}