{"numgrasp": 354, "translation_d": 5.93307111268171e-09, "rotation_d": 5.030737262327491e-05, "width_d": 0.0055958624862081936}