{"numgrasp": 335, "translation_d": 5.470633918295871e-09, "rotation_d": 4.971869452595452e-05, "width_d": 0.005898068460041845}