{"numgrasp": 339, "translation_d": 5.485943720962389e-09, "rotation_d": 4.448013578938171e-05, "width_d": 0.0063060919961674435}