{"numgrasp": 334, "translation_d": 5.585913700662616e-09, "rotation_d": 5.7992781391182576e-05, "width_d": 0.0044211481081581246}