{"numgrasp": 326, "translation_d": 5.852000491275636e-09, "rotation_d": 4.529633503831482e-05, "width_d": 0.004615042250400426}