{"numgrasp": 300, "translation_d": 5.529504303918979e-09, "rotation_d": 4.730417274407281e-05, "width_d": 0.003130165112631855}