{"numgrasp": 303, "translation_d": 5.846264225599643e-09, "rotation_d": 4.3840154024069466e-05, "width_d": 0.0032764372294134428}