{"numgrasp": 291, "translation_d": 6.164949160129895e-09, "rotation_d": 4.125656585521932e-05, "width_d": 0.003514106000585518}