{"numgrasp": 319, "translation_d": 5.754727374732722e-09, "rotation_d": 4.097642176634443e-05, "width_d": 0.004586762532311621}