{"numgrasp": 331, "translation_d": 5.671745002653985e-09, "rotation_d": 4.0853306430936876e-05, "width_d": 0.004684175838239276}