{"numgrasp": 329, "translation_d": 5.680781291519449e-09, "rotation_d": 4.1733822134791135e-05, "width_d": 0.005010594141723784}