{"numgrasp": 354, "translation_d": 5.334979198117103e-09, "rotation_d": 4.330806093263925e-05, "width_d": 0.006052079750547307}