{"numgrasp": 375, "translation_d": 5.610624693809708e-09, "rotation_d": 4.4758279197665456e-05, "width_d": 0.004995961543400413}