{"numgrasp": 356, "translation_d": 5.363074344494376e-09, "rotation_d": 4.4319955463785985e-05, "width_d": 0.004918888367504132}