{"numgrasp": 336, "translation_d": 5.606431369279319e-09, "rotation_d": 4.1572092938834134e-05, "width_d": 0.003667602546687186}