{"numgrasp": 307, "translation_d": 5.503071721767466e-09, "rotation_d": 4.0285388469186646e-05, "width_d": 0.0029933732350303005}