{"numgrasp": 358, "translation_d": 5.467525190924635e-09, "rotation_d": 5.719275561679687e-05, "width_d": 0.005309682890227656}