{"numgrasp": 313, "translation_d": 5.81488741007763e-09, "rotation_d": 4.539076354954225e-05, "width_d": 0.003093326877443978}