{"numgrasp": 341, "translation_d": 5.682670436846923e-09, "rotation_d": 4.84109698283241e-05, "width_d": 0.0036636868191299685}