{"numgrasp": 361, "translation_d": 5.652865798263396e-09, "rotation_d": 4.969288644878686e-05, "width_d": 0.00389903811020979}