{"numgrasp": 354, "translation_d": 5.8985742748936435e-09, "rotation_d": 4.859082726851824e-05, "width_d": 0.004152741539894691}