{"numgrasp": 352, "translation_d": 5.935099562667816e-09, "rotation_d": 4.8256141148965264e-05, "width_d": 0.00434058492246759}