{"numgrasp": 357, "translation_d": 5.357136255102523e-09, "rotation_d": 4.8561900133507775e-05, "width_d": 0.004663545411036153}