{"numgrasp": 289, "translation_d": 6.208303082516061e-09, "rotation_d": 4.34661185190292e-05, "width_d": 0.003940097284822688}