{"numgrasp": 292, "translation_d": 5.9380404097303774e-09, "rotation_d": 4.285490872029783e-05, "width_d": 0.004091448207496861}