{"numgrasp": 292, "translation_d": 5.728885178785526e-09, "rotation_d": 4.189525280286116e-05, "width_d": 0.004101947146806613}