{"numgrasp": 276, "translation_d": 5.673068249933357e-09, "rotation_d": 5.102234748577869e-05, "width_d": 0.004493461027924568}