{"numgrasp": 261, "translation_d": 5.828973953747981e-09, "rotation_d": 5.1917527514408916e-05, "width_d": 0.004026441565515123}