{"numgrasp": 263, "translation_d": 6.047641305927395e-09, "rotation_d": 5.232214764552877e-05, "width_d": 0.004076926153890734}