{"numgrasp": 263, "translation_d": 6.142625476598533e-09, "rotation_d": 5.195853409608718e-05, "width_d": 0.0033978181410946285}