{"numgrasp": 257, "translation_d": 6.404228774091789e-09, "rotation_d": 4.9928306420104114e-05, "width_d": 0.0035212017425020146}