{"numgrasp": 305, "translation_d": 6.442715737490884e-09, "rotation_d": 5.690813781298913e-05, "width_d": 0.004402440279810253}