{"numgrasp": 236, "translation_d": 6.165879718880678e-09, "rotation_d": 5.727560193643119e-05, "width_d": 0.0029794806825492134}