{"numgrasp": 237, "translation_d": 5.7996528654926e-09, "rotation_d": 5.726024116009425e-05, "width_d": 0.003072235701241277}