{"numgrasp": 225, "translation_d": 6.146271222625992e-09, "rotation_d": 5.618776196022988e-05, "width_d": 0.003248681898624294}