{"numgrasp": 243, "translation_d": 5.55398309463905e-09, "rotation_d": 5.7424789576775555e-05, "width_d": 0.004476406665846253}