{"numgrasp": 244, "translation_d": 5.853207064001897e-09, "rotation_d": 5.670011216256748e-05, "width_d": 0.004332845115975871}