{"numgrasp": 250, "translation_d": 6.05090903675139e-09, "rotation_d": 5.8100301975672206e-05, "width_d": 0.004649463480026673}