{"numgrasp": 235, "translation_d": 5.740625854045959e-09, "rotation_d": 5.591149983570098e-05, "width_d": 0.004919353903558478}