{"numgrasp": 239, "translation_d": 5.342548191787791e-09, "rotation_d": 5.768092639915276e-05, "width_d": 0.005219676160559664}