{"numgrasp": 305, "translation_d": 6.512520614326602e-09, "rotation_d": 5.657496764923919e-05, "width_d": 0.0046210037162454885}