{"numgrasp": 227, "translation_d": 5.466734488301601e-09, "rotation_d": 5.8398513132575146e-05, "width_d": 0.00465671305093586}