{"numgrasp": 226, "translation_d": 5.713019225704773e-09, "rotation_d": 5.879429390030217e-05, "width_d": 0.004165703083530988}