{"numgrasp": 226, "translation_d": 5.337790276874525e-09, "rotation_d": 5.766989954333569e-05, "width_d": 0.004025456299160951}