{"numgrasp": 223, "translation_d": 5.55881719108335e-09, "rotation_d": 5.787620451931287e-05, "width_d": 0.0037915555376873814}