{"numgrasp": 234, "translation_d": 5.628770100144751e-09, "rotation_d": 5.867555759658827e-05, "width_d": 0.0035131183050993767}