{"numgrasp": 235, "translation_d": 5.652999939924524e-09, "rotation_d": 5.830752277112889e-05, "width_d": 0.003584606070538147}