{"numgrasp": 220, "translation_d": 6.006231853012119e-09, "rotation_d": 5.901214343629238e-05, "width_d": 0.0030453674152644}