{"numgrasp": 265, "translation_d": 5.915735426772573e-09, "rotation_d": 5.772632652746784e-05, "width_d": 0.005116905601752988}