{"numgrasp": 207, "translation_d": 5.5230563331816825e-09, "rotation_d": 5.129204624754686e-05, "width_d": 0.003430326763483595}