{"numgrasp": 232, "translation_d": 5.594074346489934e-09, "rotation_d": 5.6368087668605624e-05, "width_d": 0.0038328417550696475}