{"numgrasp": 225, "translation_d": 5.5366016419743204e-09, "rotation_d": 5.642179303145016e-05, "width_d": 0.004417886229442672}