{"numgrasp": 208, "translation_d": 5.060601783399171e-09, "rotation_d": 5.4851938876522636e-05, "width_d": 0.004417173046278683}