{"numgrasp": 232, "translation_d": 5.132699265854926e-09, "rotation_d": 5.539954217321024e-05, "width_d": 0.005404996411283843}