{"numgrasp": 228, "translation_d": 5.2449532399927904e-09, "rotation_d": 5.48051453838377e-05, "width_d": 0.005590197852361906}