{"numgrasp": 248, "translation_d": 5.688917539156623e-09, "rotation_d": 5.05331710121023e-05, "width_d": 0.005238029294350555}