{"numgrasp": 240, "translation_d": 5.569968987411644e-09, "rotation_d": 4.779986058507103e-05, "width_d": 0.004515052827593112}