{"numgrasp": 224, "translation_d": 5.680919793321289e-09, "rotation_d": 4.736931694271342e-05, "width_d": 0.004067911716604804}