{"numgrasp": 229, "translation_d": 5.4712381103222525e-09, "rotation_d": 4.408339985240505e-05, "width_d": 0.0032482590341815294}