{"numgrasp": 230, "translation_d": 6.2362879921314944e-09, "rotation_d": 5.673798485169646e-05, "width_d": 0.004843564504355409}