{"numgrasp": 287, "translation_d": 5.5431522724233875e-09, "rotation_d": 3.8183654528133593e-05, "width_d": 0.003438448335406293}