{"numgrasp": 261, "translation_d": 5.368010278166773e-09, "rotation_d": 3.856150393753178e-05, "width_d": 0.0035797840268820963}