{"numgrasp": 245, "translation_d": 6.3177622601476146e-09, "rotation_d": 5.733587419315599e-05, "width_d": 0.004670072796319124}