{"numgrasp": 255, "translation_d": 5.7993921571400225e-09, "rotation_d": 4.18166133249153e-05, "width_d": 0.004198844224170172}