{"numgrasp": 253, "translation_d": 5.330426219885243e-09, "rotation_d": 4.333720104942488e-05, "width_d": 0.004468037541073626}