{"numgrasp": 242, "translation_d": 5.438928726187052e-09, "rotation_d": 4.439824204524795e-05, "width_d": 0.004425896742079918}