{"numgrasp": 261, "translation_d": 5.6008042143577e-09, "rotation_d": 3.882647813779252e-05, "width_d": 0.004455847014121744}