{"numgrasp": 266, "translation_d": 5.127357735565767e-09, "rotation_d": 4.0296887912730776e-05, "width_d": 0.004598647412280893}