{"numgrasp": 264, "translation_d": 5.6341666426981446e-09, "rotation_d": 3.929882174957952e-05, "width_d": 0.004273168731378839}