{"numgrasp": 262, "translation_d": 5.261571463579996e-09, "rotation_d": 3.877827217354421e-05, "width_d": 0.004223604151719885}