{"numgrasp": 264, "translation_d": 5.715567921881252e-09, "rotation_d": 3.901763643596966e-05, "width_d": 0.0038591304979198413}