{"numgrasp": 268, "translation_d": 5.034174428341207e-09, "rotation_d": 3.920303714159293e-05, "width_d": 0.004214919371891733}