{"numgrasp": 262, "translation_d": 6.712285295285492e-09, "rotation_d": 5.807908444105961e-05, "width_d": 0.004226952256652798}