{"numgrasp": 252, "translation_d": 5.132491729512623e-09, "rotation_d": 5.6343877450398655e-05, "width_d": 0.0033425285866040023}