{"numgrasp": 274, "translation_d": 5.089323217954607e-09, "rotation_d": 5.2142991525716664e-05, "width_d": 0.0033248739067337925}