{"numgrasp": 261, "translation_d": 5.2680579099328285e-09, "rotation_d": 5.0344853777490185e-05, "width_d": 0.003826336343857459}