{"numgrasp": 279, "translation_d": 5.228604549916421e-09, "rotation_d": 4.7005546469984215e-05, "width_d": 0.003979947131328223}