{"numgrasp": 287, "translation_d": 5.082793257113802e-09, "rotation_d": 4.4796425467911997e-05, "width_d": 0.00484448612477899}