{"numgrasp": 298, "translation_d": 4.992142218645065e-09, "rotation_d": 5.291870119338536e-05, "width_d": 0.004865255156157516}