{"numgrasp": 292, "translation_d": 5.0322693242614835e-09, "rotation_d": 5.40983382862492e-05, "width_d": 0.004188979580235565}