{"numgrasp": 293, "translation_d": 5.254749676144158e-09, "rotation_d": 5.416559984113519e-05, "width_d": 0.0044819073758275395}