{"numgrasp": 258, "translation_d": 4.675692166954831e-09, "rotation_d": 6.0589029728458904e-05, "width_d": 0.003305761599573323}