{"numgrasp": 264, "translation_d": 4.622328225821498e-09, "rotation_d": 6.1018366927604516e-05, "width_d": 0.003208348738625073}