{"numgrasp": 267, "translation_d": 4.483874181782907e-09, "rotation_d": 6.0416623106912244e-05, "width_d": 0.003604754847931334}