{"numgrasp": 282, "translation_d": 4.7347063084426625e-09, "rotation_d": 5.949133036656775e-05, "width_d": 0.004016757155594287}