{"numgrasp": 324, "translation_d": 6.480542503114851e-09, "rotation_d": 5.668537127711301e-05, "width_d": 0.0036702961297342064}