{"numgrasp": 319, "translation_d": 6.6896082713196455e-09, "rotation_d": 5.836767320444359e-05, "width_d": 0.003393978401764896}