{"numgrasp": 307, "translation_d": 6.649219587826095e-09, "rotation_d": 5.931090386691993e-05, "width_d": 0.003243910625151009}