{"numgrasp": 250, "translation_d": 6.185634292215817e-09, "rotation_d": 5.469021347115666e-05, "width_d": 0.004284830536666007}