{"numgrasp": 228, "translation_d": 6.3822964114942006e-09, "rotation_d": 5.441109955318024e-05, "width_d": 0.004317309628216427}