{"numgrasp": 258, "translation_d": 6.236856428416039e-09, "rotation_d": 4.9969240049796205e-05, "width_d": 0.004342654076709184}