{"numgrasp": 267, "translation_d": 6.748067377952777e-09, "rotation_d": 5.0038266133183285e-05, "width_d": 0.004298843785178994}