{"numgrasp": 278, "translation_d": 6.580387409820736e-09, "rotation_d": 5.060238447671763e-05, "width_d": 0.003980051395194643}