{"numgrasp": 304, "translation_d": 7.021751774733522e-09, "rotation_d": 4.9653950657754605e-05, "width_d": 0.0036334517546580906}