{"numgrasp": 259, "translation_d": 6.802645373939031e-09, "rotation_d": 5.1029472249947015e-05, "width_d": 0.003775120015563992}