{"numgrasp": 310, "translation_d": 6.407907630818444e-09, "rotation_d": 5.679971734952896e-05, "width_d": 0.0033171473473063732}