{"numgrasp": 328, "translation_d": 6.7391520844698996e-09, "rotation_d": 5.229584357780155e-05, "width_d": 0.0036121712696571538}