{"numgrasp": 256, "translation_d": 6.788678588112202e-09, "rotation_d": 5.7720098713658215e-05, "width_d": 0.003146538909012164}