{"numgrasp": 296, "translation_d": 6.517013751152939e-09, "rotation_d": 4.8032578299402895e-05, "width_d": 0.0032555315826458446}