{"numgrasp": 296, "translation_d": 6.707852472495837e-09, "rotation_d": 4.733055948444855e-05, "width_d": 0.003810895228523141}