{"numgrasp": 265, "translation_d": 6.8867743846179064e-09, "rotation_d": 4.491447711928881e-05, "width_d": 0.004081869311272638}