{"numgrasp": 254, "translation_d": 6.308255993776554e-09, "rotation_d": 4.4352690386932564e-05, "width_d": 0.004348698957932603}