{"numgrasp": 290, "translation_d": 6.404519055587248e-09, "rotation_d": 3.8594010601096366e-05, "width_d": 0.004505894417140941}