{"numgrasp": 278, "translation_d": 6.798970158250782e-09, "rotation_d": 3.9872669344948886e-05, "width_d": 0.004676685903647328}