{"numgrasp": 279, "translation_d": 6.604419594344826e-09, "rotation_d": 3.9396432858093736e-05, "width_d": 0.004417894566820864}