{"numgrasp": 290, "translation_d": 6.3796112166672725e-09, "rotation_d": 3.985952930891376e-05, "width_d": 0.003458715794682353}