{"numgrasp": 280, "translation_d": 6.7983840229667655e-09, "rotation_d": 4.2424742293905866e-05, "width_d": 0.003562717538715889}