{"numgrasp": 320, "translation_d": 6.655577131771858e-09, "rotation_d": 5.661583667145661e-05, "width_d": 0.003956436067839189}