{"numgrasp": 246, "translation_d": 6.831092602410658e-09, "rotation_d": 4.566161063027619e-05, "width_d": 0.0031957883381522768}