{"numgrasp": 233, "translation_d": 6.660258333048589e-09, "rotation_d": 3.957587958092735e-05, "width_d": 0.002976042348141588}