{"numgrasp": 246, "translation_d": 6.813963205534072e-09, "rotation_d": 4.0533805493053727e-05, "width_d": 0.003477880622556828}