{"numgrasp": 263, "translation_d": 6.951109138126217e-09, "rotation_d": 4.1807975479599225e-05, "width_d": 0.003201367727459247}