{"numgrasp": 267, "translation_d": 6.192678396997674e-09, "rotation_d": 4.247865946595319e-05, "width_d": 0.0034585261736987585}