{"numgrasp": 288, "translation_d": 6.131762721595559e-09, "rotation_d": 4.422693668990205e-05, "width_d": 0.003636109707686094}