{"numgrasp": 418, "translation_d": 5.5366655986049255e-09, "rotation_d": 5.169556191113115e-05, "width_d": 0.004852600263955942}