{"numgrasp": 475, "translation_d": 5.22931150610139e-09, "rotation_d": 5.3507616948692716e-05, "width_d": 0.005348050188639424}