{"numgrasp": 455, "translation_d": 4.981006944081959e-09, "rotation_d": 5.251491413943749e-05, "width_d": 0.0049231405994148375}