{"numgrasp": 448, "translation_d": 5.181242287565953e-09, "rotation_d": 5.100439215193248e-05, "width_d": 0.004709921820926841}