{"numgrasp": 433, "translation_d": 5.11486142123072e-09, "rotation_d": 5.117439067777374e-05, "width_d": 0.004514254918625356}