{"numgrasp": 374, "translation_d": 4.3672850438664626e-09, "rotation_d": 5.340897243635444e-05, "width_d": 0.004034433525241445}