{"numgrasp": 385, "translation_d": 4.34968261965506e-09, "rotation_d": 5.376643557381258e-05, "width_d": 0.004394422765899601}