{"numgrasp": 485, "translation_d": 5.056192379726337e-09, "rotation_d": 4.8557563790319446e-05, "width_d": 0.005587575215956002}