{"numgrasp": 360, "translation_d": 4.443478251717382e-09, "rotation_d": 5.291110547023238e-05, "width_d": 0.004000113631046236}