{"numgrasp": 340, "translation_d": 4.746428969642508e-09, "rotation_d": 5.1565491914211064e-05, "width_d": 0.00414631632015432}