{"numgrasp": 371, "translation_d": 4.484001110538865e-09, "rotation_d": 4.8714922583898954e-05, "width_d": 0.004366831636800668}