{"numgrasp": 410, "translation_d": 4.546049018000172e-09, "rotation_d": 4.972863455906198e-05, "width_d": 0.0042738324477811515}