{"numgrasp": 416, "translation_d": 4.50934116262265e-09, "rotation_d": 4.9847181831462565e-05, "width_d": 0.004202448344660277}