{"numgrasp": 436, "translation_d": 4.831840281065024e-09, "rotation_d": 5.220033596202326e-05, "width_d": 0.004544180505603594}