{"numgrasp": 426, "translation_d": 4.8374846301381895e-09, "rotation_d": 5.0220690243543613e-05, "width_d": 0.005017361756398374}