{"numgrasp": 499, "translation_d": 4.888857869344307e-09, "rotation_d": 5.452988426002043e-05, "width_d": 0.005729886359687487}