{"numgrasp": 492, "translation_d": 4.972647396693069e-09, "rotation_d": 5.4096709657078346e-05, "width_d": 0.005682899950792199}