{"numgrasp": 492, "translation_d": 4.873423004241563e-09, "rotation_d": 5.247643631094714e-05, "width_d": 0.005225133835171353}