{"numgrasp": 472, "translation_d": 4.944727940530993e-09, "rotation_d": 5.307049520016488e-05, "width_d": 0.00509292094877359}