{"numgrasp": 470, "translation_d": 4.861136358302475e-09, "rotation_d": 5.3319849214753106e-05, "width_d": 0.004974326367511909}