{"numgrasp": 458, "translation_d": 4.703973570235703e-09, "rotation_d": 5.3361156040453304e-05, "width_d": 0.004958715571282876}