{"numgrasp": 465, "translation_d": 4.421227932802136e-09, "rotation_d": 5.326434550449198e-05, "width_d": 0.00479567580786981}