{"numgrasp": 496, "translation_d": 4.905878040155218e-09, "rotation_d": 5.3159229278840655e-05, "width_d": 0.004491556539243593}