{"numgrasp": 511, "translation_d": 6.156314408378384e-09, "rotation_d": 4.402534977307577e-05, "width_d": 0.004108475276694441}