{"numgrasp": 481, "translation_d": 4.644472491185855e-09, "rotation_d": 5.6858661852548336e-05, "width_d": 0.004255166104758023}