{"numgrasp": 475, "translation_d": 4.913229112430925e-09, "rotation_d": 5.538244678121794e-05, "width_d": 0.004392831096132538}