{"numgrasp": 493, "translation_d": 4.750415215937362e-09, "rotation_d": 5.5527667765030614e-05, "width_d": 0.005011631508563138}