{"numgrasp": 521, "translation_d": 4.886879170780033e-09, "rotation_d": 5.5918797801707356e-05, "width_d": 0.005955298536368274}