{"numgrasp": 521, "translation_d": 4.902262762522153e-09, "rotation_d": 5.6157069500356504e-05, "width_d": 0.006029437233201723}