{"numgrasp": 539, "translation_d": 4.983209194559141e-09, "rotation_d": 5.358128305765961e-05, "width_d": 0.005436657201002827}