{"numgrasp": 520, "translation_d": 4.934878071119838e-09, "rotation_d": 5.280336257323592e-05, "width_d": 0.005049825652791309}