{"numgrasp": 500, "translation_d": 4.8680742881787675e-09, "rotation_d": 5.1789012802557105e-05, "width_d": 0.004152988019872865}