{"numgrasp": 482, "translation_d": 6.08367846672233e-09, "rotation_d": 4.498657856672312e-05, "width_d": 0.004042450201704347}