{"numgrasp": 495, "translation_d": 4.782898220195322e-09, "rotation_d": 4.963299085779337e-05, "width_d": 0.004657199538524047}