{"numgrasp": 495, "translation_d": 5.007682799234117e-09, "rotation_d": 4.9657133340600425e-05, "width_d": 0.004549807697399486}