{"numgrasp": 513, "translation_d": 5.0160654628261065e-09, "rotation_d": 4.764543536931856e-05, "width_d": 0.005712020191550364}