{"numgrasp": 517, "translation_d": 4.820328907570189e-09, "rotation_d": 4.6969630031805464e-05, "width_d": 0.005784467020480742}