{"numgrasp": 501, "translation_d": 4.922722601927882e-09, "rotation_d": 4.607082383027949e-05, "width_d": 0.006017630169884865}