{"numgrasp": 547, "translation_d": 4.781083002467858e-09, "rotation_d": 4.6800748109892644e-05, "width_d": 0.004377217837788777}