{"numgrasp": 511, "translation_d": 4.794207356244343e-09, "rotation_d": 4.707174627171486e-05, "width_d": 0.003860829736005281}