{"numgrasp": 524, "translation_d": 4.899516059878654e-09, "rotation_d": 4.728693318996495e-05, "width_d": 0.0037540423406435923}