{"numgrasp": 490, "translation_d": 4.7189552228406005e-09, "rotation_d": 4.6945061846508456e-05, "width_d": 0.0034342368405757815}