{"numgrasp": 512, "translation_d": 4.729715697596324e-09, "rotation_d": 4.71325087847673e-05, "width_d": 0.003098611956768314}