{"numgrasp": 503, "translation_d": 4.810273579393286e-09, "rotation_d": 4.721228920276714e-05, "width_d": 0.0031286655896576093}