{"numgrasp": 517, "translation_d": 4.693612503547934e-09, "rotation_d": 4.66020667941845e-05, "width_d": 0.0051930166775702915}