{"numgrasp": 517, "translation_d": 6.457423735620687e-09, "rotation_d": 4.695402418383016e-05, "width_d": 0.003577447137268254}