{"numgrasp": 507, "translation_d": 6.606877569049802e-09, "rotation_d": 4.783651961361981e-05, "width_d": 0.0034851038802371248}