{"numgrasp": 499, "translation_d": 6.440418154979024e-09, "rotation_d": 4.940368906991258e-05, "width_d": 0.0035573002721235787}