{"numgrasp": 520, "translation_d": 6.298287620896431e-09, "rotation_d": 4.90407418606062e-05, "width_d": 0.003451757981620235}