{"numgrasp": 559, "translation_d": 6.28574157593726e-09, "rotation_d": 4.733084278409518e-05, "width_d": 0.003663314155748285}