{"numgrasp": 491, "translation_d": 6.4599784996317816e-09, "rotation_d": 4.976556939129149e-05, "width_d": 0.0033148499164839832}