{"numgrasp": 505, "translation_d": 6.0697985359093474e-09, "rotation_d": 4.887602989706727e-05, "width_d": 0.004112219040543253}