{"numgrasp": 506, "translation_d": 6.178039925203462e-09, "rotation_d": 4.7289876701620637e-05, "width_d": 0.004452933819546746}