{"numgrasp": 487, "translation_d": 5.858946539199827e-09, "rotation_d": 4.960243767981706e-05, "width_d": 0.004215769220547517}