{"numgrasp": 510, "translation_d": 6.295087371836983e-09, "rotation_d": 4.870244043380738e-05, "width_d": 0.00325398647829639}