{"numgrasp": 524, "translation_d": 5.774258042993006e-09, "rotation_d": 4.9642905502014316e-05, "width_d": 0.003952223816728353}