{"numgrasp": 519, "translation_d": 5.663485717964539e-09, "rotation_d": 5.00827928536813e-05, "width_d": 0.0037614629179532756}