{"numgrasp": 525, "translation_d": 5.8987286334322795e-09, "rotation_d": 5.025815408101753e-05, "width_d": 0.003660163887184124}