{"numgrasp": 493, "translation_d": 5.780307959160486e-09, "rotation_d": 4.853158261373327e-05, "width_d": 0.0034938920861032046}