{"numgrasp": 507, "translation_d": 5.849331766225308e-09, "rotation_d": 5.180795472198692e-05, "width_d": 0.0036438555556017175}