{"numgrasp": 525, "translation_d": 5.828349759680442e-09, "rotation_d": 5.0912029091736584e-05, "width_d": 0.004025747853508405}