{"numgrasp": 486, "translation_d": 6.040331784078419e-09, "rotation_d": 5.081201709127132e-05, "width_d": 0.004323117983375552}