{"numgrasp": 511, "translation_d": 6.656665332684797e-09, "rotation_d": 4.6982800305028945e-05, "width_d": 0.003526912673770764}