{"numgrasp": 498, "translation_d": 5.796600606029494e-09, "rotation_d": 4.92608605110627e-05, "width_d": 0.004517372350132832}