{"numgrasp": 504, "translation_d": 5.6842124855809785e-09, "rotation_d": 4.752279977713999e-05, "width_d": 0.004483649274989157}