{"numgrasp": 480, "translation_d": 5.5176839988082134e-09, "rotation_d": 4.772431149116856e-05, "width_d": 0.004956489161024225}