{"numgrasp": 506, "translation_d": 5.405913226572156e-09, "rotation_d": 4.774891756752207e-05, "width_d": 0.004964771819118482}