{"numgrasp": 494, "translation_d": 5.527589963113639e-09, "rotation_d": 4.927960776948006e-05, "width_d": 0.0048239885293517885}