{"numgrasp": 505, "translation_d": 5.55143897602371e-09, "rotation_d": 4.973623508100354e-05, "width_d": 0.004753533923088089}