{"numgrasp": 514, "translation_d": 5.592443139977768e-09, "rotation_d": 5.012776461408761e-05, "width_d": 0.004569934695819456}