{"numgrasp": 474, "translation_d": 5.745456386889563e-09, "rotation_d": 5.043476443620997e-05, "width_d": 0.0045387768673534005}