{"numgrasp": 466, "translation_d": 5.698617080326829e-09, "rotation_d": 5.025691987151497e-05, "width_d": 0.004193260254208537}