{"numgrasp": 477, "translation_d": 5.5807203777024705e-09, "rotation_d": 4.944611064309095e-05, "width_d": 0.004111599054496134}