{"numgrasp": 457, "translation_d": 5.448739623193541e-09, "rotation_d": 5.162928332127221e-05, "width_d": 0.0036012136222302754}