{"numgrasp": 451, "translation_d": 5.506434784442018e-09, "rotation_d": 5.237765242881861e-05, "width_d": 0.004051175340655323}