{"numgrasp": 449, "translation_d": 5.4079544303708526e-09, "rotation_d": 5.0504740495070335e-05, "width_d": 0.004202996425946369}