{"numgrasp": 483, "translation_d": 5.087066981020772e-09, "rotation_d": 4.940812189379816e-05, "width_d": 0.0045336004102140325}