{"numgrasp": 336, "translation_d": 5.357911504590314e-09, "rotation_d": 5.037500860161634e-05, "width_d": 0.006330224283995774}