{"numgrasp": 321, "translation_d": 5.377608967346533e-09, "rotation_d": 4.954927984254148e-05, "width_d": 0.006922970769007945}