{"numgrasp": 357, "translation_d": 5.347033978833764e-09, "rotation_d": 4.9929362993920264e-05, "width_d": 0.006084618657939118}