{"numgrasp": 343, "translation_d": 5.28062340353386e-09, "rotation_d": 4.883429911302032e-05, "width_d": 0.005514074526001015}