{"numgrasp": 348, "translation_d": 5.465874036390817e-09, "rotation_d": 5.021691544629575e-05, "width_d": 0.004711435856841585}