{"numgrasp": 326, "translation_d": 5.514579544246904e-09, "rotation_d": 5.089396224490488e-05, "width_d": 0.0040880345207283935}