{"numgrasp": 302, "translation_d": 5.484410854850193e-09, "rotation_d": 5.084972897716877e-05, "width_d": 0.004023788705166904}