{"numgrasp": 312, "translation_d": 5.353336914403524e-09, "rotation_d": 5.380604132425974e-05, "width_d": 0.004265276100218922}