{"numgrasp": 350, "translation_d": 5.3520170296954955e-09, "rotation_d": 4.89058466455063e-05, "width_d": 0.0058162692165929205}