{"numgrasp": 332, "translation_d": 4.860822936132555e-09, "rotation_d": 4.803272418429493e-05, "width_d": 0.007607138448994085}