{"numgrasp": 283, "translation_d": 4.970950447809492e-09, "rotation_d": 5.23585596820013e-05, "width_d": 0.00803816766863946}