{"numgrasp": 325, "translation_d": 5.068288875750918e-09, "rotation_d": 5.241867762054926e-05, "width_d": 0.0071626331077346535}