{"numgrasp": 328, "translation_d": 5.542691237635237e-09, "rotation_d": 5.1817967486120395e-05, "width_d": 0.007105683495844089}