{"numgrasp": 339, "translation_d": 5.373431077087323e-09, "rotation_d": 5.15273376688067e-05, "width_d": 0.006539289300020183}