{"numgrasp": 329, "translation_d": 5.378091212409599e-09, "rotation_d": 5.176926392292447e-05, "width_d": 0.005862797838665984}