{"numgrasp": 335, "translation_d": 5.320184651532584e-09, "rotation_d": 5.1935569082722295e-05, "width_d": 0.004472012241938098}