{"numgrasp": 320, "translation_d": 5.119005870476311e-09, "rotation_d": 5.2108195240093444e-05, "width_d": 0.004419574285697759}