{"numgrasp": 312, "translation_d": 5.2094176383804364e-09, "rotation_d": 5.2118322989266786e-05, "width_d": 0.0048829412945825875}