{"numgrasp": 306, "translation_d": 4.937145217172852e-09, "rotation_d": 5.174561442040364e-05, "width_d": 0.005016954435172979}