{"numgrasp": 333, "translation_d": 4.916446617561343e-09, "rotation_d": 5.369867868314144e-05, "width_d": 0.00522605021739675}