{"numgrasp": 313, "translation_d": 5.111307966717264e-09, "rotation_d": 5.2545375782852785e-05, "width_d": 0.005630510912000598}