{"numgrasp": 325, "translation_d": 5.05508222261163e-09, "rotation_d": 5.388145401156276e-05, "width_d": 0.006566069218518109}