{"numgrasp": 297, "translation_d": 5.2676725176801e-09, "rotation_d": 5.37535194404641e-05, "width_d": 0.007372307458894665}