{"numgrasp": 321, "translation_d": 5.0035247165097156e-09, "rotation_d": 5.317645071465429e-05, "width_d": 0.0079908976447081}