{"numgrasp": 320, "translation_d": 4.951104461485351e-09, "rotation_d": 5.387392034587727e-05, "width_d": 0.007493487898177984}