{"numgrasp": 295, "translation_d": 6.2199028780284005e-09, "rotation_d": 5.131712731133431e-05, "width_d": 0.004662396912440391}