{"numgrasp": 342, "translation_d": 5.05686113938143e-09, "rotation_d": 5.316954650430226e-05, "width_d": 0.007128562589284602}