{"numgrasp": 342, "translation_d": 5.023444688848997e-09, "rotation_d": 5.277249084397875e-05, "width_d": 0.006494428917118926}