{"numgrasp": 353, "translation_d": 5.262288024889982e-09, "rotation_d": 5.139987445424082e-05, "width_d": 0.005923653758862938}