{"numgrasp": 324, "translation_d": 4.91669559721348e-09, "rotation_d": 5.1727151869274204e-05, "width_d": 0.005457226469827449}