{"numgrasp": 297, "translation_d": 5.9103246294364676e-09, "rotation_d": 5.170759182148294e-05, "width_d": 0.00449998350121741}