{"numgrasp": 303, "translation_d": 4.96799210540836e-09, "rotation_d": 4.793398496662535e-05, "width_d": 0.004851593363080632}