{"numgrasp": 308, "translation_d": 5.289707814327372e-09, "rotation_d": 5.1969608506211114e-05, "width_d": 0.0068304792692246}