{"numgrasp": 292, "translation_d": 6.197777924299406e-09, "rotation_d": 5.262048315267451e-05, "width_d": 0.004371232321174897}