{"numgrasp": 332, "translation_d": 4.966850805840005e-09, "rotation_d": 5.084176375693085e-05, "width_d": 0.007481587182569722}