{"numgrasp": 316, "translation_d": 5.092504341255181e-09, "rotation_d": 4.9787094944995696e-05, "width_d": 0.007635863872254305}