{"numgrasp": 298, "translation_d": 5.372234700143415e-09, "rotation_d": 4.8228364756345076e-05, "width_d": 0.00704328479945376}