{"numgrasp": 292, "translation_d": 6.668010923098654e-09, "rotation_d": 5.1856764228686796e-05, "width_d": 0.004522982839543214}