{"numgrasp": 341, "translation_d": 4.989948481565442e-09, "rotation_d": 5.587084360779792e-05, "width_d": 0.005753744085896783}