{"numgrasp": 333, "translation_d": 5.199565916858779e-09, "rotation_d": 4.960357655710811e-05, "width_d": 0.005470875025131962}