{"numgrasp": 302, "translation_d": 6.713043361154263e-09, "rotation_d": 5.0310266825789624e-05, "width_d": 0.00450024305889519}