{"numgrasp": 322, "translation_d": 5.0377761086886125e-09, "rotation_d": 5.002493072188584e-05, "width_d": 0.005293989394392232}