{"numgrasp": 339, "translation_d": 5.215614670054998e-09, "rotation_d": 5.03568331449201e-05, "width_d": 0.005949988553666108}