{"numgrasp": 336, "translation_d": 5.002790641247592e-09, "rotation_d": 5.005208561610182e-05, "width_d": 0.006171678798540005}