{"numgrasp": 309, "translation_d": 6.428456522531478e-09, "rotation_d": 5.2536831890592456e-05, "width_d": 0.004404695081427241}