{"numgrasp": 316, "translation_d": 4.798489756258957e-09, "rotation_d": 5.017731074417778e-05, "width_d": 0.006826714690556343}