{"numgrasp": 311, "translation_d": 4.932027035358314e-09, "rotation_d": 5.011745099863468e-05, "width_d": 0.0071204679278037255}