{"numgrasp": 302, "translation_d": 4.892174171300596e-09, "rotation_d": 5.0322801367154774e-05, "width_d": 0.0075858068403532085}