{"numgrasp": 321, "translation_d": 5.108078217411546e-09, "rotation_d": 4.9777938994397036e-05, "width_d": 0.007540255915494265}