{"numgrasp": 341, "translation_d": 5.512418247277457e-09, "rotation_d": 5.036938453385943e-05, "width_d": 0.00691900748745237}