{"numgrasp": 331, "translation_d": 5.248849295743121e-09, "rotation_d": 4.959748011170974e-05, "width_d": 0.006718882812050385}