{"numgrasp": 316, "translation_d": 5.187752494865691e-09, "rotation_d": 5.159464335240397e-05, "width_d": 0.0062153035633122555}