{"numgrasp": 295, "translation_d": 5.333392670639897e-09, "rotation_d": 5.039538839186044e-05, "width_d": 0.005995864147868723}