{"numgrasp": 303, "translation_d": 5.096024122441425e-09, "rotation_d": 5.193875491825186e-05, "width_d": 0.005349312664780684}