{"numgrasp": 291, "translation_d": 5.4569731232732545e-09, "rotation_d": 5.332851306254492e-05, "width_d": 0.0048308600706428095}