{"numgrasp": 269, "translation_d": 5.336145552913611e-09, "rotation_d": 5.209519086790005e-05, "width_d": 0.004840548286775656}