{"numgrasp": 281, "translation_d": 5.39224589163445e-09, "rotation_d": 5.090353085931403e-05, "width_d": 0.005343846710998608}