{"numgrasp": 291, "translation_d": 5.405558792587519e-09, "rotation_d": 4.9670215587387735e-05, "width_d": 0.006748658899168376}