{"numgrasp": 307, "translation_d": 5.356038100645239e-09, "rotation_d": 4.923567222832249e-05, "width_d": 0.007119172943502476}