{"numgrasp": 285, "translation_d": 5.330756395868887e-09, "rotation_d": 4.8069362155154705e-05, "width_d": 0.007451323061477799}