{"numgrasp": 341, "translation_d": 6.559808339460612e-09, "rotation_d": 5.430866166166843e-05, "width_d": 0.00441248808135826}