{"numgrasp": 357, "translation_d": 6.451738365061249e-09, "rotation_d": 5.378013616233267e-05, "width_d": 0.003986148032454498}