{"numgrasp": 358, "translation_d": 6.3308531012386385e-09, "rotation_d": 5.145091630103388e-05, "width_d": 0.003682677475364519}