{"numgrasp": 324, "translation_d": 6.8396139810853016e-09, "rotation_d": 5.096188233226533e-05, "width_d": 0.004274350711893524}