{"numgrasp": 337, "translation_d": 6.488531845943169e-09, "rotation_d": 5.096803328682891e-05, "width_d": 0.004272395081299614}