{"numgrasp": 291, "translation_d": 6.85576485178405e-09, "rotation_d": 5.181499702760344e-05, "width_d": 0.0043943768190203856}