{"numgrasp": 272, "translation_d": 6.477157793796253e-09, "rotation_d": 5.1389971022446205e-05, "width_d": 0.004398370448232987}