{"numgrasp": 296, "translation_d": 6.080385963009694e-09, "rotation_d": 5.211089504231401e-05, "width_d": 0.004914465216852228}