{"numgrasp": 284, "translation_d": 5.942897013442698e-09, "rotation_d": 5.108792482391054e-05, "width_d": 0.004661829739030292}