{"numgrasp": 342, "translation_d": 6.710140937176955e-09, "rotation_d": 5.522020466696208e-05, "width_d": 0.0035898001275447553}