{"numgrasp": 318, "translation_d": 6.554182767041175e-09, "rotation_d": 4.891388685059779e-05, "width_d": 0.003989362173222753}