{"numgrasp": 306, "translation_d": 6.788017060286947e-09, "rotation_d": 4.846222046406841e-05, "width_d": 0.003643640066355271}