{"numgrasp": 347, "translation_d": 5.659491508737028e-09, "rotation_d": 5.041666570454831e-05, "width_d": 0.003329975912101125}