{"numgrasp": 372, "translation_d": 5.8233012432132895e-09, "rotation_d": 5.1509327007116505e-05, "width_d": 0.003425336584967767}