{"numgrasp": 312, "translation_d": 5.630075159039044e-09, "rotation_d": 5.1332405136051764e-05, "width_d": 0.0031609912918034114}