{"numgrasp": 365, "translation_d": 6.162044003476551e-09, "rotation_d": 4.8204108772147866e-05, "width_d": 0.0043717931202304754}