{"numgrasp": 359, "translation_d": 6.008566094202624e-09, "rotation_d": 5.013452704689555e-05, "width_d": 0.004292143905268678}