{"numgrasp": 358, "translation_d": 6.55808469478532e-09, "rotation_d": 5.0430267948891506e-05, "width_d": 0.004445321221232053}