{"numgrasp": 354, "translation_d": 6.047793809010755e-09, "rotation_d": 5.118517684883439e-05, "width_d": 0.0049279771570948615}