{"numgrasp": 268, "translation_d": 5.8759481685331206e-09, "rotation_d": 5.274210332780815e-05, "width_d": 0.006335486998086725}