{"numgrasp": 297, "translation_d": 6.1349394576703744e-09, "rotation_d": 5.1752859984968134e-05, "width_d": 0.0059742382403725584}