{"numgrasp": 328, "translation_d": 6.506088796319548e-09, "rotation_d": 5.5865947014206205e-05, "width_d": 0.0042449842815944164}