{"numgrasp": 335, "translation_d": 6.287708399814767e-09, "rotation_d": 5.075006639945878e-05, "width_d": 0.005047665634953878}