{"numgrasp": 340, "translation_d": 5.8249172868349955e-09, "rotation_d": 4.7747737765838624e-05, "width_d": 0.004433812165191642}