{"numgrasp": 297, "translation_d": 5.626761377688674e-09, "rotation_d": 4.8027470140361306e-05, "width_d": 0.0038775838557748607}