{"numgrasp": 343, "translation_d": 5.404632242711968e-09, "rotation_d": 5.162708078769982e-05, "width_d": 0.004162061950621481}