{"numgrasp": 361, "translation_d": 5.90651730889982e-09, "rotation_d": 5.040427138700788e-05, "width_d": 0.004412402947545744}