{"numgrasp": 345, "translation_d": 5.497801987297553e-09, "rotation_d": 5.010947386746086e-05, "width_d": 0.004840129896507261}