{"numgrasp": 354, "translation_d": 5.697687652335242e-09, "rotation_d": 5.158037057645822e-05, "width_d": 0.005281567049256292}