{"numgrasp": 440, "translation_d": 6.0987527804069785e-09, "rotation_d": 5.758304376363479e-05, "width_d": 0.002035420213491408}