{"numgrasp": 474, "translation_d": 5.732874516824081e-09, "rotation_d": 4.587447564696109e-05, "width_d": 0.004467889715086176}