{"numgrasp": 465, "translation_d": 5.642996012975021e-09, "rotation_d": 4.9201608925274826e-05, "width_d": 0.004949976845485299}