{"numgrasp": 482, "translation_d": 5.560841397936628e-09, "rotation_d": 5.1455836856538454e-05, "width_d": 0.004542515545805821}