{"numgrasp": 378, "translation_d": 6.292583884929112e-09, "rotation_d": 6.104653082180074e-05, "width_d": 0.005106000755520768}