{"numgrasp": 496, "translation_d": 5.891031496580183e-09, "rotation_d": 5.253386727791133e-05, "width_d": 0.003942669476411195}