{"numgrasp": 494, "translation_d": 5.9075874124198355e-09, "rotation_d": 5.339206328262104e-05, "width_d": 0.003685236594074423}