{"numgrasp": 504, "translation_d": 5.577912765468329e-09, "rotation_d": 5.363889658284222e-05, "width_d": 0.003579053424340035}