{"numgrasp": 485, "translation_d": 5.445316371478725e-09, "rotation_d": 5.777434197279117e-05, "width_d": 0.0031806719792410437}