{"numgrasp": 492, "translation_d": 5.837712554092611e-09, "rotation_d": 5.850930820218079e-05, "width_d": 0.003253359831677012}