{"numgrasp": 495, "translation_d": 5.356900211350346e-09, "rotation_d": 5.809006513169982e-05, "width_d": 0.004019566942058514}