{"numgrasp": 366, "translation_d": 6.198952410514763e-09, "rotation_d": 6.0442692423728674e-05, "width_d": 0.0057165066244244216}