{"numgrasp": 501, "translation_d": 5.381139865268066e-09, "rotation_d": 5.708683761086503e-05, "width_d": 0.00466351935422708}