{"numgrasp": 478, "translation_d": 5.4988024300045465e-09, "rotation_d": 5.748027374584969e-05, "width_d": 0.004930416174515775}