{"numgrasp": 470, "translation_d": 5.580519869581226e-09, "rotation_d": 5.786928321633807e-05, "width_d": 0.005183707019244656}