{"numgrasp": 425, "translation_d": 5.5628647118916525e-09, "rotation_d": 5.6783817660776416e-05, "width_d": 0.005923177168771872}