{"numgrasp": 442, "translation_d": 5.205233822822516e-09, "rotation_d": 5.915058243210147e-05, "width_d": 0.005684642650472988}