{"numgrasp": 465, "translation_d": 5.494813419532724e-09, "rotation_d": 5.7422081111863205e-05, "width_d": 0.004473092923728307}