{"numgrasp": 439, "translation_d": 5.614610834191471e-09, "rotation_d": 5.553331274850136e-05, "width_d": 0.0034305900279566082}