{"numgrasp": 433, "translation_d": 5.702949988647582e-09, "rotation_d": 5.548846796845851e-05, "width_d": 0.0030839300209003404}