{"numgrasp": 434, "translation_d": 5.7632308969580425e-09, "rotation_d": 5.632672476511355e-05, "width_d": 0.002786695237442864}