{"numgrasp": 455, "translation_d": 5.696665578272099e-09, "rotation_d": 5.528488886479519e-05, "width_d": 0.0025250148579929175}