{"numgrasp": 440, "translation_d": 5.529615811956246e-09, "rotation_d": 5.430216802208288e-05, "width_d": 0.0022299775005614115}