{"numgrasp": 442, "translation_d": 5.756065195123204e-09, "rotation_d": 5.384670761211263e-05, "width_d": 0.00197016217331075}