{"numgrasp": 439, "translation_d": 5.659419990885856e-09, "rotation_d": 4.875698707444197e-05, "width_d": 0.0027091750731365904}