{"numgrasp": 423, "translation_d": 5.382174647277995e-09, "rotation_d": 4.995146219725245e-05, "width_d": 0.0037365897196366053}