{"numgrasp": 325, "translation_d": 5.779655453082321e-09, "rotation_d": 5.841757212843821e-05, "width_d": 0.006194434691033499}