{"numgrasp": 398, "translation_d": 5.243743608025496e-09, "rotation_d": 5.599522654136609e-05, "width_d": 0.006977973846280296}