{"numgrasp": 335, "translation_d": 4.8302767940224345e-09, "rotation_d": 4.6636091819013336e-05, "width_d": 0.007742315106780797}