{"numgrasp": 359, "translation_d": 4.889247282896341e-09, "rotation_d": 4.579661352351457e-05, "width_d": 0.006928368405966754}