{"numgrasp": 431, "translation_d": 5.3453265467341684e-09, "rotation_d": 4.307204285731684e-05, "width_d": 0.0043347032046274206}