{"numgrasp": 377, "translation_d": 5.221705291689772e-09, "rotation_d": 4.186221509590643e-05, "width_d": 0.006083997015304812}