{"numgrasp": 373, "translation_d": 5.126185788731257e-09, "rotation_d": 4.1205246327891627e-05, "width_d": 0.006651871105919641}