{"numgrasp": 336, "translation_d": 4.863794703867584e-09, "rotation_d": 3.9783754140075876e-05, "width_d": 0.007856892983844035}