{"numgrasp": 336, "translation_d": 4.826269005418349e-09, "rotation_d": 4.1088150720800705e-05, "width_d": 0.008313900227742244}