{"numgrasp": 306, "translation_d": 4.8356114545702495e-09, "rotation_d": 4.5768214383384986e-05, "width_d": 0.00863748676700656}