{"numgrasp": 322, "translation_d": 4.446753589875916e-09, "rotation_d": 4.547910998756556e-05, "width_d": 0.007333122452343138}