{"numgrasp": 427, "translation_d": 5.397471704911023e-09, "rotation_d": 5.005546804619498e-05, "width_d": 0.003987808118821549}