{"numgrasp": 425, "translation_d": 5.325453896403796e-09, "rotation_d": 5.093322939141796e-05, "width_d": 0.003559411920967726}