{"numgrasp": 411, "translation_d": 5.3845657774855256e-09, "rotation_d": 5.546716218873766e-05, "width_d": 0.004662381318089057}