{"numgrasp": 382, "translation_d": 5.035789357671215e-09, "rotation_d": 5.497405950517537e-05, "width_d": 0.005675657947887492}