{"numgrasp": 314, "translation_d": 4.286350090996724e-09, "rotation_d": 5.4166227488578156e-05, "width_d": 0.0076407203271312745}