{"numgrasp": 305, "translation_d": 4.346481876330365e-09, "rotation_d": 5.4155125742079705e-05, "width_d": 0.008167171931615739}