{"numgrasp": 304, "translation_d": 4.323195582819239e-09, "rotation_d": 5.4848454776353234e-05, "width_d": 0.008598501224395916}