{"numgrasp": 295, "translation_d": 4.555326108690746e-09, "rotation_d": 5.9724920152678166e-05, "width_d": 0.008799115145335776}