{"numgrasp": 359, "translation_d": 5.292767415103515e-09, "rotation_d": 5.91135157278579e-05, "width_d": 0.004408867087854345}