{"numgrasp": 379, "translation_d": 5.454058896047518e-09, "rotation_d": 5.920576815040586e-05, "width_d": 0.003993252816357171}