{"numgrasp": 376, "translation_d": 5.564828710413453e-09, "rotation_d": 5.792121451691984e-05, "width_d": 0.0036557020316452743}