{"numgrasp": 366, "translation_d": 5.361562776081819e-09, "rotation_d": 5.593075892537916e-05, "width_d": 0.0030966312918620665}