{"numgrasp": 367, "translation_d": 5.217624398389877e-09, "rotation_d": 5.666570479839021e-05, "width_d": 0.0034198347230475954}