{"numgrasp": 285, "translation_d": 4.421710427304057e-09, "rotation_d": 5.827077924836501e-05, "width_d": 0.008784998555161749}