{"numgrasp": 353, "translation_d": 5.6166761605785995e-09, "rotation_d": 6.023968957296382e-05, "width_d": 0.0036266610025558806}