{"numgrasp": 391, "translation_d": 5.432452902517245e-09, "rotation_d": 5.1396194977336096e-05, "width_d": 0.0034335647546878106}