{"numgrasp": 404, "translation_d": 5.533470691196874e-09, "rotation_d": 4.741017432360765e-05, "width_d": 0.004011328725737965}