{"numgrasp": 390, "translation_d": 5.7487787880245734e-09, "rotation_d": 3.922879880145323e-05, "width_d": 0.004201565616789782}