{"numgrasp": 410, "translation_d": 5.762826967846031e-09, "rotation_d": 3.977858839685622e-05, "width_d": 0.004130015376597918}