{"numgrasp": 399, "translation_d": 5.92550742282062e-09, "rotation_d": 3.9671426595836706e-05, "width_d": 0.0037706176061877736}