{"numgrasp": 385, "translation_d": 5.5715657828122795e-09, "rotation_d": 4.364593041212452e-05, "width_d": 0.0028162362376989583}