{"numgrasp": 343, "translation_d": 5.798812355217435e-09, "rotation_d": 4.7008689852260075e-05, "width_d": 0.0018755776434984607}