{"numgrasp": 366, "translation_d": 5.671907217220624e-09, "rotation_d": 4.234837121452276e-05, "width_d": 0.0021618849205626736}