{"numgrasp": 394, "translation_d": 5.62987737902653e-09, "rotation_d": 3.853519812484863e-05, "width_d": 0.002418388229284987}