{"numgrasp": 413, "translation_d": 5.635806920421457e-09, "rotation_d": 4.008936510935296e-05, "width_d": 0.002573407964187021}