{"numgrasp": 436, "translation_d": 5.846441002251251e-09, "rotation_d": 3.925671947632324e-05, "width_d": 0.003349311446885583}