{"numgrasp": 437, "translation_d": 5.732352186575818e-09, "rotation_d": 4.0442540797962005e-05, "width_d": 0.0037503943978872867}