{"numgrasp": 446, "translation_d": 5.79731858899187e-09, "rotation_d": 4.343618122606127e-05, "width_d": 0.0038753477320434887}