{"numgrasp": 441, "translation_d": 5.8548191645064025e-09, "rotation_d": 4.298759171159754e-05, "width_d": 0.0037660350877993763}