{"numgrasp": 353, "translation_d": 6.034110840576317e-09, "rotation_d": 6.04706387057389e-05, "width_d": 0.004366798087775354}