{"numgrasp": 449, "translation_d": 5.8848400676682575e-09, "rotation_d": 4.2647509251802125e-05, "width_d": 0.0030793501305426667}