{"numgrasp": 444, "translation_d": 5.933232146064816e-09, "rotation_d": 4.11596585329191e-05, "width_d": 0.0025903099142017658}