{"numgrasp": 440, "translation_d": 5.840701926875722e-09, "rotation_d": 4.1167254220598756e-05, "width_d": 0.002338899651114889}