{"numgrasp": 404, "translation_d": 6.290990877679223e-09, "rotation_d": 4.514560961199961e-05, "width_d": 0.0019355618784618438}