{"numgrasp": 425, "translation_d": 5.88351803672077e-09, "rotation_d": 4.606883560044734e-05, "width_d": 0.002167969248153786}