{"numgrasp": 386, "translation_d": 6.083659735231566e-09, "rotation_d": 6.12696857872853e-05, "width_d": 0.005131997948085074}