{"numgrasp": 470, "translation_d": 5.917819973220838e-09, "rotation_d": 6.1000063332435174e-05, "width_d": 0.0025252759809954273}