{"numgrasp": 292, "translation_d": 5.611382912929287e-09, "rotation_d": 4.040828051086812e-05, "width_d": 0.005688099857907595}