{"numgrasp": 266, "translation_d": 5.326392275299947e-09, "rotation_d": 5.859595896620139e-05, "width_d": 0.006032200347700411}