{"numgrasp": 582, "translation_d": 5.7868425937730094e-09, "rotation_d": 5.591840023677453e-05, "width_d": 0.004217181307153338}