{"numgrasp": 351, "translation_d": 5.641833105707847e-09, "rotation_d": 5.7041667022994006e-05, "width_d": 0.004646606974099151}