{"numgrasp": 381, "translation_d": 5.636833614575737e-09, "rotation_d": 5.532925922935473e-05, "width_d": 0.004251401006742489}