{"numgrasp": 480, "translation_d": 5.861281579059429e-09, "rotation_d": 5.1843088282251164e-05, "width_d": 0.002696063087793804}