{"numgrasp": 455, "translation_d": 5.675059398544348e-09, "rotation_d": 6.186239657362142e-05, "width_d": 0.003073804415280777}