{"numgrasp": 318, "translation_d": 5.831220498872608e-09, "rotation_d": 6.50675739868684e-05, "width_d": 0.005125506207979818}