{"numgrasp": 343, "translation_d": 5.378894470988304e-09, "rotation_d": 6.249345113556493e-05, "width_d": 0.006210389944100972}