{"numgrasp": 567, "translation_d": 6.215092697169795e-09, "rotation_d": 5.164836889289179e-05, "width_d": 0.004550184324690032}