{"numgrasp": 410, "translation_d": 5.334655371702405e-09, "rotation_d": 5.7363272547861456e-05, "width_d": 0.003096471201656639}