{"numgrasp": 447, "translation_d": 5.114588989825258e-09, "rotation_d": 4.3628165282833484e-05, "width_d": 0.002872546580636741}