{"numgrasp": 435, "translation_d": 5.395452934245233e-09, "rotation_d": 4.785904172301342e-05, "width_d": 0.003931621826852367}