{"numgrasp": 385, "translation_d": 5.318441115394081e-09, "rotation_d": 4.937993787513854e-05, "width_d": 0.00559897681870692}