{"numgrasp": 382, "translation_d": 5.2663550611331e-09, "rotation_d": 4.9684590552715596e-05, "width_d": 0.006523924637073622}