{"numgrasp": 398, "translation_d": 5.282969127446045e-09, "rotation_d": 3.922526526662317e-05, "width_d": 0.007648786288463716}