{"numgrasp": 414, "translation_d": 5.2349522406471944e-09, "rotation_d": 4.05356213130524e-05, "width_d": 0.006825552573323324}