{"numgrasp": 476, "translation_d": 5.929105222444947e-09, "rotation_d": 5.156346696504641e-05, "width_d": 0.004249137462338702}