{"numgrasp": 416, "translation_d": 5.48589241157092e-09, "rotation_d": 3.9423179421938785e-05, "width_d": 0.005827492130260697}