{"numgrasp": 399, "translation_d": 5.171182026664856e-09, "rotation_d": 3.938055520301218e-05, "width_d": 0.005374578581722417}