{"numgrasp": 440, "translation_d": 5.245437689755153e-09, "rotation_d": 3.850830600145527e-05, "width_d": 0.004418173360385374}