{"numgrasp": 412, "translation_d": 5.199644328799882e-09, "rotation_d": 3.855813579593944e-05, "width_d": 0.004473067464910882}