{"numgrasp": 419, "translation_d": 5.291458110051619e-09, "rotation_d": 3.7158171971424296e-05, "width_d": 0.004685854405499367}