{"numgrasp": 438, "translation_d": 5.009443338271152e-09, "rotation_d": 3.8551699375601856e-05, "width_d": 0.0058897109436350115}