{"numgrasp": 529, "translation_d": 6.054495915427317e-09, "rotation_d": 5.2402438263120704e-05, "width_d": 0.00408728231900617}