{"numgrasp": 386, "translation_d": 5.25580991187779e-09, "rotation_d": 4.6225997672730615e-05, "width_d": 0.007908438219956617}