{"numgrasp": 430, "translation_d": 5.194308326255889e-09, "rotation_d": 4.43249793461898e-05, "width_d": 0.006863327408169544}