{"numgrasp": 543, "translation_d": 6.02441193960916e-09, "rotation_d": 5.4098252033230355e-05, "width_d": 0.003870761157640403}