{"numgrasp": 455, "translation_d": 5.274070857999951e-09, "rotation_d": 4.410667225099767e-05, "width_d": 0.006496455966072529}