{"numgrasp": 430, "translation_d": 5.027010202988405e-09, "rotation_d": 4.5666376201740935e-05, "width_d": 0.0049822778714721915}