{"numgrasp": 438, "translation_d": 4.370457216603764e-09, "rotation_d": 4.622632606728141e-05, "width_d": 0.004642184604194808}