{"numgrasp": 565, "translation_d": 5.802186087162223e-09, "rotation_d": 5.4260373386001526e-05, "width_d": 0.003735005834465528}