{"numgrasp": 430, "translation_d": 4.601956147139309e-09, "rotation_d": 5.68293161435685e-05, "width_d": 0.00375062820033518}