{"numgrasp": 572, "translation_d": 5.935080506783113e-09, "rotation_d": 5.538508506765094e-05, "width_d": 0.0036772687215213505}