{"numgrasp": 406, "translation_d": 4.387604521942042e-09, "rotation_d": 5.0771200989337714e-05, "width_d": 0.006089411437893234}