{"numgrasp": 422, "translation_d": 4.535435639749831e-09, "rotation_d": 5.013214274784591e-05, "width_d": 0.006667668062377324}