{"numgrasp": 397, "translation_d": 4.279634418081949e-09, "rotation_d": 5.2518254519322726e-05, "width_d": 0.00731878071645326}