{"numgrasp": 372, "translation_d": 4.236753535713436e-09, "rotation_d": 5.34982285053266e-05, "width_d": 0.007844240138875868}