{"numgrasp": 559, "translation_d": 5.963545467224897e-09, "rotation_d": 5.565384431979828e-05, "width_d": 0.0035017771222486172}