{"numgrasp": 456, "translation_d": 4.09331127134585e-09, "rotation_d": 5.763647016510518e-05, "width_d": 0.006224377129478569}