{"numgrasp": 442, "translation_d": 4.152334758999084e-09, "rotation_d": 5.818129927462103e-05, "width_d": 0.005742929246122496}