{"numgrasp": 455, "translation_d": 4.3416382256826144e-09, "rotation_d": 5.963218229282685e-05, "width_d": 0.0047238088418314565}