{"numgrasp": 557, "translation_d": 6.281875802675196e-09, "rotation_d": 5.649224345063769e-05, "width_d": 0.00338937113388165}