{"numgrasp": 457, "translation_d": 4.1458918717291445e-09, "rotation_d": 6.253042819363781e-05, "width_d": 0.00370768457691638}