{"numgrasp": 457, "translation_d": 4.19272065068479e-09, "rotation_d": 6.144971482774864e-05, "width_d": 0.004757702457980532}