{"numgrasp": 492, "translation_d": 4.010005535138957e-09, "rotation_d": 6.024837219778175e-05, "width_d": 0.005432504428208398}