{"numgrasp": 495, "translation_d": 4.177880824298296e-09, "rotation_d": 5.96670818814105e-05, "width_d": 0.005355277160836024}