{"numgrasp": 500, "translation_d": 4.123093752798912e-09, "rotation_d": 5.934291942817146e-05, "width_d": 0.005576692322680032}