{"numgrasp": 465, "translation_d": 4.201688496027726e-09, "rotation_d": 5.837342916033908e-05, "width_d": 0.005797808869774872}