{"numgrasp": 559, "translation_d": 6.301294000146097e-09, "rotation_d": 5.861536133378394e-05, "width_d": 0.003313590141301131}