{"numgrasp": 567, "translation_d": 6.153201611291079e-09, "rotation_d": 5.609066232041547e-05, "width_d": 0.0030365402891184084}