{"numgrasp": 570, "translation_d": 6.405509764215965e-09, "rotation_d": 5.324451544816007e-05, "width_d": 0.003269880998638893}