{"numgrasp": 547, "translation_d": 6.226820344733286e-09, "rotation_d": 5.288132692756703e-05, "width_d": 0.0035209941626975195}