{"numgrasp": 488, "translation_d": 6.229732020307495e-09, "rotation_d": 4.7593235315703104e-05, "width_d": 0.003944905971237566}