{"numgrasp": 516, "translation_d": 6.243119670153714e-09, "rotation_d": 4.745046047664591e-05, "width_d": 0.0033640955989991616}