{"numgrasp": 535, "translation_d": 6.326016627329241e-09, "rotation_d": 4.655393531428775e-05, "width_d": 0.003231808471005374}