{"numgrasp": 573, "translation_d": 6.192293547881256e-09, "rotation_d": 4.885322685890247e-05, "width_d": 0.0029712631842054196}