{"numgrasp": 532, "translation_d": 6.2741419515403255e-09, "rotation_d": 5.023936204202049e-05, "width_d": 0.0026074711933046757}