{"numgrasp": 555, "translation_d": 6.007416431348213e-09, "rotation_d": 5.6304063613986896e-05, "width_d": 0.0035255804466406433}