{"numgrasp": 470, "translation_d": 5.943163172830464e-09, "rotation_d": 5.745340096196298e-05, "width_d": 0.0023425161431304643}