{"numgrasp": 459, "translation_d": 6.0678307864382704e-09, "rotation_d": 5.038848274839033e-05, "width_d": 0.0023192240470426735}