{"numgrasp": 508, "translation_d": 5.952241047199267e-09, "rotation_d": 4.397779387250967e-05, "width_d": 0.002566547311946006}