{"numgrasp": 568, "translation_d": 5.864060360007236e-09, "rotation_d": 4.1058524759813144e-05, "width_d": 0.0027679561298231863}