{"numgrasp": 582, "translation_d": 6.115749159667936e-09, "rotation_d": 5.603898402671464e-05, "width_d": 0.003733017606318439}