{"numgrasp": 431, "translation_d": 6.57526435526743e-09, "rotation_d": 3.983792009253188e-05, "width_d": 0.003782425449940563}