{"numgrasp": 359, "translation_d": 6.0062880110613074e-09, "rotation_d": 3.080006623097724e-05, "width_d": 0.004449998886132776}