{"numgrasp": 392, "translation_d": 5.638189769217821e-09, "rotation_d": 3.0653247607831956e-05, "width_d": 0.004116207286952178}