{"numgrasp": 443, "translation_d": 6.048217521511972e-09, "rotation_d": 3.3832594892045046e-05, "width_d": 0.003725351650787127}