{"numgrasp": 463, "translation_d": 5.925971397536379e-09, "rotation_d": 3.4536642738768644e-05, "width_d": 0.0033924236384711994}