{"numgrasp": 505, "translation_d": 5.888409344513651e-09, "rotation_d": 3.880866415520468e-05, "width_d": 0.0025694435195731473}