{"numgrasp": 514, "translation_d": 5.782866775955829e-09, "rotation_d": 3.966420180335871e-05, "width_d": 0.0025570670988255186}