{"numgrasp": 507, "translation_d": 5.77262355926046e-09, "rotation_d": 4.241954821156752e-05, "width_d": 0.00261139143756716}