{"numgrasp": 467, "translation_d": 5.621324508295582e-09, "rotation_d": 4.283261256941374e-05, "width_d": 0.003161946868974828}