{"numgrasp": 449, "translation_d": 5.719487485046416e-09, "rotation_d": 4.2995692599616436e-05, "width_d": 0.003159177227085471}