{"numgrasp": 514, "translation_d": 5.500393222311021e-09, "rotation_d": 5.4137496872787604e-05, "width_d": 0.003309909541953738}