{"numgrasp": 510, "translation_d": 5.407030915674182e-09, "rotation_d": 5.391678950641603e-05, "width_d": 0.0033636617351807717}