{"numgrasp": 477, "translation_d": 5.696731589211199e-09, "rotation_d": 5.471107395936637e-05, "width_d": 0.003681772239493408}