{"numgrasp": 514, "translation_d": 5.610837594062517e-09, "rotation_d": 5.403435871783932e-05, "width_d": 0.002559736335698244}