{"numgrasp": 447, "translation_d": 5.906058635164379e-09, "rotation_d": 5.491893470912194e-05, "width_d": 0.002240493084708042}