{"numgrasp": 455, "translation_d": 5.555126705960222e-09, "rotation_d": 5.624653145839254e-05, "width_d": 0.0018824316595089155}