{"numgrasp": 493, "translation_d": 5.779515866219522e-09, "rotation_d": 5.332686311649387e-05, "width_d": 0.002461460885774992}