{"numgrasp": 523, "translation_d": 5.6320743527969195e-09, "rotation_d": 5.3132294827990735e-05, "width_d": 0.002953441005261613}