{"numgrasp": 511, "translation_d": 5.399509824732508e-09, "rotation_d": 5.276577485255704e-05, "width_d": 0.002943561456312529}