{"numgrasp": 534, "translation_d": 5.709160897152488e-09, "rotation_d": 5.297221314413936e-05, "width_d": 0.0030477477928671044}