{"numgrasp": 536, "translation_d": 5.562746371019695e-09, "rotation_d": 5.173440435501855e-05, "width_d": 0.0032002153163240383}