{"numgrasp": 460, "translation_d": 6.607401695407074e-09, "rotation_d": 4.697903840743679e-05, "width_d": 0.004641814599831642}