{"numgrasp": 520, "translation_d": 5.8512234336397165e-09, "rotation_d": 5.329171791713007e-05, "width_d": 0.0033546556823064906}