{"numgrasp": 510, "translation_d": 5.595368174447781e-09, "rotation_d": 5.406605828241023e-05, "width_d": 0.004518463812565273}