{"numgrasp": 494, "translation_d": 5.659916774911899e-09, "rotation_d": 5.219650228421194e-05, "width_d": 0.004484844205371999}