{"numgrasp": 496, "translation_d": 5.9185315166323765e-09, "rotation_d": 4.9985583836343444e-05, "width_d": 0.003970782833286375}