{"numgrasp": 461, "translation_d": 6.2457933452090266e-09, "rotation_d": 4.5589606581499595e-05, "width_d": 0.00503065180283712}