{"numgrasp": 522, "translation_d": 6.051691399346474e-09, "rotation_d": 5.0816331587917974e-05, "width_d": 0.0038425043106865534}