{"numgrasp": 511, "translation_d": 5.720331154424508e-09, "rotation_d": 4.980576543760167e-05, "width_d": 0.0024883321888850038}