{"numgrasp": 524, "translation_d": 5.856200552773554e-09, "rotation_d": 4.944658029627393e-05, "width_d": 0.002257600797433852}