{"numgrasp": 438, "translation_d": 6.086245530148151e-09, "rotation_d": 4.961486046925743e-05, "width_d": 0.002295590028984088}