{"numgrasp": 451, "translation_d": 5.609256734199245e-09, "rotation_d": 4.713619804189038e-05, "width_d": 0.0022948553424476034}