{"numgrasp": 460, "translation_d": 5.618413482586107e-09, "rotation_d": 4.6879160235763775e-05, "width_d": 0.0024625659166603083}