{"numgrasp": 473, "translation_d": 5.649823528491027e-09, "rotation_d": 4.713134658983219e-05, "width_d": 0.002432469425308107}