{"numgrasp": 525, "translation_d": 5.786054924466341e-09, "rotation_d": 4.7240046621380295e-05, "width_d": 0.0026888119378305174}