{"numgrasp": 509, "translation_d": 5.753751971103261e-09, "rotation_d": 4.6342582366508524e-05, "width_d": 0.0029184015783804804}