{"numgrasp": 512, "translation_d": 5.842508421039931e-09, "rotation_d": 4.758256232025973e-05, "width_d": 0.0031808386425902445}