{"numgrasp": 404, "translation_d": 6.043115426000619e-09, "rotation_d": 4.424827425462164e-05, "width_d": 0.0052265285218324915}