{"numgrasp": 473, "translation_d": 5.909159171550964e-09, "rotation_d": 4.767806609512481e-05, "width_d": 0.004288372252494699}