{"numgrasp": 473, "translation_d": 5.713543180817824e-09, "rotation_d": 4.887186515971773e-05, "width_d": 0.0033432954558241805}