{"numgrasp": 470, "translation_d": 5.939178337547751e-09, "rotation_d": 4.82815425780357e-05, "width_d": 0.0031596286675925744}