{"numgrasp": 473, "translation_d": 5.6986917834873264e-09, "rotation_d": 4.9060074329167476e-05, "width_d": 0.00291432637724134}