{"numgrasp": 469, "translation_d": 5.732973836452403e-09, "rotation_d": 4.795263465355051e-05, "width_d": 0.0024742009538843623}