{"numgrasp": 352, "translation_d": 6.464564506039821e-09, "rotation_d": 3.893396533725807e-05, "width_d": 0.004938239938675215}