{"numgrasp": 392, "translation_d": 6.243829010499956e-09, "rotation_d": 5.220835413989905e-05, "width_d": 0.002656835519020716}