{"numgrasp": 423, "translation_d": 6.0903998696542675e-09, "rotation_d": 5.1851833146194194e-05, "width_d": 0.0029244027359494676}