{"numgrasp": 374, "translation_d": 6.3962494501098686e-09, "rotation_d": 4.043088674333577e-05, "width_d": 0.00459586055726691}