{"numgrasp": 520, "translation_d": 6.6288727281683695e-09, "rotation_d": 5.317137805489521e-05, "width_d": 0.0037376720211255644}