{"numgrasp": 378, "translation_d": 5.764814899714393e-09, "rotation_d": 5.4941984004004826e-05, "width_d": 0.0035080192785062413}