{"numgrasp": 376, "translation_d": 5.8740353476145326e-09, "rotation_d": 5.5045647449826546e-05, "width_d": 0.003631762821817436}