{"numgrasp": 398, "translation_d": 5.921516221481574e-09, "rotation_d": 5.496819060657358e-05, "width_d": 0.0035222790624036466}