{"numgrasp": 414, "translation_d": 5.9509958629220536e-09, "rotation_d": 5.5493927626774716e-05, "width_d": 0.0032869754254038893}