{"numgrasp": 407, "translation_d": 5.763293731924834e-09, "rotation_d": 5.5256373637051916e-05, "width_d": 0.0030546242642175273}