{"numgrasp": 379, "translation_d": 5.835279129215144e-09, "rotation_d": 5.532447506741467e-05, "width_d": 0.0029890221893150693}