{"numgrasp": 384, "translation_d": 5.812248283223254e-09, "rotation_d": 5.518444423526079e-05, "width_d": 0.002863984697974087}