{"numgrasp": 376, "translation_d": 5.652974379651789e-09, "rotation_d": 5.595591782101712e-05, "width_d": 0.0023813993939267}