{"numgrasp": 386, "translation_d": 5.590765543341601e-09, "rotation_d": 5.5608729966187214e-05, "width_d": 0.0025705712329930365}