{"numgrasp": 352, "translation_d": 5.542896422516196e-09, "rotation_d": 5.521470672735958e-05, "width_d": 0.002883816967404815}