{"numgrasp": 373, "translation_d": 5.880457082989393e-09, "rotation_d": 5.619596942532108e-05, "width_d": 0.0033627570971388873}