{"numgrasp": 415, "translation_d": 6.391212074714847e-09, "rotation_d": 4.516236540520219e-05, "width_d": 0.0042226850255453665}