{"numgrasp": 359, "translation_d": 5.946807051999979e-09, "rotation_d": 5.692805019267282e-05, "width_d": 0.004025633932746029}