{"numgrasp": 353, "translation_d": 5.576630359880218e-09, "rotation_d": 5.60613011628995e-05, "width_d": 0.004089380342290359}