{"numgrasp": 367, "translation_d": 5.823486805950344e-09, "rotation_d": 5.700919620059693e-05, "width_d": 0.004529802508011853}