{"numgrasp": 362, "translation_d": 5.781257429722806e-09, "rotation_d": 5.579018656117984e-05, "width_d": 0.004588477007823445}