{"numgrasp": 348, "translation_d": 5.4567111674881626e-09, "rotation_d": 5.4700350227663895e-05, "width_d": 0.004219218961513664}