{"numgrasp": 405, "translation_d": 5.474696493385685e-09, "rotation_d": 5.331778493435729e-05, "width_d": 0.0022959542247167255}