{"numgrasp": 381, "translation_d": 5.628819464579297e-09, "rotation_d": 5.040404446274196e-05, "width_d": 0.0026899120465122754}