{"numgrasp": 372, "translation_d": 5.8342350207775155e-09, "rotation_d": 5.215817411137344e-05, "width_d": 0.002974962987029109}