{"numgrasp": 317, "translation_d": 5.5052783394953204e-09, "rotation_d": 5.0469392232005035e-05, "width_d": 0.0030669696340027176}