{"numgrasp": 323, "translation_d": 5.743936402046542e-09, "rotation_d": 5.1171815009866244e-05, "width_d": 0.003530709202751272}