{"numgrasp": 310, "translation_d": 5.5507234213370196e-09, "rotation_d": 5.019021886255283e-05, "width_d": 0.003782885985354894}