{"numgrasp": 311, "translation_d": 5.22044319271668e-09, "rotation_d": 5.124171084535223e-05, "width_d": 0.003749570614212506}