{"numgrasp": 471, "translation_d": 6.528616871042434e-09, "rotation_d": 4.566321004987303e-05, "width_d": 0.003961496341452534}