{"numgrasp": 464, "translation_d": 6.7642380226004165e-09, "rotation_d": 4.799149758509751e-05, "width_d": 0.003704691892754336}