{"numgrasp": 469, "translation_d": 7.053339651123134e-09, "rotation_d": 4.917892864342484e-05, "width_d": 0.003575338309159481}