{"numgrasp": 487, "translation_d": 6.874369657529613e-09, "rotation_d": 4.980849383828671e-05, "width_d": 0.003388485835985202}