{"numgrasp": 472, "translation_d": 6.937199905681592e-09, "rotation_d": 4.9616341285108885e-05, "width_d": 0.003484834594873005}