{"numgrasp": 453, "translation_d": 7.063412724844916e-09, "rotation_d": 4.770857928269976e-05, "width_d": 0.0033788814163896804}