{"numgrasp": 492, "translation_d": 6.9086995958165665e-09, "rotation_d": 5.191835833048919e-05, "width_d": 0.003750432345995114}