{"numgrasp": 411, "translation_d": 6.695695511221927e-09, "rotation_d": 4.0987352744050575e-05, "width_d": 0.003977106499102586}