{"numgrasp": 403, "translation_d": 6.644207457492024e-09, "rotation_d": 3.83122069428627e-05, "width_d": 0.0040738543754983945}