{"numgrasp": 371, "translation_d": 5.922191108820094e-09, "rotation_d": 4.209187925492861e-05, "width_d": 0.004176472324901}