{"numgrasp": 495, "translation_d": 6.574521546547637e-09, "rotation_d": 5.0782989118307756e-05, "width_d": 0.0038206653671000856}