{"numgrasp": 488, "translation_d": 6.271666316863421e-09, "rotation_d": 4.706237921003502e-05, "width_d": 0.003156917428934581}