{"numgrasp": 454, "translation_d": 6.331284485835597e-09, "rotation_d": 5.41141134111137e-05, "width_d": 0.002985763912430776}