{"numgrasp": 467, "translation_d": 5.939313411798751e-09, "rotation_d": 4.943950649833543e-05, "width_d": 0.0030507183643247275}