{"numgrasp": 466, "translation_d": 6.18620407121214e-09, "rotation_d": 5.5525710348896296e-05, "width_d": 0.0032729850315648605}