{"numgrasp": 456, "translation_d": 5.215948061982588e-09, "rotation_d": 5.1679658679492755e-05, "width_d": 0.0041047774003471335}