{"numgrasp": 467, "translation_d": 5.6490478145788815e-09, "rotation_d": 5.226819814805102e-05, "width_d": 0.003616429374876477}