{"numgrasp": 477, "translation_d": 5.7674269913862234e-09, "rotation_d": 5.302010394503539e-05, "width_d": 0.0030690272461507666}