{"numgrasp": 468, "translation_d": 5.73882205627158e-09, "rotation_d": 5.213225201885869e-05, "width_d": 0.0027844070409162418}