{"numgrasp": 471, "translation_d": 5.870393639891211e-09, "rotation_d": 5.1333993572363074e-05, "width_d": 0.002884042336744028}