{"numgrasp": 467, "translation_d": 5.762363840627145e-09, "rotation_d": 5.146897819853834e-05, "width_d": 0.0027220854737456494}