{"numgrasp": 473, "translation_d": 6.118235769512924e-09, "rotation_d": 5.142544641420006e-05, "width_d": 0.002883283751195666}