{"numgrasp": 489, "translation_d": 6.620231556336965e-09, "rotation_d": 4.9703372457229285e-05, "width_d": 0.004109224694785406}