{"numgrasp": 463, "translation_d": 5.940679814546175e-09, "rotation_d": 5.1803103405470966e-05, "width_d": 0.002673460635262925}