{"numgrasp": 508, "translation_d": 5.65777240259076e-09, "rotation_d": 5.363460297984176e-05, "width_d": 0.002812634777585791}