{"numgrasp": 481, "translation_d": 5.577829017183496e-09, "rotation_d": 5.3210037836138235e-05, "width_d": 0.0029982787781175162}