{"numgrasp": 469, "translation_d": 5.917938164974091e-09, "rotation_d": 5.3505125040788186e-05, "width_d": 0.00256149478824637}