{"numgrasp": 464, "translation_d": 6.467867669799027e-09, "rotation_d": 5.444107364290801e-05, "width_d": 0.003947935403190111}