{"numgrasp": 499, "translation_d": 6.338181237831674e-09, "rotation_d": 5.540383521207787e-05, "width_d": 0.00444559199299767}