{"numgrasp": 504, "translation_d": 6.210876796138565e-09, "rotation_d": 5.733117547624723e-05, "width_d": 0.0043770926978744015}