{"numgrasp": 498, "translation_d": 6.150688150998771e-09, "rotation_d": 5.683295833070049e-05, "width_d": 0.004069488874486892}