{"numgrasp": 482, "translation_d": 6.08783468715487e-09, "rotation_d": 5.688779756048364e-05, "width_d": 0.003882576949080158}