{"numgrasp": 442, "translation_d": 6.110591165289192e-09, "rotation_d": 5.583457114470536e-05, "width_d": 0.0036136343293118414}