{"numgrasp": 416, "translation_d": 5.857184015812141e-09, "rotation_d": 5.412880420080968e-05, "width_d": 0.0030580631330427706}