{"numgrasp": 507, "translation_d": 7.150720191184639e-09, "rotation_d": 5.2171646981931285e-05, "width_d": 0.005670562689781698}