{"numgrasp": 440, "translation_d": 5.631970133773552e-09, "rotation_d": 5.298124368273199e-05, "width_d": 0.0026229835535194436}