{"numgrasp": 412, "translation_d": 5.681896785801521e-09, "rotation_d": 5.241410352148968e-05, "width_d": 0.002784936202916356}