{"numgrasp": 418, "translation_d": 5.605483964507161e-09, "rotation_d": 5.308532703522237e-05, "width_d": 0.0031193917245858167}