{"numgrasp": 453, "translation_d": 5.7818923395874344e-09, "rotation_d": 5.30074690920854e-05, "width_d": 0.0031186526757968113}