{"numgrasp": 512, "translation_d": 5.910685572408013e-09, "rotation_d": 5.524448377406257e-05, "width_d": 0.004362386875876968}