{"numgrasp": 527, "translation_d": 6.060771003225033e-09, "rotation_d": 5.0781316804956374e-05, "width_d": 0.004221445182331778}