{"numgrasp": 509, "translation_d": 5.873596953771212e-09, "rotation_d": 5.06895118264413e-05, "width_d": 0.003721275900659465}