{"numgrasp": 485, "translation_d": 5.7028089927075345e-09, "rotation_d": 4.962031524169224e-05, "width_d": 0.0033172238612583674}