{"numgrasp": 457, "translation_d": 5.511959053653873e-09, "rotation_d": 5.0296061389798966e-05, "width_d": 0.0029514291984444143}