{"numgrasp": 421, "translation_d": 5.3207689741931255e-09, "rotation_d": 4.935296793471262e-05, "width_d": 0.0026812984104909576}