{"numgrasp": 459, "translation_d": 5.588866578393148e-09, "rotation_d": 4.697624805741999e-05, "width_d": 0.0038158221389896956}