{"numgrasp": 566, "translation_d": 7.468830336283334e-09, "rotation_d": 5.1959043728973596e-05, "width_d": 0.006463581445525219}