{"numgrasp": 501, "translation_d": 5.8357021031056805e-09, "rotation_d": 4.525123777231832e-05, "width_d": 0.004607637580690342}