{"numgrasp": 487, "translation_d": 5.523365048263844e-09, "rotation_d": 4.150672211782561e-05, "width_d": 0.004262626897329046}