{"numgrasp": 485, "translation_d": 5.274301259965769e-09, "rotation_d": 4.231095455297635e-05, "width_d": 0.00413173177537868}