{"numgrasp": 438, "translation_d": 5.182227464498203e-09, "rotation_d": 4.333573443757709e-05, "width_d": 0.0033652403461922843}