{"numgrasp": 420, "translation_d": 5.010521917168977e-09, "rotation_d": 4.340992441901774e-05, "width_d": 0.002700461819066804}