{"numgrasp": 479, "translation_d": 4.812144432755803e-09, "rotation_d": 5.121483025027762e-05, "width_d": 0.0025607849547336784}