{"numgrasp": 453, "translation_d": 4.763898038026015e-09, "rotation_d": 4.801476682114007e-05, "width_d": 0.003029750315807276}