{"numgrasp": 464, "translation_d": 5.000911305496806e-09, "rotation_d": 4.7126391858974166e-05, "width_d": 0.003087369136343316}