{"numgrasp": 517, "translation_d": 4.9589844446643574e-09, "rotation_d": 4.386317156215817e-05, "width_d": 0.0039532410473583305}