{"numgrasp": 496, "translation_d": 4.995708233018933e-09, "rotation_d": 4.380288131143403e-05, "width_d": 0.004432460725668614}