{"numgrasp": 539, "translation_d": 5.056505862261338e-09, "rotation_d": 4.36696525424583e-05, "width_d": 0.004511832201845132}