{"numgrasp": 480, "translation_d": 4.7431434374107355e-09, "rotation_d": 4.7900055899730624e-05, "width_d": 0.004446699534154013}