{"numgrasp": 503, "translation_d": 4.638662920649085e-09, "rotation_d": 5.0107370478824315e-05, "width_d": 0.0037111608721630417}