{"numgrasp": 463, "translation_d": 4.713650061564421e-09, "rotation_d": 5.0605184883691094e-05, "width_d": 0.0037588835244599913}