{"numgrasp": 481, "translation_d": 4.77979009110649e-09, "rotation_d": 5.075389556512441e-05, "width_d": 0.0032210383825331318}