{"numgrasp": 460, "translation_d": 4.783244001722784e-09, "rotation_d": 5.242911528985083e-05, "width_d": 0.0030151627253058653}