{"numgrasp": 461, "translation_d": 4.360474486582076e-09, "rotation_d": 5.528836724375e-05, "width_d": 0.0032475610523200298}