{"numgrasp": 498, "translation_d": 4.363697038755751e-09, "rotation_d": 5.482375395805008e-05, "width_d": 0.0034955550097778344}