{"numgrasp": 482, "translation_d": 4.335829022846747e-09, "rotation_d": 5.4684209131759904e-05, "width_d": 0.003484029922300658}