{"numgrasp": 484, "translation_d": 4.6864930749685996e-09, "rotation_d": 5.46925419390773e-05, "width_d": 0.0035460709034132783}