{"numgrasp": 501, "translation_d": 4.556181542029253e-09, "rotation_d": 5.135582042170326e-05, "width_d": 0.004296616522562733}