{"numgrasp": 518, "translation_d": 4.284963183306444e-09, "rotation_d": 5.190015985198341e-05, "width_d": 0.0053146191408532575}