{"numgrasp": 500, "translation_d": 4.188387665410536e-09, "rotation_d": 5.325432236690239e-05, "width_d": 0.004862016356070155}