{"numgrasp": 500, "translation_d": 4.199564253844594e-09, "rotation_d": 5.638167531964214e-05, "width_d": 0.004046541337948187}