{"numgrasp": 493, "translation_d": 4.1961178591165175e-09, "rotation_d": 5.8138046556287855e-05, "width_d": 0.0039761881346378255}