{"numgrasp": 514, "translation_d": 4.2375786306376384e-09, "rotation_d": 5.8774583858878633e-05, "width_d": 0.0031937999634519642}