{"numgrasp": 488, "translation_d": 6.897401356298269e-09, "rotation_d": 5.183840344636832e-05, "width_d": 0.004710782279980209}