{"numgrasp": 495, "translation_d": 4.361013691327173e-09, "rotation_d": 5.8196862329061e-05, "width_d": 0.003065681585244642}