{"numgrasp": 484, "translation_d": 4.246527459071993e-09, "rotation_d": 5.528211885402095e-05, "width_d": 0.003300723002210244}