{"numgrasp": 542, "translation_d": 4.215571737703387e-09, "rotation_d": 5.8479583307927486e-05, "width_d": 0.004815539269017456}