{"numgrasp": 554, "translation_d": 4.10039099704037e-09, "rotation_d": 5.7039023307547204e-05, "width_d": 0.005403970901796927}