{"numgrasp": 538, "translation_d": 4.023763104930894e-09, "rotation_d": 5.589078306760117e-05, "width_d": 0.005694898682228568}