{"numgrasp": 549, "translation_d": 4.03351330763888e-09, "rotation_d": 5.5374582477872523e-05, "width_d": 0.005794581560409524}