{"numgrasp": 434, "translation_d": 6.741965592234015e-09, "rotation_d": 5.280540631732739e-05, "width_d": 0.003366296541089205}