{"numgrasp": 430, "translation_d": 6.626477426010908e-09, "rotation_d": 4.771014810788262e-05, "width_d": 0.003265963849579814}