{"numgrasp": 456, "translation_d": 6.741080600716565e-09, "rotation_d": 5.259909951832519e-05, "width_d": 0.004201161685585676}