{"numgrasp": 431, "translation_d": 6.227906832332939e-09, "rotation_d": 4.5657319478004375e-05, "width_d": 0.0036700892628778624}