{"numgrasp": 437, "translation_d": 6.535145673947983e-09, "rotation_d": 4.706148350746309e-05, "width_d": 0.003391416542536519}