{"numgrasp": 457, "translation_d": 6.612096870747214e-09, "rotation_d": 5.3197090707026606e-05, "width_d": 0.0042000969841560105}