{"numgrasp": 400, "translation_d": 6.4765917074212225e-09, "rotation_d": 4.931762395461519e-05, "width_d": 0.003570405055463104}