{"numgrasp": 384, "translation_d": 6.673100173941338e-09, "rotation_d": 4.7819029920394874e-05, "width_d": 0.003170700408281174}