{"numgrasp": 381, "translation_d": 6.7789606466245205e-09, "rotation_d": 4.820165973699076e-05, "width_d": 0.003189110407315439}