{"numgrasp": 445, "translation_d": 6.576538639213523e-09, "rotation_d": 5.132155328649239e-05, "width_d": 0.004150215349596575}