{"numgrasp": 451, "translation_d": 6.269092202538268e-09, "rotation_d": 5.007285950446182e-05, "width_d": 0.0029868465756108715}