{"numgrasp": 470, "translation_d": 6.254063151710302e-09, "rotation_d": 4.758500638519089e-05, "width_d": 0.002960915688403278}