{"numgrasp": 388, "translation_d": 6.417290035875938e-09, "rotation_d": 4.749772990208385e-05, "width_d": 0.00303946741686235}