{"numgrasp": 447, "translation_d": 6.071798589315539e-09, "rotation_d": 4.655611821809814e-05, "width_d": 0.0035193142740015224}