{"numgrasp": 463, "translation_d": 6.3920129904875895e-09, "rotation_d": 4.837486600839352e-05, "width_d": 0.004101441245884427}