{"numgrasp": 452, "translation_d": 6.3139630053824114e-09, "rotation_d": 4.8452498710849875e-05, "width_d": 0.0038840657841299362}