{"numgrasp": 460, "translation_d": 6.260521589801769e-09, "rotation_d": 4.820993911999199e-05, "width_d": 0.0036326288564273784}