{"numgrasp": 381, "translation_d": 6.1269805389984685e-09, "rotation_d": 4.5889834578285096e-05, "width_d": 0.0026460961916598535}