{"numgrasp": 413, "translation_d": 6.239566412593844e-09, "rotation_d": 5.256433911133074e-05, "width_d": 0.0032134702851474867}