{"numgrasp": 487, "translation_d": 6.881150618674449e-09, "rotation_d": 5.283453346962446e-05, "width_d": 0.005572837234024075}