{"numgrasp": 485, "translation_d": 4.633086160648242e-09, "rotation_d": 5.053784326205806e-05, "width_d": 0.00574343510433251}