{"numgrasp": 472, "translation_d": 5.798288761306932e-09, "rotation_d": 4.9635464718936206e-05, "width_d": 0.00532667556649214}