{"numgrasp": 513, "translation_d": 4.863603324876617e-09, "rotation_d": 4.929072303246011e-05, "width_d": 0.004974406959768686}