{"numgrasp": 481, "translation_d": 4.760006466981043e-09, "rotation_d": 4.990387033070804e-05, "width_d": 0.004348696699798025}