{"numgrasp": 490, "translation_d": 4.885327785917202e-09, "rotation_d": 4.9288230679247784e-05, "width_d": 0.004202869356328345}