{"numgrasp": 401, "translation_d": 5.045727861807534e-09, "rotation_d": 5.006089304693332e-05, "width_d": 0.0019506454131490564}