{"numgrasp": 444, "translation_d": 4.7499226068887325e-09, "rotation_d": 5.039019382560597e-05, "width_d": 0.002761738846895389}