{"numgrasp": 472, "translation_d": 4.986021741895336e-09, "rotation_d": 5.022202229222046e-05, "width_d": 0.0031708244967528117}