{"numgrasp": 536, "translation_d": 4.919754374929695e-09, "rotation_d": 5.039745384973635e-05, "width_d": 0.00433316709844155}