{"numgrasp": 500, "translation_d": 4.622791626616871e-09, "rotation_d": 5.110002548264482e-05, "width_d": 0.00560042140417486}