{"numgrasp": 441, "translation_d": 4.704086403409095e-09, "rotation_d": 4.91644833457851e-05, "width_d": 0.006682775078506657}