{"numgrasp": 452, "translation_d": 4.6253457325277165e-09, "rotation_d": 4.846589810546844e-05, "width_d": 0.005967275917613339}