{"numgrasp": 516, "translation_d": 4.495310303804602e-09, "rotation_d": 4.9152043101300916e-05, "width_d": 0.00592273928747923}