{"numgrasp": 452, "translation_d": 5.601676328936698e-09, "rotation_d": 4.940301340259142e-05, "width_d": 0.006073786573344871}