{"numgrasp": 488, "translation_d": 4.763031587922703e-09, "rotation_d": 5.041538479948974e-05, "width_d": 0.004264851828866829}