{"numgrasp": 513, "translation_d": 4.8872675486849535e-09, "rotation_d": 4.9539236293671324e-05, "width_d": 0.0037297431881097415}