{"numgrasp": 459, "translation_d": 4.809502674987841e-09, "rotation_d": 5.054225907613294e-05, "width_d": 0.003134344654085857}