{"numgrasp": 426, "translation_d": 4.771413674974258e-09, "rotation_d": 5.086750809022855e-05, "width_d": 0.002917078464713415}