{"numgrasp": 302, "translation_d": 4.615637983774428e-09, "rotation_d": 5.3251565572440994e-05, "width_d": 0.001796985517362861}