{"numgrasp": 367, "translation_d": 4.6178763343218295e-09, "rotation_d": 5.088276272067141e-05, "width_d": 0.0028661215720774498}