{"numgrasp": 439, "translation_d": 4.58968428911355e-09, "rotation_d": 5.078957412851181e-05, "width_d": 0.0031243607735056177}