{"numgrasp": 509, "translation_d": 4.84951381632402e-09, "rotation_d": 4.983368495953579e-05, "width_d": 0.00512365761474584}