{"numgrasp": 506, "translation_d": 4.913517513372336e-09, "rotation_d": 4.911894442766741e-05, "width_d": 0.006008042360424143}