{"numgrasp": 489, "translation_d": 4.9610405151576226e-09, "rotation_d": 5.154587820134366e-05, "width_d": 0.005501914416155942}