{"numgrasp": 484, "translation_d": 5.131499406493031e-09, "rotation_d": 5.138715234493838e-05, "width_d": 0.0044134857497106625}