{"numgrasp": 448, "translation_d": 4.883308147637416e-09, "rotation_d": 5.124894912130264e-05, "width_d": 0.003845788307334664}