{"numgrasp": 411, "translation_d": 4.979664355280836e-09, "rotation_d": 5.077520257873203e-05, "width_d": 0.003600898778211966}