{"numgrasp": 316, "translation_d": 4.913848912934213e-09, "rotation_d": 5.246630053358579e-05, "width_d": 0.0022699240386460286}