{"numgrasp": 304, "translation_d": 4.977809950899957e-09, "rotation_d": 5.100571610662492e-05, "width_d": 0.002141359890638088}