{"numgrasp": 434, "translation_d": 5.28258331513221e-09, "rotation_d": 4.856234067469686e-05, "width_d": 0.006241791280939778}