{"numgrasp": 434, "translation_d": 5.4016838583929445e-09, "rotation_d": 5.173097576413211e-05, "width_d": 0.003701849125762449}