{"numgrasp": 434, "translation_d": 4.992048783393878e-09, "rotation_d": 5.1753431436160185e-05, "width_d": 0.0040062460574345135}