{"numgrasp": 457, "translation_d": 5.109628106959417e-09, "rotation_d": 5.192971475236777e-05, "width_d": 0.004413895947397915}