{"numgrasp": 467, "translation_d": 4.99772990902261e-09, "rotation_d": 5.182029352748285e-05, "width_d": 0.005209262848871082}