{"numgrasp": 499, "translation_d": 5.091370348171866e-09, "rotation_d": 5.1418501377851774e-05, "width_d": 0.007267202708450971}