{"numgrasp": 527, "translation_d": 4.9887646939004275e-09, "rotation_d": 5.2094780812426725e-05, "width_d": 0.006766897309108086}