{"numgrasp": 497, "translation_d": 4.945502543114661e-09, "rotation_d": 5.1432677643172246e-05, "width_d": 0.006008083971667468}