{"numgrasp": 439, "translation_d": 5.34727828775363e-09, "rotation_d": 4.980363679031513e-05, "width_d": 0.005594122414493151}