{"numgrasp": 487, "translation_d": 5.254164962067532e-09, "rotation_d": 5.269780605500527e-05, "width_d": 0.005917997232465118}