{"numgrasp": 483, "translation_d": 5.0235932285095146e-09, "rotation_d": 5.1756492010558e-05, "width_d": 0.005015061232635063}