{"numgrasp": 461, "translation_d": 5.178528324902146e-09, "rotation_d": 5.176928842871805e-05, "width_d": 0.0046585565754367}