{"numgrasp": 460, "translation_d": 5.090162855039223e-09, "rotation_d": 5.1685856337765886e-05, "width_d": 0.0037918028518116927}