{"numgrasp": 352, "translation_d": 5.07763098823182e-09, "rotation_d": 4.98239180822105e-05, "width_d": 0.002438129906943004}