{"numgrasp": 385, "translation_d": 5.113734977520425e-09, "rotation_d": 4.8871040996782067e-05, "width_d": 0.0029200107357500843}