{"numgrasp": 452, "translation_d": 5.574841514274077e-09, "rotation_d": 5.01310122387809e-05, "width_d": 0.00505080406482077}