{"numgrasp": 458, "translation_d": 5.228618665692318e-09, "rotation_d": 5.0990871772114646e-05, "width_d": 0.005111345534074175}