{"numgrasp": 456, "translation_d": 5.015545275292042e-09, "rotation_d": 5.23873071807414e-05, "width_d": 0.006884759644916251}