{"numgrasp": 450, "translation_d": 4.909733348209673e-09, "rotation_d": 5.069737202011087e-05, "width_d": 0.007694798232555926}