{"numgrasp": 445, "translation_d": 5.128380160128593e-09, "rotation_d": 5.038776155213982e-05, "width_d": 0.006627891184621204}