{"numgrasp": 454, "translation_d": 5.663833957115952e-09, "rotation_d": 5.0764420985819105e-05, "width_d": 0.004825331250367025}