{"numgrasp": 448, "translation_d": 5.328563571233343e-09, "rotation_d": 4.8614996857735036e-05, "width_d": 0.005863607427386539}