{"numgrasp": 374, "translation_d": 5.22755362954194e-09, "rotation_d": 4.955153322360797e-05, "width_d": 0.0030485787016724065}