{"numgrasp": 447, "translation_d": 5.486773419107466e-09, "rotation_d": 5.0169741244366546e-05, "width_d": 0.0043727742932608265}