{"numgrasp": 373, "translation_d": 5.2827121732221206e-09, "rotation_d": 4.9421258762475355e-05, "width_d": 0.0024974955751359894}