{"numgrasp": 391, "translation_d": 5.442770490126402e-09, "rotation_d": 4.9355347940428576e-05, "width_d": 0.0030065011276397095}