{"numgrasp": 417, "translation_d": 5.195811088216398e-09, "rotation_d": 4.959165976990668e-05, "width_d": 0.003906131420861855}