{"numgrasp": 436, "translation_d": 5.885380605984877e-09, "rotation_d": 5.083400327019221e-05, "width_d": 0.004263384718333106}