{"numgrasp": 442, "translation_d": 5.138163047604092e-09, "rotation_d": 4.919062974261689e-05, "width_d": 0.005790819191759229}