{"numgrasp": 447, "translation_d": 5.097313619353327e-09, "rotation_d": 5.003797757672643e-05, "width_d": 0.00720096135236828}