{"numgrasp": 438, "translation_d": 5.125452576700213e-09, "rotation_d": 4.7937588602535796e-05, "width_d": 0.007582678886654939}