{"numgrasp": 456, "translation_d": 5.771448206025378e-09, "rotation_d": 5.075493280200966e-05, "width_d": 0.0037762372883463516}