{"numgrasp": 455, "translation_d": 5.823011506996974e-09, "rotation_d": 5.0969655475345354e-05, "width_d": 0.0034117452611087313}