{"numgrasp": 453, "translation_d": 6.207790654405339e-09, "rotation_d": 5.140434558040791e-05, "width_d": 0.0025767279416278135}