{"numgrasp": 456, "translation_d": 5.7945600951544235e-09, "rotation_d": 4.9921047656015675e-05, "width_d": 0.0027660719936129317}