{"numgrasp": 459, "translation_d": 5.763173926012274e-09, "rotation_d": 5.219509517033809e-05, "width_d": 0.0036367350763799318}