{"numgrasp": 433, "translation_d": 5.585733364722871e-09, "rotation_d": 5.120660004339662e-05, "width_d": 0.0038904350827207775}