{"numgrasp": 407, "translation_d": 5.280323645501225e-09, "rotation_d": 4.8321065320464234e-05, "width_d": 0.005515677547903454}