{"numgrasp": 399, "translation_d": 5.365970807590889e-09, "rotation_d": 4.88042000063989e-05, "width_d": 0.006060700546472517}