{"numgrasp": 397, "translation_d": 5.195972374829116e-09, "rotation_d": 4.9145889843156474e-05, "width_d": 0.0064860086614313035}