{"numgrasp": 387, "translation_d": 5.252887201325307e-09, "rotation_d": 5.236531853720359e-05, "width_d": 0.005294907595500626}