{"numgrasp": 415, "translation_d": 5.27118294644251e-09, "rotation_d": 5.2661824008284616e-05, "width_d": 0.004787083585014241}