{"numgrasp": 408, "translation_d": 5.749441923202445e-09, "rotation_d": 5.375443934787115e-05, "width_d": 0.003465392574837786}