{"numgrasp": 401, "translation_d": 6.120789049893364e-09, "rotation_d": 5.370445716803584e-05, "width_d": 0.003962565768162113}