{"numgrasp": 382, "translation_d": 6.0622601301760485e-09, "rotation_d": 5.3327226497056814e-05, "width_d": 0.004339518821404141}