{"numgrasp": 484, "translation_d": 5.716502190242152e-09, "rotation_d": 5.124616486180067e-05, "width_d": 0.0041006993486329265}