{"numgrasp": 392, "translation_d": 5.483807990491436e-09, "rotation_d": 5.291735803943877e-05, "width_d": 0.004937019228372305}