{"numgrasp": 410, "translation_d": 5.6705900203364644e-09, "rotation_d": 5.2209878932984216e-05, "width_d": 0.00513888530083551}