{"numgrasp": 395, "translation_d": 5.380691808314743e-09, "rotation_d": 5.197948717833874e-05, "width_d": 0.005613317420423298}