{"numgrasp": 392, "translation_d": 5.457406886523218e-09, "rotation_d": 5.231449603846404e-05, "width_d": 0.005700738125966712}