{"numgrasp": 416, "translation_d": 5.4553889496288554e-09, "rotation_d": 5.1819903412112107e-05, "width_d": 0.005994103572732872}