{"numgrasp": 407, "translation_d": 5.351493873007419e-09, "rotation_d": 5.127168860627637e-05, "width_d": 0.005308558048400711}