{"numgrasp": 429, "translation_d": 5.537185996817556e-09, "rotation_d": 5.2685756139092265e-05, "width_d": 0.005389690593015645}