{"numgrasp": 410, "translation_d": 5.699895472268195e-09, "rotation_d": 5.1435108413670915e-05, "width_d": 0.003560437293428214}