{"numgrasp": 466, "translation_d": 5.577023474790919e-09, "rotation_d": 5.0622135886249746e-05, "width_d": 0.00468434212013173}