{"numgrasp": 421, "translation_d": 5.77406661965031e-09, "rotation_d": 5.200662554736187e-05, "width_d": 0.0021315998521168177}