{"numgrasp": 413, "translation_d": 5.894889363139567e-09, "rotation_d": 4.9648031443860485e-05, "width_d": 0.002405875597356515}