{"numgrasp": 399, "translation_d": 5.730994062183856e-09, "rotation_d": 5.0068742882685986e-05, "width_d": 0.0028149121934521125}