{"numgrasp": 369, "translation_d": 6.2166024852412626e-09, "rotation_d": 6.113290952635843e-05, "width_d": 0.0033344282786481635}