{"numgrasp": 425, "translation_d": 6.097514725526258e-09, "rotation_d": 4.6250597187523966e-05, "width_d": 0.0032396760744480718}