{"numgrasp": 409, "translation_d": 6.502932774264674e-09, "rotation_d": 4.601552826861765e-05, "width_d": 0.003359216720542874}