{"numgrasp": 401, "translation_d": 6.422790462186138e-09, "rotation_d": 4.588268643019419e-05, "width_d": 0.003764242454968173}