{"numgrasp": 380, "translation_d": 5.72003261194164e-09, "rotation_d": 6.188347834888117e-05, "width_d": 0.004261613391971859}