{"numgrasp": 414, "translation_d": 6.129763603981773e-09, "rotation_d": 5.396131706498954e-05, "width_d": 0.0035343013123278417}