{"numgrasp": 375, "translation_d": 6.1669365874989265e-09, "rotation_d": 5.4109735944316616e-05, "width_d": 0.003159938638307496}