{"numgrasp": 387, "translation_d": 5.981070653544236e-09, "rotation_d": 5.135488779282514e-05, "width_d": 0.003007854440084406}