{"numgrasp": 335, "translation_d": 5.533384175838373e-09, "rotation_d": 6.253633868286094e-05, "width_d": 0.00464171500892888}