{"numgrasp": 301, "translation_d": 5.820467277534522e-09, "rotation_d": 5.9539881088640965e-05, "width_d": 0.0033405064752945164}