{"numgrasp": 300, "translation_d": 5.831453521059916e-09, "rotation_d": 6.0098241415140834e-05, "width_d": 0.003917014078580805}