{"numgrasp": 310, "translation_d": 6.194733922283313e-09, "rotation_d": 5.919571450867321e-05, "width_d": 0.003448196523491016}