{"numgrasp": 326, "translation_d": 5.889483217362641e-09, "rotation_d": 5.9377469000707036e-05, "width_d": 0.003592667685271426}