{"numgrasp": 302, "translation_d": 5.862715857344878e-09, "rotation_d": 5.857766980129139e-05, "width_d": 0.003794854443136023}