{"numgrasp": 354, "translation_d": 6.127295583129731e-09, "rotation_d": 6.029146507999236e-05, "width_d": 0.0033886307292478384}