{"numgrasp": 429, "translation_d": 5.960132672239693e-09, "rotation_d": 6.101778770625103e-05, "width_d": 0.003922006480845248}