{"numgrasp": 440, "translation_d": 5.631503300075969e-09, "rotation_d": 6.21184650360796e-05, "width_d": 0.004176995774631087}