{"numgrasp": 391, "translation_d": 5.657231684524762e-09, "rotation_d": 6.156014747545287e-05, "width_d": 0.004147116404246314}