{"numgrasp": 339, "translation_d": 5.659841245574112e-09, "rotation_d": 6.0436911113185246e-05, "width_d": 0.005019327073850735}