{"numgrasp": 371, "translation_d": 5.717317136017365e-09, "rotation_d": 6.160253248845732e-05, "width_d": 0.0038131394722327946}