{"numgrasp": 314, "translation_d": 5.73286397002319e-09, "rotation_d": 6.368472815552997e-05, "width_d": 0.003496650376914084}