{"numgrasp": 344, "translation_d": 5.706558521624313e-09, "rotation_d": 6.0050834250589206e-05, "width_d": 0.005154736123440923}