{"numgrasp": 380, "translation_d": 5.483492517778868e-09, "rotation_d": 4.4427681589867174e-05, "width_d": 0.0032321553553827723}