{"numgrasp": 361, "translation_d": 5.304207050575814e-09, "rotation_d": 5.258329841779943e-05, "width_d": 0.0036650925751672636}