{"numgrasp": 359, "translation_d": 5.489068519744431e-09, "rotation_d": 5.321741252100604e-05, "width_d": 0.003736975886883054}