{"numgrasp": 381, "translation_d": 5.705650652840394e-09, "rotation_d": 5.498379386497141e-05, "width_d": 0.003893890552064153}