{"numgrasp": 359, "translation_d": 5.615096069336835e-09, "rotation_d": 5.549647246153168e-05, "width_d": 0.004270822968994919}