{"numgrasp": 417, "translation_d": 5.6282455879385475e-09, "rotation_d": 4.410623951481626e-05, "width_d": 0.004577071568959474}