{"numgrasp": 462, "translation_d": 5.424364922712744e-09, "rotation_d": 4.265518458670265e-05, "width_d": 0.0047140821672324315}