{"numgrasp": 391, "translation_d": 5.547017996658011e-09, "rotation_d": 4.2985115455844534e-05, "width_d": 0.0041925264749807945}