{"numgrasp": 434, "translation_d": 4.963790143060367e-09, "rotation_d": 0.00011733776644722808, "width_d": 0.0034842549513210913}