{"numgrasp": 360, "translation_d": 5.8699676910732995e-09, "rotation_d": 5.310582129933263e-05, "width_d": 0.00458327702726105}