{"numgrasp": 371, "translation_d": 4.567226825411146e-09, "rotation_d": 3.377801519736708e-05, "width_d": 0.003811596111454484}