{"numgrasp": 370, "translation_d": 4.681232246222734e-09, "rotation_d": 3.476000278227383e-05, "width_d": 0.003727840604232963}