{"numgrasp": 421, "translation_d": 4.752522312298116e-09, "rotation_d": 3.367546534014554e-05, "width_d": 0.004196571748777502}