{"numgrasp": 360, "translation_d": 5.927208073818667e-09, "rotation_d": 5.451706476356617e-05, "width_d": 0.004368420737572252}