{"numgrasp": 396, "translation_d": 4.893902287368955e-09, "rotation_d": 3.396053856764285e-05, "width_d": 0.004171834638001965}