{"numgrasp": 391, "translation_d": 4.8320093879051234e-09, "rotation_d": 3.3972916193484204e-05, "width_d": 0.004429762734885035}