{"numgrasp": 396, "translation_d": 4.9452404042803994e-09, "rotation_d": 3.233105470609102e-05, "width_d": 0.004347776832969914}