{"numgrasp": 408, "translation_d": 5.339068309431316e-09, "rotation_d": 3.287841482934465e-05, "width_d": 0.004393838386184882}