{"numgrasp": 417, "translation_d": 4.835770437513364e-09, "rotation_d": 3.839337306101686e-05, "width_d": 0.004450554938167161}