{"numgrasp": 380, "translation_d": 4.9614737108109174e-09, "rotation_d": 3.8102598255481764e-05, "width_d": 0.0044671091984716214}