{"numgrasp": 379, "translation_d": 4.751461261540747e-09, "rotation_d": 3.807833557157094e-05, "width_d": 0.00436228736739645}