{"numgrasp": 405, "translation_d": 4.584268956287145e-09, "rotation_d": 3.944660983784291e-05, "width_d": 0.004032381330124639}