{"numgrasp": 390, "translation_d": 4.2964599315615315e-09, "rotation_d": 3.9339773800373844e-05, "width_d": 0.0037801473378294764}