{"numgrasp": 396, "translation_d": 4.531091754390674e-09, "rotation_d": 4.0867343955470876e-05, "width_d": 0.004082204484855491}