{"numgrasp": 338, "translation_d": 4.170880017103972e-09, "rotation_d": 7.405277314895325e-05, "width_d": 0.003719128823974351}