{"numgrasp": 363, "translation_d": 4.542936318259211e-09, "rotation_d": 5.67855381714694e-05, "width_d": 0.003452487504494281}