{"numgrasp": 371, "translation_d": 4.569143096325891e-09, "rotation_d": 4.9551861909233954e-05, "width_d": 0.004439410781401997}