{"numgrasp": 347, "translation_d": 4.618500861833636e-09, "rotation_d": 4.871810339318564e-05, "width_d": 0.004763778156895679}