{"numgrasp": 348, "translation_d": 4.399338342780928e-09, "rotation_d": 5.834637893934158e-05, "width_d": 0.004700266178929926}