{"numgrasp": 377, "translation_d": 4.364232890057245e-09, "rotation_d": 5.901991835648823e-05, "width_d": 0.0048186141320081125}