{"numgrasp": 335, "translation_d": 4.479152967602276e-09, "rotation_d": 5.743280643785782e-05, "width_d": 0.004742389547868291}