{"numgrasp": 322, "translation_d": 4.4796667795686206e-09, "rotation_d": 6.0390778963447344e-05, "width_d": 0.004044433757117618}