{"numgrasp": 365, "translation_d": 4.275229054039267e-09, "rotation_d": 6.369604196158191e-05, "width_d": 0.0039145561966158395}