{"numgrasp": 316, "translation_d": 4.177464619060943e-09, "rotation_d": 6.16149416361511e-05, "width_d": 0.004022343115082753}