{"numgrasp": 315, "translation_d": 4.539264890200289e-09, "rotation_d": 6.418322967462085e-05, "width_d": 0.004012757354821477}