{"numgrasp": 308, "translation_d": 4.484337578058439e-09, "rotation_d": 6.429814631037678e-05, "width_d": 0.0044387223234041906}