{"numgrasp": 296, "translation_d": 4.588624925544173e-09, "rotation_d": 6.360725645286365e-05, "width_d": 0.004683152365855224}