{"numgrasp": 344, "translation_d": 4.671846274280467e-09, "rotation_d": 6.312740585465715e-05, "width_d": 0.0048876653304134295}