{"numgrasp": 363, "translation_d": 4.465081093088885e-09, "rotation_d": 6.334193155972124e-05, "width_d": 0.005035423649316954}