{"numgrasp": 384, "translation_d": 6.301660168435716e-09, "rotation_d": 6.180858838784291e-05, "width_d": 0.0032189313196139854}