{"numgrasp": 421, "translation_d": 5.890368262336207e-09, "rotation_d": 6.279620237315996e-05, "width_d": 0.0034828689089184944}