{"numgrasp": 370, "translation_d": 6.050048421073777e-09, "rotation_d": 5.683299809147321e-05, "width_d": 0.0035054124131747248}