{"numgrasp": 374, "translation_d": 6.2160102580878635e-09, "rotation_d": 6.013292137810694e-05, "width_d": 0.0036175202206016484}