{"numgrasp": 424, "translation_d": 6.311115142139595e-09, "rotation_d": 6.422185936053974e-05, "width_d": 0.003419631267700552}