{"numgrasp": 405, "translation_d": 6.325846399510996e-09, "rotation_d": 6.179370864687353e-05, "width_d": 0.0031606669190315123}