{"numgrasp": 398, "translation_d": 6.39175158450073e-09, "rotation_d": 5.997916982632186e-05, "width_d": 0.003006737282400483}