{"numgrasp": 400, "translation_d": 6.156621941421053e-09, "rotation_d": 5.843978251032843e-05, "width_d": 0.002965696518574162}