{"numgrasp": 399, "translation_d": 6.0972480948453e-09, "rotation_d": 5.386571089686631e-05, "width_d": 0.0033119238416468126}