{"numgrasp": 406, "translation_d": 6.517034925125185e-09, "rotation_d": 5.134888930912368e-05, "width_d": 0.003415773506897941}