{"numgrasp": 350, "translation_d": 5.930639302692104e-09, "rotation_d": 4.813458090264228e-05, "width_d": 0.0036581123225049436}