{"numgrasp": 351, "translation_d": 5.911777769751097e-09, "rotation_d": 4.5579157588727846e-05, "width_d": 0.0038634824323012023}