{"numgrasp": 387, "translation_d": 6.275119905678213e-09, "rotation_d": 4.110000054300442e-05, "width_d": 0.0034005001192233585}