{"numgrasp": 408, "translation_d": 6.280054081239244e-09, "rotation_d": 4.437465668709326e-05, "width_d": 0.0030869699274613358}