{"numgrasp": 392, "translation_d": 6.335116786555526e-09, "rotation_d": 4.8076572960891946e-05, "width_d": 0.00283949665437103}