{"numgrasp": 404, "translation_d": 6.356639857487582e-09, "rotation_d": 4.999848504418112e-05, "width_d": 0.002827646713140581}