{"numgrasp": 421, "translation_d": 6.2601898784727904e-09, "rotation_d": 5.286757223639003e-05, "width_d": 0.0031906503294082764}