{"numgrasp": 406, "translation_d": 6.214236410364591e-09, "rotation_d": 5.738266064765909e-05, "width_d": 0.0031563814727167813}