{"numgrasp": 415, "translation_d": 6.216447754281803e-09, "rotation_d": 4.98884133072051e-05, "width_d": 0.0034169294623143686}