{"numgrasp": 421, "translation_d": 6.285478311238746e-09, "rotation_d": 3.8004985433218584e-05, "width_d": 0.002984557630804737}