{"numgrasp": 401, "translation_d": 6.574234153474693e-09, "rotation_d": 3.838241057495291e-05, "width_d": 0.0032677660345612164}