{"numgrasp": 415, "translation_d": 6.448138210286788e-09, "rotation_d": 3.768958369559415e-05, "width_d": 0.002989040063687885}