{"numgrasp": 440, "translation_d": 6.532314279761403e-09, "rotation_d": 3.771924966259816e-05, "width_d": 0.0034770379850849282}