{"numgrasp": 443, "translation_d": 6.554015757782594e-09, "rotation_d": 3.767477065990735e-05, "width_d": 0.003033009517796757}