{"numgrasp": 375, "translation_d": 6.008321579916225e-09, "rotation_d": 6.43269374688965e-05, "width_d": 0.0036234351030266913}