{"numgrasp": 424, "translation_d": 6.501274132247583e-09, "rotation_d": 3.7117764968168024e-05, "width_d": 0.0031529782229204246}