{"numgrasp": 387, "translation_d": 6.4231435311771496e-09, "rotation_d": 3.754293224898316e-05, "width_d": 0.003205141629649989}