{"numgrasp": 434, "translation_d": 6.015206411738979e-09, "rotation_d": 3.5168663397066114e-05, "width_d": 0.0030047691678728844}