{"numgrasp": 406, "translation_d": 6.133197922842893e-09, "rotation_d": 3.432121671296861e-05, "width_d": 0.003273182722258429}