{"numgrasp": 390, "translation_d": 6.17003724516681e-09, "rotation_d": 4.2026049060566496e-05, "width_d": 0.00339194321355598}