{"numgrasp": 402, "translation_d": 6.219706800315931e-09, "rotation_d": 4.2437304131150243e-05, "width_d": 0.0033181616840202524}