{"numgrasp": 434, "translation_d": 6.200361639499314e-09, "rotation_d": 4.354183492742289e-05, "width_d": 0.0033177514214864424}