{"numgrasp": 424, "translation_d": 5.873984375533305e-09, "rotation_d": 5.237071774386535e-05, "width_d": 0.004810973936908953}