{"numgrasp": 432, "translation_d": 5.560138303114404e-09, "rotation_d": 5.207110410750883e-05, "width_d": 0.005271194713883934}