{"numgrasp": 444, "translation_d": 5.881449567589324e-09, "rotation_d": 5.333676923407328e-05, "width_d": 0.005625055308384431}