{"numgrasp": 408, "translation_d": 5.775627730664664e-09, "rotation_d": 5.364864638027126e-05, "width_d": 0.00624201435984035}