{"numgrasp": 469, "translation_d": 5.639153702669067e-09, "rotation_d": 4.705765353464551e-05, "width_d": 0.005627267582983948}