{"numgrasp": 454, "translation_d": 5.743644674848628e-09, "rotation_d": 5.104957765805685e-05, "width_d": 0.003817200128909712}