{"numgrasp": 441, "translation_d": 5.559242347502699e-09, "rotation_d": 5.161861786622016e-05, "width_d": 0.00330559253440512}