{"numgrasp": 432, "translation_d": 5.921767256467515e-09, "rotation_d": 5.29282080750573e-05, "width_d": 0.0024225405566911775}