{"numgrasp": 485, "translation_d": 5.75277236882882e-09, "rotation_d": 4.743965156202424e-05, "width_d": 0.006169595520722576}