{"numgrasp": 433, "translation_d": 5.814281902291495e-09, "rotation_d": 5.0829365122825804e-05, "width_d": 0.0022370346811881312}