{"numgrasp": 415, "translation_d": 5.685790522091788e-09, "rotation_d": 5.278462792624655e-05, "width_d": 0.0022541932870315732}