{"numgrasp": 444, "translation_d": 5.8457186245508475e-09, "rotation_d": 4.9457898845024064e-05, "width_d": 0.002779551149157334}