{"numgrasp": 463, "translation_d": 5.822418078983373e-09, "rotation_d": 4.924904290275969e-05, "width_d": 0.0034275949580667995}