{"numgrasp": 467, "translation_d": 5.847679165613819e-09, "rotation_d": 4.9335983513963936e-05, "width_d": 0.003687223114304269}