{"numgrasp": 452, "translation_d": 5.7841744725800456e-09, "rotation_d": 4.9565191014791824e-05, "width_d": 0.005570292406846754}