{"numgrasp": 437, "translation_d": 5.7061041453948374e-09, "rotation_d": 4.9182833638626186e-05, "width_d": 0.0060560363335409656}