{"numgrasp": 474, "translation_d": 5.87950986209998e-09, "rotation_d": 5.0705107089144474e-05, "width_d": 0.004991949726623126}