{"numgrasp": 475, "translation_d": 6.038197947906579e-09, "rotation_d": 4.9638184346199806e-05, "width_d": 0.00463064351445704}