{"numgrasp": 461, "translation_d": 5.934458809209833e-09, "rotation_d": 4.944231615680051e-05, "width_d": 0.003308033218955661}