{"numgrasp": 470, "translation_d": 5.668008543476969e-09, "rotation_d": 5.042224782380573e-05, "width_d": 0.003077364959198604}