{"numgrasp": 474, "translation_d": 5.739959195692286e-09, "rotation_d": 5.100944532256153e-05, "width_d": 0.0034463098413773357}