{"numgrasp": 461, "translation_d": 5.878052226595093e-09, "rotation_d": 5.118592226155568e-05, "width_d": 0.005006271580852181}