{"numgrasp": 465, "translation_d": 5.7938889072521156e-09, "rotation_d": 5.2454015361051294e-05, "width_d": 0.005292732210071333}