{"numgrasp": 467, "translation_d": 5.847934331269944e-09, "rotation_d": 5.272314983957197e-05, "width_d": 0.005710626623068116}