{"numgrasp": 493, "translation_d": 5.468239566731193e-09, "rotation_d": 5.10715047538683e-05, "width_d": 0.005216865780049041}