{"numgrasp": 487, "translation_d": 5.633494919837392e-09, "rotation_d": 5.293026600749641e-05, "width_d": 0.004662047128354759}