{"numgrasp": 484, "translation_d": 5.749522298263567e-09, "rotation_d": 5.1739230239772235e-05, "width_d": 0.0036490991441771635}