{"numgrasp": 468, "translation_d": 5.562464906311541e-09, "rotation_d": 5.178457377171441e-05, "width_d": 0.003353880449635006}