{"numgrasp": 490, "translation_d": 5.3144751829578755e-09, "rotation_d": 5.213190186575936e-05, "width_d": 0.0029686401872738434}