{"numgrasp": 456, "translation_d": 5.3569234453318765e-09, "rotation_d": 5.262664833001259e-05, "width_d": 0.002691951132544309}