{"numgrasp": 366, "translation_d": 5.871277663048614e-09, "rotation_d": 4.567413228580882e-05, "width_d": 0.006317890926622897}