{"numgrasp": 471, "translation_d": 5.349519099457056e-09, "rotation_d": 5.2556450125732596e-05, "width_d": 0.0035117320561114363}