{"numgrasp": 476, "translation_d": 5.103727281903611e-09, "rotation_d": 5.251808701837332e-05, "width_d": 0.00368199051682872}