{"numgrasp": 390, "translation_d": 5.920099503152967e-09, "rotation_d": 4.626125453461068e-05, "width_d": 0.006380848304958927}