{"numgrasp": 472, "translation_d": 5.26631801694499e-09, "rotation_d": 5.1797041815455015e-05, "width_d": 0.005289922931676912}