{"numgrasp": 463, "translation_d": 5.3409783953268475e-09, "rotation_d": 5.1991687317799616e-05, "width_d": 0.005912651708456088}