{"numgrasp": 440, "translation_d": 5.065328259495746e-09, "rotation_d": 5.14167204491266e-05, "width_d": 0.005489673473258479}