{"numgrasp": 379, "translation_d": 6.234851655117809e-09, "rotation_d": 5.093989021565467e-05, "width_d": 0.0032477539948301743}