{"numgrasp": 466, "translation_d": 5.112871316595882e-09, "rotation_d": 5.192681743141721e-05, "width_d": 0.004247015211487283}