{"numgrasp": 432, "translation_d": 5.1267009280967495e-09, "rotation_d": 5.265123287438324e-05, "width_d": 0.0022971122778154217}