{"numgrasp": 442, "translation_d": 5.097200659332391e-09, "rotation_d": 5.093669680994449e-05, "width_d": 0.002904921398957621}