{"numgrasp": 432, "translation_d": 5.322107640437792e-09, "rotation_d": 5.0860143838863594e-05, "width_d": 0.004186656849294615}