{"numgrasp": 433, "translation_d": 5.253490206440493e-09, "rotation_d": 4.982495653188935e-05, "width_d": 0.0054982053125595485}