{"numgrasp": 409, "translation_d": 5.295547345738995e-09, "rotation_d": 4.8504728207184564e-05, "width_d": 0.005418820847998595}