{"numgrasp": 443, "translation_d": 5.280841035721597e-09, "rotation_d": 5.022985623473322e-05, "width_d": 0.004644825085339199}