{"numgrasp": 389, "translation_d": 5.0010704576933535e-09, "rotation_d": 5.060429268665043e-05, "width_d": 0.0030446861198284007}