{"numgrasp": 394, "translation_d": 5.100447552077559e-09, "rotation_d": 5.045685818483761e-05, "width_d": 0.0026758472473155763}