{"numgrasp": 402, "translation_d": 5.908591349592239e-09, "rotation_d": 4.783143513786102e-05, "width_d": 0.005017021279600297}