{"numgrasp": 414, "translation_d": 4.958009401644183e-09, "rotation_d": 5.0282087071560496e-05, "width_d": 0.002275247889785164}