{"numgrasp": 378, "translation_d": 4.928338578555346e-09, "rotation_d": 5.168069370823047e-05, "width_d": 0.002253758897432825}