{"numgrasp": 407, "translation_d": 4.833857712736302e-09, "rotation_d": 5.101050256907342e-05, "width_d": 0.0028912883467528796}