{"numgrasp": 427, "translation_d": 6.000273717126078e-09, "rotation_d": 4.744509804502615e-05, "width_d": 0.004706108149249465}