{"numgrasp": 393, "translation_d": 5.278786787438969e-09, "rotation_d": 4.962564564699925e-05, "width_d": 0.005304097917508718}