{"numgrasp": 427, "translation_d": 6.0113343745503425e-09, "rotation_d": 4.772065872480163e-05, "width_d": 0.004577122715107524}