{"numgrasp": 403, "translation_d": 5.966388100877314e-09, "rotation_d": 4.9731835164508306e-05, "width_d": 0.0031550383189077632}