{"numgrasp": 366, "translation_d": 5.934523042944665e-09, "rotation_d": 4.734261975488757e-05, "width_d": 0.004542593592128744}