{"numgrasp": 391, "translation_d": 5.9607967638666425e-09, "rotation_d": 4.687429147225591e-05, "width_d": 0.0051969963487248525}