{"numgrasp": 382, "translation_d": 5.688254440740634e-09, "rotation_d": 4.81002781067963e-05, "width_d": 0.005802242041219425}