{"numgrasp": 363, "translation_d": 6.037139564449455e-09, "rotation_d": 4.738055906441957e-05, "width_d": 0.006275279046589096}