{"numgrasp": 359, "translation_d": 5.914322931274778e-09, "rotation_d": 4.6973035604925975e-05, "width_d": 0.006414422389978736}