{"numgrasp": 385, "translation_d": 5.929821050860772e-09, "rotation_d": 4.8156044464310344e-05, "width_d": 0.0038719606485746317}