{"numgrasp": 391, "translation_d": 5.72389062046379e-09, "rotation_d": 4.907505368237721e-05, "width_d": 0.0026066776010294232}