{"numgrasp": 372, "translation_d": 5.613403954100885e-09, "rotation_d": 4.845593282845529e-05, "width_d": 0.0026004624300804513}