{"numgrasp": 378, "translation_d": 5.600392462359141e-09, "rotation_d": 5.028879113145784e-05, "width_d": 0.0034494445942755197}