{"numgrasp": 368, "translation_d": 5.809124056854188e-09, "rotation_d": 5.137464349234408e-05, "width_d": 0.0036867747681405575}