{"numgrasp": 464, "translation_d": 5.700824091735701e-09, "rotation_d": 4.74513269365443e-05, "width_d": 0.004192765898389275}