{"numgrasp": 379, "translation_d": 5.448831587003329e-09, "rotation_d": 5.284890638696652e-05, "width_d": 0.005071650088847114}