{"numgrasp": 384, "translation_d": 5.86668538383623e-09, "rotation_d": 5.317155872933127e-05, "width_d": 0.005645681531551127}