{"numgrasp": 478, "translation_d": 5.744964279097946e-09, "rotation_d": 4.7052180819758725e-05, "width_d": 0.004612151616471746}