{"numgrasp": 406, "translation_d": 5.756241898308259e-09, "rotation_d": 5.376937483322453e-05, "width_d": 0.005427961626629066}