{"numgrasp": 415, "translation_d": 5.480639539871676e-09, "rotation_d": 5.301974372780203e-05, "width_d": 0.003232227506597394}