{"numgrasp": 423, "translation_d": 5.668880543001522e-09, "rotation_d": 5.213026929883358e-05, "width_d": 0.0027697469741748385}