{"numgrasp": 477, "translation_d": 5.92920307581624e-09, "rotation_d": 4.736392375505566e-05, "width_d": 0.005205395643381438}