{"numgrasp": 393, "translation_d": 5.770769746557399e-09, "rotation_d": 5.042650771693611e-05, "width_d": 0.0024758393155135997}