{"numgrasp": 412, "translation_d": 5.875657175596374e-09, "rotation_d": 5.1386502431106714e-05, "width_d": 0.002549639693055337}