{"numgrasp": 428, "translation_d": 5.771835655772007e-09, "rotation_d": 5.248894852097112e-05, "width_d": 0.0031796167085690074}