{"numgrasp": 432, "translation_d": 5.681912953770287e-09, "rotation_d": 5.261114245562691e-05, "width_d": 0.004479764034949951}