{"numgrasp": 493, "translation_d": 5.780298435229892e-09, "rotation_d": 4.734065196047143e-05, "width_d": 0.005385730106433436}