{"numgrasp": 229, "translation_d": 5.670190359538467e-09, "rotation_d": 4.507647940138143e-05, "width_d": 0.0040863997409203495}