{"numgrasp": 216, "translation_d": 5.393617182408353e-09, "rotation_d": 4.58103112333402e-05, "width_d": 0.004499177064304177}