{"numgrasp": 214, "translation_d": 4.956834390643444e-09, "rotation_d": 4.579678836007788e-05, "width_d": 0.004806589735346279}