{"numgrasp": 222, "translation_d": 4.982770530399502e-09, "rotation_d": 4.392700450573324e-05, "width_d": 0.005210936647540373}