{"numgrasp": 202, "translation_d": 5.225315348094304e-09, "rotation_d": 5.481517210178052e-05, "width_d": 0.004496208679264427}