{"numgrasp": 196, "translation_d": 4.977461256216671e-09, "rotation_d": 5.540854897446269e-05, "width_d": 0.004437089588025864}