{"numgrasp": 207, "translation_d": 5.109161326625284e-09, "rotation_d": 5.576545333217382e-05, "width_d": 0.004345786862873415}