{"numgrasp": 235, "translation_d": 5.557352987917931e-09, "rotation_d": 5.285827876753776e-05, "width_d": 0.0038256445972685337}