{"numgrasp": 235, "translation_d": 5.4602801484859846e-09, "rotation_d": 5.258544114883434e-05, "width_d": 0.003325724039703808}