{"numgrasp": 245, "translation_d": 5.454072448184819e-09, "rotation_d": 5.240921112480986e-05, "width_d": 0.0029792143143717725}