{"numgrasp": 254, "translation_d": 5.085959186487615e-09, "rotation_d": 5.1239591522027597e-05, "width_d": 0.0028615830550153777}