{"numgrasp": 255, "translation_d": 5.112772106666044e-09, "rotation_d": 5.004986824560113e-05, "width_d": 0.0027524416947805395}