{"numgrasp": 260, "translation_d": 5.452768186309364e-09, "rotation_d": 4.9403312894930005e-05, "width_d": 0.0027188383058553735}