{"numgrasp": 263, "translation_d": 5.098240304833229e-09, "rotation_d": 6.016956749066418e-05, "width_d": 0.0024700857398404124}