{"numgrasp": 226, "translation_d": 6.34736582813125e-09, "rotation_d": 5.69223115913104e-05, "width_d": 0.004048607898209961}