{"numgrasp": 205, "translation_d": 4.723370307298516e-09, "rotation_d": 5.756229893799862e-05, "width_d": 0.004665298792798916}