{"numgrasp": 205, "translation_d": 4.460043221930232e-09, "rotation_d": 5.8617758342149714e-05, "width_d": 0.004441289055789489}