{"numgrasp": 207, "translation_d": 4.5715880859457015e-09, "rotation_d": 5.917963864267528e-05, "width_d": 0.0041467337258703175}