{"numgrasp": 215, "translation_d": 4.773117296717565e-09, "rotation_d": 5.941957712426733e-05, "width_d": 0.004027880812913937}