{"numgrasp": 217, "translation_d": 5.02275977337648e-09, "rotation_d": 6.128653581337492e-05, "width_d": 0.0023665317125689815}