{"numgrasp": 225, "translation_d": 4.820637608256123e-09, "rotation_d": 6.163386230204853e-05, "width_d": 0.0025664738185342236}