{"numgrasp": 265, "translation_d": 5.160585610376314e-09, "rotation_d": 6.0737277148233235e-05, "width_d": 0.002592162245488173}