{"numgrasp": 229, "translation_d": 6.366690405317014e-09, "rotation_d": 5.659937985355751e-05, "width_d": 0.004214642113386574}