{"numgrasp": 249, "translation_d": 4.886247522359047e-09, "rotation_d": 5.2397742771117074e-05, "width_d": 0.0026685026040732312}