{"numgrasp": 225, "translation_d": 4.8142576047216896e-09, "rotation_d": 5.303709723900431e-05, "width_d": 0.0026093785303948234}