{"numgrasp": 227, "translation_d": 6.002277846541811e-09, "rotation_d": 5.534035925765235e-05, "width_d": 0.004590599529714226}