{"numgrasp": 204, "translation_d": 4.510139035059001e-09, "rotation_d": 5.532792121517488e-05, "width_d": 0.004183670609389006}