{"numgrasp": 212, "translation_d": 4.245123181058161e-09, "rotation_d": 4.974752594679171e-05, "width_d": 0.004572197626737409}