{"numgrasp": 211, "translation_d": 4.618131714911903e-09, "rotation_d": 4.675296208442949e-05, "width_d": 0.004387964504175714}