{"numgrasp": 218, "translation_d": 4.979958776033727e-09, "rotation_d": 4.026714285298821e-05, "width_d": 0.003243842220223507}