{"numgrasp": 220, "translation_d": 5.187144088065186e-09, "rotation_d": 4.1653087069776196e-05, "width_d": 0.0029906158351886264}