{"numgrasp": 236, "translation_d": 5.264371632613985e-09, "rotation_d": 4.030596000090644e-05, "width_d": 0.0029338664006816825}