{"numgrasp": 188, "translation_d": 5.398195374425352e-09, "rotation_d": 3.532516711340654e-05, "width_d": 0.0029226507709760965}