{"numgrasp": 183, "translation_d": 4.946428766069609e-09, "rotation_d": 3.4694144977060444e-05, "width_d": 0.0028610284726967696}