{"numgrasp": 195, "translation_d": 4.924300070045756e-09, "rotation_d": 3.592466956994721e-05, "width_d": 0.0036696018965179586}