{"numgrasp": 206, "translation_d": 4.565003057008366e-09, "rotation_d": 3.544597765499147e-05, "width_d": 0.003998047723293908}