{"numgrasp": 181, "translation_d": 4.817493794268636e-09, "rotation_d": 3.659308779227152e-05, "width_d": 0.0047407146579312755}