{"numgrasp": 231, "translation_d": 4.967699293830717e-09, "rotation_d": 3.761512330193588e-05, "width_d": 0.004775692885264135}