{"numgrasp": 235, "translation_d": 4.625683595485628e-09, "rotation_d": 3.9086240003538546e-05, "width_d": 0.005020693624177765}