{"numgrasp": 206, "translation_d": 5.138674669612037e-09, "rotation_d": 3.890895459985239e-05, "width_d": 0.004913689167922297}