{"numgrasp": 225, "translation_d": 4.695481167778456e-09, "rotation_d": 3.680905824117212e-05, "width_d": 0.003953730035809925}