{"numgrasp": 199, "translation_d": 5.049959109281446e-09, "rotation_d": 3.7223475472841105e-05, "width_d": 0.003531467724043877}