{"numgrasp": 221, "translation_d": 5.04901065054143e-09, "rotation_d": 3.8485230722175945e-05, "width_d": 0.0033642512596516847}