{"numgrasp": 179, "translation_d": 5.207807893844495e-09, "rotation_d": 4.062552287306299e-05, "width_d": 0.0032162519518421032}