{"numgrasp": 233, "translation_d": 5.478008029281202e-09, "rotation_d": 4.9953568459747794e-05, "width_d": 0.0026759722883707452}