{"numgrasp": 221, "translation_d": 5.642759542620643e-09, "rotation_d": 5.39848136684888e-05, "width_d": 0.002751131053498818}