{"numgrasp": 189, "translation_d": 5.182892849640883e-09, "rotation_d": 4.840209738771114e-05, "width_d": 0.003429144384874676}