{"numgrasp": 245, "translation_d": 6.540255791596908e-09, "rotation_d": 5.7625757223388245e-05, "width_d": 0.0038553576219716315}