{"numgrasp": 223, "translation_d": 5.501682009690835e-09, "rotation_d": 5.7534460072458085e-05, "width_d": 0.0033246551846521076}