{"numgrasp": 198, "translation_d": 5.746815030326062e-09, "rotation_d": 5.927783478804281e-05, "width_d": 0.0030794764758146484}