{"numgrasp": 212, "translation_d": 5.896260464644887e-09, "rotation_d": 6.025378877364653e-05, "width_d": 0.0028515210294595885}