{"numgrasp": 227, "translation_d": 5.6489447618508235e-09, "rotation_d": 6.215872330099466e-05, "width_d": 0.002963841800104676}