{"numgrasp": 216, "translation_d": 5.62521631119863e-09, "rotation_d": 6.184197479014073e-05, "width_d": 0.0031896643889667204}