{"numgrasp": 251, "translation_d": 6.149478967272125e-09, "rotation_d": 5.955742174496441e-05, "width_d": 0.003141760701655425}