{"numgrasp": 246, "translation_d": 6.233427626316154e-09, "rotation_d": 6.00839405772662e-05, "width_d": 0.0030836880213842175}