{"numgrasp": 250, "translation_d": 6.425056110537629e-09, "rotation_d": 5.954104280605334e-05, "width_d": 0.0030428803699373667}