{"numgrasp": 278, "translation_d": 6.246062102255494e-09, "rotation_d": 5.295204788334154e-05, "width_d": 0.0031200932659021527}