{"numgrasp": 261, "translation_d": 6.8272080043757216e-09, "rotation_d": 5.878219980586349e-05, "width_d": 0.003295573652836795}