{"numgrasp": 239, "translation_d": 6.074528506160097e-09, "rotation_d": 5.4818174700769174e-05, "width_d": 0.003665132322639836}