{"numgrasp": 229, "translation_d": 6.2452149982179954e-09, "rotation_d": 5.225351433304129e-05, "width_d": 0.0042581095175693315}