{"numgrasp": 222, "translation_d": 5.497906984977094e-09, "rotation_d": 5.0330823246323265e-05, "width_d": 0.00475844287506138}