{"numgrasp": 218, "translation_d": 5.8470304867343126e-09, "rotation_d": 4.532068123426916e-05, "width_d": 0.005481331350533048}