{"numgrasp": 252, "translation_d": 6.250087219072091e-09, "rotation_d": 4.7121984153975035e-05, "width_d": 0.0040767827374584426}