{"numgrasp": 256, "translation_d": 6.520803698468894e-09, "rotation_d": 4.8326795911286806e-05, "width_d": 0.003912598706699652}