{"numgrasp": 246, "translation_d": 6.148613834857865e-09, "rotation_d": 4.8730996525944984e-05, "width_d": 0.003773096796070254}