{"numgrasp": 263, "translation_d": 5.982353053256084e-09, "rotation_d": 5.037559272922926e-05, "width_d": 0.0034239767422667524}