{"numgrasp": 262, "translation_d": 6.258173355667455e-09, "rotation_d": 5.6005898838614686e-05, "width_d": 0.002781957745054831}