{"numgrasp": 263, "translation_d": 6.1898716076151305e-09, "rotation_d": 5.6480910870937014e-05, "width_d": 0.0028054429692674345}