{"numgrasp": 240, "translation_d": 6.449764555151507e-09, "rotation_d": 4.6865362160725575e-05, "width_d": 0.0029559242889383077}