{"numgrasp": 223, "translation_d": 5.964925697295369e-09, "rotation_d": 4.263732095938024e-05, "width_d": 0.003333876740805564}