{"numgrasp": 234, "translation_d": 6.258798683059156e-09, "rotation_d": 4.248899126693579e-05, "width_d": 0.004086827822710485}