{"numgrasp": 248, "translation_d": 5.912866962818035e-09, "rotation_d": 4.1028153774411256e-05, "width_d": 0.004212041168790923}