{"numgrasp": 244, "translation_d": 6.100711429841496e-09, "rotation_d": 4.1085409155408593e-05, "width_d": 0.004482690004245126}