{"numgrasp": 229, "translation_d": 5.979908663295079e-09, "rotation_d": 4.287807146925203e-05, "width_d": 0.004901526300313072}