{"numgrasp": 224, "translation_d": 5.292489261706854e-09, "rotation_d": 4.132667727643918e-05, "width_d": 0.004514310989696796}