{"numgrasp": 248, "translation_d": 5.744462936660515e-09, "rotation_d": 3.857196217658653e-05, "width_d": 0.003591302233806176}