{"numgrasp": 238, "translation_d": 5.75352717328253e-09, "rotation_d": 3.9060773853689376e-05, "width_d": 0.0031965646557027875}