{"numgrasp": 244, "translation_d": 6.1600732630284044e-09, "rotation_d": 3.888372575215742e-05, "width_d": 0.003247316021845428}