{"numgrasp": 245, "translation_d": 6.092975859378106e-09, "rotation_d": 3.822726255464807e-05, "width_d": 0.003032437129624521}