{"numgrasp": 250, "translation_d": 6.020413784255708e-09, "rotation_d": 3.9383515687022854e-05, "width_d": 0.002862912911506159}