{"numgrasp": 247, "translation_d": 5.4899123044399085e-09, "rotation_d": 4.520427060741926e-05, "width_d": 0.003371307276339838}