{"numgrasp": 509, "translation_d": 6.571826500403563e-09, "rotation_d": 4.958442270289523e-05, "width_d": 0.004110012958690874}