{"numgrasp": 481, "translation_d": 6.1191080542184166e-09, "rotation_d": 4.7899780186385484e-05, "width_d": 0.004316038982996407}