{"numgrasp": 529, "translation_d": 6.46255167478695e-09, "rotation_d": 4.5037427712702396e-05, "width_d": 0.0033076399902362556}