{"numgrasp": 568, "translation_d": 6.247015858383627e-09, "rotation_d": 4.6164387421359907e-05, "width_d": 0.0026237779291681234}