{"numgrasp": 582, "translation_d": 6.248545361887114e-09, "rotation_d": 4.886448561002331e-05, "width_d": 0.002194710984752554}