{"numgrasp": 528, "translation_d": 6.1904115901430255e-09, "rotation_d": 3.952664536320908e-05, "width_d": 0.0031553921522785365}