{"numgrasp": 506, "translation_d": 6.184451370857846e-09, "rotation_d": 3.907488776195701e-05, "width_d": 0.0039522147702196}