{"numgrasp": 568, "translation_d": 5.7050034308404356e-09, "rotation_d": 4.123502034291058e-05, "width_d": 0.0030925374835490313}