{"numgrasp": 577, "translation_d": 5.715123797964507e-09, "rotation_d": 5.6057225820688946e-05, "width_d": 0.002347194092992687}