{"numgrasp": 567, "translation_d": 5.705634067457877e-09, "rotation_d": 5.013884123485463e-05, "width_d": 0.003183337798568324}