{"numgrasp": 512, "translation_d": 5.589491491435044e-09, "rotation_d": 4.820993450652282e-05, "width_d": 0.003915037392369796}