{"numgrasp": 473, "translation_d": 5.522069141160722e-09, "rotation_d": 4.870856658839943e-05, "width_d": 0.004196273823558975}