{"numgrasp": 505, "translation_d": 5.5102443710475e-09, "rotation_d": 5.392189597125745e-05, "width_d": 0.004182132727515516}