{"numgrasp": 512, "translation_d": 5.705052191000751e-09, "rotation_d": 5.50787128443239e-05, "width_d": 0.004012711886651967}