{"numgrasp": 527, "translation_d": 5.437143834401994e-09, "rotation_d": 5.621579334132282e-05, "width_d": 0.0034524890466169538}