{"numgrasp": 543, "translation_d": 5.5768493157127854e-09, "rotation_d": 5.6643080376871025e-05, "width_d": 0.00341616076626959}