{"numgrasp": 553, "translation_d": 5.802610559655263e-09, "rotation_d": 5.8785342467143254e-05, "width_d": 0.002803395738601622}