{"numgrasp": 583, "translation_d": 5.629879043268765e-09, "rotation_d": 5.8470583746981425e-05, "width_d": 0.0033098816744370992}