{"numgrasp": 565, "translation_d": 5.4881771738826096e-09, "rotation_d": 5.79241769130202e-05, "width_d": 0.0035446758899708723}