{"numgrasp": 429, "translation_d": 5.996202476185299e-09, "rotation_d": 4.8049234782863094e-05, "width_d": 0.005090665490645843}