{"numgrasp": 520, "translation_d": 5.451799148985346e-09, "rotation_d": 5.67831820960714e-05, "width_d": 0.00440683821567312}