{"numgrasp": 521, "translation_d": 5.427782463468892e-09, "rotation_d": 5.671011983553024e-05, "width_d": 0.004532066715307721}