{"numgrasp": 517, "translation_d": 5.50961067403226e-09, "rotation_d": 5.5292183838760206e-05, "width_d": 0.0047782192477032175}