{"numgrasp": 535, "translation_d": 5.446148015357563e-09, "rotation_d": 5.5759381295193714e-05, "width_d": 0.004024688125752945}