{"numgrasp": 584, "translation_d": 5.413343457143245e-09, "rotation_d": 5.225888380565864e-05, "width_d": 0.0031886738355022043}