{"numgrasp": 566, "translation_d": 5.334816054487733e-09, "rotation_d": 4.935022051958327e-05, "width_d": 0.002877983907252335}