{"numgrasp": 587, "translation_d": 5.544450483494166e-09, "rotation_d": 4.6497865960443623e-05, "width_d": 0.003438786507612675}