{"numgrasp": 588, "translation_d": 5.533106075130731e-09, "rotation_d": 4.761197778173024e-05, "width_d": 0.003626168842947766}