{"numgrasp": 559, "translation_d": 5.37262547890689e-09, "rotation_d": 4.763625709920481e-05, "width_d": 0.003723008788055522}