{"numgrasp": 546, "translation_d": 5.391688253880964e-09, "rotation_d": 4.8527644759489226e-05, "width_d": 0.004041975256666435}