{"numgrasp": 495, "translation_d": 4.919154138287112e-09, "rotation_d": 4.4662809800465366e-05, "width_d": 0.005283514676434074}