{"numgrasp": 529, "translation_d": 5.241620032114908e-09, "rotation_d": 4.298411718610418e-05, "width_d": 0.00493275626270388}