{"numgrasp": 545, "translation_d": 5.489093037548032e-09, "rotation_d": 4.200512729272156e-05, "width_d": 0.004241387488750265}