{"numgrasp": 539, "translation_d": 5.207107251051814e-09, "rotation_d": 4.176592503884301e-05, "width_d": 0.0039929091058990285}