{"numgrasp": 601, "translation_d": 5.305454158142165e-09, "rotation_d": 4.0659323901561e-05, "width_d": 0.0027902146662991765}