{"numgrasp": 550, "translation_d": 5.122997751743692e-09, "rotation_d": 4.391361613304588e-05, "width_d": 0.0029599456902598994}