{"numgrasp": 582, "translation_d": 5.236209428667595e-09, "rotation_d": 4.416375747518268e-05, "width_d": 0.003363186266352922}