{"numgrasp": 530, "translation_d": 5.193511458280217e-09, "rotation_d": 4.037753505222773e-05, "width_d": 0.003923484004934665}