{"numgrasp": 529, "translation_d": 4.9263813969448396e-09, "rotation_d": 4.118548387691976e-05, "width_d": 0.004135969094614869}