{"numgrasp": 473, "translation_d": 4.704638982076925e-09, "rotation_d": 4.087014023299802e-05, "width_d": 0.005260141807795554}