{"numgrasp": 475, "translation_d": 6.489101947341646e-09, "rotation_d": 4.096145654562072e-05, "width_d": 0.0033304645861748057}