{"numgrasp": 464, "translation_d": 6.531225007924339e-09, "rotation_d": 4.628642239259066e-05, "width_d": 0.0031904089223977823}