{"numgrasp": 450, "translation_d": 6.600127144144571e-09, "rotation_d": 4.053380489371098e-05, "width_d": 0.002960541416349225}