{"numgrasp": 510, "translation_d": 6.527187350993099e-09, "rotation_d": 4.6365934362150254e-05, "width_d": 0.0032452456274963378}