{"numgrasp": 515, "translation_d": 6.451933208291119e-09, "rotation_d": 4.8267123752909434e-05, "width_d": 0.0038802434820571323}