{"numgrasp": 510, "translation_d": 5.957968156547007e-09, "rotation_d": 5.22242866870567e-05, "width_d": 0.005012896251797186}