{"numgrasp": 526, "translation_d": 6.420953253583706e-09, "rotation_d": 5.5409622423778084e-05, "width_d": 0.004747699312524464}