{"numgrasp": 527, "translation_d": 6.126835690298051e-09, "rotation_d": 5.5037626259912406e-05, "width_d": 0.004607318862144559}