{"numgrasp": 486, "translation_d": 6.4368935434595855e-09, "rotation_d": 4.222697519031095e-05, "width_d": 0.0035284379612213197}