{"numgrasp": 550, "translation_d": 6.300064648843615e-09, "rotation_d": 5.545932885875e-05, "width_d": 0.00406273370952533}