{"numgrasp": 559, "translation_d": 6.672552516765297e-09, "rotation_d": 4.351729369239235e-05, "width_d": 0.0027534915419846926}