{"numgrasp": 581, "translation_d": 6.626223969008972e-09, "rotation_d": 5.36062043441001e-05, "width_d": 0.002792090591840937}