{"numgrasp": 560, "translation_d": 6.62205313337058e-09, "rotation_d": 5.6309813222251006e-05, "width_d": 0.00286681992990675}