{"numgrasp": 554, "translation_d": 6.483762050040119e-09, "rotation_d": 5.7679213755322736e-05, "width_d": 0.002926526662313999}