{"numgrasp": 565, "translation_d": 6.513430776175469e-09, "rotation_d": 5.8260214449011474e-05, "width_d": 0.003568793364146387}