{"numgrasp": 547, "translation_d": 6.536051914765945e-09, "rotation_d": 5.8008151784583794e-05, "width_d": 0.0039915940950278036}