{"numgrasp": 565, "translation_d": 6.404628403109131e-09, "rotation_d": 5.749027219527717e-05, "width_d": 0.0041270564779734694}