{"numgrasp": 509, "translation_d": 6.543383953383659e-09, "rotation_d": 5.612119187308684e-05, "width_d": 0.004851008357804241}