{"numgrasp": 472, "translation_d": 6.402768256057156e-09, "rotation_d": 5.3222196570460545e-05, "width_d": 0.004449771182544428}