{"numgrasp": 537, "translation_d": 6.50502137613263e-09, "rotation_d": 5.578047041037469e-05, "width_d": 0.00402003144869781}