{"numgrasp": 568, "translation_d": 6.628600618510111e-09, "rotation_d": 5.729590166916795e-05, "width_d": 0.0035920238162391164}