{"numgrasp": 550, "translation_d": 6.33402969799964e-09, "rotation_d": 5.880107217809215e-05, "width_d": 0.003159973288315789}