{"numgrasp": 558, "translation_d": 6.856496547335614e-09, "rotation_d": 5.882376979272849e-05, "width_d": 0.003037306595674127}