{"numgrasp": 565, "translation_d": 6.435937655779687e-09, "rotation_d": 5.896460025107868e-05, "width_d": 0.0029368970327526955}