{"numgrasp": 571, "translation_d": 6.543654924949743e-09, "rotation_d": 5.836950484450511e-05, "width_d": 0.002517340335315488}