{"numgrasp": 576, "translation_d": 6.3269851301048666e-09, "rotation_d": 5.7538511942167224e-05, "width_d": 0.00242471438691982}