{"numgrasp": 575, "translation_d": 6.531825866760788e-09, "rotation_d": 5.594029277752056e-05, "width_d": 0.0026424755158757376}