{"numgrasp": 550, "translation_d": 6.503902197563413e-09, "rotation_d": 5.200123622809493e-05, "width_d": 0.003433909886265204}