{"numgrasp": 332, "translation_d": 5.650718985860306e-09, "rotation_d": 5.024067417827785e-05, "width_d": 0.005075630877467941}