{"numgrasp": 313, "translation_d": 5.244213957819791e-09, "rotation_d": 4.530572283211077e-05, "width_d": 0.005313964039563873}