{"numgrasp": 328, "translation_d": 5.296515752241936e-09, "rotation_d": 4.449809466729167e-05, "width_d": 0.00449902122277062}