{"numgrasp": 321, "translation_d": 5.426163999076838e-09, "rotation_d": 4.459302155901748e-05, "width_d": 0.004481308809185059}