{"numgrasp": 330, "translation_d": 5.416800909534263e-09, "rotation_d": 4.4512833207196424e-05, "width_d": 0.00457674356674477}