{"numgrasp": 320, "translation_d": 5.337056004353766e-09, "rotation_d": 4.473686917566158e-05, "width_d": 0.004500747356568155}