{"numgrasp": 269, "translation_d": 5.8377165881025245e-09, "rotation_d": 4.3639580434816584e-05, "width_d": 0.0031145031058360728}