{"numgrasp": 331, "translation_d": 5.635745308445308e-09, "rotation_d": 4.487347182715376e-05, "width_d": 0.004603318772826629}