{"numgrasp": 326, "translation_d": 5.621129166727661e-09, "rotation_d": 4.464631818104648e-05, "width_d": 0.0045235729869472115}