{"numgrasp": 331, "translation_d": 5.413012700526185e-09, "rotation_d": 4.469113017638824e-05, "width_d": 0.0046019145532991265}