{"numgrasp": 331, "translation_d": 5.525909975956945e-09, "rotation_d": 4.469782218775587e-05, "width_d": 0.0045588167221504204}