{"numgrasp": 323, "translation_d": 5.2160350859875395e-09, "rotation_d": 4.4478281135876884e-05, "width_d": 0.0044685078717658895}