{"numgrasp": 323, "translation_d": 5.5555954531379886e-09, "rotation_d": 4.462687816871846e-05, "width_d": 0.004474612703024256}