{"numgrasp": 326, "translation_d": 5.39113676362322e-09, "rotation_d": 4.4726940115923774e-05, "width_d": 0.004514933884729512}