{"numgrasp": 320, "translation_d": 5.3788649425158655e-09, "rotation_d": 4.480198853455751e-05, "width_d": 0.0044855742608050034}