{"numgrasp": 322, "translation_d": 5.367396201801225e-09, "rotation_d": 4.4597219240038335e-05, "width_d": 0.004438158972693626}