{"numgrasp": 326, "translation_d": 5.384235978262025e-09, "rotation_d": 4.4786450338924966e-05, "width_d": 0.004489696143868808}