{"numgrasp": 319, "translation_d": 5.408992618988359e-09, "rotation_d": 4.45971459788729e-05, "width_d": 0.004445993202263257}