{"numgrasp": 322, "translation_d": 5.352179026098351e-09, "rotation_d": 4.449213400679974e-05, "width_d": 0.004478067307409442}