{"numgrasp": 322, "translation_d": 5.163857930815107e-09, "rotation_d": 4.461241818224743e-05, "width_d": 0.004458929878005962}