{"numgrasp": 333, "translation_d": 5.46087395075504e-09, "rotation_d": 4.4539990405509776e-05, "width_d": 0.004670893581948706}