{"numgrasp": 323, "translation_d": 5.252027351573798e-09, "rotation_d": 4.4607947108007094e-05, "width_d": 0.0044656806855532145}