{"numgrasp": 322, "translation_d": 5.360125420646298e-09, "rotation_d": 4.47029688807048e-05, "width_d": 0.004449120584248388}