{"numgrasp": 326, "translation_d": 5.316449259806443e-09, "rotation_d": 4.4583460616352775e-05, "width_d": 0.004543673796479886}