{"numgrasp": 321, "translation_d": 5.268758099198653e-09, "rotation_d": 4.478460232222874e-05, "width_d": 0.004506806893358045}