{"numgrasp": 321, "translation_d": 5.2831196010967465e-09, "rotation_d": 4.469215072937319e-05, "width_d": 0.004452577504161309}