{"numgrasp": 328, "translation_d": 5.378968947536989e-09, "rotation_d": 4.4461533366534675e-05, "width_d": 0.004573042283881446}