{"numgrasp": 324, "translation_d": 5.275936568234521e-09, "rotation_d": 4.455156990984648e-05, "width_d": 0.00446695414688754}