{"numgrasp": 322, "translation_d": 5.556275298074463e-09, "rotation_d": 4.457064123074147e-05, "width_d": 0.00444770813228758}