{"numgrasp": 325, "translation_d": 5.356475417058278e-09, "rotation_d": 4.4793335560139926e-05, "width_d": 0.0045202661547889275}