{"numgrasp": 250, "translation_d": 6.013174538051378e-09, "rotation_d": 4.7257830198222077e-05, "width_d": 0.00403649087915323}