{"numgrasp": 324, "translation_d": 5.515533296950087e-09, "rotation_d": 4.47489636255035e-05, "width_d": 0.004433965551909124}