{"numgrasp": 320, "translation_d": 5.2664992180937646e-09, "rotation_d": 4.4690398039361414e-05, "width_d": 0.004472215803431402}