{"numgrasp": 321, "translation_d": 5.395668946056807e-09, "rotation_d": 4.4750248557674934e-05, "width_d": 0.004443102893387038}