{"numgrasp": 323, "translation_d": 5.397200614496991e-09, "rotation_d": 4.457722665022003e-05, "width_d": 0.004476818742008997}