{"numgrasp": 327, "translation_d": 5.2950560142746964e-09, "rotation_d": 4.483903493371641e-05, "width_d": 0.00460575284140341}