{"numgrasp": 327, "translation_d": 5.189387724326015e-09, "rotation_d": 4.453476656836623e-05, "width_d": 0.004531417289907078}