{"numgrasp": 255, "translation_d": 5.76452437641267e-09, "rotation_d": 4.5070912151928805e-05, "width_d": 0.003390281601489318}