{"numgrasp": 326, "translation_d": 5.504259857184364e-09, "rotation_d": 4.4907881422143507e-05, "width_d": 0.004583329390653303}