{"numgrasp": 325, "translation_d": 5.358697168702226e-09, "rotation_d": 4.4337156084818335e-05, "width_d": 0.004468615725274526}