{"numgrasp": 328, "translation_d": 5.596101629263456e-09, "rotation_d": 4.46457269066034e-05, "width_d": 0.004539514312839694}