{"numgrasp": 321, "translation_d": 5.470800824524502e-09, "rotation_d": 4.4596065684700576e-05, "width_d": 0.004442140223510636}