{"numgrasp": 286, "translation_d": 6.386178442831784e-09, "rotation_d": 4.664753570196447e-05, "width_d": 0.0034991014304856082}