{"numgrasp": 322, "translation_d": 5.2759505070252056e-09, "rotation_d": 4.455255271434338e-05, "width_d": 0.004451870347143005}