{"numgrasp": 322, "translation_d": 5.342737119011424e-09, "rotation_d": 4.4730048021052026e-05, "width_d": 0.004493777031553398}