{"numgrasp": 322, "translation_d": 5.522527068841662e-09, "rotation_d": 4.470576541793739e-05, "width_d": 0.004469404170281369}