{"numgrasp": 325, "translation_d": 5.215624908922344e-09, "rotation_d": 4.4417229071926146e-05, "width_d": 0.004454760531993106}