{"numgrasp": 300, "translation_d": 6.148524341296656e-09, "rotation_d": 4.7166178932422355e-05, "width_d": 0.0037325341720828285}