{"numgrasp": 325, "translation_d": 5.298765785977302e-09, "rotation_d": 4.444530007138766e-05, "width_d": 0.004459298578561448}