{"numgrasp": 327, "translation_d": 5.311735977122461e-09, "rotation_d": 4.478120668721904e-05, "width_d": 0.004545689662259393}