{"numgrasp": 322, "translation_d": 5.458191568129319e-09, "rotation_d": 4.4686842590000585e-05, "width_d": 0.004449392278539448}