{"numgrasp": 313, "translation_d": 6.3902822168764344e-09, "rotation_d": 4.695029444500964e-05, "width_d": 0.0034699737740788886}