{"numgrasp": 326, "translation_d": 5.5184016832406475e-09, "rotation_d": 4.455924689313931e-05, "width_d": 0.00456432036252578}