{"numgrasp": 326, "translation_d": 5.307624672547954e-09, "rotation_d": 4.4710970481434856e-05, "width_d": 0.00450634620862696}