{"numgrasp": 321, "translation_d": 5.423812399353262e-09, "rotation_d": 4.452351988153712e-05, "width_d": 0.0044116524416450585}