{"numgrasp": 322, "translation_d": 5.295728410403366e-09, "rotation_d": 4.451624767872633e-05, "width_d": 0.004447078680362495}