{"numgrasp": 327, "translation_d": 5.360496589822987e-09, "rotation_d": 4.460289852640048e-05, "width_d": 0.004524902385612822}