{"numgrasp": 322, "translation_d": 5.3383016919892006e-09, "rotation_d": 4.468986416060863e-05, "width_d": 0.0044633974708351955}