{"numgrasp": 327, "translation_d": 5.280666448463598e-09, "rotation_d": 4.464287222428432e-05, "width_d": 0.004540288914974149}