{"numgrasp": 345, "translation_d": 6.518888346723489e-09, "rotation_d": 4.862908916238374e-05, "width_d": 0.0029427934083643185}