{"numgrasp": 309, "translation_d": 6.53278755843887e-09, "rotation_d": 5.1237171356351435e-05, "width_d": 0.0033091806939235455}