{"numgrasp": 326, "translation_d": 6.721290671012234e-09, "rotation_d": 4.995132528890425e-05, "width_d": 0.0033176648132233876}