{"numgrasp": 322, "translation_d": 6.898277203477042e-09, "rotation_d": 4.564560621430939e-05, "width_d": 0.0028092925959781077}