{"numgrasp": 314, "translation_d": 6.581225306623835e-09, "rotation_d": 5.5562039308169066e-05, "width_d": 0.0035435542276781957}