{"numgrasp": 329, "translation_d": 6.650529165209148e-09, "rotation_d": 5.4360803117578085e-05, "width_d": 0.0026885060059025716}