{"numgrasp": 346, "translation_d": 6.684972277651737e-09, "rotation_d": 5.3823658687316783e-05, "width_d": 0.0026245413577856026}