{"numgrasp": 323, "translation_d": 6.5624859936860135e-09, "rotation_d": 5.5221350446648424e-05, "width_d": 0.002686988856513151}