{"numgrasp": 346, "translation_d": 6.559460666965558e-09, "rotation_d": 5.675349408078319e-05, "width_d": 0.0028614096884328638}