{"numgrasp": 324, "translation_d": 6.13636620340772e-09, "rotation_d": 5.762906599170783e-05, "width_d": 0.003376490501198598}