{"numgrasp": 331, "translation_d": 6.233118268132135e-09, "rotation_d": 5.6702020293869755e-05, "width_d": 0.00352626727125987}