{"numgrasp": 328, "translation_d": 6.08350195601189e-09, "rotation_d": 5.559574265439879e-05, "width_d": 0.0038422436250565694}