{"numgrasp": 321, "translation_d": 5.929607410554006e-09, "rotation_d": 5.618363698436521e-05, "width_d": 0.003983107311193089}