{"numgrasp": 312, "translation_d": 5.856638625581898e-09, "rotation_d": 5.657926299632733e-05, "width_d": 0.0050418843626899345}