{"numgrasp": 310, "translation_d": 5.285712836697906e-09, "rotation_d": 5.577945232820059e-05, "width_d": 0.005396911341509617}