{"numgrasp": 312, "translation_d": 5.624213610995598e-09, "rotation_d": 5.541126386618608e-05, "width_d": 0.005016206074377817}