{"numgrasp": 331, "translation_d": 5.922038429694522e-09, "rotation_d": 5.607352227167361e-05, "width_d": 0.004616760450805142}