{"numgrasp": 320, "translation_d": 5.7807548994943985e-09, "rotation_d": 5.484052472221783e-05, "width_d": 0.004434340625244971}