{"numgrasp": 334, "translation_d": 5.8434796106913885e-09, "rotation_d": 5.5418313529218684e-05, "width_d": 0.004211135302409437}