{"numgrasp": 347, "translation_d": 5.725846499297521e-09, "rotation_d": 5.473815016289723e-05, "width_d": 0.003914155405951615}