{"numgrasp": 335, "translation_d": 6.096934763617111e-09, "rotation_d": 5.566733589506788e-05, "width_d": 0.0028742904642981796}