{"numgrasp": 346, "translation_d": 5.957365674263291e-09, "rotation_d": 5.074076292771561e-05, "width_d": 0.0028384078230534056}