{"numgrasp": 346, "translation_d": 5.759614567277409e-09, "rotation_d": 5.03436472601993e-05, "width_d": 0.0037941595717520256}