{"numgrasp": 545, "translation_d": 6.005424575864619e-09, "rotation_d": 5.192574427475338e-05, "width_d": 0.004900410512295706}