{"numgrasp": 595, "translation_d": 5.630934456896843e-09, "rotation_d": 5.025739336892849e-05, "width_d": 0.006533552167592996}