{"numgrasp": 577, "translation_d": 5.512315850931249e-09, "rotation_d": 5.0225530664979306e-05, "width_d": 0.0031784149396188997}