{"numgrasp": 606, "translation_d": 5.454796460812712e-09, "rotation_d": 4.8563730635861006e-05, "width_d": 0.0034650493603544308}