{"numgrasp": 577, "translation_d": 5.5325989559239625e-09, "rotation_d": 4.8990284679353275e-05, "width_d": 0.004433013170518027}