{"numgrasp": 542, "translation_d": 5.5622667785016324e-09, "rotation_d": 4.799844959873236e-05, "width_d": 0.006264433904836324}