{"numgrasp": 567, "translation_d": 5.6179336726163155e-09, "rotation_d": 7.172426438962091e-05, "width_d": 0.0056116214096034595}