{"numgrasp": 544, "translation_d": 5.6069222030708925e-09, "rotation_d": 4.7277169332803274e-05, "width_d": 0.0068399607980448775}