{"numgrasp": 597, "translation_d": 5.647033405479399e-09, "rotation_d": 4.8013256448560524e-05, "width_d": 0.004708648996471953}