{"numgrasp": 611, "translation_d": 5.668102774770864e-09, "rotation_d": 4.845472613333802e-05, "width_d": 0.004087119192660127}