{"numgrasp": 580, "translation_d": 5.6909510696101565e-09, "rotation_d": 4.7731068757369624e-05, "width_d": 0.00291953748397186}