{"numgrasp": 596, "translation_d": 5.742072824736121e-09, "rotation_d": 4.7713203318512e-05, "width_d": 0.0025758170290671608}