{"numgrasp": 566, "translation_d": 5.546014059805659e-09, "rotation_d": 4.713515241998275e-05, "width_d": 0.002082684219566521}