{"numgrasp": 566, "translation_d": 5.750695808540244e-09, "rotation_d": 4.861613038608909e-05, "width_d": 0.0026604109738483355}