{"numgrasp": 598, "translation_d": 5.627268005720824e-09, "rotation_d": 4.885099103859681e-05, "width_d": 0.003736978179061007}