{"numgrasp": 586, "translation_d": 5.980063301570571e-09, "rotation_d": 4.828617003020185e-05, "width_d": 0.004047446088936896}