{"numgrasp": 592, "translation_d": 5.862956185808065e-09, "rotation_d": 4.873332955084216e-05, "width_d": 0.00555505764387487}