{"numgrasp": 571, "translation_d": 5.909173074653665e-09, "rotation_d": 4.7724714803641285e-05, "width_d": 0.005541759456859471}