{"numgrasp": 594, "translation_d": 5.827764067746237e-09, "rotation_d": 4.856755434719287e-05, "width_d": 0.004412318353924135}