{"numgrasp": 585, "translation_d": 5.933768081001525e-09, "rotation_d": 4.9586777609772576e-05, "width_d": 0.0035211540259003824}