{"numgrasp": 587, "translation_d": 5.918145493936241e-09, "rotation_d": 5.063907914625611e-05, "width_d": 0.002620162880012762}