{"numgrasp": 500, "translation_d": 5.721161079159911e-09, "rotation_d": 4.8027442388670224e-05, "width_d": 0.006817117178410913}