{"numgrasp": 578, "translation_d": 5.541953042525897e-09, "rotation_d": 5.066349289719565e-05, "width_d": 0.004407523885571403}