{"numgrasp": 584, "translation_d": 5.596563044769382e-09, "rotation_d": 5.0472052284381184e-05, "width_d": 0.004722615006122397}