{"numgrasp": 588, "translation_d": 5.567007547788802e-09, "rotation_d": 5.117850609288552e-05, "width_d": 0.005047880101051896}