{"numgrasp": 582, "translation_d": 5.664464711430984e-09, "rotation_d": 5.067085550679562e-05, "width_d": 0.00539651046755075}