{"numgrasp": 550, "translation_d": 5.3408658244947774e-09, "rotation_d": 5.191008379762921e-05, "width_d": 0.005415793517887783}