{"numgrasp": 529, "translation_d": 5.051840013886651e-09, "rotation_d": 5.1994782331919154e-05, "width_d": 0.004923085041141956}