{"numgrasp": 520, "translation_d": 5.434731218585006e-09, "rotation_d": 4.7057782173874396e-05, "width_d": 0.005862145685815643}