{"numgrasp": 572, "translation_d": 5.548406435394181e-09, "rotation_d": 5.187968614844713e-05, "width_d": 0.004350784719167853}