{"numgrasp": 601, "translation_d": 5.4406612047411256e-09, "rotation_d": 5.151479704280822e-05, "width_d": 0.003826446850400904}