{"numgrasp": 574, "translation_d": 5.6246079488555185e-09, "rotation_d": 5.304771469211368e-05, "width_d": 0.0035004224401865703}