{"numgrasp": 570, "translation_d": 5.112038754396731e-09, "rotation_d": 5.142080273437404e-05, "width_d": 0.003009248789380268}