{"numgrasp": 611, "translation_d": 5.401777380908958e-09, "rotation_d": 5.1957111617379263e-05, "width_d": 0.0028883406382761087}