{"numgrasp": 515, "translation_d": 5.873302302006456e-09, "rotation_d": 4.8112874790485814e-05, "width_d": 0.005740623915510568}