{"numgrasp": 566, "translation_d": 5.455780986810458e-09, "rotation_d": 5.229747752550739e-05, "width_d": 0.0032397517789703807}