{"numgrasp": 550, "translation_d": 5.367130033472072e-09, "rotation_d": 5.1916637580110644e-05, "width_d": 0.00369538279737109}