{"numgrasp": 562, "translation_d": 5.285815310142607e-09, "rotation_d": 5.2063948771963046e-05, "width_d": 0.004220174030864467}