{"numgrasp": 516, "translation_d": 5.117388190303733e-09, "rotation_d": 5.221669782559148e-05, "width_d": 0.0056898571009006615}