{"numgrasp": 538, "translation_d": 5.351844180160104e-09, "rotation_d": 5.208564774427e-05, "width_d": 0.005739126631855702}