{"numgrasp": 560, "translation_d": 5.279477630032969e-09, "rotation_d": 4.8346022237203304e-05, "width_d": 0.0055949714108918846}