{"numgrasp": 531, "translation_d": 5.3733164339808305e-09, "rotation_d": 5.0733536825551016e-05, "width_d": 0.004797385425366041}