{"numgrasp": 539, "translation_d": 5.357150279614034e-09, "rotation_d": 5.271536938112678e-05, "width_d": 0.003968299063679804}