{"numgrasp": 555, "translation_d": 6.115784214100293e-09, "rotation_d": 4.813078033525098e-05, "width_d": 0.004766493791947676}