{"numgrasp": 498, "translation_d": 5.5985909351405156e-09, "rotation_d": 5.168667015383386e-05, "width_d": 0.003406132607673874}