{"numgrasp": 519, "translation_d": 5.2373768522536596e-09, "rotation_d": 5.0915789860868086e-05, "width_d": 0.004102641035564395}