{"numgrasp": 539, "translation_d": 5.405330406599083e-09, "rotation_d": 4.847691616296154e-05, "width_d": 0.004990349693125124}