{"numgrasp": 579, "translation_d": 6.0862449766812105e-09, "rotation_d": 4.856075619532643e-05, "width_d": 0.004287774407865821}