{"numgrasp": 541, "translation_d": 5.979243055211395e-09, "rotation_d": 4.762185363322789e-05, "width_d": 0.0031472353796469263}