{"numgrasp": 569, "translation_d": 5.996594876004161e-09, "rotation_d": 4.915770072874392e-05, "width_d": 0.004215805103930092}