{"numgrasp": 557, "translation_d": 6.178896139487266e-09, "rotation_d": 4.88870204090597e-05, "width_d": 0.004393783674034831}