{"numgrasp": 522, "translation_d": 6.128014272922233e-09, "rotation_d": 5.278132060670037e-05, "width_d": 0.003482764242976832}