{"numgrasp": 530, "translation_d": 6.075816745571207e-09, "rotation_d": 4.9488510316047535e-05, "width_d": 0.005336462340710079}