{"numgrasp": 505, "translation_d": 5.6527190545608555e-09, "rotation_d": 4.954751282169117e-05, "width_d": 0.00574936914444238}