{"numgrasp": 464, "translation_d": 5.4938295604288364e-09, "rotation_d": 5.253402550040612e-05, "width_d": 0.006698936233450979}