{"numgrasp": 505, "translation_d": 6.057986020674771e-09, "rotation_d": 5.179150259433526e-05, "width_d": 0.0052722862754805006}