{"numgrasp": 525, "translation_d": 6.172246654857113e-09, "rotation_d": 5.010329885097372e-05, "width_d": 0.004688174772377708}