{"numgrasp": 543, "translation_d": 5.993127364928243e-09, "rotation_d": 4.802138424091179e-05, "width_d": 0.003006367308354478}