{"numgrasp": 487, "translation_d": 5.931125861669072e-09, "rotation_d": 4.876949127009761e-05, "width_d": 0.0026140031217174705}