{"numgrasp": 525, "translation_d": 6.013413543540184e-09, "rotation_d": 5.057869679106521e-05, "width_d": 0.0029395683609289157}