{"numgrasp": 524, "translation_d": 5.943893404201549e-09, "rotation_d": 5.125490621823672e-05, "width_d": 0.0034883334491515655}