{"numgrasp": 523, "translation_d": 5.981863718345956e-09, "rotation_d": 5.1945924678243146e-05, "width_d": 0.003753610141111705}