{"numgrasp": 530, "translation_d": 6.21512426676976e-09, "rotation_d": 5.153093718162798e-05, "width_d": 0.004330367886142397}