{"numgrasp": 530, "translation_d": 6.056353854049745e-09, "rotation_d": 5.1636266889264105e-05, "width_d": 0.004993313788856547}