{"numgrasp": 503, "translation_d": 6.122192163603891e-09, "rotation_d": 5.2497171821359606e-05, "width_d": 0.00548693301548275}