{"numgrasp": 470, "translation_d": 5.895475206524649e-09, "rotation_d": 4.813617689191287e-05, "width_d": 0.006738647692448924}