{"numgrasp": 506, "translation_d": 6.1753499813780135e-09, "rotation_d": 4.934725981547234e-05, "width_d": 0.006153808442886449}