{"numgrasp": 482, "translation_d": 6.0798621782779315e-09, "rotation_d": 5.024344349044677e-05, "width_d": 0.005307890854159375}