{"numgrasp": 556, "translation_d": 5.751347602383625e-09, "rotation_d": 4.863033528402145e-05, "width_d": 0.004670057042068865}