{"numgrasp": 499, "translation_d": 6.238152482116302e-09, "rotation_d": 5.185603506645956e-05, "width_d": 0.004747588248510017}