{"numgrasp": 537, "translation_d": 6.1662429947662026e-09, "rotation_d": 5.382158986719004e-05, "width_d": 0.0035793576790025972}