{"numgrasp": 522, "translation_d": 6.2693313865553475e-09, "rotation_d": 5.3845808319730876e-05, "width_d": 0.0032789166594839646}