{"numgrasp": 515, "translation_d": 5.855026087961294e-09, "rotation_d": 5.2492441798422314e-05, "width_d": 0.0025540428020717557}