{"numgrasp": 525, "translation_d": 5.981001514097116e-09, "rotation_d": 5.1400947503389735e-05, "width_d": 0.004484346394874123}