{"numgrasp": 415, "translation_d": 6.109660519063294e-09, "rotation_d": 4.3721122459971434e-05, "width_d": 0.004501062227964984}