{"numgrasp": 406, "translation_d": 6.0400735180211935e-09, "rotation_d": 4.218390880653774e-05, "width_d": 0.004592239158398716}