{"numgrasp": 412, "translation_d": 6.0354100881194455e-09, "rotation_d": 4.1575127972941815e-05, "width_d": 0.004376205352317938}