{"numgrasp": 423, "translation_d": 6.189524949964528e-09, "rotation_d": 4.061562168942961e-05, "width_d": 0.0037040890494445832}