{"numgrasp": 390, "translation_d": 6.289312997115115e-09, "rotation_d": 3.9190940263552744e-05, "width_d": 0.003687963773892124}