{"numgrasp": 507, "translation_d": 6.699811212655169e-09, "rotation_d": 4.0365113665261615e-05, "width_d": 0.00558265935875642}