{"numgrasp": 397, "translation_d": 6.276779052475011e-09, "rotation_d": 3.95777295429107e-05, "width_d": 0.003916282630697496}