{"numgrasp": 417, "translation_d": 6.293728491281687e-09, "rotation_d": 4.3820935203941764e-05, "width_d": 0.0038011149096195814}