{"numgrasp": 446, "translation_d": 5.926810991417285e-09, "rotation_d": 4.3956463689194765e-05, "width_d": 0.004113006011077578}