{"numgrasp": 386, "translation_d": 6.027866227379665e-09, "rotation_d": 4.3942426302993496e-05, "width_d": 0.004528525776812262}