{"numgrasp": 398, "translation_d": 6.035988804743725e-09, "rotation_d": 4.407328992089314e-05, "width_d": 0.0047521541031229665}