{"numgrasp": 389, "translation_d": 5.990992485694674e-09, "rotation_d": 4.8213230411669074e-05, "width_d": 0.004671156146400043}