{"numgrasp": 428, "translation_d": 5.9509828570251615e-09, "rotation_d": 4.836110765096457e-05, "width_d": 0.004786570995887751}