{"numgrasp": 448, "translation_d": 6.084589563710792e-09, "rotation_d": 4.972116636566947e-05, "width_d": 0.004331535884799271}