{"numgrasp": 438, "translation_d": 6.0305028609295125e-09, "rotation_d": 5.007590404713612e-05, "width_d": 0.004390604021337557}