{"numgrasp": 434, "translation_d": 5.691843016944379e-09, "rotation_d": 5.140615738061028e-05, "width_d": 0.004142524863341536}