{"numgrasp": 444, "translation_d": 5.925738932004663e-09, "rotation_d": 5.150097033672052e-05, "width_d": 0.004241599426701359}