{"numgrasp": 455, "translation_d": 5.922624156634518e-09, "rotation_d": 5.2231278132536325e-05, "width_d": 0.004265795747857079}