{"numgrasp": 424, "translation_d": 5.794462543583542e-09, "rotation_d": 5.601230028424462e-05, "width_d": 0.004005363336773064}