{"numgrasp": 471, "translation_d": 5.588597973782854e-09, "rotation_d": 5.620049743447674e-05, "width_d": 0.004840104778780693}