{"numgrasp": 480, "translation_d": 6.6197164137998935e-09, "rotation_d": 4.461676063957709e-05, "width_d": 0.00613209919875184}