{"numgrasp": 442, "translation_d": 5.6916043189197e-09, "rotation_d": 5.34668925149173e-05, "width_d": 0.00507365758561272}