{"numgrasp": 461, "translation_d": 5.372230497646999e-09, "rotation_d": 5.630345334355042e-05, "width_d": 0.0057879038353393225}