{"numgrasp": 484, "translation_d": 5.45139544322815e-09, "rotation_d": 5.807498565982986e-05, "width_d": 0.005411272753128666}