{"numgrasp": 537, "translation_d": 5.54282641514586e-09, "rotation_d": 5.831034930332162e-05, "width_d": 0.005465358930037027}