{"numgrasp": 522, "translation_d": 5.502772431521643e-09, "rotation_d": 4.526853857417061e-05, "width_d": 0.0054093928374401405}