{"numgrasp": 523, "translation_d": 5.687608838466881e-09, "rotation_d": 4.895680432210903e-05, "width_d": 0.005449515177555446}