{"numgrasp": 525, "translation_d": 5.6660258057305626e-09, "rotation_d": 5.061495041270276e-05, "width_d": 0.005828191621837223}