{"numgrasp": 514, "translation_d": 5.492405141248907e-09, "rotation_d": 5.20603107778219e-05, "width_d": 0.006456960344841011}