{"numgrasp": 517, "translation_d": 5.5551495275506015e-09, "rotation_d": 5.276414863154901e-05, "width_d": 0.006149383189361364}