{"numgrasp": 514, "translation_d": 5.6364628601247265e-09, "rotation_d": 5.3630317567626255e-05, "width_d": 0.006215750083611546}