{"numgrasp": 508, "translation_d": 5.566562809098784e-09, "rotation_d": 5.4170196992007306e-05, "width_d": 0.006319480764509002}