{"numgrasp": 535, "translation_d": 5.424545251810876e-09, "rotation_d": 5.449799185590787e-05, "width_d": 0.006439030498186625}