{"numgrasp": 499, "translation_d": 5.268265149566232e-09, "rotation_d": 5.5523693435663433e-05, "width_d": 0.006764602238233132}