{"numgrasp": 512, "translation_d": 5.31633733337628e-09, "rotation_d": 5.548190975434554e-05, "width_d": 0.006403794049898523}