{"numgrasp": 520, "translation_d": 5.3178538795361015e-09, "rotation_d": 4.9593142968477725e-05, "width_d": 0.007111536954556042}