{"numgrasp": 529, "translation_d": 5.571472777929259e-09, "rotation_d": 4.888781322462393e-05, "width_d": 0.006801435521583451}