{"numgrasp": 464, "translation_d": 6.0640894279102395e-09, "rotation_d": 4.5597690426357976e-05, "width_d": 0.0052906548082243135}