{"numgrasp": 544, "translation_d": 5.4078767503258404e-09, "rotation_d": 4.7831192345970975e-05, "width_d": 0.006947207724496585}