{"numgrasp": 529, "translation_d": 5.595259741786242e-09, "rotation_d": 4.594278574107572e-05, "width_d": 0.006250304796997199}