{"numgrasp": 528, "translation_d": 5.318130991571266e-09, "rotation_d": 4.2482817771364423e-05, "width_d": 0.006138718343249281}