{"numgrasp": 520, "translation_d": 5.134330735872299e-09, "rotation_d": 3.876844901887694e-05, "width_d": 0.006043056889101692}