{"numgrasp": 517, "translation_d": 5.226739507319822e-09, "rotation_d": 3.85266441651736e-05, "width_d": 0.0071186513926922235}