{"numgrasp": 538, "translation_d": 5.296374540697174e-09, "rotation_d": 4.1638760090918635e-05, "width_d": 0.007309961872653423}