{"numgrasp": 507, "translation_d": 6.326815690214818e-09, "rotation_d": 5.02076505008676e-05, "width_d": 0.005560157982572114}