{"numgrasp": 495, "translation_d": 5.393649063134572e-09, "rotation_d": 3.952345838003594e-05, "width_d": 0.0076692427854230145}