{"numgrasp": 495, "translation_d": 5.258273760369884e-09, "rotation_d": 4.1976607004765787e-05, "width_d": 0.007064318587900635}