{"numgrasp": 475, "translation_d": 5.038713203474405e-09, "rotation_d": 3.6349797687751404e-05, "width_d": 0.007890034385190557}