{"numgrasp": 496, "translation_d": 6.449785522960112e-09, "rotation_d": 4.865177850386595e-05, "width_d": 0.00583571824801204}