{"numgrasp": 484, "translation_d": 5.031663709815935e-09, "rotation_d": 3.7981420157918786e-05, "width_d": 0.00777937083271934}