{"numgrasp": 528, "translation_d": 5.051350416994153e-09, "rotation_d": 3.702788711070529e-05, "width_d": 0.007455461026956372}