{"numgrasp": 532, "translation_d": 5.388199657980675e-09, "rotation_d": 3.800363812250522e-05, "width_d": 0.007137720501530144}