{"numgrasp": 501, "translation_d": 5.239400858110298e-09, "rotation_d": 3.825001890728387e-05, "width_d": 0.006812935250488331}