{"numgrasp": 504, "translation_d": 6.513291041104689e-09, "rotation_d": 4.722724986088176e-05, "width_d": 0.005626884193648448}