{"numgrasp": 486, "translation_d": 4.975597252125929e-09, "rotation_d": 4.4685055001658355e-05, "width_d": 0.007184352146767636}