{"numgrasp": 449, "translation_d": 4.773593121121362e-09, "rotation_d": 4.052902096048666e-05, "width_d": 0.007713137687170554}