{"numgrasp": 488, "translation_d": 6.095521073800197e-09, "rotation_d": 4.453536274540406e-05, "width_d": 0.00515390139663733}