{"numgrasp": 491, "translation_d": 6.285923416185194e-09, "rotation_d": 3.852417637697556e-05, "width_d": 0.005541463212759132}