{"numgrasp": 490, "translation_d": 6.1735476059990316e-09, "rotation_d": 3.462605096132581e-05, "width_d": 0.0053832083190758755}