{"numgrasp": 481, "translation_d": 6.038650369713234e-09, "rotation_d": 3.6159240170599985e-05, "width_d": 0.0053625606840886735}