{"numgrasp": 492, "translation_d": 5.893740332844716e-09, "rotation_d": 5.321644306145249e-05, "width_d": 0.005032899572251209}