{"numgrasp": 509, "translation_d": 6.262730932566384e-09, "rotation_d": 5.5716404094439496e-05, "width_d": 0.00527955931693929}