{"numgrasp": 484, "translation_d": 6.103810674337169e-09, "rotation_d": 5.654996623551042e-05, "width_d": 0.005226205569156922}