{"numgrasp": 483, "translation_d": 6.3449302568079884e-09, "rotation_d": 5.6437697980581015e-05, "width_d": 0.005124395485948325}