{"numgrasp": 479, "translation_d": 6.510948141607143e-09, "rotation_d": 3.428144309783347e-05, "width_d": 0.005234588572147241}