{"numgrasp": 494, "translation_d": 6.13976619545854e-09, "rotation_d": 5.603874769847635e-05, "width_d": 0.005137554238674618}