{"numgrasp": 494, "translation_d": 6.1138561672104594e-09, "rotation_d": 5.673656011625387e-05, "width_d": 0.005329059734104194}