{"numgrasp": 482, "translation_d": 6.101456943354922e-09, "rotation_d": 5.7221708452015205e-05, "width_d": 0.005431052544554151}