{"numgrasp": 482, "translation_d": 6.044324823690804e-09, "rotation_d": 5.6770610107466535e-05, "width_d": 0.005197454487024491}