{"numgrasp": 437, "translation_d": 5.689987375918525e-09, "rotation_d": 5.962592700218391e-05, "width_d": 0.004614503383034587}