{"numgrasp": 440, "translation_d": 5.815183007657365e-09, "rotation_d": 6.12556600310276e-05, "width_d": 0.004678893752879826}