{"numgrasp": 495, "translation_d": 6.372119454786932e-09, "rotation_d": 3.507365929985882e-05, "width_d": 0.005317481276649998}