{"numgrasp": 489, "translation_d": 6.041676556755009e-09, "rotation_d": 5.48507286506939e-05, "width_d": 0.005537075647263405}