{"numgrasp": 424, "translation_d": 5.9357257122740265e-09, "rotation_d": 6.0347127516593276e-05, "width_d": 0.004322757190496321}