{"numgrasp": 434, "translation_d": 6.131791047980177e-09, "rotation_d": 5.46055980303602e-05, "width_d": 0.0049768688779988505}