{"numgrasp": 439, "translation_d": 6.03342036115596e-09, "rotation_d": 5.2706661739090824e-05, "width_d": 0.005301275761753118}