{"numgrasp": 418, "translation_d": 5.6489390630646265e-09, "rotation_d": 4.7135417387651834e-05, "width_d": 0.005045880026891208}