{"numgrasp": 427, "translation_d": 5.934655511961525e-09, "rotation_d": 4.934189675146803e-05, "width_d": 0.004919609534700918}