{"numgrasp": 422, "translation_d": 5.733786484188691e-09, "rotation_d": 4.974984025003782e-05, "width_d": 0.004174158417864468}