{"numgrasp": 419, "translation_d": 5.7321610697220965e-09, "rotation_d": 5.030454189349764e-05, "width_d": 0.0042647628020736844}