{"numgrasp": 414, "translation_d": 5.683053170076224e-09, "rotation_d": 5.207634705791028e-05, "width_d": 0.004281257192946948}