{"numgrasp": 409, "translation_d": 6.1404287074740236e-09, "rotation_d": 5.3762074844426756e-05, "width_d": 0.004073378245826002}