{"numgrasp": 409, "translation_d": 5.8538062582405e-09, "rotation_d": 4.815268971809661e-05, "width_d": 0.003881292101402437}