{"numgrasp": 427, "translation_d": 5.8232524975668645e-09, "rotation_d": 4.7598451928969305e-05, "width_d": 0.004088516681837854}