{"numgrasp": 421, "translation_d": 5.9803128683884526e-09, "rotation_d": 4.4441284287801535e-05, "width_d": 0.004227690960679488}