{"numgrasp": 424, "translation_d": 5.957897546760183e-09, "rotation_d": 4.377648043485513e-05, "width_d": 0.003968369358835504}