{"numgrasp": 236, "translation_d": 6.108934196934246e-09, "rotation_d": 4.76414331531319e-05, "width_d": 0.0034774475696586864}