{"numgrasp": 251, "translation_d": 5.601405026753996e-09, "rotation_d": 5.574664298118437e-05, "width_d": 0.0046958678438592675}