{"numgrasp": 223, "translation_d": 5.139483780347449e-09, "rotation_d": 5.8951632622426814e-05, "width_d": 0.004787607036648839}