{"numgrasp": 237, "translation_d": 5.486334746180213e-09, "rotation_d": 5.539729491380088e-05, "width_d": 0.004423969198013433}