{"numgrasp": 251, "translation_d": 5.914802712575172e-09, "rotation_d": 5.532534419828921e-05, "width_d": 0.004531803980317897}