{"numgrasp": 253, "translation_d": 5.881318496957296e-09, "rotation_d": 5.4589731536091863e-05, "width_d": 0.003912434399715713}