{"numgrasp": 247, "translation_d": 5.623929160079486e-09, "rotation_d": 5.481373914585427e-05, "width_d": 0.003926546225379297}