{"numgrasp": 238, "translation_d": 6.172210154132731e-09, "rotation_d": 4.89121015333037e-05, "width_d": 0.005124138536580463}