{"numgrasp": 248, "translation_d": 5.862253441924592e-09, "rotation_d": 4.7077151943546344e-05, "width_d": 0.0036206393389460736}