{"numgrasp": 241, "translation_d": 5.523025109951148e-09, "rotation_d": 5.031157012708065e-05, "width_d": 0.003914125131591374}