{"numgrasp": 258, "translation_d": 5.303854179494194e-09, "rotation_d": 5.436618476597837e-05, "width_d": 0.004226264420419372}