{"numgrasp": 243, "translation_d": 5.372511150760516e-09, "rotation_d": 5.547985177222465e-05, "width_d": 0.004410873364622715}