{"numgrasp": 245, "translation_d": 5.230728194931061e-09, "rotation_d": 5.46621351335442e-05, "width_d": 0.004641029334157516}