{"numgrasp": 246, "translation_d": 5.337890707088921e-09, "rotation_d": 5.0671868040125385e-05, "width_d": 0.004320373837146994}