{"numgrasp": 254, "translation_d": 5.320079188228234e-09, "rotation_d": 4.980546174732735e-05, "width_d": 0.003912729806383574}