{"numgrasp": 256, "translation_d": 5.4522564603447435e-09, "rotation_d": 5.002285670112976e-05, "width_d": 0.0038458063678170544}