{"numgrasp": 233, "translation_d": 5.528964290579063e-09, "rotation_d": 4.850472056466595e-05, "width_d": 0.0038507971040799027}