{"numgrasp": 250, "translation_d": 5.627974427214145e-09, "rotation_d": 4.354464222594844e-05, "width_d": 0.003423023561052728}