{"numgrasp": 221, "translation_d": 5.577647772548193e-09, "rotation_d": 4.881753210357453e-05, "width_d": 0.003499039218639193}