{"numgrasp": 193, "translation_d": 6.057064265449244e-09, "rotation_d": 4.7269778920667086e-05, "width_d": 0.0035405486288463597}