{"numgrasp": 229, "translation_d": 5.5711483472780266e-09, "rotation_d": 4.913586321655012e-05, "width_d": 0.00403283230351511}