{"numgrasp": 231, "translation_d": 5.3327632451422515e-09, "rotation_d": 4.916395729744883e-05, "width_d": 0.003915853498385502}