{"numgrasp": 215, "translation_d": 5.327747935259672e-09, "rotation_d": 5.0706423960290335e-05, "width_d": 0.004410436575312196}