{"numgrasp": 196, "translation_d": 5.274925768598435e-09, "rotation_d": 4.953312690701857e-05, "width_d": 0.004964975199018888}