{"numgrasp": 177, "translation_d": 5.329926125940169e-09, "rotation_d": 5.245960450589619e-05, "width_d": 0.0046230858313212}