{"numgrasp": 204, "translation_d": 5.736340389642325e-09, "rotation_d": 4.968744143469179e-05, "width_d": 0.003962547353054461}