{"numgrasp": 221, "translation_d": 5.572798625579544e-09, "rotation_d": 5.074313180497652e-05, "width_d": 0.0037217642390123488}