{"numgrasp": 211, "translation_d": 5.818272857028985e-09, "rotation_d": 5.202936581757349e-05, "width_d": 0.0035992248728368703}