{"numgrasp": 232, "translation_d": 5.921239314617133e-09, "rotation_d": 5.157172701893107e-05, "width_d": 0.0034679503407044824}