{"numgrasp": 194, "translation_d": 5.433824859726026e-09, "rotation_d": 5.778844531856192e-05, "width_d": 0.003507613861837858}