{"numgrasp": 216, "translation_d": 5.758602926528796e-09, "rotation_d": 5.419746675874782e-05, "width_d": 0.004086765551368866}