{"numgrasp": 231, "translation_d": 6.076857311792005e-09, "rotation_d": 4.705038235828382e-05, "width_d": 0.004367803943794015}