{"numgrasp": 201, "translation_d": 5.529354556342114e-09, "rotation_d": 5.474395612564098e-05, "width_d": 0.004479756989643147}