{"numgrasp": 216, "translation_d": 5.620581798490666e-09, "rotation_d": 5.3836934111353295e-05, "width_d": 0.004638909236465839}