{"numgrasp": 199, "translation_d": 5.218060046101446e-09, "rotation_d": 5.461919154006831e-05, "width_d": 0.00516769853067806}