{"numgrasp": 270, "translation_d": 5.942415694772693e-09, "rotation_d": 5.6485960350191e-05, "width_d": 0.003940043552792178}