{"numgrasp": 245, "translation_d": 5.947158957032963e-09, "rotation_d": 4.6130774398107584e-05, "width_d": 0.005058151477062407}