{"numgrasp": 171, "translation_d": 5.832320496707349e-09, "rotation_d": 4.612263617259869e-05, "width_d": 0.002978265008516076}