{"numgrasp": 194, "translation_d": 5.6594768512380414e-09, "rotation_d": 5.215070967593918e-05, "width_d": 0.0035075785481471734}