{"numgrasp": 201, "translation_d": 5.439234960292499e-09, "rotation_d": 5.377606597031697e-05, "width_d": 0.0037864347134939774}