{"numgrasp": 195, "translation_d": 5.720275734824659e-09, "rotation_d": 5.2374266186898855e-05, "width_d": 0.003934300877323498}