{"numgrasp": 206, "translation_d": 5.532085730202252e-09, "rotation_d": 5.291890607861951e-05, "width_d": 0.004311853836103764}