{"numgrasp": 200, "translation_d": 5.419832522785656e-09, "rotation_d": 5.282313414940804e-05, "width_d": 0.0045124979653816625}