{"numgrasp": 194, "translation_d": 5.844130239332492e-09, "rotation_d": 5.10537959173434e-05, "width_d": 0.004671160321213891}