{"numgrasp": 197, "translation_d": 5.490510885766393e-09, "rotation_d": 4.7650732616463974e-05, "width_d": 0.005007706533085026}