{"numgrasp": 189, "translation_d": 5.237701642972277e-09, "rotation_d": 4.5582802261772583e-05, "width_d": 0.004480532112762042}