{"numgrasp": 204, "translation_d": 5.461581879414025e-09, "rotation_d": 4.6426324620574656e-05, "width_d": 0.0038415450648955876}