{"numgrasp": 191, "translation_d": 5.407628443851832e-09, "rotation_d": 4.6425977920836774e-05, "width_d": 0.0038586782882584383}