{"numgrasp": 201, "translation_d": 5.701665015863926e-09, "rotation_d": 4.582248812089905e-05, "width_d": 0.003444503516309068}