{"numgrasp": 193, "translation_d": 5.511771171010387e-09, "rotation_d": 4.17552383638538e-05, "width_d": 0.0032055306950155775}