{"numgrasp": 185, "translation_d": 5.795798693892572e-09, "rotation_d": 4.06036348910897e-05, "width_d": 0.003002744651649119}