{"numgrasp": 204, "translation_d": 5.493835392385121e-09, "rotation_d": 4.061334880245888e-05, "width_d": 0.003906870594459989}