{"numgrasp": 201, "translation_d": 5.279705076406547e-09, "rotation_d": 4.188955562356336e-05, "width_d": 0.0040034164907911335}