{"numgrasp": 183, "translation_d": 4.954047673034094e-09, "rotation_d": 4.163932273857864e-05, "width_d": 0.004809959180455981}