{"numgrasp": 266, "translation_d": 6.11201719325501e-09, "rotation_d": 4.870924324073717e-05, "width_d": 0.00420743722556401}