{"numgrasp": 280, "translation_d": 5.994776861487139e-09, "rotation_d": 5.553367957794913e-05, "width_d": 0.004125800508723872}