{"numgrasp": 262, "translation_d": 6.125961097708841e-09, "rotation_d": 4.1234594733075564e-05, "width_d": 0.004355786454818653}