{"numgrasp": 272, "translation_d": 6.216686968997955e-09, "rotation_d": 4.19750204268437e-05, "width_d": 0.0043223030172475415}