{"numgrasp": 272, "translation_d": 6.302952037646409e-09, "rotation_d": 4.367639880805825e-05, "width_d": 0.004703405008387824}