{"numgrasp": 254, "translation_d": 6.369773288010475e-09, "rotation_d": 4.394144577150847e-05, "width_d": 0.0047703729325391945}