{"numgrasp": 215, "translation_d": 5.914803204892044e-09, "rotation_d": 4.56104605627068e-05, "width_d": 0.004252741262161245}