{"numgrasp": 217, "translation_d": 6.372211129834887e-09, "rotation_d": 4.4933574347178844e-05, "width_d": 0.004489708965558852}