{"numgrasp": 237, "translation_d": 6.135919796091231e-09, "rotation_d": 4.233133021027359e-05, "width_d": 0.005183048964628616}