{"numgrasp": 255, "translation_d": 5.743406836127358e-09, "rotation_d": 4.608785719042921e-05, "width_d": 0.004904111388386881}