{"numgrasp": 269, "translation_d": 6.287930275365631e-09, "rotation_d": 4.613117299136302e-05, "width_d": 0.004887514613322123}