{"numgrasp": 278, "translation_d": 6.2470574230815e-09, "rotation_d": 5.262759069765826e-05, "width_d": 0.00456737628615533}