{"numgrasp": 248, "translation_d": 5.738482603589077e-09, "rotation_d": 4.073984742293377e-05, "width_d": 0.0041180599036313385}