{"numgrasp": 255, "translation_d": 5.968948642760479e-09, "rotation_d": 4.91203704234778e-05, "width_d": 0.004679199321704842}