{"numgrasp": 247, "translation_d": 5.572039923469677e-09, "rotation_d": 4.6603923526297206e-05, "width_d": 0.005139527429039918}