{"numgrasp": 216, "translation_d": 5.931910348798172e-09, "rotation_d": 4.90778826246617e-05, "width_d": 0.005055513413923611}