{"numgrasp": 253, "translation_d": 5.713018488388497e-09, "rotation_d": 5.1821535220302245e-05, "width_d": 0.00470427738321571}