{"numgrasp": 262, "translation_d": 6.244288012532581e-09, "rotation_d": 5.2820848048616485e-05, "width_d": 0.004250230229349109}