{"numgrasp": 255, "translation_d": 6.023994245000959e-09, "rotation_d": 5.402527985783852e-05, "width_d": 0.004194634546355738}