{"numgrasp": 258, "translation_d": 5.814085276375022e-09, "rotation_d": 5.440687432692504e-05, "width_d": 0.004231976707402445}