{"numgrasp": 253, "translation_d": 5.8386822293347435e-09, "rotation_d": 5.4161518106352145e-05, "width_d": 0.004023769411234578}