{"numgrasp": 281, "translation_d": 6.532515086647636e-09, "rotation_d": 5.161441728071854e-05, "width_d": 0.0051366202143909795}