{"numgrasp": 89, "translation_d": 4.631041096927021e-09, "rotation_d": 5.5965403161971517e-05, "width_d": 0.0036331640127886923}