{"numgrasp": 89, "translation_d": 4.354776470805111e-09, "rotation_d": 5.253623403833039e-05, "width_d": 0.002953445704484909}