{"numgrasp": 90, "translation_d": 4.745288913950641e-09, "rotation_d": 5.1022745146139196e-05, "width_d": 0.0036097611678835304}