{"numgrasp": 92, "translation_d": 4.382722264968163e-09, "rotation_d": 5.393510647142768e-05, "width_d": 0.003411482566391058}