{"numgrasp": 95, "translation_d": 4.714395266164492e-09, "rotation_d": 5.302912186867761e-05, "width_d": 0.00384447361360144}