{"numgrasp": 103, "translation_d": 4.716872148063945e-09, "rotation_d": 5.407660572704257e-05, "width_d": 0.003737862159044802}