{"numgrasp": 99, "translation_d": 4.880525233005809e-09, "rotation_d": 5.446085256774882e-05, "width_d": 0.003519426285228201}