{"numgrasp": 93, "translation_d": 6.734400033297885e-09, "rotation_d": 5.542577552973383e-05, "width_d": 0.003353191728814805}