{"numgrasp": 98, "translation_d": 4.499211132533368e-09, "rotation_d": 5.4512278138693754e-05, "width_d": 0.004649052089973361}