{"numgrasp": 96, "translation_d": 4.4431835608953784e-09, "rotation_d": 5.456426832289949e-05, "width_d": 0.004059635862868067}