{"numgrasp": 95, "translation_d": 4.670142235420387e-09, "rotation_d": 5.552137496203838e-05, "width_d": 0.0038034725207740836}