{"numgrasp": 97, "translation_d": 4.532975914825983e-09, "rotation_d": 5.3414255295182225e-05, "width_d": 0.004803451635293531}