{"numgrasp": 101, "translation_d": 4.801656082561471e-09, "rotation_d": 5.129946038531231e-05, "width_d": 0.004432332654244174}