{"numgrasp": 80, "translation_d": 3.972029821762196e-09, "rotation_d": 5.312103739643723e-05, "width_d": 0.005464584512111642}