{"numgrasp": 85, "translation_d": 4.474304698245747e-09, "rotation_d": 5.4353217145460114e-05, "width_d": 0.005511602847154106}