{"numgrasp": 82, "translation_d": 4.353214334592671e-09, "rotation_d": 4.312341562024506e-05, "width_d": 0.004888950620732965}