{"numgrasp": 77, "translation_d": 6.119250055193936e-09, "rotation_d": 5.20453685482261e-05, "width_d": 0.003445492918615816}