{"numgrasp": 86, "translation_d": 4.533072218870012e-09, "rotation_d": 4.21204038706283e-05, "width_d": 0.0037278735776435454}