{"numgrasp": 86, "translation_d": 4.992704003936878e-09, "rotation_d": 4.1131879963129005e-05, "width_d": 0.0036540571783963845}