{"numgrasp": 80, "translation_d": 5.332669988025451e-09, "rotation_d": 3.9021981928056156e-05, "width_d": 0.003002989104097897}