{"numgrasp": 77, "translation_d": 5.45340393699679e-09, "rotation_d": 4.212153922858671e-05, "width_d": 0.0028251702369846365}