{"numgrasp": 79, "translation_d": 5.26455563859865e-09, "rotation_d": 5.317436112298444e-05, "width_d": 0.003139828649926064}