{"numgrasp": 74, "translation_d": 5.601313451251211e-09, "rotation_d": 4.5491396892933756e-05, "width_d": 0.0032439603802587574}