{"numgrasp": 78, "translation_d": 5.098986897478292e-09, "rotation_d": 4.573547042421507e-05, "width_d": 0.0030094301438461863}