{"numgrasp": 78, "translation_d": 5.557725836210258e-09, "rotation_d": 4.409338032141054e-05, "width_d": 0.0035492078030882794}