{"numgrasp": 81, "translation_d": 5.32355102781798e-09, "rotation_d": 4.371981737568517e-05, "width_d": 0.0036821236530548396}