{"numgrasp": 87, "translation_d": 6.158010801317598e-09, "rotation_d": 5.340017107196342e-05, "width_d": 0.0029430969240787004}