{"numgrasp": 79, "translation_d": 4.5615160030684415e-09, "rotation_d": 4.494906018308312e-05, "width_d": 0.004528427530739757}