{"numgrasp": 77, "translation_d": 4.355547079197806e-09, "rotation_d": 4.505619295591742e-05, "width_d": 0.004507001192597284}