{"numgrasp": 73, "translation_d": 4.4859262916383845e-09, "rotation_d": 4.527054455286429e-05, "width_d": 0.004629892793486665}