{"numgrasp": 77, "translation_d": 4.7557925406074135e-09, "rotation_d": 5.98681110280345e-05, "width_d": 0.004862917207130193}