{"numgrasp": 74, "translation_d": 4.232640714766927e-09, "rotation_d": 5.687362890527553e-05, "width_d": 0.004755350852445911}