{"numgrasp": 71, "translation_d": 4.4281323354307695e-09, "rotation_d": 5.584464352332733e-05, "width_d": 0.004861572594621635}