{"numgrasp": 74, "translation_d": 4.525428749717017e-09, "rotation_d": 5.573442391022879e-05, "width_d": 0.00410618872173321}