{"numgrasp": 81, "translation_d": 4.831397636708043e-09, "rotation_d": 5.6286083954515536e-05, "width_d": 0.00418124476608684}