{"numgrasp": 77, "translation_d": 5.201954585702384e-09, "rotation_d": 5.464112540772981e-05, "width_d": 0.0037287521602877454}