{"numgrasp": 78, "translation_d": 4.858220933083998e-09, "rotation_d": 5.6737712532544844e-05, "width_d": 0.003518082388544676}