{"numgrasp": 80, "translation_d": 5.739757353532535e-09, "rotation_d": 5.9015368618184184e-05, "width_d": 0.0032329805875618823}