{"numgrasp": 77, "translation_d": 5.760062827577574e-09, "rotation_d": 6.106944393946599e-05, "width_d": 0.0031999013279839466}