{"numgrasp": 77, "translation_d": 5.643243821589512e-09, "rotation_d": 6.361063563511676e-05, "width_d": 0.0031486093928545732}