{"numgrasp": 78, "translation_d": 5.153789333541984e-09, "rotation_d": 6.344129442195676e-05, "width_d": 0.0032020480315184926}