{"numgrasp": 84, "translation_d": 5.665713035822048e-09, "rotation_d": 6.145691806984866e-05, "width_d": 0.0032059231733109223}