{"numgrasp": 76, "translation_d": 5.052764662187329e-09, "rotation_d": 6.277055948539372e-05, "width_d": 0.00366822203629537}