{"numgrasp": 81, "translation_d": 5.402603753936854e-09, "rotation_d": 6.0080241580633645e-05, "width_d": 0.004412879127139289}