{"numgrasp": 77, "translation_d": 4.9775255907880155e-09, "rotation_d": 6.020567591314675e-05, "width_d": 0.004066897521279452}