{"numgrasp": 72, "translation_d": 4.458826316011337e-09, "rotation_d": 5.996368079329441e-05, "width_d": 0.0043263497737714846}