{"numgrasp": 71, "translation_d": 4.2214758621215375e-09, "rotation_d": 6.09729870797511e-05, "width_d": 0.004429213872395208}