{"numgrasp": 71, "translation_d": 4.241442875286782e-09, "rotation_d": 6.088118899817401e-05, "width_d": 0.0039297057612574255}