{"numgrasp": 65, "translation_d": 4.366538956886581e-09, "rotation_d": 5.4748088028504386e-05, "width_d": 0.004216544162954084}