{"numgrasp": 66, "translation_d": 5.025991535538619e-09, "rotation_d": 5.5895625767846685e-05, "width_d": 0.004461712467617436}