{"numgrasp": 94, "translation_d": 5.9687114014999764e-09, "rotation_d": 5.459212779023716e-05, "width_d": 0.003428424431788454}