{"numgrasp": 78, "translation_d": 5.559631000898348e-09, "rotation_d": 5.969503578874366e-05, "width_d": 0.0040823271270726815}