{"numgrasp": 74, "translation_d": 5.875816080954027e-09, "rotation_d": 5.98701265101068e-05, "width_d": 0.00392362238979613}