{"numgrasp": 75, "translation_d": 5.885873835328348e-09, "rotation_d": 6.0274154502434324e-05, "width_d": 0.0034841970229690803}