{"numgrasp": 81, "translation_d": 5.950954524763389e-09, "rotation_d": 6.034980224343431e-05, "width_d": 0.0032999934654387958}