{"numgrasp": 85, "translation_d": 5.1617144306012185e-09, "rotation_d": 5.947098775055835e-05, "width_d": 0.003269063382577131}