{"numgrasp": 76, "translation_d": 4.935400197597572e-09, "rotation_d": 5.2849612200743253e-05, "width_d": 0.004283933422637076}