{"numgrasp": 72, "translation_d": 4.88373701583087e-09, "rotation_d": 5.102572491662659e-05, "width_d": 0.003685818206949466}