{"numgrasp": 95, "translation_d": 6.423369332739859e-09, "rotation_d": 5.654560064420372e-05, "width_d": 0.0034860062270326833}