{"numgrasp": 101, "translation_d": 5.66060006174897e-09, "rotation_d": 5.47111577789862e-05, "width_d": 0.0038576286113727095}