{"numgrasp": 95, "translation_d": 6.11264120155643e-09, "rotation_d": 5.6403340877428364e-05, "width_d": 0.003882112266581991}