{"numgrasp": 93, "translation_d": 5.705359210179979e-09, "rotation_d": 5.8209981042133914e-05, "width_d": 0.0035407218569872513}