{"numgrasp": 95, "translation_d": 6.117500194295384e-09, "rotation_d": 5.506592856242932e-05, "width_d": 0.0035396606964054845}