{"numgrasp": 99, "translation_d": 6.0782840023713525e-09, "rotation_d": 5.2979932533132564e-05, "width_d": 0.0038220851206380566}