{"numgrasp": 101, "translation_d": 6.1865662516713235e-09, "rotation_d": 5.2093082550634464e-05, "width_d": 0.0037937091508300235}