{"numgrasp": 93, "translation_d": 6.3441260234664415e-09, "rotation_d": 5.2604123181466566e-05, "width_d": 0.0038886017108806115}