{"numgrasp": 87, "translation_d": 6.0040811222023405e-09, "rotation_d": 5.0613738631724514e-05, "width_d": 0.0032195518751972937}