{"numgrasp": 84, "translation_d": 5.33556531040613e-09, "rotation_d": 5.0503819908027174e-05, "width_d": 0.0033861720751003064}