{"numgrasp": 83, "translation_d": 5.79969129289687e-09, "rotation_d": 4.662350980255299e-05, "width_d": 0.0030172784288947127}