{"numgrasp": 83, "translation_d": 5.400191154746415e-09, "rotation_d": 4.9025904964106926e-05, "width_d": 0.00316250480205664}