{"numgrasp": 95, "translation_d": 5.640366365574481e-09, "rotation_d": 4.885034425696958e-05, "width_d": 0.0034343639304217554}