{"numgrasp": 92, "translation_d": 5.6076916378156476e-09, "rotation_d": 4.9755067817448435e-05, "width_d": 0.0037332065201595753}