{"numgrasp": 90, "translation_d": 6.106724135141158e-09, "rotation_d": 5.0974295246604234e-05, "width_d": 0.0034301389916710535}