{"numgrasp": 93, "translation_d": 5.767855323789818e-09, "rotation_d": 5.6939928116042474e-05, "width_d": 0.0038844702151773674}