{"numgrasp": 93, "translation_d": 5.2198902142864195e-09, "rotation_d": 4.697376477290067e-05, "width_d": 0.0031282233037927525}