{"numgrasp": 95, "translation_d": 4.917908550955751e-09, "rotation_d": 4.739435533251126e-05, "width_d": 0.0035185465472791946}