{"numgrasp": 87, "translation_d": 5.221002271512683e-09, "rotation_d": 4.799686153499352e-05, "width_d": 0.00320189851625085}