{"numgrasp": 79, "translation_d": 4.651412865473945e-09, "rotation_d": 4.9978411812522297e-05, "width_d": 0.0032863725008747987}