{"numgrasp": 95, "translation_d": 5.3603718558396345e-09, "rotation_d": 4.8813951557124953e-05, "width_d": 0.002918857163197235}