{"numgrasp": 97, "translation_d": 5.539605644730955e-09, "rotation_d": 4.9534670945039175e-05, "width_d": 0.0034179229909317528}