{"numgrasp": 98, "translation_d": 5.3860040194928725e-09, "rotation_d": 4.79246497243259e-05, "width_d": 0.004096634752330635}