{"numgrasp": 95, "translation_d": 5.251489401860329e-09, "rotation_d": 4.270157248286284e-05, "width_d": 0.00358713197176376}