{"numgrasp": 99, "translation_d": 4.9524432123051695e-09, "rotation_d": 4.956002516623389e-05, "width_d": 0.0034299914643326906}