{"numgrasp": 102, "translation_d": 4.8946198740315925e-09, "rotation_d": 5.072861439062313e-05, "width_d": 0.0037205265613147825}