{"numgrasp": 94, "translation_d": 6.268492099208154e-09, "rotation_d": 5.6553951793411256e-05, "width_d": 0.0037565520086892982}