{"numgrasp": 266, "translation_d": 5.6232836320598045e-09, "rotation_d": 4.8296030084117184e-05, "width_d": 0.001950009142517426}