{"numgrasp": 303, "translation_d": 5.896634294214125e-09, "rotation_d": 4.730018228558678e-05, "width_d": 0.00584139510443834}