{"numgrasp": 296, "translation_d": 5.945610847449437e-09, "rotation_d": 4.659894507592934e-05, "width_d": 0.005466139330549458}