{"numgrasp": 313, "translation_d": 5.775116664453742e-09, "rotation_d": 4.672016620770435e-05, "width_d": 0.004792456776092719}