{"numgrasp": 341, "translation_d": 6.111196096985735e-09, "rotation_d": 4.7769755051700934e-05, "width_d": 0.005606561147525128}