{"numgrasp": 321, "translation_d": 6.447287019795783e-09, "rotation_d": 4.592766658030794e-05, "width_d": 0.00421329813116855}