{"numgrasp": 302, "translation_d": 6.259480592836005e-09, "rotation_d": 4.6513959427887065e-05, "width_d": 0.003465325385347814}