{"numgrasp": 252, "translation_d": 6.370340841159745e-09, "rotation_d": 4.6567443841090735e-05, "width_d": 0.002260513998388426}