{"numgrasp": 311, "translation_d": 6.285792877858018e-09, "rotation_d": 4.581844869099178e-05, "width_d": 0.0032312846325034885}