{"numgrasp": 274, "translation_d": 6.068036252300039e-09, "rotation_d": 4.719256342097826e-05, "width_d": 0.0047750860495243885}