{"numgrasp": 261, "translation_d": 5.741162884337412e-09, "rotation_d": 4.8256769459782925e-05, "width_d": 0.005383177601852064}