{"numgrasp": 282, "translation_d": 6.102475558628077e-09, "rotation_d": 4.992514149289461e-05, "width_d": 0.004128221833028482}