{"numgrasp": 315, "translation_d": 5.823874146476256e-09, "rotation_d": 4.716340276945909e-05, "width_d": 0.007376388084804457}