{"numgrasp": 254, "translation_d": 6.317515992754153e-09, "rotation_d": 5.227265236653925e-05, "width_d": 0.001868948674321463}