{"numgrasp": 245, "translation_d": 6.020548924049728e-09, "rotation_d": 5.575088601481081e-05, "width_d": 0.002239886514783502}