{"numgrasp": 265, "translation_d": 6.10561709616188e-09, "rotation_d": 5.41132221933172e-05, "width_d": 0.0034911652112406795}