{"numgrasp": 242, "translation_d": 5.943924474313502e-09, "rotation_d": 5.306053274237022e-05, "width_d": 0.004507254495065028}