{"numgrasp": 246, "translation_d": 5.95545547939546e-09, "rotation_d": 5.454380919313963e-05, "width_d": 0.0053195567349976864}