{"numgrasp": 244, "translation_d": 5.754049170029082e-09, "rotation_d": 5.6279768501818336e-05, "width_d": 0.0053054910234534205}