{"numgrasp": 269, "translation_d": 6.122279603482872e-09, "rotation_d": 4.475735310621237e-05, "width_d": 0.007222147215324485}