{"numgrasp": 258, "translation_d": 6.314158783893397e-09, "rotation_d": 5.527154830401431e-05, "width_d": 0.0036318063586389606}