{"numgrasp": 264, "translation_d": 5.998417200881774e-09, "rotation_d": 5.439605239548489e-05, "width_d": 0.003323323224053316}