{"numgrasp": 277, "translation_d": 6.079470452435494e-09, "rotation_d": 4.59136687802734e-05, "width_d": 0.007018502779475783}