{"numgrasp": 286, "translation_d": 6.02672191763024e-09, "rotation_d": 5.155496713928602e-05, "width_d": 0.002711669321825638}