{"numgrasp": 354, "translation_d": 6.14799977163741e-09, "rotation_d": 5.585574883822549e-05, "width_d": 0.004885956626076498}