{"numgrasp": 375, "translation_d": 5.593048634118746e-09, "rotation_d": 5.090819007668032e-05, "width_d": 0.0053436767912079875}