{"numgrasp": 356, "translation_d": 5.442944997917895e-09, "rotation_d": 5.2675929385571425e-05, "width_d": 0.00514332965692391}