{"numgrasp": 279, "translation_d": 6.4558636140969266e-09, "rotation_d": 4.953319770343709e-05, "width_d": 0.002652286225483891}