{"numgrasp": 347, "translation_d": 5.631587213927371e-09, "rotation_d": 5.287757398443635e-05, "width_d": 0.004687596507716048}