{"numgrasp": 364, "translation_d": 5.431439473066485e-09, "rotation_d": 5.2442998894636504e-05, "width_d": 0.004177122451183452}