{"numgrasp": 307, "translation_d": 5.991490254007528e-09, "rotation_d": 5.408623145584094e-05, "width_d": 0.0036284544492433206}