{"numgrasp": 269, "translation_d": 5.874128456838419e-09, "rotation_d": 5.174854040228017e-05, "width_d": 0.0030749713985027045}