{"numgrasp": 306, "translation_d": 6.5239812237644896e-09, "rotation_d": 4.61908495998051e-05, "width_d": 0.005981169408891285}