{"numgrasp": 210, "translation_d": 6.236496150436544e-09, "rotation_d": 4.27166383438515e-05, "width_d": 0.0023301473839467605}