{"numgrasp": 277, "translation_d": 5.860096528894372e-09, "rotation_d": 4.375603171111514e-05, "width_d": 0.0030755939723942525}