{"numgrasp": 314, "translation_d": 6.503167041421705e-09, "rotation_d": 4.725794454538712e-05, "width_d": 0.00511037180912604}