{"numgrasp": 373, "translation_d": 5.6385553339993886e-09, "rotation_d": 4.56265647616635e-05, "width_d": 0.0051188465967774285}