{"numgrasp": 354, "translation_d": 5.664164567866814e-09, "rotation_d": 4.579534922123198e-05, "width_d": 0.004981086130743256}