{"numgrasp": 390, "translation_d": 5.991050966904119e-09, "rotation_d": 3.933254904201406e-05, "width_d": 0.00498974725153132}