{"numgrasp": 356, "translation_d": 5.749552101796363e-09, "rotation_d": 3.824365270859638e-05, "width_d": 0.003995754368402231}