{"numgrasp": 290, "translation_d": 6.0275746829708e-09, "rotation_d": 3.694212939913678e-05, "width_d": 0.0026304447447517555}