{"numgrasp": 235, "translation_d": 6.612462090812049e-09, "rotation_d": 4.38558220505896e-05, "width_d": 0.00239180792984714}