{"numgrasp": 366, "translation_d": 5.950806212163811e-09, "rotation_d": 3.819160111253443e-05, "width_d": 0.002444025078673167}