{"numgrasp": 343, "translation_d": 5.984600290103959e-09, "rotation_d": 3.6687826036998835e-05, "width_d": 0.0025118994292839696}