{"numgrasp": 356, "translation_d": 6.096785668519868e-09, "rotation_d": 3.726649428878556e-05, "width_d": 0.002916808940638682}