{"numgrasp": 355, "translation_d": 6.140941903504529e-09, "rotation_d": 3.5603245107089354e-05, "width_d": 0.0031173220700683635}