{"numgrasp": 378, "translation_d": 5.709837426624382e-09, "rotation_d": 3.682164140373434e-05, "width_d": 0.0035349508331500414}