{"numgrasp": 391, "translation_d": 5.657765404483125e-09, "rotation_d": 3.713038626248324e-05, "width_d": 0.004352002779919542}