{"numgrasp": 439, "translation_d": 5.6509653999840554e-09, "rotation_d": 3.7530959211930427e-05, "width_d": 0.005455017634541997}