{"numgrasp": 322, "translation_d": 6.072954887652072e-09, "rotation_d": 4.4825905575063096e-05, "width_d": 0.0035203211230544033}