{"numgrasp": 292, "translation_d": 6.297984725637394e-09, "rotation_d": 4.754529185808438e-05, "width_d": 0.0027230596016539054}