{"numgrasp": 282, "translation_d": 5.738493831862611e-09, "rotation_d": 4.871286131403193e-05, "width_d": 0.0024840033940091173}