{"numgrasp": 265, "translation_d": 6.421345758935568e-09, "rotation_d": 4.5825161349314635e-05, "width_d": 0.0026606576757648576}