{"numgrasp": 271, "translation_d": 6.635485797655734e-09, "rotation_d": 4.609711875411522e-05, "width_d": 0.003440491059081903}