{"numgrasp": 279, "translation_d": 6.347838402212947e-09, "rotation_d": 4.6067592033458375e-05, "width_d": 0.00361183407011098}