{"numgrasp": 311, "translation_d": 6.853658238732629e-09, "rotation_d": 4.614473435299866e-05, "width_d": 0.005040058999475509}