{"numgrasp": 351, "translation_d": 6.046628533875777e-09, "rotation_d": 4.71652766746217e-05, "width_d": 0.0033774046655266564}