{"numgrasp": 291, "translation_d": 6.119998093838472e-09, "rotation_d": 4.6954739709221696e-05, "width_d": 0.0070945706829277765}