{"numgrasp": 291, "translation_d": 6.259402258616039e-09, "rotation_d": 4.620549662922993e-05, "width_d": 0.007969497902465145}