{"numgrasp": 315, "translation_d": 6.806665125464603e-09, "rotation_d": 4.9048637925084876e-05, "width_d": 0.00761194520333861}