{"numgrasp": 296, "translation_d": 6.720408696556077e-09, "rotation_d": 4.9981384591127636e-05, "width_d": 0.005645195735072995}