{"numgrasp": 315, "translation_d": 6.164209997893615e-09, "rotation_d": 4.638112212952116e-05, "width_d": 0.003175937333515001}