{"numgrasp": 270, "translation_d": 6.3378986217957296e-09, "rotation_d": 5.0555460363411115e-05, "width_d": 0.004937111211238731}