{"numgrasp": 235, "translation_d": 6.130146795023551e-09, "rotation_d": 5.348415005888707e-05, "width_d": 0.002601520002944783}