{"numgrasp": 253, "translation_d": 6.614422912680916e-09, "rotation_d": 5.418407063640978e-05, "width_d": 0.003790109783472895}