{"numgrasp": 290, "translation_d": 6.9359878332843585e-09, "rotation_d": 5.394889341927075e-05, "width_d": 0.005074673283301382}