{"numgrasp": 315, "translation_d": 6.8792098630969515e-09, "rotation_d": 5.2783755153122664e-05, "width_d": 0.005633105408147003}