{"numgrasp": 339, "translation_d": 6.904345793674883e-09, "rotation_d": 5.093258626531103e-05, "width_d": 0.006445676540863211}