{"numgrasp": 306, "translation_d": 7.075441967314685e-09, "rotation_d": 4.991334749066516e-05, "width_d": 0.006461249016610192}