{"numgrasp": 303, "translation_d": 6.227091219985523e-09, "rotation_d": 5.055476132950984e-05, "width_d": 0.005312440665583439}