{"numgrasp": 234, "translation_d": 6.370649393311976e-09, "rotation_d": 5.155794926517492e-05, "width_d": 0.002273829986577366}