{"numgrasp": 322, "translation_d": 6.088850072571637e-09, "rotation_d": 4.774443697528101e-05, "width_d": 0.0047105389446034235}