{"numgrasp": 226, "translation_d": 6.6597488048588845e-09, "rotation_d": 5.020839092688697e-05, "width_d": 0.002150204436500246}