{"numgrasp": 234, "translation_d": 6.497945581202636e-09, "rotation_d": 4.994027216865841e-05, "width_d": 0.0026808204781833722}