{"numgrasp": 247, "translation_d": 6.813312287186431e-09, "rotation_d": 5.023507052742191e-05, "width_d": 0.0028650241181766224}