{"numgrasp": 245, "translation_d": 6.4302602708310455e-09, "rotation_d": 4.816618719438173e-05, "width_d": 0.002827284505408233}