{"numgrasp": 257, "translation_d": 5.995014353242191e-09, "rotation_d": 4.9479504214335884e-05, "width_d": 0.0038620545856163776}