{"numgrasp": 284, "translation_d": 5.6051961070183074e-09, "rotation_d": 4.966635238875731e-05, "width_d": 0.0031658329418582536}