{"numgrasp": 304, "translation_d": 5.618134670934709e-09, "rotation_d": 4.941884330526109e-05, "width_d": 0.0029930886651588335}