{"numgrasp": 297, "translation_d": 5.7671365232517436e-09, "rotation_d": 4.967922809708486e-05, "width_d": 0.002841429431443541}