{"numgrasp": 305, "translation_d": 5.995800220969028e-09, "rotation_d": 4.890077089182052e-05, "width_d": 0.002974093433531647}