{"numgrasp": 274, "translation_d": 6.238341898299877e-09, "rotation_d": 4.708132208545735e-05, "width_d": 0.004602548421976617}