{"numgrasp": 303, "translation_d": 5.688243332004584e-09, "rotation_d": 4.416216878734453e-05, "width_d": 0.002596525257851744}