{"numgrasp": 299, "translation_d": 5.919033534324869e-09, "rotation_d": 4.7578061619954606e-05, "width_d": 0.0022921241138547255}