{"numgrasp": 291, "translation_d": 5.615950451429475e-09, "rotation_d": 5.3779101679074e-05, "width_d": 0.003399973528652586}