{"numgrasp": 286, "translation_d": 5.726874680251629e-09, "rotation_d": 5.335316477801803e-05, "width_d": 0.003303860823489769}