{"numgrasp": 290, "translation_d": 5.4196486672670185e-09, "rotation_d": 5.06600976997106e-05, "width_d": 0.0028897378307164118}