{"numgrasp": 295, "translation_d": 5.594019702952826e-09, "rotation_d": 4.976660515771072e-05, "width_d": 0.002794937142154103}