{"numgrasp": 293, "translation_d": 5.411551514995024e-09, "rotation_d": 4.861973030250729e-05, "width_d": 0.0025414953915211106}