{"numgrasp": 279, "translation_d": 5.714838171547899e-09, "rotation_d": 5.219007606382387e-05, "width_d": 0.0028854818433638506}