{"numgrasp": 280, "translation_d": 5.650104688019503e-09, "rotation_d": 5.29051150882286e-05, "width_d": 0.0026836988722162263}