{"numgrasp": 302, "translation_d": 5.949035758209355e-09, "rotation_d": 5.176545015428815e-05, "width_d": 0.002951859500002865}