{"numgrasp": 276, "translation_d": 5.930583068934371e-09, "rotation_d": 5.227085654132857e-05, "width_d": 0.003341522948441343}