{"numgrasp": 284, "translation_d": 5.85265495415689e-09, "rotation_d": 5.3863457669030836e-05, "width_d": 0.0033306981107761842}