{"numgrasp": 279, "translation_d": 5.818471791412995e-09, "rotation_d": 5.465624688356174e-05, "width_d": 0.003336959085109434}