{"numgrasp": 280, "translation_d": 5.937582433496249e-09, "rotation_d": 5.354718617570843e-05, "width_d": 0.0035099618536937357}