{"numgrasp": 285, "translation_d": 5.909409726297992e-09, "rotation_d": 5.3778015790359796e-05, "width_d": 0.0034340878677801543}