{"numgrasp": 286, "translation_d": 5.452238712107869e-09, "rotation_d": 5.439840479494402e-05, "width_d": 0.0031537803341742}