{"numgrasp": 284, "translation_d": 5.526087982152449e-09, "rotation_d": 5.298903215889462e-05, "width_d": 0.003239114207951233}