{"numgrasp": 273, "translation_d": 5.631032067423989e-09, "rotation_d": 5.364579836791001e-05, "width_d": 0.00278165701797305}