{"numgrasp": 283, "translation_d": 5.411063828130306e-09, "rotation_d": 5.6194957977077484e-05, "width_d": 0.002727854331165685}