{"numgrasp": 288, "translation_d": 5.338387178973342e-09, "rotation_d": 5.331079971324997e-05, "width_d": 0.0027486925017387253}