{"numgrasp": 273, "translation_d": 5.770833618368528e-09, "rotation_d": 5.360335956076157e-05, "width_d": 0.0034471435075242654}