{"numgrasp": 271, "translation_d": 5.756919000654952e-09, "rotation_d": 5.4747866931724314e-05, "width_d": 0.0033314996502368803}