{"numgrasp": 272, "translation_d": 6.517971310678791e-09, "rotation_d": 4.871082802596249e-05, "width_d": 0.004884779795337733}