{"numgrasp": 282, "translation_d": 5.493186435839591e-09, "rotation_d": 5.4148830929846445e-05, "width_d": 0.0035449144468599563}