{"numgrasp": 282, "translation_d": 6.049241031826204e-09, "rotation_d": 5.445092054991972e-05, "width_d": 0.004001557932185497}