{"numgrasp": 271, "translation_d": 5.913298184578111e-09, "rotation_d": 5.3764369110431594e-05, "width_d": 0.0040116576863631565}