{"numgrasp": 281, "translation_d": 6.033456548616579e-09, "rotation_d": 5.4723482653151554e-05, "width_d": 0.004165699895749725}