{"numgrasp": 254, "translation_d": 5.77208826468952e-09, "rotation_d": 5.3646496236347784e-05, "width_d": 0.004254881592984218}