{"numgrasp": 267, "translation_d": 5.47130637790852e-09, "rotation_d": 5.368495203254456e-05, "width_d": 0.004031184642844713}