{"numgrasp": 282, "translation_d": 5.626699740669122e-09, "rotation_d": 5.289388373215536e-05, "width_d": 0.003896703180317669}