{"numgrasp": 269, "translation_d": 5.472961016489536e-09, "rotation_d": 5.037588821940843e-05, "width_d": 0.0028774939666591864}