{"numgrasp": 293, "translation_d": 6.321260553449611e-09, "rotation_d": 4.7742050224297565e-05, "width_d": 0.004829610626934601}