{"numgrasp": 282, "translation_d": 5.458484672084962e-09, "rotation_d": 4.5798844445700605e-05, "width_d": 0.003247209974439558}