{"numgrasp": 275, "translation_d": 5.444471131699683e-09, "rotation_d": 4.926457177192884e-05, "width_d": 0.0034090946200276374}