{"numgrasp": 256, "translation_d": 5.43297938283206e-09, "rotation_d": 4.9579405452891084e-05, "width_d": 0.0035903626716913056}