{"numgrasp": 243, "translation_d": 5.592054831848265e-09, "rotation_d": 5.147164290214173e-05, "width_d": 0.004036368977281747}