{"numgrasp": 289, "translation_d": 6.572737670393702e-09, "rotation_d": 4.901136338393611e-05, "width_d": 0.004663650525525998}