{"numgrasp": 274, "translation_d": 5.455243252655035e-09, "rotation_d": 5.0679320913307294e-05, "width_d": 0.004297264316733032}