{"numgrasp": 241, "translation_d": 5.470751955916006e-09, "rotation_d": 4.764033527922734e-05, "width_d": 0.005422511271729143}