{"numgrasp": 260, "translation_d": 5.636280914652003e-09, "rotation_d": 4.8872081042634635e-05, "width_d": 0.004327682749796141}