{"numgrasp": 265, "translation_d": 5.69017635912842e-09, "rotation_d": 4.4667668221304723e-05, "width_d": 0.0035677780574101393}