{"numgrasp": 278, "translation_d": 5.690309309884147e-09, "rotation_d": 4.4090620601782305e-05, "width_d": 0.0034907593580122743}