{"numgrasp": 268, "translation_d": 5.521941548924794e-09, "rotation_d": 4.266136516260004e-05, "width_d": 0.003262151988506235}