{"numgrasp": 264, "translation_d": 5.534407187357257e-09, "rotation_d": 4.46901766603536e-05, "width_d": 0.003012389151965094}