{"numgrasp": 276, "translation_d": 5.496391640439138e-09, "rotation_d": 4.618546702675064e-05, "width_d": 0.003518459981595457}