{"numgrasp": 258, "translation_d": 5.675918970680364e-09, "rotation_d": 8.384263615115044e-05, "width_d": 0.004142942034121623}