{"numgrasp": 244, "translation_d": 5.592595866338288e-09, "rotation_d": 4.372525234115659e-05, "width_d": 0.004686946578192099}