{"numgrasp": 255, "translation_d": 5.4225347926013365e-09, "rotation_d": 4.38770218148324e-05, "width_d": 0.004355270507689968}