{"numgrasp": 248, "translation_d": 5.3564084051900476e-09, "rotation_d": 4.488261327630816e-05, "width_d": 0.004970285030182331}