{"numgrasp": 253, "translation_d": 5.2677629995118685e-09, "rotation_d": 0.0001068744538027762, "width_d": 0.005334472264164058}