{"numgrasp": 245, "translation_d": 5.389377642394046e-09, "rotation_d": 4.356979402019705e-05, "width_d": 0.00565010895705978}