{"numgrasp": 274, "translation_d": 6.316776612561784e-09, "rotation_d": 4.564588040021014e-05, "width_d": 0.0035016986611039326}