{"numgrasp": 305, "translation_d": 6.715041764276304e-09, "rotation_d": 4.941942713658932e-05, "width_d": 0.003987362468509041}