{"numgrasp": 273, "translation_d": 6.1330674070584564e-09, "rotation_d": 4.728810088678521e-05, "width_d": 0.0034923039236080347}