{"numgrasp": 283, "translation_d": 6.437781587540178e-09, "rotation_d": 5.114663179110077e-05, "width_d": 0.004336427945607774}