{"numgrasp": 273, "translation_d": 5.8855413893490115e-09, "rotation_d": 4.644312044685585e-05, "width_d": 0.0038188622510684288}