{"numgrasp": 289, "translation_d": 7.049089725997855e-09, "rotation_d": 5.313920153901797e-05, "width_d": 0.004342487454524863}