{"numgrasp": 290, "translation_d": 7.091065889654444e-09, "rotation_d": 5.178419369665302e-05, "width_d": 0.0038508981565909665}