{"numgrasp": 298, "translation_d": 6.501074872972444e-09, "rotation_d": 5.3114979624129415e-05, "width_d": 0.003828439612649327}