{"numgrasp": 298, "translation_d": 7.028187431833458e-09, "rotation_d": 5.344837207134224e-05, "width_d": 0.0034235195362774832}