{"numgrasp": 288, "translation_d": 6.985503945850792e-09, "rotation_d": 5.138615598458081e-05, "width_d": 0.003106061847087512}