{"numgrasp": 266, "translation_d": 6.505327848315289e-09, "rotation_d": 5.057110631511642e-05, "width_d": 0.0030979070270598474}