{"numgrasp": 268, "translation_d": 6.922869722628235e-09, "rotation_d": 4.816384210875881e-05, "width_d": 0.0027852656683458807}