{"numgrasp": 270, "translation_d": 6.796026523606274e-09, "rotation_d": 5.402248610528397e-05, "width_d": 0.0027500303540157417}