{"numgrasp": 288, "translation_d": 6.47487063778813e-09, "rotation_d": 5.3312403494784406e-05, "width_d": 0.0036846340246163953}