{"numgrasp": 277, "translation_d": 5.947072102103231e-09, "rotation_d": 4.685903786918211e-05, "width_d": 0.004080935522852895}