{"numgrasp": 285, "translation_d": 6.356614119150273e-09, "rotation_d": 5.1172883882592135e-05, "width_d": 0.003987104825163359}