{"numgrasp": 290, "translation_d": 6.355473626810887e-09, "rotation_d": 5.143260943682974e-05, "width_d": 0.0038340293687984237}