{"numgrasp": 292, "translation_d": 6.271221186442898e-09, "rotation_d": 5.028286688653425e-05, "width_d": 0.0042230530648263796}