{"numgrasp": 283, "translation_d": 6.52546459521322e-09, "rotation_d": 5.104186741502691e-05, "width_d": 0.0035687262214485426}