{"numgrasp": 292, "translation_d": 6.493638023430646e-09, "rotation_d": 5.3012183623149895e-05, "width_d": 0.0033486012943214375}