{"numgrasp": 295, "translation_d": 6.217625048371232e-09, "rotation_d": 5.362166237557915e-05, "width_d": 0.00309143178620622}