{"numgrasp": 292, "translation_d": 6.952160417536374e-09, "rotation_d": 5.541935312454337e-05, "width_d": 0.002872226894260851}