{"numgrasp": 295, "translation_d": 6.207877199371093e-09, "rotation_d": 5.101949773530143e-05, "width_d": 0.002756707036504754}