{"numgrasp": 300, "translation_d": 6.300530775448555e-09, "rotation_d": 5.0113701198310596e-05, "width_d": 0.0028649868207382668}