{"numgrasp": 209, "translation_d": 4.942747018625933e-09, "rotation_d": 4.520497094936232e-05, "width_d": 0.004317757673807984}