{"numgrasp": 232, "translation_d": 5.106953121638614e-09, "rotation_d": 4.5777338677423514e-05, "width_d": 0.0036751466556513754}