{"numgrasp": 238, "translation_d": 5.113747264423487e-09, "rotation_d": 4.456945847342406e-05, "width_d": 0.0035254200712348323}