{"numgrasp": 236, "translation_d": 5.150713952936712e-09, "rotation_d": 4.5388621480486695e-05, "width_d": 0.002954850190657219}