{"numgrasp": 237, "translation_d": 5.260612085088885e-09, "rotation_d": 4.6134188865303993e-05, "width_d": 0.002842119040432575}