{"numgrasp": 251, "translation_d": 5.695492462852129e-09, "rotation_d": 4.643178240139232e-05, "width_d": 0.005990537044811192}