{"numgrasp": 235, "translation_d": 4.913974286562525e-09, "rotation_d": 4.6755043296978174e-05, "width_d": 0.003902710495481375}