{"numgrasp": 237, "translation_d": 4.870261364877409e-09, "rotation_d": 4.598491351073265e-05, "width_d": 0.004269052577636872}