{"numgrasp": 201, "translation_d": 4.594424255400424e-09, "rotation_d": 4.513362072395066e-05, "width_d": 0.004452852861003177}