{"numgrasp": 205, "translation_d": 4.622121388155887e-09, "rotation_d": 4.744800669909224e-05, "width_d": 0.005216600323986759}