{"numgrasp": 232, "translation_d": 4.701940402366308e-09, "rotation_d": 4.928326357018329e-05, "width_d": 0.004533473356683248}