{"numgrasp": 225, "translation_d": 4.990840833358014e-09, "rotation_d": 4.938034076028752e-05, "width_d": 0.004475235882278098}