{"numgrasp": 236, "translation_d": 5.0789568819501885e-09, "rotation_d": 4.884637632046435e-05, "width_d": 0.004048654839322109}