{"numgrasp": 249, "translation_d": 5.183426916133256e-09, "rotation_d": 5.062919299223972e-05, "width_d": 0.003366442890007128}