{"numgrasp": 243, "translation_d": 5.058517912035797e-09, "rotation_d": 5.053962933205428e-05, "width_d": 0.0031743688337825576}