{"numgrasp": 235, "translation_d": 5.447498268946054e-09, "rotation_d": 5.169527156040186e-05, "width_d": 0.0031139087728013393}