{"numgrasp": 251, "translation_d": 5.436769655259739e-09, "rotation_d": 5.51331708411078e-05, "width_d": 0.003537915434369435}