{"numgrasp": 237, "translation_d": 5.32331100592426e-09, "rotation_d": 5.4458230408145335e-05, "width_d": 0.003522149990868699}