{"numgrasp": 229, "translation_d": 5.027059688859966e-09, "rotation_d": 5.1821922074940914e-05, "width_d": 0.0049020286153040726}