{"numgrasp": 247, "translation_d": 5.464088917922687e-09, "rotation_d": 4.75653435634912e-05, "width_d": 0.006704861389671091}