{"numgrasp": 227, "translation_d": 4.862534360850933e-09, "rotation_d": 5.151686681019548e-05, "width_d": 0.005145323234753325}