{"numgrasp": 221, "translation_d": 4.955678580732586e-09, "rotation_d": 5.218635474002678e-05, "width_d": 0.005215578504976653}