{"numgrasp": 224, "translation_d": 4.862081905432619e-09, "rotation_d": 5.1392521174131316e-05, "width_d": 0.005696536052146285}