{"numgrasp": 211, "translation_d": 5.091539950994168e-09, "rotation_d": 5.2587632972581064e-05, "width_d": 0.0060967728075900516}