{"numgrasp": 219, "translation_d": 5.055036360184212e-09, "rotation_d": 5.3762088618038924e-05, "width_d": 0.005736177704286351}