{"numgrasp": 229, "translation_d": 5.1023489937865596e-09, "rotation_d": 5.35598637344374e-05, "width_d": 0.005236130533629458}