{"numgrasp": 240, "translation_d": 5.08627228094684e-09, "rotation_d": 5.483183140524649e-05, "width_d": 0.004923683206824778}