{"numgrasp": 234, "translation_d": 5.399732445711952e-09, "rotation_d": 5.455812231879712e-05, "width_d": 0.004866011319169075}