{"numgrasp": 238, "translation_d": 5.484892524479795e-09, "rotation_d": 5.5372885620329667e-05, "width_d": 0.004838972945886838}