{"numgrasp": 233, "translation_d": 5.252799343520591e-09, "rotation_d": 5.591994554737265e-05, "width_d": 0.003962534301358858}