{"numgrasp": 251, "translation_d": 5.556914667204972e-09, "rotation_d": 5.027704397840257e-05, "width_d": 0.005973648949299492}