{"numgrasp": 243, "translation_d": 5.348008943574311e-09, "rotation_d": 5.379240192654404e-05, "width_d": 0.004203661967753424}