{"numgrasp": 257, "translation_d": 5.891440367446349e-09, "rotation_d": 4.982816423607358e-05, "width_d": 0.005999413339881074}