{"numgrasp": 234, "translation_d": 5.433497638870879e-09, "rotation_d": 5.4649245919760126e-05, "width_d": 0.006373850995851522}