{"numgrasp": 231, "translation_d": 5.001692295348047e-09, "rotation_d": 5.4092957880663375e-05, "width_d": 0.0063384970546845765}