{"numgrasp": 231, "translation_d": 4.901559317673893e-09, "rotation_d": 5.549324855761329e-05, "width_d": 0.006906750351214898}