{"numgrasp": 238, "translation_d": 5.369634245868269e-09, "rotation_d": 5.3392692447933594e-05, "width_d": 0.004957672674802136}