{"numgrasp": 228, "translation_d": 5.224289733739825e-09, "rotation_d": 5.070907602569247e-05, "width_d": 0.004318641076848782}