{"numgrasp": 260, "translation_d": 6.009975248411211e-09, "rotation_d": 4.94157129015612e-05, "width_d": 0.005467127738610277}