{"numgrasp": 231, "translation_d": 5.77721878349865e-09, "rotation_d": 4.547412252782399e-05, "width_d": 0.004466759302361416}