{"numgrasp": 221, "translation_d": 6.0078513149764306e-09, "rotation_d": 4.628619239820771e-05, "width_d": 0.004617600431536993}