{"numgrasp": 220, "translation_d": 5.610256413390075e-09, "rotation_d": 4.6911781566044677e-05, "width_d": 0.004589006648531715}