{"numgrasp": 215, "translation_d": 5.662339607852453e-09, "rotation_d": 4.95842263668127e-05, "width_d": 0.005210745880535254}