{"numgrasp": 220, "translation_d": 5.3589324253361205e-09, "rotation_d": 5.281914194132066e-05, "width_d": 0.006037871075933144}