{"numgrasp": 213, "translation_d": 5.538241454873274e-09, "rotation_d": 5.3218961356898233e-05, "width_d": 0.006331052042269454}