{"numgrasp": 223, "translation_d": 5.550396808503493e-09, "rotation_d": 4.8041320800302294e-05, "width_d": 0.006459578836041332}