{"numgrasp": 209, "translation_d": 5.292424012028319e-09, "rotation_d": 4.671079520954944e-05, "width_d": 0.00609169594844109}