{"numgrasp": 213, "translation_d": 5.517285155505e-09, "rotation_d": 4.532205371698711e-05, "width_d": 0.005871581209428975}