{"numgrasp": 215, "translation_d": 5.96727740886586e-09, "rotation_d": 4.352465196347153e-05, "width_d": 0.005381840096018179}