{"numgrasp": 218, "translation_d": 5.830046503466081e-09, "rotation_d": 4.239139052019258e-05, "width_d": 0.005214838243615624}