{"numgrasp": 227, "translation_d": 5.808989182926922e-09, "rotation_d": 4.172794500501884e-05, "width_d": 0.004979461717992356}