{"numgrasp": 231, "translation_d": 6.023247027694558e-09, "rotation_d": 4.097262409680164e-05, "width_d": 0.003986270384609917}