{"numgrasp": 223, "translation_d": 5.9851771257213785e-09, "rotation_d": 4.2410620160911735e-05, "width_d": 0.003884374015423662}