{"numgrasp": 217, "translation_d": 6.313131347875334e-09, "rotation_d": 4.578604551135009e-05, "width_d": 0.003475627011697354}