{"numgrasp": 221, "translation_d": 6.282165415928777e-09, "rotation_d": 4.227379239037137e-05, "width_d": 0.004776061925170079}