{"numgrasp": 210, "translation_d": 5.727315935534674e-09, "rotation_d": 4.14159349597723e-05, "width_d": 0.0054268926407947705}