{"numgrasp": 206, "translation_d": 5.674623676423114e-09, "rotation_d": 4.215658157481459e-05, "width_d": 0.005424710974413281}