{"numgrasp": 254, "translation_d": 5.461008205215834e-09, "rotation_d": 4.507565895729846e-05, "width_d": 0.0028934749059548706}