{"numgrasp": 252, "translation_d": 5.801168448468006e-09, "rotation_d": 4.5684427378125895e-05, "width_d": 0.002583399765507236}