{"numgrasp": 252, "translation_d": 5.865333490206247e-09, "rotation_d": 4.773102649471725e-05, "width_d": 0.0029777891792086893}