{"numgrasp": 264, "translation_d": 6.014327234411617e-09, "rotation_d": 4.987424520914166e-05, "width_d": 0.003520350657875422}