{"numgrasp": 225, "translation_d": 5.329681676207304e-09, "rotation_d": 5.382407030482808e-05, "width_d": 0.005818849030794547}