{"numgrasp": 206, "translation_d": 6.120397235731859e-09, "rotation_d": 5.478503187125165e-05, "width_d": 0.0050427870672577575}