{"numgrasp": 221, "translation_d": 5.984781704062454e-09, "rotation_d": 5.50397189155437e-05, "width_d": 0.0041986348334294345}