{"numgrasp": 220, "translation_d": 5.831097334296957e-09, "rotation_d": 5.4753088967217974e-05, "width_d": 0.004003043619194432}