{"numgrasp": 258, "translation_d": 6.052392314484402e-09, "rotation_d": 5.316966118836848e-05, "width_d": 0.0031436137017097784}