{"numgrasp": 215, "translation_d": 5.579332159320651e-09, "rotation_d": 5.5375150024455415e-05, "width_d": 0.0033765288001681958}