{"numgrasp": 220, "translation_d": 5.577938348982075e-09, "rotation_d": 5.424291114740032e-05, "width_d": 0.003441830429328008}