{"numgrasp": 217, "translation_d": 5.697177049216468e-09, "rotation_d": 5.4850971055923176e-05, "width_d": 0.003608198627768648}