{"numgrasp": 213, "translation_d": 5.621025943283438e-09, "rotation_d": 5.3722364143997994e-05, "width_d": 0.003603991725432388}