{"numgrasp": 195, "translation_d": 5.8378072372822235e-09, "rotation_d": 5.142877848073709e-05, "width_d": 0.0050826639537264245}