{"numgrasp": 203, "translation_d": 5.830873368715986e-09, "rotation_d": 5.0789821487613256e-05, "width_d": 0.004467153091894147}