{"numgrasp": 264, "translation_d": 5.768625585423523e-09, "rotation_d": 4.50262150319968e-05, "width_d": 0.00432266579358811}