{"numgrasp": 221, "translation_d": 5.254171758831018e-09, "rotation_d": 5.327757456668587e-05, "width_d": 0.0031139507459849677}