{"numgrasp": 213, "translation_d": 5.4779686066951695e-09, "rotation_d": 4.822899323923626e-05, "width_d": 0.003526662927065774}