{"numgrasp": 267, "translation_d": 5.855037553953892e-09, "rotation_d": 5.3970379146153445e-05, "width_d": 0.004550101218071823}