{"numgrasp": 256, "translation_d": 6.060718124915448e-09, "rotation_d": 5.19555169625882e-05, "width_d": 0.005726647527739474}