{"numgrasp": 280, "translation_d": 5.371793229555508e-09, "rotation_d": 4.9755774772889095e-05, "width_d": 0.004680767124131426}