{"numgrasp": 285, "translation_d": 5.306957974063405e-09, "rotation_d": 5.050168435599399e-05, "width_d": 0.004209186171095718}