{"numgrasp": 266, "translation_d": 5.732685036747763e-09, "rotation_d": 5.0861317333567816e-05, "width_d": 0.003921224237981337}