{"numgrasp": 273, "translation_d": 5.2767593745916595e-09, "rotation_d": 5.1658611523596287e-05, "width_d": 0.0036160104571016133}