{"numgrasp": 281, "translation_d": 5.6513929610417494e-09, "rotation_d": 5.42706459637e-05, "width_d": 0.002639439756704462}