{"numgrasp": 290, "translation_d": 5.249273414213285e-09, "rotation_d": 4.711552103563103e-05, "width_d": 0.0025261617115292854}