{"numgrasp": 293, "translation_d": 5.497688026057054e-09, "rotation_d": 4.7425205390223954e-05, "width_d": 0.0028892259157743032}