{"numgrasp": 284, "translation_d": 5.602621613590409e-09, "rotation_d": 4.771114382216192e-05, "width_d": 0.0033497662341640737}