{"numgrasp": 273, "translation_d": 5.508433895611798e-09, "rotation_d": 4.5637171314888325e-05, "width_d": 0.0035902364026619863}