{"numgrasp": 260, "translation_d": 5.849539115232575e-09, "rotation_d": 4.6477328055144826e-05, "width_d": 0.00454418890922247}