{"numgrasp": 291, "translation_d": 5.411521828767543e-09, "rotation_d": 4.3720228419371926e-05, "width_d": 0.004755947061340267}