{"numgrasp": 281, "translation_d": 5.48873223515404e-09, "rotation_d": 4.495949150893714e-05, "width_d": 0.004797575092193928}