{"numgrasp": 293, "translation_d": 5.354808796733749e-09, "rotation_d": 4.5236892403471966e-05, "width_d": 0.004469464014947196}