{"numgrasp": 304, "translation_d": 5.445734142627947e-09, "rotation_d": 4.4346735993943015e-05, "width_d": 0.00376504098201866}