{"numgrasp": 285, "translation_d": 5.705558486255377e-09, "rotation_d": 4.3916209801535836e-05, "width_d": 0.0037108617152612393}