{"numgrasp": 296, "translation_d": 5.4250896468170704e-09, "rotation_d": 4.510913963646748e-05, "width_d": 0.0032440396705524}