{"numgrasp": 295, "translation_d": 5.291053718304988e-09, "rotation_d": 4.510523990847328e-05, "width_d": 0.0027788009363047947}