{"numgrasp": 305, "translation_d": 5.139301877334831e-09, "rotation_d": 5.2141655262514165e-05, "width_d": 0.00186956769345755}