{"numgrasp": 320, "translation_d": 5.108530924916786e-09, "rotation_d": 5.03733842699435e-05, "width_d": 0.0024747253870225153}