{"numgrasp": 313, "translation_d": 5.133664590106048e-09, "rotation_d": 4.857704062361204e-05, "width_d": 0.0025902361807911118}