{"numgrasp": 295, "translation_d": 5.3515336609587096e-09, "rotation_d": 4.6755920841202296e-05, "width_d": 0.0034466052944030906}