{"numgrasp": 297, "translation_d": 5.603409414229777e-09, "rotation_d": 4.7255030703447164e-05, "width_d": 0.003977445092479331}