{"numgrasp": 282, "translation_d": 5.718687056837405e-09, "rotation_d": 4.6102715496710755e-05, "width_d": 0.003937188906057779}