{"numgrasp": 281, "translation_d": 5.266486987273519e-09, "rotation_d": 5.2779094971766004e-05, "width_d": 0.004463700125782986}