{"numgrasp": 274, "translation_d": 5.4122549613370034e-09, "rotation_d": 5.1794417518265376e-05, "width_d": 0.004152266785985867}