{"numgrasp": 242, "translation_d": 5.361889906548071e-09, "rotation_d": 4.5467222557549996e-05, "width_d": 0.008030287424812507}