{"numgrasp": 308, "translation_d": 5.359335454399704e-09, "rotation_d": 5.265467822338877e-05, "width_d": 0.004064660754790883}