{"numgrasp": 294, "translation_d": 5.245704316869447e-09, "rotation_d": 5.280332656394642e-05, "width_d": 0.0034681343433656136}