{"numgrasp": 326, "translation_d": 5.336678633895093e-09, "rotation_d": 5.2974152123970475e-05, "width_d": 0.0029367985919797764}