{"numgrasp": 311, "translation_d": 5.473671413587014e-09, "rotation_d": 5.3852409978152974e-05, "width_d": 0.0024490700785694346}