{"numgrasp": 304, "translation_d": 5.33974973024305e-09, "rotation_d": 5.373777960642245e-05, "width_d": 0.0023919889282662593}