{"numgrasp": 318, "translation_d": 5.360487523614665e-09, "rotation_d": 5.512513268119012e-05, "width_d": 0.0023206949105575476}