{"numgrasp": 297, "translation_d": 5.179054198906297e-09, "rotation_d": 5.5373359602320747e-05, "width_d": 0.0019482727312231999}