{"numgrasp": 299, "translation_d": 5.339010011095159e-09, "rotation_d": 5.7035364362445914e-05, "width_d": 0.0031400720865611825}