{"numgrasp": 294, "translation_d": 5.401530605580389e-09, "rotation_d": 5.59185979264097e-05, "width_d": 0.003888207367666967}