{"numgrasp": 341, "translation_d": 5.476587067558115e-09, "rotation_d": 5.563700762548456e-05, "width_d": 0.004368078313886473}