{"numgrasp": 321, "translation_d": 5.624240046247602e-09, "rotation_d": 5.6125797986086486e-05, "width_d": 0.0038798959797586192}