{"numgrasp": 269, "translation_d": 5.7296827597615365e-09, "rotation_d": 4.597933674168132e-05, "width_d": 0.006721497287948026}