{"numgrasp": 316, "translation_d": 5.573025616921712e-09, "rotation_d": 5.5845976127748663e-05, "width_d": 0.002708436994502997}