{"numgrasp": 302, "translation_d": 4.895107375218027e-09, "rotation_d": 5.2558430371392726e-05, "width_d": 0.001819957946286363}