{"numgrasp": 293, "translation_d": 5.160334050833416e-09, "rotation_d": 4.6626351862578954e-05, "width_d": 0.002036959496444931}