{"numgrasp": 309, "translation_d": 5.02685467379735e-09, "rotation_d": 4.891658355395979e-05, "width_d": 0.002423076693698625}