{"numgrasp": 312, "translation_d": 5.2262373695726686e-09, "rotation_d": 5.078241729264876e-05, "width_d": 0.002477456493270278}