{"numgrasp": 320, "translation_d": 5.336828891734809e-09, "rotation_d": 5.197187242670802e-05, "width_d": 0.0030154189401257678}