{"numgrasp": 323, "translation_d": 5.517695248363917e-09, "rotation_d": 5.245641412476244e-05, "width_d": 0.004128357271837603}