{"numgrasp": 333, "translation_d": 5.41927347032081e-09, "rotation_d": 5.245124466514284e-05, "width_d": 0.004351539729980447}