{"numgrasp": 332, "translation_d": 5.0259077057945526e-09, "rotation_d": 4.6966537459583285e-05, "width_d": 0.004102867996804779}