{"numgrasp": 317, "translation_d": 5.4501680916008286e-09, "rotation_d": 4.6452226094148735e-05, "width_d": 0.0035051894498311065}