{"numgrasp": 334, "translation_d": 4.9097533810451e-09, "rotation_d": 4.675573992356875e-05, "width_d": 0.003135486697369149}