{"numgrasp": 318, "translation_d": 5.136661530371722e-09, "rotation_d": 4.5301431144805145e-05, "width_d": 0.0029040921124011245}