{"numgrasp": 290, "translation_d": 4.82849766804771e-09, "rotation_d": 4.434623630758745e-05, "width_d": 0.0023198251636605944}