{"numgrasp": 314, "translation_d": 4.795778212873835e-09, "rotation_d": 4.487103802126963e-05, "width_d": 0.0026698199685360234}