{"numgrasp": 321, "translation_d": 5.0125865336090056e-09, "rotation_d": 4.417155317195545e-05, "width_d": 0.003195407618523599}