{"numgrasp": 329, "translation_d": 4.794488592015606e-09, "rotation_d": 4.343021197056076e-05, "width_d": 0.003385016340768582}