{"numgrasp": 348, "translation_d": 5.032240495429032e-09, "rotation_d": 4.310244040656635e-05, "width_d": 0.0034891678944493393}