{"numgrasp": 312, "translation_d": 5.943437468220065e-09, "rotation_d": 4.787834448927017e-05, "width_d": 0.0037723469915421507}