{"numgrasp": 307, "translation_d": 5.863899314663527e-09, "rotation_d": 4.88372148009428e-05, "width_d": 0.0033698927477448155}