{"numgrasp": 298, "translation_d": 6.332571582392943e-09, "rotation_d": 4.920905325700437e-05, "width_d": 0.0032655092127664986}