{"numgrasp": 310, "translation_d": 5.9297025646947696e-09, "rotation_d": 4.7678341585253586e-05, "width_d": 0.003340710534884177}