{"numgrasp": 311, "translation_d": 5.38449291349869e-09, "rotation_d": 4.47739596771668e-05, "width_d": 0.004319764203847996}