{"numgrasp": 306, "translation_d": 5.863053389740365e-09, "rotation_d": 4.528793981107298e-05, "width_d": 0.004576562860471365}