{"numgrasp": 302, "translation_d": 5.791547139993626e-09, "rotation_d": 4.483857374187394e-05, "width_d": 0.00533297605591109}