{"numgrasp": 295, "translation_d": 5.54995865314127e-09, "rotation_d": 4.541385799062437e-05, "width_d": 0.006171647155485303}