{"numgrasp": 305, "translation_d": 5.6112169449855636e-09, "rotation_d": 4.586030496713461e-05, "width_d": 0.006411832981120862}