{"numgrasp": 310, "translation_d": 6.0105479077701085e-09, "rotation_d": 4.82071616402379e-05, "width_d": 0.005774084289230046}