{"numgrasp": 296, "translation_d": 5.895789318777445e-09, "rotation_d": 4.8970663559699335e-05, "width_d": 0.0029946600026783737}