{"numgrasp": 277, "translation_d": 6.0597047338667855e-09, "rotation_d": 5.077656840871974e-05, "width_d": 0.003831292630703994}