{"numgrasp": 296, "translation_d": 6.4725715668082515e-09, "rotation_d": 5.169040779235892e-05, "width_d": 0.004927463808930826}