{"numgrasp": 275, "translation_d": 5.97479254303886e-09, "rotation_d": 4.754149144844221e-05, "width_d": 0.003931743985763364}