{"numgrasp": 291, "translation_d": 6.3620120236533486e-09, "rotation_d": 5.1934962013186513e-05, "width_d": 0.004993619210153139}