{"numgrasp": 268, "translation_d": 6.050058986200408e-09, "rotation_d": 5.409605288239365e-05, "width_d": 0.005517103650665206}