{"numgrasp": 273, "translation_d": 6.04485190410924e-09, "rotation_d": 4.8159321385888575e-05, "width_d": 0.004172531370658881}