{"numgrasp": 298, "translation_d": 5.926424424750656e-09, "rotation_d": 5.42908126466545e-05, "width_d": 0.003339670951914685}