{"numgrasp": 283, "translation_d": 6.083688581981502e-09, "rotation_d": 5.812749639473322e-05, "width_d": 0.0028050529829203637}