{"numgrasp": 295, "translation_d": 5.792114752940295e-09, "rotation_d": 5.67066230982038e-05, "width_d": 0.00286354017317737}