{"numgrasp": 285, "translation_d": 5.925498730149015e-09, "rotation_d": 5.660338302540173e-05, "width_d": 0.0032688597014288536}