{"numgrasp": 284, "translation_d": 5.640462684430449e-09, "rotation_d": 5.548131406524152e-05, "width_d": 0.003708564751631649}