{"numgrasp": 288, "translation_d": 5.787701515312445e-09, "rotation_d": 5.514599635387159e-05, "width_d": 0.0039030044542597403}