{"numgrasp": 285, "translation_d": 5.935226339463307e-09, "rotation_d": 5.548083187628959e-05, "width_d": 0.00404807195862651}