{"numgrasp": 270, "translation_d": 5.473038910081445e-09, "rotation_d": 4.735262740824773e-05, "width_d": 0.0051087445780851086}