{"numgrasp": 376, "translation_d": 5.628398496145293e-09, "rotation_d": 4.6741851915577625e-05, "width_d": 0.004757784067437881}