{"numgrasp": 378, "translation_d": 5.6039470765130144e-09, "rotation_d": 4.7763333706319756e-05, "width_d": 0.004758798376298788}