{"numgrasp": 375, "translation_d": 5.345270358285087e-09, "rotation_d": 5.152986280890039e-05, "width_d": 0.004716997153727801}