{"numgrasp": 369, "translation_d": 5.4421355982808484e-09, "rotation_d": 5.238031231192897e-05, "width_d": 0.004824679285088057}