{"numgrasp": 345, "translation_d": 6.114501034907803e-09, "rotation_d": 5.657799272917253e-05, "width_d": 0.005841541480874255}