{"numgrasp": 384, "translation_d": 5.757093168765874e-09, "rotation_d": 5.220674388111309e-05, "width_d": 0.004480254636521238}