{"numgrasp": 365, "translation_d": 5.453608959957353e-09, "rotation_d": 5.2662146337677116e-05, "width_d": 0.004494908221839656}