{"numgrasp": 386, "translation_d": 5.617076228910731e-09, "rotation_d": 5.270081805849286e-05, "width_d": 0.004286061430124734}