{"numgrasp": 398, "translation_d": 5.504922895952183e-09, "rotation_d": 5.5213181376970593e-05, "width_d": 0.003538243047625866}