{"numgrasp": 364, "translation_d": 5.580791271582472e-09, "rotation_d": 5.529633769755187e-05, "width_d": 0.004259776638394776}