{"numgrasp": 338, "translation_d": 6.288334619831993e-09, "rotation_d": 5.582873374755992e-05, "width_d": 0.006230835403802703}