{"numgrasp": 418, "translation_d": 5.366402316611596e-09, "rotation_d": 5.496049553073237e-05, "width_d": 0.0042695757595320365}