{"numgrasp": 421, "translation_d": 5.4590970103664605e-09, "rotation_d": 5.447206887879293e-05, "width_d": 0.003935098065983717}