{"numgrasp": 410, "translation_d": 5.422954677402397e-09, "rotation_d": 5.5597929370155666e-05, "width_d": 0.003572859277771493}