{"numgrasp": 381, "translation_d": 5.2507044302997435e-09, "rotation_d": 4.9990780371540846e-05, "width_d": 0.0033660073830438925}