{"numgrasp": 420, "translation_d": 5.200921950231529e-09, "rotation_d": 5.171046229026541e-05, "width_d": 0.0038319779783413084}