{"numgrasp": 391, "translation_d": 5.486317599721472e-09, "rotation_d": 5.2491100104185645e-05, "width_d": 0.0037570692771496045}