{"numgrasp": 383, "translation_d": 5.584470220837224e-09, "rotation_d": 5.3299132637290595e-05, "width_d": 0.004115073628547647}