{"numgrasp": 374, "translation_d": 5.633233036140044e-09, "rotation_d": 5.273384800901327e-05, "width_d": 0.004293426461959394}