{"numgrasp": 369, "translation_d": 5.443305060393551e-09, "rotation_d": 5.261240218891806e-05, "width_d": 0.004545083629982386}