{"numgrasp": 405, "translation_d": 5.388308843101144e-09, "rotation_d": 5.106691927728674e-05, "width_d": 0.00493579844155838}