{"numgrasp": 422, "translation_d": 5.612998001078711e-09, "rotation_d": 5.055850597036391e-05, "width_d": 0.00482302139215482}