{"numgrasp": 427, "translation_d": 5.632065523838358e-09, "rotation_d": 4.952272091130134e-05, "width_d": 0.004200762086492551}