{"numgrasp": 398, "translation_d": 5.440806922831832e-09, "rotation_d": 4.764699441035524e-05, "width_d": 0.0035711284553687703}