{"numgrasp": 379, "translation_d": 5.23039249540036e-09, "rotation_d": 4.554550920552618e-05, "width_d": 0.00347446433261835}