{"numgrasp": 408, "translation_d": 5.17438543936198e-09, "rotation_d": 4.611653609886045e-05, "width_d": 0.0036520346489967354}