{"numgrasp": 358, "translation_d": 5.351830274462813e-09, "rotation_d": 4.52346876972766e-05, "width_d": 0.0036310647567846747}