{"numgrasp": 382, "translation_d": 5.371828261709447e-09, "rotation_d": 4.638439741762058e-05, "width_d": 0.003902437485143849}