{"numgrasp": 416, "translation_d": 5.382573160794597e-09, "rotation_d": 4.7865580569062894e-05, "width_d": 0.004782474381561446}