{"numgrasp": 399, "translation_d": 5.040420791113119e-09, "rotation_d": 4.4510618162865364e-05, "width_d": 0.005727895467431334}