{"numgrasp": 419, "translation_d": 5.361170109618861e-09, "rotation_d": 4.3914222530627755e-05, "width_d": 0.005340484571546562}