{"numgrasp": 395, "translation_d": 5.092555032016525e-09, "rotation_d": 4.622460104796109e-05, "width_d": 0.004181341169472708}