{"numgrasp": 382, "translation_d": 5.2322407344053334e-09, "rotation_d": 4.6713960331140156e-05, "width_d": 0.004254676983645512}