{"numgrasp": 367, "translation_d": 4.79870725535137e-09, "rotation_d": 4.7560900965144984e-05, "width_d": 0.0037343797476944722}