{"numgrasp": 308, "translation_d": 5.1840849827049555e-09, "rotation_d": 5.519439453266844e-05, "width_d": 0.003774329151729729}