{"numgrasp": 368, "translation_d": 4.885176673212347e-09, "rotation_d": 5.004774714335409e-05, "width_d": 0.004115954068752479}