{"numgrasp": 343, "translation_d": 4.6342389997607525e-09, "rotation_d": 4.504725897130772e-05, "width_d": 0.005149177594030474}