{"numgrasp": 361, "translation_d": 6.487525825107988e-09, "rotation_d": 5.793596403644385e-05, "width_d": 0.005511734203994785}