{"numgrasp": 360, "translation_d": 4.383948253869311e-09, "rotation_d": 4.351490869925699e-05, "width_d": 0.0058336750753584885}