{"numgrasp": 360, "translation_d": 4.423553007590381e-09, "rotation_d": 4.320347225853727e-05, "width_d": 0.006049315690076935}