{"numgrasp": 324, "translation_d": 4.236983085021587e-09, "rotation_d": 4.3588951790713284e-05, "width_d": 0.006210680657434704}