{"numgrasp": 316, "translation_d": 4.101908876972578e-09, "rotation_d": 4.419076760407625e-05, "width_d": 0.00596256666763216}