{"numgrasp": 302, "translation_d": 4.572895224127532e-09, "rotation_d": 4.505802768408803e-05, "width_d": 0.005927302284730524}