{"numgrasp": 374, "translation_d": 6.387826900615778e-09, "rotation_d": 5.645737049317712e-05, "width_d": 0.005293777703724557}