{"numgrasp": 305, "translation_d": 4.818389259261904e-09, "rotation_d": 5.486116925828874e-05, "width_d": 0.004492687525715177}