{"numgrasp": 386, "translation_d": 6.582884184124628e-09, "rotation_d": 5.760340148259366e-05, "width_d": 0.005087264781439497}