{"numgrasp": 267, "translation_d": 5.0039885334198265e-09, "rotation_d": 5.4730635205432496e-05, "width_d": 0.004528196100992653}