{"numgrasp": 221, "translation_d": 4.774003816317099e-09, "rotation_d": 5.049491072047841e-05, "width_d": 0.004565524077839317}