{"numgrasp": 250, "translation_d": 4.6386073962104325e-09, "rotation_d": 4.874082304778934e-05, "width_d": 0.005292309651528266}