{"numgrasp": 296, "translation_d": 4.337691147667901e-09, "rotation_d": 4.6330101646606475e-05, "width_d": 0.005741915925769995}