{"numgrasp": 377, "translation_d": 6.199468606762997e-09, "rotation_d": 5.586514908458006e-05, "width_d": 0.004222889870124385}