{"numgrasp": 351, "translation_d": 6.3153003028728566e-09, "rotation_d": 5.457931583394654e-05, "width_d": 0.004959249972276686}