{"numgrasp": 356, "translation_d": 6.237473106681451e-09, "rotation_d": 5.5913342072473556e-05, "width_d": 0.004077894311286671}