{"numgrasp": 358, "translation_d": 6.156475863844989e-09, "rotation_d": 5.3818806492383075e-05, "width_d": 0.005399920281525182}