{"numgrasp": 346, "translation_d": 6.222059151349741e-09, "rotation_d": 5.349695155671264e-05, "width_d": 0.005431315152199469}