{"numgrasp": 351, "translation_d": 6.6318612137275626e-09, "rotation_d": 4.892283486095714e-05, "width_d": 0.00509335640463588}