{"numgrasp": 368, "translation_d": 6.406668626587155e-09, "rotation_d": 5.109089030157104e-05, "width_d": 0.004339081317966325}