{"numgrasp": 389, "translation_d": 6.26479251242855e-09, "rotation_d": 5.210859495175275e-05, "width_d": 0.004182526671251762}