{"numgrasp": 367, "translation_d": 6.249624604076981e-09, "rotation_d": 5.3297645713090305e-05, "width_d": 0.003994240961037443}