{"numgrasp": 353, "translation_d": 6.090498050325145e-09, "rotation_d": 5.5395491209342896e-05, "width_d": 0.004565665739237214}