{"numgrasp": 370, "translation_d": 6.354610735497784e-09, "rotation_d": 5.423554916474113e-05, "width_d": 0.003784010698071444}