{"numgrasp": 354, "translation_d": 6.602578398308224e-09, "rotation_d": 4.6337020735245864e-05, "width_d": 0.0040143021053410805}