{"numgrasp": 365, "translation_d": 6.028951636866528e-09, "rotation_d": 4.445952707508125e-05, "width_d": 0.005086642705182221}