{"numgrasp": 351, "translation_d": 6.505572801245205e-09, "rotation_d": 4.374835165263486e-05, "width_d": 0.0052947365853331044}