{"numgrasp": 333, "translation_d": 6.444154727121115e-09, "rotation_d": 4.340982831096674e-05, "width_d": 0.005953309239051223}