{"numgrasp": 341, "translation_d": 6.023335241667519e-09, "rotation_d": 4.509760504563042e-05, "width_d": 0.0056711547450521115}