{"numgrasp": 352, "translation_d": 5.9613973351321685e-09, "rotation_d": 4.405437284204041e-05, "width_d": 0.005435236478921272}