{"numgrasp": 361, "translation_d": 6.249218298152124e-09, "rotation_d": 4.4049552387145924e-05, "width_d": 0.0050952136175105986}