{"numgrasp": 358, "translation_d": 6.153037435753556e-09, "rotation_d": 5.6161969666704495e-05, "width_d": 0.0048619063363378925}