{"numgrasp": 365, "translation_d": 6.045987835223401e-09, "rotation_d": 4.2296020083697444e-05, "width_d": 0.004609745616933052}