{"numgrasp": 372, "translation_d": 6.312383209417564e-09, "rotation_d": 4.3382570249911154e-05, "width_d": 0.004458603660217105}