{"numgrasp": 381, "translation_d": 5.911967072800707e-09, "rotation_d": 4.294230681027968e-05, "width_d": 0.0038037308119683}