{"numgrasp": 385, "translation_d": 5.947877383710159e-09, "rotation_d": 4.3720903340497506e-05, "width_d": 0.0040416150570769475}