{"numgrasp": 379, "translation_d": 6.027666597298659e-09, "rotation_d": 4.450764507229076e-05, "width_d": 0.003648924010626596}