{"numgrasp": 394, "translation_d": 5.938595540594084e-09, "rotation_d": 4.480131213836025e-05, "width_d": 0.003705654207268404}