{"numgrasp": 401, "translation_d": 5.7419029344175384e-09, "rotation_d": 4.651533463833287e-05, "width_d": 0.004263390356334222}