{"numgrasp": 395, "translation_d": 5.558559971496152e-09, "rotation_d": 4.7447600797195287e-05, "width_d": 0.004408910069923361}