{"numgrasp": 424, "translation_d": 5.639105741391989e-09, "rotation_d": 5.537806991735386e-05, "width_d": 0.0019492751736121727}