{"numgrasp": 463, "translation_d": 5.316502186134185e-09, "rotation_d": 5.389662218126694e-05, "width_d": 0.004655646580747989}