{"numgrasp": 472, "translation_d": 5.295460859986165e-09, "rotation_d": 5.3498971791494174e-05, "width_d": 0.004331554602901949}