{"numgrasp": 471, "translation_d": 5.473955971706901e-09, "rotation_d": 5.354662654677496e-05, "width_d": 0.003292721885605581}