{"numgrasp": 428, "translation_d": 5.437010369009319e-09, "rotation_d": 5.289797183281625e-05, "width_d": 0.002293483354284465}