{"numgrasp": 405, "translation_d": 5.491830999320409e-09, "rotation_d": 5.139132302174394e-05, "width_d": 0.001985930864030076}