{"numgrasp": 419, "translation_d": 5.303451815727539e-09, "rotation_d": 5.430249958859414e-05, "width_d": 0.0019361538823132194}