{"numgrasp": 464, "translation_d": 5.2166944402740326e-09, "rotation_d": 5.48798756538505e-05, "width_d": 0.0025548140891201825}