{"numgrasp": 508, "translation_d": 5.2726591490406616e-09, "rotation_d": 5.53853955721513e-05, "width_d": 0.003504130393279057}