{"numgrasp": 502, "translation_d": 4.7568766581704264e-09, "rotation_d": 5.493082003146121e-05, "width_d": 0.004157735539571544}