{"numgrasp": 498, "translation_d": 5.175390589788431e-09, "rotation_d": 5.4462983959676495e-05, "width_d": 0.004388916874326564}