{"numgrasp": 478, "translation_d": 4.852608312149025e-09, "rotation_d": 5.17364472400577e-05, "width_d": 0.004428091540406024}