{"numgrasp": 438, "translation_d": 5.8864655481463975e-09, "rotation_d": 5.703986504160431e-05, "width_d": 0.004934323048130162}