{"numgrasp": 507, "translation_d": 5.2382944993021275e-09, "rotation_d": 5.27881051696007e-05, "width_d": 0.0027448163954679364}