{"numgrasp": 434, "translation_d": 5.0609428977752644e-09, "rotation_d": 4.721889128912288e-05, "width_d": 0.0017667282832004663}