{"numgrasp": 538, "translation_d": 4.912443106363542e-09, "rotation_d": 4.735333330204856e-05, "width_d": 0.0033836749980617796}