{"numgrasp": 494, "translation_d": 4.60382584834287e-09, "rotation_d": 4.385671497352931e-05, "width_d": 0.004034093391875924}