{"numgrasp": 496, "translation_d": 4.791402427860009e-09, "rotation_d": 4.396859807155497e-05, "width_d": 0.003882718071587006}