{"numgrasp": 499, "translation_d": 4.888938793670978e-09, "rotation_d": 4.4475422077960036e-05, "width_d": 0.0038670288954406593}