{"numgrasp": 505, "translation_d": 4.768746222902625e-09, "rotation_d": 4.558463511787075e-05, "width_d": 0.003514111487426959}