{"numgrasp": 515, "translation_d": 4.925774986121483e-09, "rotation_d": 4.550449832861495e-05, "width_d": 0.0028014350696412465}