{"numgrasp": 495, "translation_d": 4.9523275957412065e-09, "rotation_d": 4.4159736193105116e-05, "width_d": 0.0024435219183655196}