{"numgrasp": 493, "translation_d": 4.9346785931705836e-09, "rotation_d": 4.5191268172362844e-05, "width_d": 0.002028860976595513}