{"numgrasp": 462, "translation_d": 4.9381684308497316e-09, "rotation_d": 4.582405618680762e-05, "width_d": 0.001963889008849962}