{"numgrasp": 448, "translation_d": 5.00321263278024e-09, "rotation_d": 5.1307796864221624e-05, "width_d": 0.001805362196912805}