{"numgrasp": 458, "translation_d": 5.266460684595341e-09, "rotation_d": 4.864554044988104e-05, "width_d": 0.0019474573753386591}