{"numgrasp": 495, "translation_d": 5.051782478774085e-09, "rotation_d": 4.692510803769459e-05, "width_d": 0.002247809717190401}