{"numgrasp": 488, "translation_d": 4.775172382401827e-09, "rotation_d": 4.6555294210628174e-05, "width_d": 0.0023556073193614327}