{"numgrasp": 418, "translation_d": 5.833879590553086e-09, "rotation_d": 5.2643388149575744e-05, "width_d": 0.004964231838432572}