{"numgrasp": 488, "translation_d": 4.902030074511891e-09, "rotation_d": 4.442385402463551e-05, "width_d": 0.003565580846232666}