{"numgrasp": 488, "translation_d": 4.85293173241196e-09, "rotation_d": 5.233796722770587e-05, "width_d": 0.00352104020511356}