{"numgrasp": 505, "translation_d": 6.202880565563363e-09, "rotation_d": 5.589887252753151e-05, "width_d": 0.0022444157172643833}