{"numgrasp": 489, "translation_d": 4.774848555011709e-09, "rotation_d": 4.9440743293772805e-05, "width_d": 0.0032820842158234657}