{"numgrasp": 506, "translation_d": 4.963116229250215e-09, "rotation_d": 5.0521572402819506e-05, "width_d": 0.003041816728554309}