{"numgrasp": 483, "translation_d": 5.086469856274113e-09, "rotation_d": 5.2049614436833684e-05, "width_d": 0.0024002686498060303}