{"numgrasp": 434, "translation_d": 5.948703110255391e-09, "rotation_d": 5.371317522448934e-05, "width_d": 0.004366528976248667}