{"numgrasp": 426, "translation_d": 5.295699102520123e-09, "rotation_d": 5.3116022718960215e-05, "width_d": 0.0018148550586730013}