{"numgrasp": 456, "translation_d": 5.222513428211744e-09, "rotation_d": 5.542621396798822e-05, "width_d": 0.002151630244566205}