{"numgrasp": 468, "translation_d": 5.136336053571206e-09, "rotation_d": 5.570379050017728e-05, "width_d": 0.002575907482664742}