{"numgrasp": 451, "translation_d": 5.047118894872128e-09, "rotation_d": 5.4129892810060437e-05, "width_d": 0.0027210021175974337}