{"numgrasp": 465, "translation_d": 5.963915105236603e-09, "rotation_d": 5.372099990545226e-05, "width_d": 0.004208242992874726}