{"numgrasp": 491, "translation_d": 4.810250765375139e-09, "rotation_d": 5.179146300721684e-05, "width_d": 0.004010828683099222}