{"numgrasp": 490, "translation_d": 4.525343394728064e-09, "rotation_d": 5.158679048022108e-05, "width_d": 0.004325471886028195}