{"numgrasp": 527, "translation_d": 4.7319354459581555e-09, "rotation_d": 5.4354348616568395e-05, "width_d": 0.004759126804601497}