{"numgrasp": 458, "translation_d": 4.848038856798075e-09, "rotation_d": 5.5596654293242464e-05, "width_d": 0.0037873193922487564}