{"numgrasp": 454, "translation_d": 5.012931598706853e-09, "rotation_d": 5.5486403260941326e-05, "width_d": 0.003432653081881057}