{"numgrasp": 451, "translation_d": 4.738269066525016e-09, "rotation_d": 5.6393064423224236e-05, "width_d": 0.002691095541620749}