{"numgrasp": 441, "translation_d": 5.112161829762474e-09, "rotation_d": 5.589244609953513e-05, "width_d": 0.0022539485487391877}