{"numgrasp": 437, "translation_d": 4.969488718830478e-09, "rotation_d": 5.639015879094558e-05, "width_d": 0.0027841511032973003}