{"numgrasp": 503, "translation_d": 5.898345861460444e-09, "rotation_d": 5.480875967329549e-05, "width_d": 0.003361421787271799}