{"numgrasp": 451, "translation_d": 5.089276866935559e-09, "rotation_d": 5.5469120914120825e-05, "width_d": 0.0038140845874959943}