{"numgrasp": 457, "translation_d": 4.994245887886357e-09, "rotation_d": 5.5570074613079216e-05, "width_d": 0.003912453401545612}