{"numgrasp": 486, "translation_d": 4.897594038781216e-09, "rotation_d": 5.4712239841262635e-05, "width_d": 0.004623207099106229}