{"numgrasp": 472, "translation_d": 4.690935564588292e-09, "rotation_d": 5.436012051733366e-05, "width_d": 0.005050978657456738}