{"numgrasp": 539, "translation_d": 6.068524389405896e-09, "rotation_d": 5.5876425704415355e-05, "width_d": 0.002863480347239536}