{"numgrasp": 511, "translation_d": 6.182815881951904e-09, "rotation_d": 5.447566736507629e-05, "width_d": 0.002212097452480984}