{"numgrasp": 358, "translation_d": 6.069090905595251e-09, "rotation_d": 4.6920649698732576e-05, "width_d": 0.005502277420754211}