{"numgrasp": 507, "translation_d": 6.218390180340121e-09, "rotation_d": 5.688266106039138e-05, "width_d": 0.002724371059127773}