{"numgrasp": 486, "translation_d": 5.774133906618537e-09, "rotation_d": 4.733319904689956e-05, "width_d": 0.0034224795985834193}