{"numgrasp": 466, "translation_d": 5.824682139855052e-09, "rotation_d": 4.782587156467074e-05, "width_d": 0.0026060793890455188}