{"numgrasp": 462, "translation_d": 5.695865153181329e-09, "rotation_d": 4.967255580210125e-05, "width_d": 0.0024076287648869083}