{"numgrasp": 459, "translation_d": 5.770768489144622e-09, "rotation_d": 4.638124948222016e-05, "width_d": 0.002917323751693586}