{"numgrasp": 499, "translation_d": 5.99719926210518e-09, "rotation_d": 4.66219360036908e-05, "width_d": 0.0030584035278506797}