{"numgrasp": 450, "translation_d": 5.805173935205449e-09, "rotation_d": 4.551238058107309e-05, "width_d": 0.00439097078139309}