{"numgrasp": 429, "translation_d": 5.757942697503659e-09, "rotation_d": 4.371820823675427e-05, "width_d": 0.004834058708047325}