{"numgrasp": 399, "translation_d": 5.464327791388924e-09, "rotation_d": 5.04606928176405e-05, "width_d": 0.00472831541374419}