{"numgrasp": 490, "translation_d": 5.522736731536653e-09, "rotation_d": 4.7456960038504004e-05, "width_d": 0.003664304771769406}