{"numgrasp": 473, "translation_d": 5.603707166695786e-09, "rotation_d": 4.6277108931549054e-05, "width_d": 0.0031683181110780624}