{"numgrasp": 493, "translation_d": 6.033050780291163e-09, "rotation_d": 5.6499901900800444e-05, "width_d": 0.003762758875897974}