{"numgrasp": 409, "translation_d": 5.456285164937759e-09, "rotation_d": 4.8394938006094426e-05, "width_d": 0.002278330842896671}