{"numgrasp": 432, "translation_d": 5.6300600576310264e-09, "rotation_d": 4.893009161516744e-05, "width_d": 0.002495798220401556}