{"numgrasp": 464, "translation_d": 5.770146224410867e-09, "rotation_d": 5.0049984067352855e-05, "width_d": 0.003186451040283106}