{"numgrasp": 472, "translation_d": 5.449690859750313e-09, "rotation_d": 5.5507536896444636e-05, "width_d": 0.003472965997407906}