{"numgrasp": 279, "translation_d": 4.7711515679094004e-09, "rotation_d": 5.342139235221229e-05, "width_d": 0.0047292288030671426}