{"numgrasp": 286, "translation_d": 4.678152049965807e-09, "rotation_d": 5.2824094852137295e-05, "width_d": 0.004734147625235185}