{"numgrasp": 271, "translation_d": 4.81861813555429e-09, "rotation_d": 5.191006844276931e-05, "width_d": 0.004674635404331211}