{"numgrasp": 287, "translation_d": 4.8858502522784675e-09, "rotation_d": 5.477479907621244e-05, "width_d": 0.004306078336088755}