{"numgrasp": 299, "translation_d": 4.987818616886661e-09, "rotation_d": 5.901185256272316e-05, "width_d": 0.004199064796747904}