{"numgrasp": 282, "translation_d": 4.963894885627506e-09, "rotation_d": 6.21766704892922e-05, "width_d": 0.004016252900653981}