{"numgrasp": 288, "translation_d": 4.813662547870456e-09, "rotation_d": 5.809789192666509e-05, "width_d": 0.003833008508932759}