{"numgrasp": 268, "translation_d": 4.9628647121491195e-09, "rotation_d": 5.6007729200648175e-05, "width_d": 0.0036514902603748144}