{"numgrasp": 283, "translation_d": 6.130711640948656e-09, "rotation_d": 5.7909987844689076e-05, "width_d": 0.004599347154472094}