{"numgrasp": 265, "translation_d": 5.391039301790312e-09, "rotation_d": 5.497824302839765e-05, "width_d": 0.003592319162373899}