{"numgrasp": 261, "translation_d": 5.590678445435419e-09, "rotation_d": 5.8356434613682745e-05, "width_d": 0.0039046996486968317}