{"numgrasp": 271, "translation_d": 5.5473439191512665e-09, "rotation_d": 5.8725588575706305e-05, "width_d": 0.003971279152322085}