{"numgrasp": 287, "translation_d": 4.939752569169252e-09, "rotation_d": 0.00010997488288578899, "width_d": 0.003976749237917775}