{"numgrasp": 285, "translation_d": 4.910629341037576e-09, "rotation_d": 5.983023589049609e-05, "width_d": 0.0037490091076392944}