{"numgrasp": 284, "translation_d": 4.994480943588901e-09, "rotation_d": 5.938176952700864e-05, "width_d": 0.0040241351380954525}