{"numgrasp": 305, "translation_d": 4.927812567528805e-09, "rotation_d": 5.7836061758149e-05, "width_d": 0.003940648632693697}