{"numgrasp": 297, "translation_d": 4.49523656611808e-09, "rotation_d": 5.4436956719528624e-05, "width_d": 0.004376669343779924}