{"numgrasp": 293, "translation_d": 4.994761923818388e-09, "rotation_d": 5.357307536734898e-05, "width_d": 0.003984052564863085}