{"numgrasp": 304, "translation_d": 4.635568674981797e-09, "rotation_d": 5.375627911074704e-05, "width_d": 0.0038631376067906017}