{"numgrasp": 301, "translation_d": 4.887805586021193e-09, "rotation_d": 5.3518561271689903e-05, "width_d": 0.003805107694658565}