{"numgrasp": 268, "translation_d": 5.179621141160501e-09, "rotation_d": 5.4697746798474855e-05, "width_d": 0.0038072534729030796}