{"numgrasp": 268, "translation_d": 5.199756749931881e-09, "rotation_d": 5.444605109495315e-05, "width_d": 0.0037586259983398386}