{"numgrasp": 258, "translation_d": 5.136193627189167e-09, "rotation_d": 5.187680303341187e-05, "width_d": 0.0036518419232680287}