{"numgrasp": 266, "translation_d": 5.4913575789028255e-09, "rotation_d": 4.5387902164986235e-05, "width_d": 0.0036350057087398695}