{"numgrasp": 263, "translation_d": 5.609837516731946e-09, "rotation_d": 4.6480356167597296e-05, "width_d": 0.003717483755735721}