{"numgrasp": 264, "translation_d": 5.519080297823545e-09, "rotation_d": 4.772286117387919e-05, "width_d": 0.00368015511478676}