{"numgrasp": 271, "translation_d": 5.231096330358426e-09, "rotation_d": 4.7232250411519074e-05, "width_d": 0.0037105108803946753}