{"numgrasp": 320, "translation_d": 4.818896588585551e-09, "rotation_d": 4.5582829695200285e-05, "width_d": 0.0035807724744774646}