{"numgrasp": 311, "translation_d": 4.78975325465599e-09, "rotation_d": 4.657131768022331e-05, "width_d": 0.004096570614603802}