{"numgrasp": 313, "translation_d": 4.609818418441578e-09, "rotation_d": 4.69120544205264e-05, "width_d": 0.004017525547227762}