{"numgrasp": 297, "translation_d": 4.748482898700581e-09, "rotation_d": 4.500167102255406e-05, "width_d": 0.004116861364092754}