{"numgrasp": 288, "translation_d": 4.804873170044765e-09, "rotation_d": 4.558374882193386e-05, "width_d": 0.0037173749009976604}