{"numgrasp": 256, "translation_d": 5.377442589511025e-09, "rotation_d": 4.465554972707612e-05, "width_d": 0.003484492057909251}