{"numgrasp": 244, "translation_d": 4.984184966815195e-09, "rotation_d": 4.454250862987207e-05, "width_d": 0.0037306027532622034}