{"numgrasp": 228, "translation_d": 6.0367441324853506e-09, "rotation_d": 4.5836196338011014e-05, "width_d": 0.0038270222497662322}