{"numgrasp": 210, "translation_d": 5.62530912218939e-09, "rotation_d": 4.543270607360568e-05, "width_d": 0.0038215294635597216}