{"numgrasp": 225, "translation_d": 5.855523287426832e-09, "rotation_d": 4.5882912477418344e-05, "width_d": 0.0038865376479274853}