{"numgrasp": 227, "translation_d": 5.696450549329222e-09, "rotation_d": 4.5635335450391646e-05, "width_d": 0.0037280760171643033}