{"numgrasp": 242, "translation_d": 5.899000015147305e-09, "rotation_d": 4.6285198905021456e-05, "width_d": 0.003963818650811723}