{"numgrasp": 270, "translation_d": 5.925647964963603e-09, "rotation_d": 5.269200477999679e-05, "width_d": 0.004437635424574702}