{"numgrasp": 248, "translation_d": 5.444310030705559e-09, "rotation_d": 4.6980318496485486e-05, "width_d": 0.003870366608975745}