{"numgrasp": 253, "translation_d": 5.091132887451333e-09, "rotation_d": 4.6163515784331456e-05, "width_d": 0.004079514512862679}