{"numgrasp": 262, "translation_d": 4.727751496653456e-09, "rotation_d": 0.00017873425531386909, "width_d": 0.004410000132334436}