{"numgrasp": 227, "translation_d": 5.012274917826083e-09, "rotation_d": 4.9880657424928424e-05, "width_d": 0.004010231622957648}