{"numgrasp": 203, "translation_d": 6.646543725260269e-09, "rotation_d": 5.034096582142185e-05, "width_d": 0.0038654271572335992}