{"numgrasp": 205, "translation_d": 6.404646652001566e-09, "rotation_d": 5.25551703807852e-05, "width_d": 0.003685815492631235}