{"numgrasp": 195, "translation_d": 6.659159248220142e-09, "rotation_d": 5.265639338040768e-05, "width_d": 0.0036642912185655104}