{"numgrasp": 205, "translation_d": 6.120683093977358e-09, "rotation_d": 5.037257767749874e-05, "width_d": 0.00402224532978924}