{"numgrasp": 200, "translation_d": 5.719956003133193e-09, "rotation_d": 5.213390670994563e-05, "width_d": 0.0036669108799344836}