{"numgrasp": 214, "translation_d": 5.499547171571609e-09, "rotation_d": 5.1905302438579516e-05, "width_d": 0.00367834587162184}