{"numgrasp": 215, "translation_d": 5.475206313077264e-09, "rotation_d": 4.960093853640269e-05, "width_d": 0.003891326048462912}