{"numgrasp": 213, "translation_d": 5.4973681908103454e-09, "rotation_d": 5.240267379158761e-05, "width_d": 0.004923697633212057}