{"numgrasp": 192, "translation_d": 5.728148889913166e-09, "rotation_d": 5.118038592505992e-05, "width_d": 0.004138907060777838}