{"numgrasp": 295, "translation_d": 5.770258531405108e-09, "rotation_d": 5.5637040161366524e-05, "width_d": 0.004340715180980348}