{"numgrasp": 209, "translation_d": 5.925948453643953e-09, "rotation_d": 5.080415670041444e-05, "width_d": 0.0035122295548598486}