{"numgrasp": 199, "translation_d": 5.832961436601491e-09, "rotation_d": 5.3062639417704224e-05, "width_d": 0.00377680604795244}