{"numgrasp": 207, "translation_d": 6.449020917625108e-09, "rotation_d": 5.3391379938295524e-05, "width_d": 0.0038048802424979654}