{"numgrasp": 291, "translation_d": 5.765314117636304e-09, "rotation_d": 5.5575004834954244e-05, "width_d": 0.004638512020379497}