{"numgrasp": 207, "translation_d": 5.797688766386577e-09, "rotation_d": 5.0993863890495806e-05, "width_d": 0.0037428940619008105}