{"numgrasp": 212, "translation_d": 5.6483619430680345e-09, "rotation_d": 5.141092837655826e-05, "width_d": 0.0038174835718393224}