{"numgrasp": 292, "translation_d": 5.948692196924816e-09, "rotation_d": 5.549411653196505e-05, "width_d": 0.004408314230691264}