{"numgrasp": 193, "translation_d": 5.657615397528485e-09, "rotation_d": 5.1630426534004655e-05, "width_d": 0.0049640739671267965}