{"numgrasp": 210, "translation_d": 5.467189156705195e-09, "rotation_d": 5.3715495626398283e-05, "width_d": 0.005552105694785243}