{"numgrasp": 291, "translation_d": 5.846369973580964e-09, "rotation_d": 5.820575983756823e-05, "width_d": 0.00404981477528085}