{"numgrasp": 270, "translation_d": 5.340890484957455e-09, "rotation_d": 5.7964504188774704e-05, "width_d": 0.003872664254193311}