{"numgrasp": 276, "translation_d": 5.665084412205654e-09, "rotation_d": 5.525498786887886e-05, "width_d": 0.0038536790540272692}