{"numgrasp": 294, "translation_d": 5.636746978135267e-09, "rotation_d": 5.03994301840447e-05, "width_d": 0.00421839494149922}