{"numgrasp": 284, "translation_d": 5.365386735851814e-09, "rotation_d": 4.9193743251705904e-05, "width_d": 0.004372628399035562}