{"numgrasp": 269, "translation_d": 5.14759430279758e-09, "rotation_d": 4.9614372423210946e-05, "width_d": 0.004635891989874847}