{"numgrasp": 280, "translation_d": 4.893962428544118e-09, "rotation_d": 4.6318589155541965e-05, "width_d": 0.0046354830477794255}