{"numgrasp": 287, "translation_d": 5.195883323880204e-09, "rotation_d": 4.5306524879723116e-05, "width_d": 0.00418651025114725}