{"numgrasp": 295, "translation_d": 5.462189403564003e-09, "rotation_d": 4.8791103969081656e-05, "width_d": 0.0037774143462458074}