{"numgrasp": 283, "translation_d": 5.483315344898806e-09, "rotation_d": 5.035421650313935e-05, "width_d": 0.003698194392609719}