{"numgrasp": 283, "translation_d": 5.175983690815191e-09, "rotation_d": 4.5081183147446316e-05, "width_d": 0.003763924350553619}