{"numgrasp": 279, "translation_d": 4.945421538891918e-09, "rotation_d": 4.018481982948882e-05, "width_d": 0.004121860184545906}