{"numgrasp": 269, "translation_d": 4.9228473790459275e-09, "rotation_d": 4.112319954685467e-05, "width_d": 0.004039522568739798}