{"numgrasp": 273, "translation_d": 5.006066414324321e-09, "rotation_d": 4.2414339083721466e-05, "width_d": 0.003975335379571158}