{"numgrasp": 274, "translation_d": 4.820098811147537e-09, "rotation_d": 4.203558831107993e-05, "width_d": 0.0038520821524133547}