{"numgrasp": 263, "translation_d": 5.0539477248769465e-09, "rotation_d": 4.311987304264232e-05, "width_d": 0.004003846393758412}