{"numgrasp": 296, "translation_d": 6.203637371638957e-09, "rotation_d": 5.75827699517864e-05, "width_d": 0.004329561437675345}