{"numgrasp": 268, "translation_d": 4.7680042989725935e-09, "rotation_d": 4.555315276883234e-05, "width_d": 0.004409686505550154}