{"numgrasp": 272, "translation_d": 5.0474281609440615e-09, "rotation_d": 4.893515036584199e-05, "width_d": 0.0048085780850553}