{"numgrasp": 263, "translation_d": 4.9020990609205956e-09, "rotation_d": 4.6477222953224414e-05, "width_d": 0.004170061386707902}