{"numgrasp": 277, "translation_d": 5.00179805976744e-09, "rotation_d": 4.147984606827603e-05, "width_d": 0.0041758006180217236}