{"numgrasp": 282, "translation_d": 5.248389957762157e-09, "rotation_d": 4.8216023189958594e-05, "width_d": 0.004126216263531762}