{"numgrasp": 272, "translation_d": 5.176626531061947e-09, "rotation_d": 5.1367392332552315e-05, "width_d": 0.0040485494623283035}