{"numgrasp": 294, "translation_d": 5.206348114797901e-09, "rotation_d": 5.4914758674106445e-05, "width_d": 0.004542118567325195}