{"numgrasp": 257, "translation_d": 5.271697922442818e-09, "rotation_d": 5.2162481163311065e-05, "width_d": 0.004609011706751205}