{"numgrasp": 216, "translation_d": 5.228069507113378e-09, "rotation_d": 5.1581169229275524e-05, "width_d": 0.0052257941313183995}