{"numgrasp": 204, "translation_d": 4.679773723417235e-09, "rotation_d": 5.1269262820256125e-05, "width_d": 0.005290170313306104}