{"numgrasp": 234, "translation_d": 4.401376274436887e-09, "rotation_d": 5.0411579132324245e-05, "width_d": 0.005387327192896239}