{"numgrasp": 289, "translation_d": 4.876151904330321e-09, "rotation_d": 5.273334926801441e-05, "width_d": 0.0037295803297937758}