{"numgrasp": 293, "translation_d": 4.920923976820488e-09, "rotation_d": 5.382792357356615e-05, "width_d": 0.003596242651040641}