{"numgrasp": 280, "translation_d": 5.0403404520097e-09, "rotation_d": 5.33816681666637e-05, "width_d": 0.0027934711245171076}