{"numgrasp": 292, "translation_d": 5.103388593143804e-09, "rotation_d": 5.389284464996534e-05, "width_d": 0.0024504010193961015}