{"numgrasp": 277, "translation_d": 7.285899560556797e-09, "rotation_d": 4.847016243851666e-05, "width_d": 0.004275185286194376}