{"numgrasp": 305, "translation_d": 4.808287517567142e-09, "rotation_d": 5.118221297802423e-05, "width_d": 0.0023369653805748237}