{"numgrasp": 278, "translation_d": 4.582781076467991e-09, "rotation_d": 5.1177760614362606e-05, "width_d": 0.0032591643362705324}