{"numgrasp": 288, "translation_d": 4.723989017143048e-09, "rotation_d": 5.104215642151153e-05, "width_d": 0.0034681184066998466}