{"numgrasp": 276, "translation_d": 4.88307802291742e-09, "rotation_d": 5.585193681878575e-05, "width_d": 0.003947310980896475}