{"numgrasp": 259, "translation_d": 4.69592282624693e-09, "rotation_d": 5.128773600826099e-05, "width_d": 0.003868001482552861}