{"numgrasp": 253, "translation_d": 4.0414945971388866e-09, "rotation_d": 5.040436539438681e-05, "width_d": 0.00508177003282187}