{"numgrasp": 251, "translation_d": 3.967896609145027e-09, "rotation_d": 4.824105001820517e-05, "width_d": 0.005952556281776336}