{"numgrasp": 271, "translation_d": 4.176292461178167e-09, "rotation_d": 4.905915433239267e-05, "width_d": 0.003259634906040512}