{"numgrasp": 273, "translation_d": 4.759424773944685e-09, "rotation_d": 4.957138860730845e-05, "width_d": 0.002570652288776469}