{"numgrasp": 273, "translation_d": 4.612724857870704e-09, "rotation_d": 4.6471923530448015e-05, "width_d": 0.002350315894508285}