{"numgrasp": 251, "translation_d": 4.80201327294583e-09, "rotation_d": 4.8863847572675343e-05, "width_d": 0.002932735509424619}