{"numgrasp": 245, "translation_d": 4.1318438290756955e-09, "rotation_d": 4.694165800440884e-05, "width_d": 0.003977785003654325}