{"numgrasp": 273, "translation_d": 6.94631951621407e-09, "rotation_d": 4.80540769571416e-05, "width_d": 0.0049642199760043925}