{"numgrasp": 246, "translation_d": 4.190752258195372e-09, "rotation_d": 4.656389210894461e-05, "width_d": 0.004733173702055744}