{"numgrasp": 250, "translation_d": 3.722114351260843e-09, "rotation_d": 4.763223705931601e-05, "width_d": 0.005445810288218379}