{"numgrasp": 224, "translation_d": 6.768654188764697e-09, "rotation_d": 4.837583383781462e-05, "width_d": 0.005412554421363316}