{"numgrasp": 231, "translation_d": 4.305904713207573e-09, "rotation_d": 4.835741945123543e-05, "width_d": 0.004092864664544906}