{"numgrasp": 228, "translation_d": 4.705314621300921e-09, "rotation_d": 5.1271895137569954e-05, "width_d": 0.0028884249878062215}