{"numgrasp": 228, "translation_d": 4.760760243214157e-09, "rotation_d": 5.174265307146338e-05, "width_d": 0.002602706305005115}