{"numgrasp": 221, "translation_d": 3.95731471375672e-09, "rotation_d": 5.260532470419533e-05, "width_d": 0.004566557794003446}