{"numgrasp": 233, "translation_d": 3.987823514514885e-09, "rotation_d": 5.314917694993878e-05, "width_d": 0.004804329123721134}