{"numgrasp": 249, "translation_d": 3.950629079965774e-09, "rotation_d": 5.233245950237626e-05, "width_d": 0.005690655805764673}