{"numgrasp": 208, "translation_d": 3.977781079763212e-09, "rotation_d": 5.628778176729236e-05, "width_d": 0.006093818231027448}