{"numgrasp": 282, "translation_d": 6.7271710811013545e-09, "rotation_d": 5.1144636441107854e-05, "width_d": 0.002949131111951618}