{"numgrasp": 227, "translation_d": 4.33875865452112e-09, "rotation_d": 5.573052318742557e-05, "width_d": 0.004146422468238178}