{"numgrasp": 222, "translation_d": 4.249534297497297e-09, "rotation_d": 5.6210191931323535e-05, "width_d": 0.0035363541866865974}