{"numgrasp": 215, "translation_d": 4.254159453609689e-09, "rotation_d": 5.0919202365622176e-05, "width_d": 0.0025542521813883322}