{"numgrasp": 193, "translation_d": 4.281758653658362e-09, "rotation_d": 5.2111085111259637e-05, "width_d": 0.002705463027726664}