{"numgrasp": 196, "translation_d": 4.423305565051172e-09, "rotation_d": 5.326335205075586e-05, "width_d": 0.003023377766986841}