{"numgrasp": 220, "translation_d": 4.105663896982443e-09, "rotation_d": 5.448444799678493e-05, "width_d": 0.004579448168490953}