{"numgrasp": 289, "translation_d": 6.791054827029032e-09, "rotation_d": 4.895700971672406e-05, "width_d": 0.004545597417296473}