{"numgrasp": 215, "translation_d": 4.083576758646086e-09, "rotation_d": 5.5898744867389495e-05, "width_d": 0.0057662033514094355}