{"numgrasp": 193, "translation_d": 3.951019684144361e-09, "rotation_d": 5.322889530935482e-05, "width_d": 0.006299480472091059}