{"numgrasp": 198, "translation_d": 4.086899046901386e-09, "rotation_d": 5.060554834142923e-05, "width_d": 0.006987533047647866}