{"numgrasp": 200, "translation_d": 4.3949716871757325e-09, "rotation_d": 5.340518658829481e-05, "width_d": 0.005350803750852367}