{"numgrasp": 186, "translation_d": 4.143805321262824e-09, "rotation_d": 5.141055355673197e-05, "width_d": 0.0037310573840920965}