{"numgrasp": 191, "translation_d": 4.257614326635222e-09, "rotation_d": 4.970744070730553e-05, "width_d": 0.0035161151476141963}