{"numgrasp": 183, "translation_d": 4.572009250977114e-09, "rotation_d": 5.0449260991778195e-05, "width_d": 0.0034231278058949213}