{"numgrasp": 201, "translation_d": 5.214841309397972e-09, "rotation_d": 4.731519514784965e-05, "width_d": 0.002521038985839275}