{"numgrasp": 187, "translation_d": 4.551145973060879e-09, "rotation_d": 4.7843547533362876e-05, "width_d": 0.0031755040007739894}