{"numgrasp": 206, "translation_d": 4.466406736544172e-09, "rotation_d": 4.738882293731753e-05, "width_d": 0.0040354898334892825}