{"numgrasp": 205, "translation_d": 4.539736503043481e-09, "rotation_d": 4.714798289374174e-05, "width_d": 0.004445191543599133}