{"numgrasp": 214, "translation_d": 4.226889515270195e-09, "rotation_d": 4.873146384978142e-05, "width_d": 0.004747145441492142}