{"numgrasp": 207, "translation_d": 4.142253032323181e-09, "rotation_d": 4.9022828378439634e-05, "width_d": 0.005478998426989616}