{"numgrasp": 210, "translation_d": 4.217814766577475e-09, "rotation_d": 4.900695928187506e-05, "width_d": 0.006421939391310694}