{"numgrasp": 313, "translation_d": 6.705703682764818e-09, "rotation_d": 5.0240353156217316e-05, "width_d": 0.0037779321394208988}