{"numgrasp": 319, "translation_d": 6.894789264113435e-09, "rotation_d": 4.963179695065343e-05, "width_d": 0.0036349744815055178}