{"numgrasp": 305, "translation_d": 6.757241104335011e-09, "rotation_d": 4.918079207938739e-05, "width_d": 0.0033968099933682446}