{"numgrasp": 305, "translation_d": 6.667294573933946e-09, "rotation_d": 4.9117083402202114e-05, "width_d": 0.0034030351488524434}