{"numgrasp": 279, "translation_d": 6.41326593775255e-09, "rotation_d": 4.894472901498264e-05, "width_d": 0.0029948616169993007}