{"numgrasp": 310, "translation_d": 6.409128935722927e-09, "rotation_d": 5.131860320135798e-05, "width_d": 0.0035917669359177055}