{"numgrasp": 311, "translation_d": 6.635378209667317e-09, "rotation_d": 4.832473967491591e-05, "width_d": 0.003842624532941551}