{"numgrasp": 303, "translation_d": 6.6713298280624e-09, "rotation_d": 4.6940540496343186e-05, "width_d": 0.004117106129499857}