{"numgrasp": 291, "translation_d": 6.815134154123722e-09, "rotation_d": 4.6469072889477127e-05, "width_d": 0.00411218456251408}