{"numgrasp": 272, "translation_d": 6.489696978540052e-09, "rotation_d": 4.851972849688258e-05, "width_d": 0.004566786817046545}