{"numgrasp": 271, "translation_d": 6.49459451793857e-09, "rotation_d": 4.794849168692622e-05, "width_d": 0.0046043291741660036}