{"numgrasp": 234, "translation_d": 6.38284093901191e-09, "rotation_d": 4.5007185256466754e-05, "width_d": 0.005423016395723049}