{"numgrasp": 223, "translation_d": 5.940858210184008e-09, "rotation_d": 4.779715080916368e-05, "width_d": 0.0052127503138361805}