{"numgrasp": 226, "translation_d": 6.1765279676530845e-09, "rotation_d": 4.645773636617856e-05, "width_d": 0.005421087240521936}