{"numgrasp": 245, "translation_d": 5.971766840200533e-09, "rotation_d": 4.9112410944659344e-05, "width_d": 0.004933087051124812}