{"numgrasp": 274, "translation_d": 6.246090871971261e-09, "rotation_d": 4.8774909967572015e-05, "width_d": 0.004223219821047685}