{"numgrasp": 320, "translation_d": 6.5427411781043344e-09, "rotation_d": 5.351035068117269e-05, "width_d": 0.0037043456872626447}