{"numgrasp": 315, "translation_d": 6.7083367329460605e-09, "rotation_d": 5.108163719974574e-05, "width_d": 0.003566764353559476}