{"numgrasp": 281, "translation_d": 6.264959364123562e-09, "rotation_d": 4.7193159548609066e-05, "width_d": 0.0029209736015063576}