{"numgrasp": 306, "translation_d": 6.071703985548322e-09, "rotation_d": 4.964837929386541e-05, "width_d": 0.0034749878132471954}