{"numgrasp": 292, "translation_d": 5.733052523647134e-09, "rotation_d": 4.988861907517735e-05, "width_d": 0.0034768907111918856}