{"numgrasp": 312, "translation_d": 6.6873897854282796e-09, "rotation_d": 5.041280892158675e-05, "width_d": 0.0037188067341468235}