{"numgrasp": 260, "translation_d": 5.858715629770398e-09, "rotation_d": 4.921126012555945e-05, "width_d": 0.004709918677668636}