{"numgrasp": 232, "translation_d": 5.381284502895889e-09, "rotation_d": 4.99475778882761e-05, "width_d": 0.00527341646239009}