{"numgrasp": 218, "translation_d": 5.4811766688034015e-09, "rotation_d": 5.120535724303581e-05, "width_d": 0.004969027773851591}