{"numgrasp": 287, "translation_d": 5.68887058595866e-09, "rotation_d": 5.1517380910101355e-05, "width_d": 0.00399692269036128}