{"numgrasp": 291, "translation_d": 5.576193790187294e-09, "rotation_d": 5.195489041556185e-05, "width_d": 0.0030337394115314818}