{"numgrasp": 314, "translation_d": 6.8246625274035654e-09, "rotation_d": 4.9348808128766944e-05, "width_d": 0.003995791247786945}