{"numgrasp": 269, "translation_d": 5.754504756701921e-09, "rotation_d": 4.89309037256462e-05, "width_d": 0.002402267644634918}