{"numgrasp": 281, "translation_d": 5.374983734616189e-09, "rotation_d": 5.3833717665946945e-05, "width_d": 0.003541691393831485}