{"numgrasp": 450, "translation_d": 6.070906729693568e-09, "rotation_d": 4.824309103228583e-05, "width_d": 0.0020559746127450603}