{"numgrasp": 528, "translation_d": 6.024268232292445e-09, "rotation_d": 5.0851948944217196e-05, "width_d": 0.005216341021983503}