{"numgrasp": 542, "translation_d": 5.860226460040107e-09, "rotation_d": 4.67869323221553e-05, "width_d": 0.005378451166737018}