{"numgrasp": 699, "translation_d": 6.609700733485209e-09, "rotation_d": 4.7012295735950495e-05, "width_d": 0.005796952861835482}