{"numgrasp": 525, "translation_d": 5.719572964956139e-09, "rotation_d": 4.8726684352261655e-05, "width_d": 0.004862923612032762}