{"numgrasp": 492, "translation_d": 5.980545054312691e-09, "rotation_d": 4.9292417366533995e-05, "width_d": 0.0037349315563533028}