{"numgrasp": 465, "translation_d": 5.819146613593867e-09, "rotation_d": 4.983639719916066e-05, "width_d": 0.0028913831140954037}