{"numgrasp": 448, "translation_d": 5.787746164463756e-09, "rotation_d": 4.946467791939212e-05, "width_d": 0.002758510454253491}