{"numgrasp": 443, "translation_d": 5.739068238098658e-09, "rotation_d": 5.0270731767309865e-05, "width_d": 0.002621367506730786}