{"numgrasp": 441, "translation_d": 5.519090821307171e-09, "rotation_d": 4.889450290681929e-05, "width_d": 0.0019759272787094793}