{"numgrasp": 437, "translation_d": 5.757594685224597e-09, "rotation_d": 4.798455269594552e-05, "width_d": 0.002141428978776261}