{"numgrasp": 468, "translation_d": 5.714629683230523e-09, "rotation_d": 4.8871012969011126e-05, "width_d": 0.0034626262172554574}