{"numgrasp": 482, "translation_d": 5.695342927744836e-09, "rotation_d": 4.7960615212970575e-05, "width_d": 0.0037630785436860085}