{"numgrasp": 535, "translation_d": 5.5357372986110915e-09, "rotation_d": 4.6281832490207676e-05, "width_d": 0.005321426111267044}