{"numgrasp": 518, "translation_d": 5.37903246462966e-09, "rotation_d": 4.6410501135847735e-05, "width_d": 0.00544070733424965}