{"numgrasp": 436, "translation_d": 5.586308186980634e-09, "rotation_d": 4.776238525528005e-05, "width_d": 0.0038422832686968644}