{"numgrasp": 460, "translation_d": 5.6198223850449075e-09, "rotation_d": 4.7606120988662744e-05, "width_d": 0.0032374051391782475}