{"numgrasp": 454, "translation_d": 5.426757824633408e-09, "rotation_d": 4.7904609434276455e-05, "width_d": 0.0028275507673482876}