{"numgrasp": 512, "translation_d": 5.1241166612970315e-09, "rotation_d": 5.110613854653675e-05, "width_d": 0.0033217183428856704}