{"numgrasp": 483, "translation_d": 5.363119243357849e-09, "rotation_d": 4.972065435976438e-05, "width_d": 0.003131749931416769}