{"numgrasp": 504, "translation_d": 5.397882858376156e-09, "rotation_d": 4.9782786950322634e-05, "width_d": 0.0036310445187887523}