{"numgrasp": 453, "translation_d": 5.481122726678854e-09, "rotation_d": 4.913260704417493e-05, "width_d": 0.003773901011896309}