{"numgrasp": 454, "translation_d": 5.4588658741394916e-09, "rotation_d": 4.939329136661159e-05, "width_d": 0.004202875467467384}