{"numgrasp": 660, "translation_d": 6.469991569472569e-09, "rotation_d": 4.782894136365882e-05, "width_d": 0.005999195990726024}