{"numgrasp": 521, "translation_d": 5.235915161152723e-09, "rotation_d": 4.830404569791125e-05, "width_d": 0.0052788359893390915}