{"numgrasp": 521, "translation_d": 5.364435351126834e-09, "rotation_d": 4.74776560927123e-05, "width_d": 0.005609483887549755}