{"numgrasp": 530, "translation_d": 4.9713585219500586e-09, "rotation_d": 4.914418369107606e-05, "width_d": 0.006317735162117903}