{"numgrasp": 526, "translation_d": 5.2583688469785e-09, "rotation_d": 5.042988222217397e-05, "width_d": 0.005857533626402186}