{"numgrasp": 654, "translation_d": 6.965981266018701e-09, "rotation_d": 4.8923357778807305e-05, "width_d": 0.006008527116592413}