{"numgrasp": 522, "translation_d": 4.9484009138863966e-09, "rotation_d": 5.2102968085034605e-05, "width_d": 0.004065608875476467}