{"numgrasp": 549, "translation_d": 4.8946258777366175e-09, "rotation_d": 5.336556452677062e-05, "width_d": 0.0038857900512784538}