{"numgrasp": 528, "translation_d": 4.7947845299110925e-09, "rotation_d": 5.324986008952711e-05, "width_d": 0.003845379216872056}