{"numgrasp": 536, "translation_d": 4.7803261192391525e-09, "rotation_d": 5.243313502518968e-05, "width_d": 0.00375647563993442}