{"numgrasp": 525, "translation_d": 4.809886218346114e-09, "rotation_d": 5.0804828682722333e-05, "width_d": 0.0058196964872870155}