{"numgrasp": 524, "translation_d": 4.94921190240661e-09, "rotation_d": 5.0646161686518926e-05, "width_d": 0.006455189367334344}