{"numgrasp": 605, "translation_d": 4.641642882482664e-09, "rotation_d": 5.0793670075009205e-05, "width_d": 0.005792130172690848}