{"numgrasp": 616, "translation_d": 4.506193656086785e-09, "rotation_d": 5.1220653130027235e-05, "width_d": 0.005069969837045617}