{"numgrasp": 602, "translation_d": 4.578466009629979e-09, "rotation_d": 5.1289307145003e-05, "width_d": 0.004878764210653744}