{"numgrasp": 593, "translation_d": 4.613739200531939e-09, "rotation_d": 5.022535338562914e-05, "width_d": 0.004272619529880309}