{"numgrasp": 555, "translation_d": 4.594973812178556e-09, "rotation_d": 4.947988691805998e-05, "width_d": 0.0039495800087549805}