{"numgrasp": 566, "translation_d": 4.436707761086337e-09, "rotation_d": 4.598655952180414e-05, "width_d": 0.0043219088103899645}