{"numgrasp": 611, "translation_d": 4.5731810184580494e-09, "rotation_d": 4.680003519509574e-05, "width_d": 0.004455760241738583}