{"numgrasp": 646, "translation_d": 4.46620602762694e-09, "rotation_d": 4.924773838480071e-05, "width_d": 0.004695544012944654}