{"numgrasp": 689, "translation_d": 4.425502106658106e-09, "rotation_d": 4.895387066732445e-05, "width_d": 0.005309249073626269}