{"numgrasp": 640, "translation_d": 4.436969472576709e-09, "rotation_d": 4.965004106533399e-05, "width_d": 0.005482021251985289}