{"numgrasp": 637, "translation_d": 4.435910384663599e-09, "rotation_d": 4.7709359836840595e-05, "width_d": 0.006088482233375264}