{"numgrasp": 648, "translation_d": 4.30602787551637e-09, "rotation_d": 4.7675012717571564e-05, "width_d": 0.005074758382749559}