{"numgrasp": 631, "translation_d": 4.390621266349475e-09, "rotation_d": 4.810027570021165e-05, "width_d": 0.005062736545912217}