{"numgrasp": 601, "translation_d": 4.247959785654859e-09, "rotation_d": 4.658638014176141e-05, "width_d": 0.0045161744256917245}