{"numgrasp": 565, "translation_d": 4.56310391223783e-09, "rotation_d": 4.7256958662769966e-05, "width_d": 0.004488200477810873}