{"numgrasp": 604, "translation_d": 4.538897728802127e-09, "rotation_d": 4.711658831936426e-05, "width_d": 0.004716314322893208}