{"numgrasp": 557, "translation_d": 4.453340000649482e-09, "rotation_d": 4.91711170111764e-05, "width_d": 0.004895174183615335}