{"numgrasp": 657, "translation_d": 4.417009537376514e-09, "rotation_d": 4.830572037788306e-05, "width_d": 0.004908673542928335}