{"numgrasp": 630, "translation_d": 4.373557353295703e-09, "rotation_d": 4.755676341589815e-05, "width_d": 0.004942004796014295}