{"numgrasp": 632, "translation_d": 4.510126710929553e-09, "rotation_d": 4.7717641827261325e-05, "width_d": 0.005085824014268701}