{"numgrasp": 615, "translation_d": 4.383263144908149e-09, "rotation_d": 4.759091280439429e-05, "width_d": 0.006540817437072379}