{"numgrasp": 615, "translation_d": 4.362144218377123e-09, "rotation_d": 4.840281703476414e-05, "width_d": 0.006705642383658872}