{"numgrasp": 727, "translation_d": 6.519951088431032e-09, "rotation_d": 4.682564567011654e-05, "width_d": 0.005601237918859774}