{"numgrasp": 746, "translation_d": 6.5239589752982375e-09, "rotation_d": 4.71503070250611e-05, "width_d": 0.005482340624804919}