{"numgrasp": 677, "translation_d": 6.06168512623843e-09, "rotation_d": 4.6940023272202864e-05, "width_d": 0.005475285810187152}