{"numgrasp": 701, "translation_d": 6.471844316348567e-09, "rotation_d": 4.934270426416068e-05, "width_d": 0.005099177100303236}