{"numgrasp": 686, "translation_d": 6.806328108249758e-09, "rotation_d": 5.124804653069531e-05, "width_d": 0.005613197486585298}