{"numgrasp": 682, "translation_d": 6.602303304676004e-09, "rotation_d": 5.092633301016852e-05, "width_d": 0.0056017467664412355}