{"numgrasp": 640, "translation_d": 6.810295952816211e-09, "rotation_d": 5.2000470592178646e-05, "width_d": 0.006011674165096138}