{"numgrasp": 658, "translation_d": 6.91564765767331e-09, "rotation_d": 5.227095707641274e-05, "width_d": 0.005881925006415358}