{"numgrasp": 635, "translation_d": 6.5081390581019e-09, "rotation_d": 5.3464988245307116e-05, "width_d": 0.005869820650255522}