{"numgrasp": 674, "translation_d": 6.4450202607650706e-09, "rotation_d": 4.6306088634597254e-05, "width_d": 0.005743461044923551}