{"numgrasp": 660, "translation_d": 6.7861066824837015e-09, "rotation_d": 5.2861559634358455e-05, "width_d": 0.005894679719594819}