{"numgrasp": 667, "translation_d": 6.739770917729216e-09, "rotation_d": 5.2529065913403e-05, "width_d": 0.005341673252883854}