{"numgrasp": 643, "translation_d": 6.552922104618236e-09, "rotation_d": 5.317532994006937e-05, "width_d": 0.00499288662169543}