{"numgrasp": 623, "translation_d": 6.394278540139017e-09, "rotation_d": 5.186700698748167e-05, "width_d": 0.005043190596043546}