{"numgrasp": 606, "translation_d": 6.422815033970529e-09, "rotation_d": 5.481093910797216e-05, "width_d": 0.004654433221713738}