{"numgrasp": 611, "translation_d": 6.20772774620179e-09, "rotation_d": 5.506672402013331e-05, "width_d": 0.0048429133356434634}