{"numgrasp": 564, "translation_d": 6.248836852949545e-09, "rotation_d": 5.516090707115899e-05, "width_d": 0.005596286391088344}