{"numgrasp": 584, "translation_d": 6.474737200842297e-09, "rotation_d": 5.4664250470133475e-05, "width_d": 0.005184935915788608}