{"numgrasp": 610, "translation_d": 6.475159065735994e-09, "rotation_d": 5.349499630855831e-05, "width_d": 0.005101561034193868}