{"numgrasp": 584, "translation_d": 6.437007610723973e-09, "rotation_d": 5.419953230814406e-05, "width_d": 0.005056189558170323}