{"numgrasp": 715, "translation_d": 6.152093162329542e-09, "rotation_d": 4.6409565241057345e-05, "width_d": 0.005510997680629102}