{"numgrasp": 608, "translation_d": 6.508564023582886e-09, "rotation_d": 5.429796095359891e-05, "width_d": 0.005490885073573121}