{"numgrasp": 604, "translation_d": 6.536631547314839e-09, "rotation_d": 5.403158592207917e-05, "width_d": 0.005577408499782904}