{"numgrasp": 579, "translation_d": 6.3100047709459285e-09, "rotation_d": 5.3076780528455967e-05, "width_d": 0.005462626236857507}