{"numgrasp": 603, "translation_d": 6.528374742413033e-09, "rotation_d": 5.3457964106024636e-05, "width_d": 0.005626718194640988}