{"numgrasp": 565, "translation_d": 6.50886939653176e-09, "rotation_d": 5.190162185429039e-05, "width_d": 0.005240810427274402}