{"numgrasp": 533, "translation_d": 6.1429930428410035e-09, "rotation_d": 5.203595950637663e-05, "width_d": 0.005166224529414512}