{"numgrasp": 556, "translation_d": 6.2772067949584925e-09, "rotation_d": 5.273691056246433e-05, "width_d": 0.00484614989857495}