{"numgrasp": 530, "translation_d": 6.1668438702750155e-09, "rotation_d": 5.2960267238690596e-05, "width_d": 0.004352670864954661}