{"numgrasp": 536, "translation_d": 6.061915203840931e-09, "rotation_d": 5.343712519973492e-05, "width_d": 0.00451202637291153}