{"numgrasp": 537, "translation_d": 6.433168033378862e-09, "rotation_d": 5.335932588178818e-05, "width_d": 0.004159376658678456}