{"numgrasp": 517, "translation_d": 6.063780812193923e-09, "rotation_d": 5.3959266479521395e-05, "width_d": 0.004644317290128315}