{"numgrasp": 522, "translation_d": 6.222401805780262e-09, "rotation_d": 5.4293507860693465e-05, "width_d": 0.004449629967003601}