{"numgrasp": 454, "translation_d": 6.072708973886415e-09, "rotation_d": 5.159267970478115e-05, "width_d": 0.003640717025253945}