{"numgrasp": 473, "translation_d": 6.002300418083437e-09, "rotation_d": 5.111226859870479e-05, "width_d": 0.004056422967991258}