{"numgrasp": 481, "translation_d": 6.0759438665948755e-09, "rotation_d": 5.070765689052255e-05, "width_d": 0.004215452499443762}