{"numgrasp": 450, "translation_d": 5.646324045110042e-09, "rotation_d": 4.34966462498186e-05, "width_d": 0.004645454939608861}