{"numgrasp": 455, "translation_d": 5.483968779578011e-09, "rotation_d": 4.210396370216548e-05, "width_d": 0.004646734624713206}