{"numgrasp": 452, "translation_d": 5.377408293766052e-09, "rotation_d": 4.236027724637729e-05, "width_d": 0.004327499743395198}