{"numgrasp": 471, "translation_d": 5.479163380601686e-09, "rotation_d": 4.193736388370557e-05, "width_d": 0.00270442016186617}