{"numgrasp": 481, "translation_d": 5.5022935008884825e-09, "rotation_d": 4.8525729404858826e-05, "width_d": 0.003759306968359351}