{"numgrasp": 474, "translation_d": 5.556758267691162e-09, "rotation_d": 4.8929699446299035e-05, "width_d": 0.0038440890015644736}