{"numgrasp": 464, "translation_d": 5.3534355477881735e-09, "rotation_d": 4.764022816390453e-05, "width_d": 0.003843259494671029}