{"numgrasp": 424, "translation_d": 6.5079212424001036e-09, "rotation_d": 4.911531733697581e-05, "width_d": 0.004567542421460269}