{"numgrasp": 461, "translation_d": 5.2785247884525425e-09, "rotation_d": 4.7942154581756733e-05, "width_d": 0.004112656259563432}