{"numgrasp": 440, "translation_d": 5.2229787673880426e-09, "rotation_d": 4.8094550295973e-05, "width_d": 0.004519690679866349}