{"numgrasp": 439, "translation_d": 5.457125333040862e-09, "rotation_d": 4.847678988848869e-05, "width_d": 0.004581581465851538}