{"numgrasp": 451, "translation_d": 5.2187039673549815e-09, "rotation_d": 4.833201413310464e-05, "width_d": 0.004819693881655657}