{"numgrasp": 410, "translation_d": 6.431975875310234e-09, "rotation_d": 4.959074192954565e-05, "width_d": 0.004491746792320165}