{"numgrasp": 466, "translation_d": 5.2972500029568775e-09, "rotation_d": 5.550089214084838e-05, "width_d": 0.0038865173600479965}