{"numgrasp": 467, "translation_d": 5.185992840290279e-09, "rotation_d": 5.5862163828977485e-05, "width_d": 0.003329019392611092}