{"numgrasp": 390, "translation_d": 6.242969259571234e-09, "rotation_d": 4.846013586750132e-05, "width_d": 0.004670796555726961}