{"numgrasp": 479, "translation_d": 5.375889536635792e-09, "rotation_d": 5.77316075018693e-05, "width_d": 0.003384325301142613}