{"numgrasp": 480, "translation_d": 5.2800668473289765e-09, "rotation_d": 5.7066174658145896e-05, "width_d": 0.0036154951691249088}