{"numgrasp": 457, "translation_d": 5.272134979303148e-09, "rotation_d": 5.7605226422846016e-05, "width_d": 0.003972606808967824}