{"numgrasp": 451, "translation_d": 5.081372868679505e-09, "rotation_d": 5.699315254928992e-05, "width_d": 0.0038736895274489123}