{"numgrasp": 461, "translation_d": 5.243516480386703e-09, "rotation_d": 5.696070126173531e-05, "width_d": 0.0040754045653531214}