{"numgrasp": 383, "translation_d": 6.476409300155735e-09, "rotation_d": 4.884360354415497e-05, "width_d": 0.005104139842033982}