{"numgrasp": 453, "translation_d": 4.747611391899251e-09, "rotation_d": 5.6596560469021845e-05, "width_d": 0.004518672226603344}