{"numgrasp": 424, "translation_d": 4.7145990366748995e-09, "rotation_d": 5.701877713392608e-05, "width_d": 0.005005966334164098}