{"numgrasp": 442, "translation_d": 4.880843570479738e-09, "rotation_d": 5.614862188344077e-05, "width_d": 0.005169945695306079}