{"numgrasp": 446, "translation_d": 4.805227262006101e-09, "rotation_d": 5.314917899450271e-05, "width_d": 0.005239906274273764}