{"numgrasp": 451, "translation_d": 4.87069584082832e-09, "rotation_d": 5.448319424974583e-05, "width_d": 0.004199229773685769}