{"numgrasp": 441, "translation_d": 5.102038249287786e-09, "rotation_d": 5.429646364164931e-05, "width_d": 0.0040738622838647496}