{"numgrasp": 464, "translation_d": 5.018462079236632e-09, "rotation_d": 5.3614943476314095e-05, "width_d": 0.003803436675061863}