{"numgrasp": 449, "translation_d": 5.0199767405872145e-09, "rotation_d": 5.358122111256991e-05, "width_d": 0.0039473400055168185}