{"numgrasp": 463, "translation_d": 4.8964189341006366e-09, "rotation_d": 5.303052982018044e-05, "width_d": 0.0037030816690172053}