{"numgrasp": 389, "translation_d": 6.377853720256933e-09, "rotation_d": 5.154929761857177e-05, "width_d": 0.00470572825225049}