{"numgrasp": 438, "translation_d": 4.997014262383722e-09, "rotation_d": 4.943889389762978e-05, "width_d": 0.0032312542612568202}