{"numgrasp": 392, "translation_d": 5.0462491869939805e-09, "rotation_d": 4.1757553015626877e-05, "width_d": 0.0028341723334162285}