{"numgrasp": 429, "translation_d": 4.989847353670226e-09, "rotation_d": 4.8252558563798694e-05, "width_d": 0.0035771747332211216}