{"numgrasp": 428, "translation_d": 4.798722052075096e-09, "rotation_d": 4.714926215841761e-05, "width_d": 0.003576126007799545}