{"numgrasp": 429, "translation_d": 4.7993337469854546e-09, "rotation_d": 4.883315434351431e-05, "width_d": 0.004287383854381036}