{"numgrasp": 439, "translation_d": 4.600007551325222e-09, "rotation_d": 4.8468540081426126e-05, "width_d": 0.004657013556941349}