{"numgrasp": 427, "translation_d": 4.3661518161425815e-09, "rotation_d": 4.936482088172968e-05, "width_d": 0.005386453838598711}