{"numgrasp": 415, "translation_d": 4.703085273928386e-09, "rotation_d": 4.5025778259141326e-05, "width_d": 0.004617421343910477}