{"numgrasp": 394, "translation_d": 4.898661856506564e-09, "rotation_d": 4.46495036831499e-05, "width_d": 0.0041797896170633776}