{"numgrasp": 381, "translation_d": 4.673051990905654e-09, "rotation_d": 4.311721638912064e-05, "width_d": 0.0035932619964481258}