{"numgrasp": 410, "translation_d": 4.755037591084197e-09, "rotation_d": 4.2980151154046906e-05, "width_d": 0.0034363315850505635}