{"numgrasp": 399, "translation_d": 4.878939954276103e-09, "rotation_d": 4.161674361370366e-05, "width_d": 0.0032487752810317645}