{"numgrasp": 421, "translation_d": 6.521921803026801e-09, "rotation_d": 5.268009715001103e-05, "width_d": 0.004132445632228658}