{"numgrasp": 391, "translation_d": 4.8783988087959e-09, "rotation_d": 4.082589597761668e-05, "width_d": 0.0030090154970832117}