{"numgrasp": 373, "translation_d": 4.859898710303392e-09, "rotation_d": 4.435996352842652e-05, "width_d": 0.0029546940597798086}