{"numgrasp": 393, "translation_d": 4.771656594726182e-09, "rotation_d": 4.278961559631211e-05, "width_d": 0.0032427517490499144}