{"numgrasp": 385, "translation_d": 4.747902271475791e-09, "rotation_d": 4.153959130223049e-05, "width_d": 0.003507615132680178}