{"numgrasp": 397, "translation_d": 4.8684748352411285e-09, "rotation_d": 4.325286424943427e-05, "width_d": 0.0034308944360688727}