{"numgrasp": 402, "translation_d": 4.779388187752042e-09, "rotation_d": 4.2748837899249724e-05, "width_d": 0.003824776323197435}