{"numgrasp": 392, "translation_d": 4.553475743196927e-09, "rotation_d": 4.3562319680483725e-05, "width_d": 0.003890736514496261}