{"numgrasp": 392, "translation_d": 4.532741941068355e-09, "rotation_d": 4.543902246467373e-05, "width_d": 0.004394892297246217}