{"numgrasp": 369, "translation_d": 4.688231732009328e-09, "rotation_d": 4.355344486551605e-05, "width_d": 0.004685944563286411}