{"numgrasp": 434, "translation_d": 6.487952328680052e-09, "rotation_d": 5.266290900769456e-05, "width_d": 0.003899908183463219}