{"numgrasp": 385, "translation_d": 4.572861452889896e-09, "rotation_d": 4.5010279033308115e-05, "width_d": 0.004187636038505754}