{"numgrasp": 350, "translation_d": 4.654540289567787e-09, "rotation_d": 4.4803479388613846e-05, "width_d": 0.003729194387548076}