{"numgrasp": 369, "translation_d": 4.777971812233457e-09, "rotation_d": 4.690500662023999e-05, "width_d": 0.0031441420854134493}