{"numgrasp": 368, "translation_d": 5.039277064934952e-09, "rotation_d": 4.901659406392383e-05, "width_d": 0.002984976570706548}