{"numgrasp": 448, "translation_d": 6.636875719169537e-09, "rotation_d": 6.450341951211368e-05, "width_d": 0.0036775878410025675}