{"numgrasp": 367, "translation_d": 4.87787856727994e-09, "rotation_d": 5.298249379759679e-05, "width_d": 0.0031568464481419906}