{"numgrasp": 350, "translation_d": 4.5833439558500074e-09, "rotation_d": 4.8058654894664065e-05, "width_d": 0.004368268484949127}