{"numgrasp": 366, "translation_d": 4.697009007652255e-09, "rotation_d": 4.8496455031901256e-05, "width_d": 0.004593060580639464}