{"numgrasp": 367, "translation_d": 4.73930651132692e-09, "rotation_d": 4.6666414456284434e-05, "width_d": 0.004930458842478588}