{"numgrasp": 463, "translation_d": 6.332690321068778e-09, "rotation_d": 5.1825319215201316e-05, "width_d": 0.0033593619423705513}