{"numgrasp": 450, "translation_d": 6.5697471316792555e-09, "rotation_d": 4.982094796926737e-05, "width_d": 0.0030806650735167485}