{"numgrasp": 465, "translation_d": 6.4857217856414275e-09, "rotation_d": 4.722991563802998e-05, "width_d": 0.002957658124015427}