{"numgrasp": 470, "translation_d": 6.626922401697292e-09, "rotation_d": 4.3409269485206384e-05, "width_d": 0.002913758606992622}