{"numgrasp": 455, "translation_d": 6.308001710357044e-09, "rotation_d": 4.536517113348304e-05, "width_d": 0.002913094046069037}