{"numgrasp": 444, "translation_d": 6.086108989681281e-09, "rotation_d": 5.074154370923399e-05, "width_d": 0.002627131340891543}