{"numgrasp": 458, "translation_d": 6.25946302208814e-09, "rotation_d": 5.268873827711832e-05, "width_d": 0.0026618198345326827}