{"numgrasp": 445, "translation_d": 6.540897721433689e-09, "rotation_d": 4.483014325150998e-05, "width_d": 0.0031570302554476473}