{"numgrasp": 396, "translation_d": 6.281981339276697e-09, "rotation_d": 5.403314052526028e-05, "width_d": 0.004650087431703593}