{"numgrasp": 400, "translation_d": 6.658706443377248e-09, "rotation_d": 5.326912489920351e-05, "width_d": 0.004658705557751521}