{"numgrasp": 401, "translation_d": 6.491673026641926e-09, "rotation_d": 5.388698829884769e-05, "width_d": 0.004570184819027006}