{"numgrasp": 443, "translation_d": 6.3583306740712066e-09, "rotation_d": 5.41905844248043e-05, "width_d": 0.0038721382972846845}