{"numgrasp": 444, "translation_d": 6.131579986469532e-09, "rotation_d": 5.694991721442966e-05, "width_d": 0.0027100854006610908}