{"numgrasp": 419, "translation_d": 5.86340845181995e-09, "rotation_d": 5.7451253734301205e-05, "width_d": 0.0026562166842598665}