{"numgrasp": 419, "translation_d": 5.924169895749898e-09, "rotation_d": 5.687692778742518e-05, "width_d": 0.002753016378486739}