{"numgrasp": 444, "translation_d": 5.975872493319974e-09, "rotation_d": 5.5463751423088954e-05, "width_d": 0.0029379887387646943}