{"numgrasp": 453, "translation_d": 6.090801186308144e-09, "rotation_d": 5.410990452730979e-05, "width_d": 0.0031783517947875815}