{"numgrasp": 451, "translation_d": 6.080709293911293e-09, "rotation_d": 5.448480969972466e-05, "width_d": 0.0032073276619179686}