{"numgrasp": 453, "translation_d": 6.119787513173609e-09, "rotation_d": 5.450865063221584e-05, "width_d": 0.0035988466278684913}