{"numgrasp": 430, "translation_d": 6.126295198379092e-09, "rotation_d": 6.0143912796433304e-05, "width_d": 0.004220687746664455}