{"numgrasp": 408, "translation_d": 6.166478390580149e-09, "rotation_d": 5.2375066545068656e-05, "width_d": 0.004243479513473481}