{"numgrasp": 438, "translation_d": 5.892426348351423e-09, "rotation_d": 4.779674818039409e-05, "width_d": 0.004234360659736142}