{"numgrasp": 436, "translation_d": 6.414141054792662e-09, "rotation_d": 4.774190962844188e-05, "width_d": 0.003681307474378467}