{"numgrasp": 457, "translation_d": 6.003382420792816e-09, "rotation_d": 4.771687055398208e-05, "width_d": 0.0037361296100121783}