{"numgrasp": 481, "translation_d": 5.934002825663409e-09, "rotation_d": 4.8787933149525186e-05, "width_d": 0.0032996950503972303}