{"numgrasp": 468, "translation_d": 6.116388143465111e-09, "rotation_d": 4.947041709121122e-05, "width_d": 0.0030189533244467867}