{"numgrasp": 465, "translation_d": 5.9417574449531155e-09, "rotation_d": 5.1142873845183814e-05, "width_d": 0.00285667574392056}