{"numgrasp": 438, "translation_d": 5.723660484653813e-09, "rotation_d": 5.25832957037769e-05, "width_d": 0.0028326062312122456}