{"numgrasp": 430, "translation_d": 6.804003908809074e-09, "rotation_d": 4.844490664003004e-05, "width_d": 0.0038685120034499323}