{"numgrasp": 424, "translation_d": 5.852460269743855e-09, "rotation_d": 5.457650099499373e-05, "width_d": 0.002517953162417995}