{"numgrasp": 466, "translation_d": 6.001035520379699e-09, "rotation_d": 4.247532621480762e-05, "width_d": 0.0029176105234585093}