{"numgrasp": 478, "translation_d": 5.781791737357175e-09, "rotation_d": 4.239571033969647e-05, "width_d": 0.003192907773042575}