{"numgrasp": 475, "translation_d": 5.638154914353752e-09, "rotation_d": 4.2002567232343204e-05, "width_d": 0.0037050412254534134}