{"numgrasp": 459, "translation_d": 5.441086231384909e-09, "rotation_d": 4.224547388161113e-05, "width_d": 0.003985119344934357}