{"numgrasp": 258, "translation_d": 4.683910685259964e-09, "rotation_d": 5.4078213575360176e-05, "width_d": 0.00395056548482415}