{"numgrasp": 270, "translation_d": 4.892875594156352e-09, "rotation_d": 5.540169410462735e-05, "width_d": 0.004536441832758677}