{"numgrasp": 279, "translation_d": 4.8380550483352835e-09, "rotation_d": 5.639284953668061e-05, "width_d": 0.004366808739521601}