{"numgrasp": 281, "translation_d": 4.9085611721642295e-09, "rotation_d": 5.728903255710192e-05, "width_d": 0.004339902120885423}