{"numgrasp": 275, "translation_d": 4.743276899990295e-09, "rotation_d": 5.752234232390031e-05, "width_d": 0.0037792942003488914}