{"numgrasp": 248, "translation_d": 5.106611250242264e-09, "rotation_d": 5.748024767228984e-05, "width_d": 0.0034015779276915133}