{"numgrasp": 220, "translation_d": 5.040675839324539e-09, "rotation_d": 5.972883715693913e-05, "width_d": 0.0022685706048032454}