{"numgrasp": 195, "translation_d": 4.753221008037182e-09, "rotation_d": 5.2939726544931506e-05, "width_d": 0.0021115051685411377}