{"numgrasp": 229, "translation_d": 4.85676376011669e-09, "rotation_d": 5.3460756269446074e-05, "width_d": 0.002674600421073916}