{"numgrasp": 267, "translation_d": 5.029625823183825e-09, "rotation_d": 5.43245399074518e-05, "width_d": 0.004101719636384471}