{"numgrasp": 276, "translation_d": 4.499908949161867e-09, "rotation_d": 5.4352858067558736e-05, "width_d": 0.0045949800568897406}