{"numgrasp": 302, "translation_d": 4.890037262265716e-09, "rotation_d": 4.854690604557588e-05, "width_d": 0.004519255729558387}