{"numgrasp": 279, "translation_d": 5.1312047378833315e-09, "rotation_d": 4.559336037565919e-05, "width_d": 0.004147090006834735}