{"numgrasp": 278, "translation_d": 5.433777223037701e-09, "rotation_d": 4.497708514804425e-05, "width_d": 0.0038064388362654433}