{"numgrasp": 275, "translation_d": 5.0987658760035216e-09, "rotation_d": 4.6195798808587244e-05, "width_d": 0.0035718450297303676}