{"numgrasp": 273, "translation_d": 4.907852035900958e-09, "rotation_d": 4.2677125900703753e-05, "width_d": 0.0031229751301842666}