{"numgrasp": 241, "translation_d": 5.201985155154536e-09, "rotation_d": 4.305246130005778e-05, "width_d": 0.0025394736505770133}