{"numgrasp": 238, "translation_d": 5.526128077306094e-09, "rotation_d": 4.027622219105278e-05, "width_d": 0.002185494164382473}