{"numgrasp": 253, "translation_d": 5.118957228062352e-09, "rotation_d": 3.9098520255047306e-05, "width_d": 0.0023091135620135162}