{"numgrasp": 305, "translation_d": 5.355267358878575e-09, "rotation_d": 4.116150508591734e-05, "width_d": 0.004181331571801341}