{"numgrasp": 317, "translation_d": 5.1286416867517445e-09, "rotation_d": 4.146354955766497e-05, "width_d": 0.004923156437529349}