{"numgrasp": 336, "translation_d": 5.038900590193474e-09, "rotation_d": 4.218361088714937e-05, "width_d": 0.005230661470329934}