{"numgrasp": 358, "translation_d": 4.9301802447774576e-09, "rotation_d": 4.726416214697834e-05, "width_d": 0.005550456468950135}