{"numgrasp": 326, "translation_d": 4.784987357788235e-09, "rotation_d": 4.710189111129856e-05, "width_d": 0.004618281506177954}