{"numgrasp": 324, "translation_d": 5.104733341258422e-09, "rotation_d": 4.476012995654366e-05, "width_d": 0.003709186265785896}