{"numgrasp": 276, "translation_d": 5.229597346258146e-09, "rotation_d": 4.675755124698721e-05, "width_d": 0.0033852953110724087}