{"numgrasp": 291, "translation_d": 5.126143325064909e-09, "rotation_d": 4.832918953500774e-05, "width_d": 0.00279410856473198}