{"numgrasp": 294, "translation_d": 5.279735749008283e-09, "rotation_d": 4.939764605597822e-05, "width_d": 0.0026331195860139563}