{"numgrasp": 361, "translation_d": 4.7922485880905065e-09, "rotation_d": 5.510282812913915e-05, "width_d": 0.003987034145413047}