{"numgrasp": 304, "translation_d": 5.198161341925765e-09, "rotation_d": 5.543657701926641e-05, "width_d": 0.0026356772219034556}