{"numgrasp": 337, "translation_d": 4.5931998686168984e-09, "rotation_d": 5.569134261313998e-05, "width_d": 0.0035554806155593107}