{"numgrasp": 354, "translation_d": 5.066677374602407e-09, "rotation_d": 5.398329784338022e-05, "width_d": 0.0042035209924329185}