{"numgrasp": 343, "translation_d": 5.155841946843707e-09, "rotation_d": 4.814342651879315e-05, "width_d": 0.0038199447794864754}