{"numgrasp": 384, "translation_d": 5.004623920343932e-09, "rotation_d": 5.4469835917277593e-05, "width_d": 0.004687378781925009}