{"numgrasp": 314, "translation_d": 5.017375444793964e-09, "rotation_d": 5.761671077970646e-05, "width_d": 0.004228765315511505}