{"numgrasp": 345, "translation_d": 5.44248358703844e-09, "rotation_d": 5.836333759718991e-05, "width_d": 0.00428679687715666}