{"numgrasp": 334, "translation_d": 4.838220144964581e-09, "rotation_d": 5.7274123070808435e-05, "width_d": 0.003736236671081161}