{"numgrasp": 330, "translation_d": 4.8294862213348674e-09, "rotation_d": 5.823409805637503e-05, "width_d": 0.0030888962734063395}