{"numgrasp": 288, "translation_d": 4.83108098310036e-09, "rotation_d": 6.012772510413477e-05, "width_d": 0.0027551144714166496}