{"numgrasp": 300, "translation_d": 4.986515599427006e-09, "rotation_d": 6.075969966336243e-05, "width_d": 0.002640742067228959}