{"numgrasp": 298, "translation_d": 4.71607888130177e-09, "rotation_d": 5.673783375919413e-05, "width_d": 0.002626731647545958}