{"numgrasp": 298, "translation_d": 4.941880982496655e-09, "rotation_d": 5.994367687860205e-05, "width_d": 0.002877220099842602}