{"numgrasp": 332, "translation_d": 4.821122383270084e-09, "rotation_d": 5.981085373673836e-05, "width_d": 0.0031494564603838713}