{"numgrasp": 324, "translation_d": 4.785833314632569e-09, "rotation_d": 5.933267547785999e-05, "width_d": 0.003428438675151229}