{"numgrasp": 323, "translation_d": 4.922384195755798e-09, "rotation_d": 5.7883709291714495e-05, "width_d": 0.0037811112639127317}