{"numgrasp": 326, "translation_d": 4.860458385662831e-09, "rotation_d": 5.693305779076727e-05, "width_d": 0.004493486281471139}