{"numgrasp": 325, "translation_d": 4.983489305214648e-09, "rotation_d": 5.470474085796484e-05, "width_d": 0.004445195930928106}