{"numgrasp": 322, "translation_d": 4.692913138608478e-09, "rotation_d": 5.623231400020093e-05, "width_d": 0.00419299530308641}