{"numgrasp": 337, "translation_d": 4.575144411663197e-09, "rotation_d": 5.546280870699336e-05, "width_d": 0.004039502485451368}