{"numgrasp": 328, "translation_d": 4.684133325290459e-09, "rotation_d": 5.609792408899514e-05, "width_d": 0.003789272109416316}