{"numgrasp": 335, "translation_d": 4.844082041324384e-09, "rotation_d": 5.5787481648681306e-05, "width_d": 0.0037514655213809604}