{"numgrasp": 333, "translation_d": 4.91631819276805e-09, "rotation_d": 5.640854565918214e-05, "width_d": 0.0034948575827975846}