{"numgrasp": 315, "translation_d": 4.7563111191075475e-09, "rotation_d": 5.6634589641567594e-05, "width_d": 0.0032674347891022922}