{"numgrasp": 312, "translation_d": 4.805519919176575e-09, "rotation_d": 5.712771126136923e-05, "width_d": 0.003034127891969821}