{"numgrasp": 328, "translation_d": 5.506207531387229e-09, "rotation_d": 4.9880995092371564e-05, "width_d": 0.003102174333149307}