{"numgrasp": 283, "translation_d": 4.750324840695769e-09, "rotation_d": 5.1031624283082606e-05, "width_d": 0.002735821927007615}