{"numgrasp": 293, "translation_d": 4.979470258382164e-09, "rotation_d": 4.981583492805864e-05, "width_d": 0.0029450936458339716}