{"numgrasp": 313, "translation_d": 5.130436891519831e-09, "rotation_d": 5.124619774407322e-05, "width_d": 0.003139228619593693}