{"numgrasp": 306, "translation_d": 4.9978304637519365e-09, "rotation_d": 5.3088159251342e-05, "width_d": 0.0035300679710679387}