{"numgrasp": 321, "translation_d": 4.849649289272968e-09, "rotation_d": 5.1875579281441135e-05, "width_d": 0.003761540464173448}