{"numgrasp": 263, "translation_d": 6.099609281893367e-09, "rotation_d": 5.412829849110376e-05, "width_d": 0.002400893488591944}