{"numgrasp": 293, "translation_d": 6.372314390151404e-09, "rotation_d": 6.0223899980075106e-05, "width_d": 0.0022657630073856004}