{"numgrasp": 249, "translation_d": 6.273324275450343e-09, "rotation_d": 5.2225690377724175e-05, "width_d": 0.0019182101469067266}