{"numgrasp": 306, "translation_d": 5.1170278602534565e-09, "rotation_d": 4.4623767985958576e-05, "width_d": 0.0023605402966427663}