{"numgrasp": 306, "translation_d": 5.1930350424148325e-09, "rotation_d": 4.275561799553856e-05, "width_d": 0.002938190978882834}