{"numgrasp": 320, "translation_d": 5.098314636278289e-09, "rotation_d": 4.294757991842743e-05, "width_d": 0.0033464692610276217}