{"numgrasp": 352, "translation_d": 4.879613026628208e-09, "rotation_d": 4.147234064171433e-05, "width_d": 0.003425025914170101}