{"numgrasp": 305, "translation_d": 4.9854106593785695e-09, "rotation_d": 3.9785897212748195e-05, "width_d": 0.003001440964059812}