{"numgrasp": 237, "translation_d": 5.336040425870926e-09, "rotation_d": 3.817416173523944e-05, "width_d": 0.002070631264234089}