{"numgrasp": 241, "translation_d": 5.0591518051743344e-09, "rotation_d": 3.9004098379329776e-05, "width_d": 0.0020181986498523955}