{"numgrasp": 282, "translation_d": 5.073197835161278e-09, "rotation_d": 3.943494814942233e-05, "width_d": 0.0021653467374621034}