{"numgrasp": 257, "translation_d": 4.868237420690826e-09, "rotation_d": 3.7587361830459384e-05, "width_d": 0.001762486456757842}