{"numgrasp": 259, "translation_d": 5.137004095808535e-09, "rotation_d": 3.967005787391992e-05, "width_d": 0.002237840234977689}