{"numgrasp": 227, "translation_d": 5.195572051457534e-09, "rotation_d": 4.3649461029867035e-05, "width_d": 0.0022270720797506662}