{"numgrasp": 267, "translation_d": 5.369816615486419e-09, "rotation_d": 4.4523056404071945e-05, "width_d": 0.0024675285167631974}