{"numgrasp": 241, "translation_d": 5.510453933840638e-09, "rotation_d": 4.4267702305315596e-05, "width_d": 0.002542823689929029}