{"numgrasp": 283, "translation_d": 5.196210554990883e-09, "rotation_d": 4.42401981439945e-05, "width_d": 0.002976076410777937}