{"numgrasp": 281, "translation_d": 5.215469795870227e-09, "rotation_d": 4.502769932893664e-05, "width_d": 0.003140149142964268}