{"numgrasp": 279, "translation_d": 4.984628458494337e-09, "rotation_d": 4.411304740165e-05, "width_d": 0.0036143307695976033}