{"numgrasp": 251, "translation_d": 4.709645239079721e-09, "rotation_d": 5.123215054938054e-05, "width_d": 0.004106830189906667}