{"numgrasp": 350, "translation_d": 5.977630798937742e-09, "rotation_d": 5.689399116125225e-05, "width_d": 0.003211631280214743}