{"numgrasp": 278, "translation_d": 4.541736194115161e-09, "rotation_d": 5.065181942365767e-05, "width_d": 0.0032768751334701037}