{"numgrasp": 283, "translation_d": 5.317951234801356e-09, "rotation_d": 5.2347531569606954e-05, "width_d": 0.002907571230334436}