{"numgrasp": 247, "translation_d": 5.2507060063317375e-09, "rotation_d": 5.132935302902e-05, "width_d": 0.0025848049911833273}