{"numgrasp": 219, "translation_d": 5.3942871880987106e-09, "rotation_d": 4.13600602647769e-05, "width_d": 0.001746138398352211}