{"numgrasp": 181, "translation_d": 5.655970296180124e-09, "rotation_d": 4.548059018968939e-05, "width_d": 0.0024973799176431465}