{"numgrasp": 178, "translation_d": 5.642888621101029e-09, "rotation_d": 5.4381704161410564e-05, "width_d": 0.004453837534269001}