{"numgrasp": 181, "translation_d": 5.409061585599215e-09, "rotation_d": 5.431018720764123e-05, "width_d": 0.004138996039855954}