{"numgrasp": 189, "translation_d": 5.31327727839952e-09, "rotation_d": 5.398268078648002e-05, "width_d": 0.0035785176504859097}