{"numgrasp": 188, "translation_d": 4.9940245648669555e-09, "rotation_d": 5.339495430682195e-05, "width_d": 0.003717699331398749}