{"numgrasp": 190, "translation_d": 5.3912951848232565e-09, "rotation_d": 5.224028065551586e-05, "width_d": 0.0034977378102504716}