{"numgrasp": 189, "translation_d": 5.237219221665285e-09, "rotation_d": 5.255843740228043e-05, "width_d": 0.0031952389831553835}