{"numgrasp": 177, "translation_d": 5.507322222834304e-09, "rotation_d": 4.654243290708472e-05, "width_d": 0.002783027422712316}