{"numgrasp": 185, "translation_d": 5.973341503337041e-09, "rotation_d": 4.736373458367904e-05, "width_d": 0.002838311930941261}