{"numgrasp": 144, "translation_d": 5.730054969019667e-09, "rotation_d": 4.117647139932599e-05, "width_d": 0.0033572251048422422}