{"numgrasp": 191, "translation_d": 5.588435592681458e-09, "rotation_d": 4.867876350509028e-05, "width_d": 0.003821459155738652}