{"numgrasp": 192, "translation_d": 5.486592483670792e-09, "rotation_d": 4.623782451129558e-05, "width_d": 0.004090182386981112}