{"numgrasp": 138, "translation_d": 5.905343450960858e-09, "rotation_d": 4.179942895160608e-05, "width_d": 0.002948458956275257}