{"numgrasp": 191, "translation_d": 5.269631973495218e-09, "rotation_d": 4.517949720650974e-05, "width_d": 0.004052137912301739}