{"numgrasp": 189, "translation_d": 5.314118794592927e-09, "rotation_d": 4.226084518890007e-05, "width_d": 0.0030819712622566276}