{"numgrasp": 184, "translation_d": 5.604028863112051e-09, "rotation_d": 4.920438414464291e-05, "width_d": 0.0030599664089970536}