{"numgrasp": 185, "translation_d": 5.738460062834691e-09, "rotation_d": 4.8099556039890355e-05, "width_d": 0.0032061687071332275}