{"numgrasp": 183, "translation_d": 5.476518498276378e-09, "rotation_d": 4.719175818785192e-05, "width_d": 0.003349863528855474}