{"numgrasp": 187, "translation_d": 4.925894540587283e-09, "rotation_d": 4.548445467430446e-05, "width_d": 0.0038073856024014472}