{"numgrasp": 198, "translation_d": 5.163242472991082e-09, "rotation_d": 4.6449954488893754e-05, "width_d": 0.004285058665871065}