{"numgrasp": 190, "translation_d": 5.254855643874505e-09, "rotation_d": 4.571579813751685e-05, "width_d": 0.00441080309706691}