{"numgrasp": 192, "translation_d": 5.1985003410417716e-09, "rotation_d": 4.668536047284793e-05, "width_d": 0.004935080612987138}