{"numgrasp": 184, "translation_d": 5.019632779977173e-09, "rotation_d": 4.9731807382998506e-05, "width_d": 0.004960456431023477}