{"numgrasp": 190, "translation_d": 5.03412544304072e-09, "rotation_d": 4.946671846420032e-05, "width_d": 0.004656710854369506}