{"numgrasp": 190, "translation_d": 4.702302340826928e-09, "rotation_d": 4.953325393199718e-05, "width_d": 0.004482043024852233}