{"numgrasp": 146, "translation_d": 6.776959372212793e-09, "rotation_d": 4.083169068659181e-05, "width_d": 0.0034112111701389163}