{"numgrasp": 200, "translation_d": 5.026776011293175e-09, "rotation_d": 5.022810386766007e-05, "width_d": 0.0042306054952669266}