{"numgrasp": 200, "translation_d": 4.938777433672706e-09, "rotation_d": 5.1842425789281826e-05, "width_d": 0.0039396661205759135}