{"numgrasp": 199, "translation_d": 5.048585024209909e-09, "rotation_d": 5.20758550447507e-05, "width_d": 0.003786540993952377}