{"numgrasp": 195, "translation_d": 5.176022917216604e-09, "rotation_d": 5.5305364966799376e-05, "width_d": 0.0030634982343690585}