{"numgrasp": 152, "translation_d": 6.0013894836856065e-09, "rotation_d": 4.150936591948984e-05, "width_d": 0.003099235888960454}