{"numgrasp": 183, "translation_d": 5.14246618630724e-09, "rotation_d": 5.8815721753762433e-05, "width_d": 0.0028872250821791504}