{"numgrasp": 169, "translation_d": 5.061555954599037e-09, "rotation_d": 5.7809123047438695e-05, "width_d": 0.002887523227954394}