{"numgrasp": 167, "translation_d": 5.153026866314161e-09, "rotation_d": 5.768723236627862e-05, "width_d": 0.0028634861314355423}