{"numgrasp": 177, "translation_d": 5.036255323835632e-09, "rotation_d": 5.7349496336466206e-05, "width_d": 0.003549001991039923}