{"numgrasp": 173, "translation_d": 5.087245340807286e-09, "rotation_d": 5.733184509876184e-05, "width_d": 0.0035891544064720424}