{"numgrasp": 173, "translation_d": 4.888256970800238e-09, "rotation_d": 5.641771709977372e-05, "width_d": 0.0037539882103654817}