{"numgrasp": 187, "translation_d": 4.8708766366781195e-09, "rotation_d": 5.517435993323695e-05, "width_d": 0.004255640490886642}