{"numgrasp": 138, "translation_d": 6.469790146111319e-09, "rotation_d": 4.112611790247152e-05, "width_d": 0.0030416544157747744}