{"numgrasp": 189, "translation_d": 4.639263587221836e-09, "rotation_d": 5.364727131194527e-05, "width_d": 0.004582034376011461}