{"numgrasp": 196, "translation_d": 5.005841868193279e-09, "rotation_d": 5.3237332019349804e-05, "width_d": 0.0047462933698391024}