{"numgrasp": 190, "translation_d": 4.472277902451685e-09, "rotation_d": 5.353608991406178e-05, "width_d": 0.004603743997195866}