{"numgrasp": 159, "translation_d": 4.820395274920446e-09, "rotation_d": 5.5181378170977585e-05, "width_d": 0.004988698628533434}