{"numgrasp": 166, "translation_d": 6.081799498514366e-09, "rotation_d": 5.316438118396662e-05, "width_d": 0.0025559871349227804}