{"numgrasp": 140, "translation_d": 6.9995664794935646e-09, "rotation_d": 4.039502362075092e-05, "width_d": 0.002860489842564731}