{"numgrasp": 154, "translation_d": 5.686758296960102e-09, "rotation_d": 5.4790196807150027e-05, "width_d": 0.0030968940187964247}