{"numgrasp": 158, "translation_d": 5.15426472486931e-09, "rotation_d": 5.661735746928925e-05, "width_d": 0.0034714201533222067}