{"numgrasp": 149, "translation_d": 5.102267472713663e-09, "rotation_d": 5.757571050749491e-05, "width_d": 0.003845575999600803}