{"numgrasp": 161, "translation_d": 4.647818971600953e-09, "rotation_d": 5.6154306209492805e-05, "width_d": 0.0044810423625361055}