{"numgrasp": 161, "translation_d": 4.9869587551639375e-09, "rotation_d": 5.5272202034408045e-05, "width_d": 0.004529614234932057}