{"numgrasp": 144, "translation_d": 5.54760981706605e-09, "rotation_d": 5.168646596087056e-05, "width_d": 0.004874113374062375}