{"numgrasp": 145, "translation_d": 5.138114783350022e-09, "rotation_d": 5.283884112462975e-05, "width_d": 0.004418093159608054}