{"numgrasp": 143, "translation_d": 5.629045663411606e-09, "rotation_d": 5.4461164523091805e-05, "width_d": 0.004277108384434114}