{"numgrasp": 147, "translation_d": 6.239405481699124e-09, "rotation_d": 3.8794593389924804e-05, "width_d": 0.002301055923387537}