{"numgrasp": 143, "translation_d": 5.5321950683853246e-09, "rotation_d": 5.3169560651790664e-05, "width_d": 0.0039050712603639617}