{"numgrasp": 148, "translation_d": 5.352333057391453e-09, "rotation_d": 5.322310267423663e-05, "width_d": 0.0038875870173463913}