{"numgrasp": 156, "translation_d": 5.792212708848208e-09, "rotation_d": 5.08507966498505e-05, "width_d": 0.003402876109607154}