{"numgrasp": 148, "translation_d": 5.468975734047748e-09, "rotation_d": 5.0082250433785254e-05, "width_d": 0.00336986266519214}