{"numgrasp": 162, "translation_d": 5.7515685964011404e-09, "rotation_d": 4.576144669254902e-05, "width_d": 0.0028739048664689903}