{"numgrasp": 151, "translation_d": 5.9174573924327205e-09, "rotation_d": 4.4977208399414316e-05, "width_d": 0.003275647273815397}