{"numgrasp": 160, "translation_d": 5.819081649020183e-09, "rotation_d": 4.586044536044646e-05, "width_d": 0.0032337811688315276}