{"numgrasp": 146, "translation_d": 5.522349862988516e-09, "rotation_d": 4.690728281143731e-05, "width_d": 0.004035356963270725}