{"numgrasp": 142, "translation_d": 5.5738898887767345e-09, "rotation_d": 4.7810913159250145e-05, "width_d": 0.0040739190467804975}