{"numgrasp": 136, "translation_d": 5.595710612135621e-09, "rotation_d": 4.792700719767017e-05, "width_d": 0.004776279363546134}