{"numgrasp": 138, "translation_d": 5.27266696130597e-09, "rotation_d": 4.851090992919687e-05, "width_d": 0.0047198210807281775}