{"numgrasp": 154, "translation_d": 6.296250159617626e-09, "rotation_d": 4.291159009283168e-05, "width_d": 0.0022823378778966657}