{"numgrasp": 150, "translation_d": 6.3290723180033386e-09, "rotation_d": 4.1787614236578604e-05, "width_d": 0.002117989864467919}