{"numgrasp": 156, "translation_d": 6.417370036224948e-09, "rotation_d": 4.238245505328772e-05, "width_d": 0.0023113176429792022}