{"numgrasp": 165, "translation_d": 6.186807787536124e-09, "rotation_d": 5.1162161787660474e-05, "width_d": 0.002077369931515156}