{"numgrasp": 153, "translation_d": 6.441583898659831e-09, "rotation_d": 4.18616299034561e-05, "width_d": 0.002148268560435881}