{"numgrasp": 152, "translation_d": 6.380215815378433e-09, "rotation_d": 4.3482258368852864e-05, "width_d": 0.0023415197438096357}