{"numgrasp": 154, "translation_d": 6.036505737981362e-09, "rotation_d": 5.018226959812798e-05, "width_d": 0.0025638627908059148}