{"numgrasp": 139, "translation_d": 6.4796084865955846e-09, "rotation_d": 4.486793953965418e-05, "width_d": 0.002432764176650903}