{"numgrasp": 140, "translation_d": 6.457539104538409e-09, "rotation_d": 4.4876017338913104e-05, "width_d": 0.002626861528932572}