{"numgrasp": 147, "translation_d": 5.98231835685177e-09, "rotation_d": 4.617980525855561e-05, "width_d": 0.002863267010661454}