{"numgrasp": 148, "translation_d": 5.945561559418182e-09, "rotation_d": 4.995411370399684e-05, "width_d": 0.0022792879670200726}