{"numgrasp": 151, "translation_d": 6.4548820087824844e-09, "rotation_d": 4.7952667016712274e-05, "width_d": 0.0023234484840232387}