{"numgrasp": 150, "translation_d": 6.544362729004471e-09, "rotation_d": 4.562709731608202e-05, "width_d": 0.0023529959416954726}