{"numgrasp": 153, "translation_d": 5.76578248922682e-09, "rotation_d": 5.539233537472173e-05, "width_d": 0.0023748443627204232}