{"numgrasp": 151, "translation_d": 5.671443672319646e-09, "rotation_d": 5.5864507704097234e-05, "width_d": 0.0025252953716938323}