{"numgrasp": 151, "translation_d": 5.521744004292375e-09, "rotation_d": 5.57908103683446e-05, "width_d": 0.0036332530457804596}