{"numgrasp": 164, "translation_d": 4.920465201606143e-09, "rotation_d": 5.714367384142377e-05, "width_d": 0.003646801637620445}