{"numgrasp": 154, "translation_d": 5.632598355553121e-09, "rotation_d": 5.83711205325936e-05, "width_d": 0.0026258327254163757}