{"numgrasp": 149, "translation_d": 5.817948670769823e-09, "rotation_d": 4.179265241768943e-05, "width_d": 0.0023784615712455475}