{"numgrasp": 151, "translation_d": 5.5513572308793836e-09, "rotation_d": 5.636751539283429e-05, "width_d": 0.0023370641051659075}