{"numgrasp": 157, "translation_d": 5.3528299290291074e-09, "rotation_d": 5.923253939413019e-05, "width_d": 0.0024641395153444053}