{"numgrasp": 160, "translation_d": 5.394687378595105e-09, "rotation_d": 5.84594742052938e-05, "width_d": 0.0025333800054277806}