{"numgrasp": 164, "translation_d": 5.123868637043912e-09, "rotation_d": 5.6973057181133355e-05, "width_d": 0.002340281854707811}