{"numgrasp": 178, "translation_d": 5.354399308862941e-09, "rotation_d": 5.649542429260347e-05, "width_d": 0.0029864322105741595}