{"numgrasp": 177, "translation_d": 5.452734986848894e-09, "rotation_d": 5.6634459194312525e-05, "width_d": 0.0031148240012631163}