{"numgrasp": 232, "translation_d": 6.3708158737915305e-09, "rotation_d": 4.8314515338959364e-05, "width_d": 0.002699349328014791}