{"numgrasp": 240, "translation_d": 6.254188672755164e-09, "rotation_d": 4.076850760482251e-05, "width_d": 0.0030176513189247274}