{"numgrasp": 254, "translation_d": 6.127241101417115e-09, "rotation_d": 4.086750055727867e-05, "width_d": 0.0031256231385923114}