{"numgrasp": 254, "translation_d": 6.19659025371286e-09, "rotation_d": 3.777137279723551e-05, "width_d": 0.0032714563838782146}