{"numgrasp": 222, "translation_d": 6.301226293805628e-09, "rotation_d": 3.82479564797322e-05, "width_d": 0.0028937159365177273}