{"numgrasp": 233, "translation_d": 5.6901486219042946e-09, "rotation_d": 3.7099615032756086e-05, "width_d": 0.0026577492118237613}