{"numgrasp": 244, "translation_d": 6.175269275894824e-09, "rotation_d": 3.955471932097435e-05, "width_d": 0.0027783389241653575}