{"numgrasp": 239, "translation_d": 6.241893082479891e-09, "rotation_d": 3.9765777473752576e-05, "width_d": 0.002746690809552787}