{"numgrasp": 243, "translation_d": 6.114399567310486e-09, "rotation_d": 3.975606641486687e-05, "width_d": 0.0029218229325515543}