{"numgrasp": 232, "translation_d": 6.048963009567282e-09, "rotation_d": 3.844625865232308e-05, "width_d": 0.00277389904449957}