{"numgrasp": 239, "translation_d": 5.769884720500128e-09, "rotation_d": 4.806828128284215e-05, "width_d": 0.0027279736417523837}