{"numgrasp": 250, "translation_d": 5.795760935507158e-09, "rotation_d": 4.708139576685536e-05, "width_d": 0.002703329295187426}