{"numgrasp": 257, "translation_d": 5.993662580114193e-09, "rotation_d": 4.621785724774687e-05, "width_d": 0.0027471251278723954}