{"numgrasp": 250, "translation_d": 5.861108186096907e-09, "rotation_d": 4.6522650050658965e-05, "width_d": 0.002865422933065415}