{"numgrasp": 249, "translation_d": 6.054221333180475e-09, "rotation_d": 4.687699221202817e-05, "width_d": 0.00292667695541213}