{"numgrasp": 219, "translation_d": 5.533266487558865e-09, "rotation_d": 4.5827524240296654e-05, "width_d": 0.003251033922338796}