{"numgrasp": 234, "translation_d": 4.796315084766333e-09, "rotation_d": 5.215455694044562e-05, "width_d": 0.0034922870182647336}