{"numgrasp": 230, "translation_d": 5.6028897733318015e-09, "rotation_d": 5.297232153357917e-05, "width_d": 0.003196154436308981}