{"numgrasp": 237, "translation_d": 5.138152400427447e-09, "rotation_d": 5.3508555909601775e-05, "width_d": 0.0029627986425748236}