{"numgrasp": 253, "translation_d": 5.672904655207732e-09, "rotation_d": 5.4819430956940894e-05, "width_d": 0.002858945818921487}