{"numgrasp": 235, "translation_d": 5.664030021334109e-09, "rotation_d": 5.631509682769293e-05, "width_d": 0.0027415081031054726}