{"numgrasp": 229, "translation_d": 5.457719286362621e-09, "rotation_d": 5.721737809379134e-05, "width_d": 0.0027712385749156894}