{"numgrasp": 231, "translation_d": 5.527197501587137e-09, "rotation_d": 5.71387096941449e-05, "width_d": 0.002829390506490913}