{"numgrasp": 233, "translation_d": 5.291373340505803e-09, "rotation_d": 5.929585305181429e-05, "width_d": 0.0027853805477023492}