{"numgrasp": 238, "translation_d": 5.235578998094635e-09, "rotation_d": 5.9316151357491725e-05, "width_d": 0.0029122387301750707}