{"numgrasp": 257, "translation_d": 5.223312625351175e-09, "rotation_d": 5.87688661790054e-05, "width_d": 0.0029335739258032944}