{"numgrasp": 231, "translation_d": 5.0253225399708815e-09, "rotation_d": 5.653299156186596e-05, "width_d": 0.003509851198944879}