{"numgrasp": 256, "translation_d": 5.134002843023219e-09, "rotation_d": 5.752527547840653e-05, "width_d": 0.0034020168683829063}