{"numgrasp": 262, "translation_d": 5.1681220141864895e-09, "rotation_d": 5.773868300910128e-05, "width_d": 0.0030525922695102754}