{"numgrasp": 237, "translation_d": 4.755585722201133e-09, "rotation_d": 5.499873692679182e-05, "width_d": 0.0024416778342686786}