{"numgrasp": 238, "translation_d": 6.7917281680051104e-09, "rotation_d": 0.009489577408563283, "width_d": 0.003921203152635329}