{"numgrasp": 247, "translation_d": 4.9948859270757575e-09, "rotation_d": 4.559367448285695e-05, "width_d": 0.002687189228973967}