{"numgrasp": 260, "translation_d": 4.822727769938318e-09, "rotation_d": 4.765972837985493e-05, "width_d": 0.002795137892176716}