{"numgrasp": 256, "translation_d": 5.182227898351453e-09, "rotation_d": 4.939076107594538e-05, "width_d": 0.002779921829528454}