{"numgrasp": 264, "translation_d": 4.926904854520007e-09, "rotation_d": 5.14586259336836e-05, "width_d": 0.00300417811825906}