{"numgrasp": 238, "translation_d": 6.353337600481447e-09, "rotation_d": 5.482125524161997e-05, "width_d": 0.0039015324547145847}