{"numgrasp": 273, "translation_d": 5.024394472662518e-09, "rotation_d": 5.195621246906547e-05, "width_d": 0.003315208775022839}