{"numgrasp": 264, "translation_d": 5.232208195836088e-09, "rotation_d": 5.2366935235497817e-05, "width_d": 0.0035412326215437263}