{"numgrasp": 244, "translation_d": 5.147801352764186e-09, "rotation_d": 5.377949811786007e-05, "width_d": 0.0036291346642734618}