{"numgrasp": 267, "translation_d": 4.81609003150517e-09, "rotation_d": 5.094927545295847e-05, "width_d": 0.004324195180215622}