{"numgrasp": 257, "translation_d": 6.703215550783259e-09, "rotation_d": 5.450280216720201e-05, "width_d": 0.003917454639241105}