{"numgrasp": 273, "translation_d": 5.14997188758103e-09, "rotation_d": 4.7176952648565804e-05, "width_d": 0.003215062956060844}