{"numgrasp": 231, "translation_d": 4.954925982090732e-09, "rotation_d": 4.4551140149003616e-05, "width_d": 0.0025232651094712222}