{"numgrasp": 239, "translation_d": 5.458474697169568e-09, "rotation_d": 4.4711362714980446e-05, "width_d": 0.0026388424181955005}