{"numgrasp": 247, "translation_d": 5.060282852286587e-09, "rotation_d": 4.443378229605949e-05, "width_d": 0.003082211744134693}