{"numgrasp": 251, "translation_d": 5.359618922108616e-09, "rotation_d": 4.400246400722767e-05, "width_d": 0.003368832874513231}