{"numgrasp": 263, "translation_d": 4.73160085481016e-09, "rotation_d": 4.4679229351158044e-05, "width_d": 0.004525921495102178}