{"numgrasp": 252, "translation_d": 4.942393748403718e-09, "rotation_d": 4.689818691281406e-05, "width_d": 0.004379851398215073}