{"numgrasp": 236, "translation_d": 5.079575419144582e-09, "rotation_d": 4.5634640930511827e-05, "width_d": 0.003610386456962408}