{"numgrasp": 231, "translation_d": 5.413265299359573e-09, "rotation_d": 4.680200481233968e-05, "width_d": 0.00353345498423224}