{"numgrasp": 209, "translation_d": 5.1120315930029676e-09, "rotation_d": 5.35264225657738e-05, "width_d": 0.0032328157224352553}