{"numgrasp": 243, "translation_d": 4.679019400122858e-09, "rotation_d": 5.186520361090863e-05, "width_d": 0.004664147808568573}