{"numgrasp": 251, "translation_d": 4.7282187700096285e-09, "rotation_d": 5.1079755271460516e-05, "width_d": 0.005217444811911583}