{"numgrasp": 262, "translation_d": 6.371829995845657e-09, "rotation_d": 4.9398731212632866e-05, "width_d": 0.0028910477034719798}