{"numgrasp": 260, "translation_d": 6.621708831535024e-09, "rotation_d": 5.496395570245601e-05, "width_d": 0.0032926173845268768}