{"numgrasp": 255, "translation_d": 7.157799604118044e-09, "rotation_d": 5.7790578207365275e-05, "width_d": 0.0033320145967288967}