{"numgrasp": 249, "translation_d": 6.995944556057745e-09, "rotation_d": 5.769463694571476e-05, "width_d": 0.0034730537887926747}