{"numgrasp": 251, "translation_d": 6.627167606827662e-09, "rotation_d": 5.676364798091919e-05, "width_d": 0.0037552966428645368}