{"numgrasp": 238, "translation_d": 6.404598469359886e-09, "rotation_d": 5.6852813530457454e-05, "width_d": 0.003732924418971426}