{"numgrasp": 236, "translation_d": 6.828115946725435e-09, "rotation_d": 5.7079945606149745e-05, "width_d": 0.00388671503205396}