{"numgrasp": 252, "translation_d": 7.077336986006047e-09, "rotation_d": 5.752346556731838e-05, "width_d": 0.0035512912635547716}