{"numgrasp": 254, "translation_d": 6.456655767695602e-09, "rotation_d": 4.493767162067134e-05, "width_d": 0.0033728356098289675}