{"numgrasp": 236, "translation_d": 6.546344609985409e-09, "rotation_d": 5.95340693137575e-05, "width_d": 0.0031330382208417315}