{"numgrasp": 231, "translation_d": 6.775736689291217e-09, "rotation_d": 6.082527526196608e-05, "width_d": 0.0029303156417452925}