{"numgrasp": 232, "translation_d": 6.803091204168067e-09, "rotation_d": 6.014715221796843e-05, "width_d": 0.0029873442137183983}