{"numgrasp": 233, "translation_d": 7.0567126278354e-09, "rotation_d": 6.098686897211926e-05, "width_d": 0.0029481589815532837}