{"numgrasp": 227, "translation_d": 6.6557803256446384e-09, "rotation_d": 5.8518712513791076e-05, "width_d": 0.002797268336935209}