{"numgrasp": 261, "translation_d": 6.924167528193837e-09, "rotation_d": 4.583445970552381e-05, "width_d": 0.003511291416508495}