{"numgrasp": 249, "translation_d": 6.809183070456363e-09, "rotation_d": 5.6882022422048635e-05, "width_d": 0.0031514692468169445}