{"numgrasp": 238, "translation_d": 6.816944194587071e-09, "rotation_d": 5.8880242581549214e-05, "width_d": 0.002775623096848017}