{"numgrasp": 241, "translation_d": 7.189915333350938e-09, "rotation_d": 5.4780666223686727e-05, "width_d": 0.0030405594584027016}