{"numgrasp": 232, "translation_d": 6.679840949819955e-09, "rotation_d": 5.512206865073123e-05, "width_d": 0.0036622570232414772}