{"numgrasp": 227, "translation_d": 6.866233824911648e-09, "rotation_d": 4.7572643404741186e-05, "width_d": 0.0030587808488800354}