{"numgrasp": 230, "translation_d": 6.584781233826233e-09, "rotation_d": 4.760772231612644e-05, "width_d": 0.003295391284045938}