{"numgrasp": 230, "translation_d": 6.596666568783988e-09, "rotation_d": 4.8845206995103096e-05, "width_d": 0.0028785761492710915}