{"numgrasp": 245, "translation_d": 6.72639229859091e-09, "rotation_d": 4.946591000964754e-05, "width_d": 0.0028731002565075235}