{"numgrasp": 243, "translation_d": 6.874821916898084e-09, "rotation_d": 5.101689203354691e-05, "width_d": 0.0028440175950885742}