{"numgrasp": 218, "translation_d": 6.985431664466602e-09, "rotation_d": 5.66684795174216e-05, "width_d": 0.00264239072588136}