{"numgrasp": 235, "translation_d": 6.55469895699945e-09, "rotation_d": 4.218630861234029e-05, "width_d": 0.0025430766653944245}