{"numgrasp": 243, "translation_d": 6.113350480718629e-09, "rotation_d": 4.194739078679671e-05, "width_d": 0.0028987830656064598}