{"numgrasp": 318, "translation_d": 6.372365893105918e-09, "rotation_d": 4.303107188507237e-05, "width_d": 0.0052407589415917905}