{"numgrasp": 407, "translation_d": 7.066988890582589e-09, "rotation_d": 5.340334249302811e-05, "width_d": 0.00618980999682562}