{"numgrasp": 389, "translation_d": 6.748032599822503e-09, "rotation_d": 5.24282119898577e-05, "width_d": 0.006281804163548341}