{"numgrasp": 336, "translation_d": 6.147957185284465e-09, "rotation_d": 4.586419972654408e-05, "width_d": 0.005807761687108955}