{"numgrasp": 408, "translation_d": 6.028039234087239e-09, "rotation_d": 4.5348197280776574e-05, "width_d": 0.006512100753841399}