{"numgrasp": 331, "translation_d": 6.373335122653268e-09, "rotation_d": 4.709976367188352e-05, "width_d": 0.006054648757705412}