{"numgrasp": 338, "translation_d": 6.223768322676585e-09, "rotation_d": 6.540201056109657e-05, "width_d": 0.005411383029693811}