{"numgrasp": 344, "translation_d": 6.351823639696635e-09, "rotation_d": 4.738263912620671e-05, "width_d": 0.005908400049363533}