{"numgrasp": 355, "translation_d": 6.244672967727908e-09, "rotation_d": 4.899334967618693e-05, "width_d": 0.005460085414449265}