{"numgrasp": 279, "translation_d": 5.641965397808987e-09, "rotation_d": 4.280057380986632e-05, "width_d": 0.0046699743803330735}