{"numgrasp": 292, "translation_d": 5.9344876306817604e-09, "rotation_d": 4.272035353675365e-05, "width_d": 0.0048365969799298875}