{"numgrasp": 298, "translation_d": 5.983743768594965e-09, "rotation_d": 4.2989620940275385e-05, "width_d": 0.00493053344293576}