{"numgrasp": 303, "translation_d": 5.734091089833723e-09, "rotation_d": 4.315041587720235e-05, "width_d": 0.004943290332036492}