{"numgrasp": 304, "translation_d": 5.813695965520171e-09, "rotation_d": 4.42557958801983e-05, "width_d": 0.005218482566007786}