{"numgrasp": 426, "translation_d": 6.093447677792086e-09, "rotation_d": 4.550612673487761e-05, "width_d": 0.005965738134709273}