{"numgrasp": 296, "translation_d": 5.838557708543137e-09, "rotation_d": 4.254493019089919e-05, "width_d": 0.0052910887831976805}