{"numgrasp": 319, "translation_d": 5.920657962503415e-09, "rotation_d": 4.2846486184523585e-05, "width_d": 0.006003287695943767}