{"numgrasp": 278, "translation_d": 5.71837005104611e-09, "rotation_d": 4.408770539925735e-05, "width_d": 0.004762718347692611}