{"numgrasp": 275, "translation_d": 5.833677862405717e-09, "rotation_d": 4.5813516527636963e-05, "width_d": 0.0036858857776291745}