{"numgrasp": 264, "translation_d": 5.639578761162792e-09, "rotation_d": 4.8081849131297213e-05, "width_d": 0.003133324809125887}