{"numgrasp": 432, "translation_d": 6.174227539423545e-09, "rotation_d": 4.503279166934693e-05, "width_d": 0.005956569167030146}