{"numgrasp": 279, "translation_d": 6.093473409393484e-09, "rotation_d": 5.2810496781517464e-05, "width_d": 0.003276375264889931}