{"numgrasp": 278, "translation_d": 5.987864225702202e-09, "rotation_d": 5.302042808737045e-05, "width_d": 0.003504225397253843}