{"numgrasp": 281, "translation_d": 6.098738426798872e-09, "rotation_d": 5.196788829196994e-05, "width_d": 0.0035516157547662444}