{"numgrasp": 317, "translation_d": 6.113610459735688e-09, "rotation_d": 4.7987128984986544e-05, "width_d": 0.005714216601043165}