{"numgrasp": 305, "translation_d": 5.903795015662152e-09, "rotation_d": 5.3537808623713655e-05, "width_d": 0.005180944537149581}