{"numgrasp": 418, "translation_d": 6.2753963080191534e-09, "rotation_d": 4.3281005847754573e-05, "width_d": 0.005848122098956894}