{"numgrasp": 322, "translation_d": 6.003689154452392e-09, "rotation_d": 5.430927978738946e-05, "width_d": 0.004991910738282048}