{"numgrasp": 298, "translation_d": 5.79255854413902e-09, "rotation_d": 5.4026876746838074e-05, "width_d": 0.004819023523691656}