{"numgrasp": 322, "translation_d": 5.683166062063168e-09, "rotation_d": 5.785920720904467e-05, "width_d": 0.00491163138491388}