{"numgrasp": 333, "translation_d": 5.743103183373008e-09, "rotation_d": 5.655528488096611e-05, "width_d": 0.005419393080917633}