{"numgrasp": 430, "translation_d": 6.592278757694554e-09, "rotation_d": 4.393780852216986e-05, "width_d": 0.005788789847972723}