{"numgrasp": 378, "translation_d": 5.410581644496264e-09, "rotation_d": 5.522785345109013e-05, "width_d": 0.005540897430904114}