{"numgrasp": 349, "translation_d": 5.4220023074388845e-09, "rotation_d": 5.5285809438050214e-05, "width_d": 0.005178936606034875}