{"numgrasp": 330, "translation_d": 5.532260887780553e-09, "rotation_d": 5.5228996793669355e-05, "width_d": 0.005027398621171872}