{"numgrasp": 442, "translation_d": 5.993362877604857e-09, "rotation_d": 4.4190234212862384e-05, "width_d": 0.005941450569872415}