{"numgrasp": 350, "translation_d": 6.095264732759292e-09, "rotation_d": 5.076209194212925e-05, "width_d": 0.005433726271806657}