{"numgrasp": 369, "translation_d": 5.9641799047602085e-09, "rotation_d": 4.991298616936587e-05, "width_d": 0.0049786366127764665}