{"numgrasp": 361, "translation_d": 5.60763167030296e-09, "rotation_d": 5.122019998697039e-05, "width_d": 0.00527281012204443}