{"numgrasp": 333, "translation_d": 6.215225459990712e-09, "rotation_d": 4.790905145811743e-05, "width_d": 0.0059602446638782995}