{"numgrasp": 371, "translation_d": 5.48392662074842e-09, "rotation_d": 5.215509663759153e-05, "width_d": 0.005255569692664526}