{"numgrasp": 355, "translation_d": 5.6579507924179104e-09, "rotation_d": 5.2967839160924765e-05, "width_d": 0.005230567275833801}