{"numgrasp": 368, "translation_d": 5.487191854656026e-09, "rotation_d": 5.356726248019201e-05, "width_d": 0.00497260999926654}