{"numgrasp": 369, "translation_d": 5.3785113234684344e-09, "rotation_d": 5.4319286195996e-05, "width_d": 0.005153368859164235}