{"numgrasp": 375, "translation_d": 5.254558739426909e-09, "rotation_d": 5.304859067097822e-05, "width_d": 0.005214241941570937}