{"numgrasp": 450, "translation_d": 6.115369698724705e-09, "rotation_d": 4.39521059029117e-05, "width_d": 0.0063783482667732925}