{"numgrasp": 402, "translation_d": 5.2316023509532205e-09, "rotation_d": 4.955907663244953e-05, "width_d": 0.005399054182714571}