{"numgrasp": 453, "translation_d": 5.086686916367594e-09, "rotation_d": 4.389870823427326e-05, "width_d": 0.005872080082274881}