{"numgrasp": 418, "translation_d": 5.052033856855776e-09, "rotation_d": 4.788152623888607e-05, "width_d": 0.005687925562121998}