{"numgrasp": 385, "translation_d": 5.466142915331337e-09, "rotation_d": 5.061013179315285e-05, "width_d": 0.0052720286219057}