{"numgrasp": 390, "translation_d": 5.2276307121618904e-09, "rotation_d": 5.0499232664696935e-05, "width_d": 0.005283866031117119}