{"numgrasp": 444, "translation_d": 6.329871326127401e-09, "rotation_d": 4.384179310392701e-05, "width_d": 0.006211326404449901}