{"numgrasp": 374, "translation_d": 5.204378551770346e-09, "rotation_d": 4.968323688126305e-05, "width_d": 0.004779006698794247}