{"numgrasp": 416, "translation_d": 5.021417207386542e-09, "rotation_d": 4.7088560418198434e-05, "width_d": 0.004605745029670213}