{"numgrasp": 403, "translation_d": 5.2611627684830395e-09, "rotation_d": 4.66169917947116e-05, "width_d": 0.004897228654064636}