{"numgrasp": 431, "translation_d": 6.57954251822712e-09, "rotation_d": 4.382530760367187e-05, "width_d": 0.006158373342405943}