{"numgrasp": 409, "translation_d": 5.324643078165639e-09, "rotation_d": 4.753382102906298e-05, "width_d": 0.004991202105572884}