{"numgrasp": 416, "translation_d": 5.163637517654434e-09, "rotation_d": 4.696481989469457e-05, "width_d": 0.005319526007190426}