{"numgrasp": 460, "translation_d": 4.893177948718889e-09, "rotation_d": 4.587586750596942e-05, "width_d": 0.005896243774562245}