{"numgrasp": 453, "translation_d": 4.722874150286448e-09, "rotation_d": 4.349331283482226e-05, "width_d": 0.005730567478054212}