{"numgrasp": 468, "translation_d": 4.75949300593663e-09, "rotation_d": 4.435055121089517e-05, "width_d": 0.005090405702533566}