{"numgrasp": 460, "translation_d": 4.66530613900402e-09, "rotation_d": 4.547773231866578e-05, "width_d": 0.004845434278555956}