{"numgrasp": 453, "translation_d": 4.9371206878628254e-09, "rotation_d": 4.632650004739152e-05, "width_d": 0.004715624160487716}