{"numgrasp": 431, "translation_d": 5.14647145468066e-09, "rotation_d": 4.562490303054674e-05, "width_d": 0.004460110944954818}