{"numgrasp": 398, "translation_d": 6.252058715833603e-09, "rotation_d": 4.280351988214734e-05, "width_d": 0.006955593057107764}