{"numgrasp": 339, "translation_d": 6.409319957534865e-09, "rotation_d": 4.69044361675121e-05, "width_d": 0.006755953817019814}