{"numgrasp": 428, "translation_d": 6.244027840541668e-09, "rotation_d": 4.297837066222964e-05, "width_d": 0.007142815553496275}