{"numgrasp": 432, "translation_d": 6.53104642001895e-09, "rotation_d": 4.300830579113569e-05, "width_d": 0.006765757455691553}