{"numgrasp": 441, "translation_d": 6.504717820260865e-09, "rotation_d": 4.4847231718790985e-05, "width_d": 0.006456466520878323}