{"numgrasp": 443, "translation_d": 6.6160251215091204e-09, "rotation_d": 4.5139867151504454e-05, "width_d": 0.007029161918858836}