{"numgrasp": 451, "translation_d": 6.408695480422408e-09, "rotation_d": 4.656441271123365e-05, "width_d": 0.006524442331530503}