{"numgrasp": 441, "translation_d": 6.650066551347763e-09, "rotation_d": 4.545869605541986e-05, "width_d": 0.005767904538102842}