{"numgrasp": 424, "translation_d": 6.464751577980539e-09, "rotation_d": 4.582426775759358e-05, "width_d": 0.005714077423009302}