{"numgrasp": 452, "translation_d": 6.412550728028171e-09, "rotation_d": 5.040540477754271e-05, "width_d": 0.00616750120728631}