{"numgrasp": 425, "translation_d": 6.607608290539656e-09, "rotation_d": 4.862639074824309e-05, "width_d": 0.006808736547767836}