{"numgrasp": 440, "translation_d": 6.543563482041019e-09, "rotation_d": 4.879263455720856e-05, "width_d": 0.006896704728523689}