{"numgrasp": 433, "translation_d": 6.693519923358375e-09, "rotation_d": 4.773526576040673e-05, "width_d": 0.0065124047864022865}