{"numgrasp": 425, "translation_d": 6.643247903900097e-09, "rotation_d": 4.662413369873001e-05, "width_d": 0.007172509371834628}