{"numgrasp": 422, "translation_d": 6.378351191558494e-09, "rotation_d": 4.4543503029248e-05, "width_d": 0.006388985935757938}