{"numgrasp": 456, "translation_d": 6.486059391811066e-09, "rotation_d": 5.586335229149967e-05, "width_d": 0.006961442988728237}