{"numgrasp": 449, "translation_d": 6.6169614229485e-09, "rotation_d": 5.466352787639436e-05, "width_d": 0.006539191320567286}