{"numgrasp": 451, "translation_d": 7.197877242369878e-09, "rotation_d": 5.462392703035555e-05, "width_d": 0.006382759808960361}