{"numgrasp": 394, "translation_d": 6.213312691212374e-09, "rotation_d": 4.51743227431515e-05, "width_d": 0.007332942958539586}