{"numgrasp": 445, "translation_d": 6.720348432684047e-09, "rotation_d": 5.3148138354874744e-05, "width_d": 0.006638216467851228}