{"numgrasp": 448, "translation_d": 6.882800055465599e-09, "rotation_d": 5.308348177548826e-05, "width_d": 0.006401520344480299}