{"numgrasp": 437, "translation_d": 6.930820128965868e-09, "rotation_d": 5.459938621884558e-05, "width_d": 0.006584926603931964}