{"numgrasp": 435, "translation_d": 7.102043693503168e-09, "rotation_d": 5.5501668348525825e-05, "width_d": 0.00663365507880459}