{"numgrasp": 423, "translation_d": 6.635361654908139e-09, "rotation_d": 5.695452039430026e-05, "width_d": 0.0062436435814330485}