{"numgrasp": 427, "translation_d": 6.661950571545379e-09, "rotation_d": 5.8732926948805785e-05, "width_d": 0.0065154087998715434}