{"numgrasp": 442, "translation_d": 6.492791185204508e-09, "rotation_d": 5.893239417482098e-05, "width_d": 0.00716482214973998}