{"numgrasp": 417, "translation_d": 6.463351198642052e-09, "rotation_d": 5.9511829916156224e-05, "width_d": 0.006254019897095769}