{"numgrasp": 405, "translation_d": 6.4165734432830066e-09, "rotation_d": 4.5487734171300516e-05, "width_d": 0.006989407413576336}