{"numgrasp": 381, "translation_d": 6.519787425374229e-09, "rotation_d": 5.840620570650679e-05, "width_d": 0.006424047319900226}