{"numgrasp": 396, "translation_d": 6.371155186852218e-09, "rotation_d": 5.5745477742038525e-05, "width_d": 0.006380120774836266}