{"numgrasp": 565, "translation_d": 5.9949727327555644e-09, "rotation_d": 4.4541160604071376e-05, "width_d": 0.0034876471408418}