{"numgrasp": 572, "translation_d": 5.410228541758384e-09, "rotation_d": 5.5050265890427395e-05, "width_d": 0.00490373658088031}