{"numgrasp": 523, "translation_d": 5.440407288101041e-09, "rotation_d": 6.641026206717384e-05, "width_d": 0.005976455394883488}