{"numgrasp": 553, "translation_d": 5.665055512463176e-09, "rotation_d": 5.134990008678456e-05, "width_d": 0.004124810931859977}