{"numgrasp": 508, "translation_d": 5.5650160426295294e-09, "rotation_d": 4.2361869075920715e-05, "width_d": 0.004820239748623446}