{"numgrasp": 555, "translation_d": 5.7700075733791165e-09, "rotation_d": 7.97683531913116e-05, "width_d": 0.003577900754057841}