{"numgrasp": 583, "translation_d": 5.549770980891969e-09, "rotation_d": 4.2683140219590744e-05, "width_d": 0.003610281610032022}