{"numgrasp": 571, "translation_d": 5.643442102714303e-09, "rotation_d": 4.566471801804426e-05, "width_d": 0.004404007803659937}