{"numgrasp": 564, "translation_d": 5.7591575683216786e-09, "rotation_d": 5.528956762349171e-05, "width_d": 0.004737333254958278}