{"numgrasp": 499, "translation_d": 5.596920022014713e-09, "rotation_d": 4.186896713660217e-05, "width_d": 0.005973396413570376}