{"numgrasp": 535, "translation_d": 5.862017828493301e-09, "rotation_d": 4.282260217699785e-05, "width_d": 0.004799716202664404}