{"numgrasp": 526, "translation_d": 6.000361620751409e-09, "rotation_d": 4.054464007302217e-05, "width_d": 0.003834492417668701}