{"numgrasp": 484, "translation_d": 5.748434060477664e-09, "rotation_d": 4.1630880663409086e-05, "width_d": 0.005922155110031364}