{"numgrasp": 523, "translation_d": 5.739063305498234e-09, "rotation_d": 4.964550828428815e-05, "width_d": 0.003443366791562258}