{"numgrasp": 549, "translation_d": 6.173971414549719e-09, "rotation_d": 4.796444016327043e-05, "width_d": 0.0036521444756042755}