{"numgrasp": 525, "translation_d": 5.889593685566619e-09, "rotation_d": 4.2796406514462305e-05, "width_d": 0.004306296985837826}