{"numgrasp": 521, "translation_d": 5.836538500216608e-09, "rotation_d": 4.2558293548663236e-05, "width_d": 0.004548812829770781}