{"numgrasp": 523, "translation_d": 6.000023627067902e-09, "rotation_d": 4.2905581642530306e-05, "width_d": 0.004568082708992129}