{"numgrasp": 505, "translation_d": 5.792840269541408e-09, "rotation_d": 4.3828122428262536e-05, "width_d": 0.005281983224938189}