{"numgrasp": 500, "translation_d": 5.77083703888833e-09, "rotation_d": 4.959100056258471e-05, "width_d": 0.004914349190966455}