{"numgrasp": 539, "translation_d": 6.014049023509623e-09, "rotation_d": 5.74948114127453e-05, "width_d": 0.003742342409853148}