{"numgrasp": 535, "translation_d": 6.18444521361852e-09, "rotation_d": 5.89046580598273e-05, "width_d": 0.00392559412635883}