{"numgrasp": 540, "translation_d": 5.976056589518418e-09, "rotation_d": 5.740376442142377e-05, "width_d": 0.003939752603484888}