{"numgrasp": 516, "translation_d": 5.207447780603596e-09, "rotation_d": 4.1024423886706754e-05, "width_d": 0.005900461692208782}