{"numgrasp": 480, "translation_d": 6.044736207673141e-09, "rotation_d": 5.4754614984854374e-05, "width_d": 0.004593776828277395}