{"numgrasp": 460, "translation_d": 6.090290402121805e-09, "rotation_d": 5.4218782689113155e-05, "width_d": 0.0048551776216543}