{"numgrasp": 406, "translation_d": 5.477938291384178e-09, "rotation_d": 5.585314373048432e-05, "width_d": 0.004684625588116717}