{"numgrasp": 488, "translation_d": 6.146301762421412e-09, "rotation_d": 5.753695248165079e-05, "width_d": 0.004186026329486775}