{"numgrasp": 517, "translation_d": 6.186936959224803e-09, "rotation_d": 5.7283250472083456e-05, "width_d": 0.004145550074699035}