{"numgrasp": 541, "translation_d": 6.035320532343957e-09, "rotation_d": 5.8272343374616366e-05, "width_d": 0.0038943225906627283}