{"numgrasp": 528, "translation_d": 6.176216044540313e-09, "rotation_d": 5.87733154541226e-05, "width_d": 0.0037488714388787246}