{"numgrasp": 523, "translation_d": 6.105736476828072e-09, "rotation_d": 5.245425020270287e-05, "width_d": 0.0035923090135844744}