{"numgrasp": 513, "translation_d": 6.171434422738274e-09, "rotation_d": 5.4726978028864314e-05, "width_d": 0.003969693920087925}