{"numgrasp": 505, "translation_d": 6.008481696137284e-09, "rotation_d": 5.482142269427132e-05, "width_d": 0.003737215472095734}