{"numgrasp": 452, "translation_d": 6.16845910941087e-09, "rotation_d": 5.462757518876292e-05, "width_d": 0.004262838212908536}