{"numgrasp": 427, "translation_d": 5.890462961427073e-09, "rotation_d": 5.445149993777293e-05, "width_d": 0.004808163517899913}