{"numgrasp": 407, "translation_d": 5.835038571589463e-09, "rotation_d": 5.137509122133034e-05, "width_d": 0.0043999507818381885}