{"numgrasp": 415, "translation_d": 5.751679441704145e-09, "rotation_d": 5.205472101550838e-05, "width_d": 0.004494111024920646}