{"numgrasp": 423, "translation_d": 5.703357852760276e-09, "rotation_d": 5.1905204893588965e-05, "width_d": 0.004098606964743586}