{"numgrasp": 435, "translation_d": 6.133474987742129e-09, "rotation_d": 5.115822773368529e-05, "width_d": 0.0039430947786413565}