{"numgrasp": 489, "translation_d": 6.041129364926436e-09, "rotation_d": 4.922388068539688e-05, "width_d": 0.004015026761347296}