{"numgrasp": 513, "translation_d": 5.658511425780821e-09, "rotation_d": 4.297856301197388e-05, "width_d": 0.003198106784300077}