{"numgrasp": 517, "translation_d": 5.938719375325671e-09, "rotation_d": 4.1518513236779015e-05, "width_d": 0.003329058119612584}