{"numgrasp": 508, "translation_d": 5.4946531528337454e-09, "rotation_d": 4.157861411740361e-05, "width_d": 0.0031436076997350074}