{"numgrasp": 511, "translation_d": 5.730875970842462e-09, "rotation_d": 4.09964494337368e-05, "width_d": 0.003081620541919772}