{"numgrasp": 502, "translation_d": 5.942190253518905e-09, "rotation_d": 4.1331866386127914e-05, "width_d": 0.003535024228801667}