{"numgrasp": 506, "translation_d": 6.056391101292277e-09, "rotation_d": 4.2699291907216754e-05, "width_d": 0.0037020564400696647}