{"numgrasp": 468, "translation_d": 5.86868366020649e-09, "rotation_d": 4.480768608744204e-05, "width_d": 0.0037815960332035813}