{"numgrasp": 417, "translation_d": 5.5452495388523734e-09, "rotation_d": 4.739367932177801e-05, "width_d": 0.004255969848381126}