{"numgrasp": 520, "translation_d": 5.509546612081378e-09, "rotation_d": 4.419389034935569e-05, "width_d": 0.004154378876840339}