{"numgrasp": 523, "translation_d": 5.689673640732103e-09, "rotation_d": 4.478012774589277e-05, "width_d": 0.0043010147212379415}