{"numgrasp": 534, "translation_d": 5.823367559015971e-09, "rotation_d": 4.277787361650707e-05, "width_d": 0.003567148961566038}