{"numgrasp": 541, "translation_d": 5.721944750510645e-09, "rotation_d": 4.605942036269561e-05, "width_d": 0.00399686115493862}