{"numgrasp": 561, "translation_d": 5.601900962338542e-09, "rotation_d": 4.877374417081658e-05, "width_d": 0.004727621047160766}