{"numgrasp": 540, "translation_d": 5.565656007853766e-09, "rotation_d": 4.528008687743119e-05, "width_d": 0.005239576324649424}