{"numgrasp": 552, "translation_d": 5.340140197595438e-09, "rotation_d": 4.553013869533289e-05, "width_d": 0.005220656532838317}