{"numgrasp": 543, "translation_d": 5.845517251672275e-09, "rotation_d": 4.633498536594806e-05, "width_d": 0.005605128322262003}