{"numgrasp": 524, "translation_d": 5.535879235556003e-09, "rotation_d": 4.635588579350679e-05, "width_d": 0.006127684615658833}