{"numgrasp": 531, "translation_d": 5.355711475026092e-09, "rotation_d": 5.286542895470338e-05, "width_d": 0.00591235374110547}