{"numgrasp": 551, "translation_d": 5.563996367488223e-09, "rotation_d": 5.204772180245051e-05, "width_d": 0.005172473592794772}