{"numgrasp": 537, "translation_d": 5.6154593783550675e-09, "rotation_d": 5.2006560830163136e-05, "width_d": 0.005184845633219845}