{"numgrasp": 550, "translation_d": 5.8242770012832445e-09, "rotation_d": 5.1264812885335246e-05, "width_d": 0.004565685659337579}