{"numgrasp": 563, "translation_d": 5.8147347649933485e-09, "rotation_d": 4.975357688113193e-05, "width_d": 0.004266574512671154}