{"numgrasp": 563, "translation_d": 5.879369897135009e-09, "rotation_d": 4.8468157716923225e-05, "width_d": 0.003895957406317713}