{"numgrasp": 556, "translation_d": 5.830534346920365e-09, "rotation_d": 4.4419162552329855e-05, "width_d": 0.0037061292684139368}