{"numgrasp": 553, "translation_d": 5.801123597923593e-09, "rotation_d": 0.00017927658395565957, "width_d": 0.003368717781351102}