{"numgrasp": 550, "translation_d": 6.169096868857318e-09, "rotation_d": 5.411970938228269e-05, "width_d": 0.004105408118590126}