{"numgrasp": 543, "translation_d": 5.67340622937456e-09, "rotation_d": 5.6352015813241455e-05, "width_d": 0.004194352488512649}