{"numgrasp": 517, "translation_d": 5.916789354505068e-09, "rotation_d": 4.4678396341988324e-05, "width_d": 0.004113497408087523}