{"numgrasp": 549, "translation_d": 5.296288212276538e-09, "rotation_d": 5.6204610262360366e-05, "width_d": 0.005378613662373353}