{"numgrasp": 532, "translation_d": 5.135281185864566e-09, "rotation_d": 5.6221744474078667e-05, "width_d": 0.006063388248569785}