{"numgrasp": 557, "translation_d": 5.909212480532722e-09, "rotation_d": 5.848605384863513e-05, "width_d": 0.00422878772993778}