{"numgrasp": 567, "translation_d": 5.845173795178401e-09, "rotation_d": 5.710931292489076e-05, "width_d": 0.0035462816471807895}