{"numgrasp": 510, "translation_d": 5.611121294256333e-09, "rotation_d": 4.4592791742179735e-05, "width_d": 0.0043991363985960265}