{"numgrasp": 547, "translation_d": 5.957331404685943e-09, "rotation_d": 5.8628531810867745e-05, "width_d": 0.0034630739455297757}