{"numgrasp": 574, "translation_d": 5.873065377716186e-09, "rotation_d": 5.727516081352215e-05, "width_d": 0.004146766586931632}