{"numgrasp": 320, "translation_d": 5.788439583638066e-09, "rotation_d": 4.8544802912197376e-05, "width_d": 0.00490368099845984}