{"numgrasp": 480, "translation_d": 6.043748300172392e-09, "rotation_d": 3.92351310388083e-05, "width_d": 0.0032545497611231053}