{"numgrasp": 330, "translation_d": 6.5500972042805326e-09, "rotation_d": 4.7482126643865896e-05, "width_d": 0.00454591756004745}