{"numgrasp": 353, "translation_d": 6.389158267478124e-09, "rotation_d": 4.7245496022849624e-05, "width_d": 0.0043928050686814326}