{"numgrasp": 330, "translation_d": 6.55987646731669e-09, "rotation_d": 5.230788034008536e-05, "width_d": 0.003949521286477367}