{"numgrasp": 339, "translation_d": 6.292674704458716e-09, "rotation_d": 4.2155132099825536e-05, "width_d": 0.0038818045569930792}