{"numgrasp": 338, "translation_d": 6.810181614979735e-09, "rotation_d": 4.2923361971574556e-05, "width_d": 0.004125282457978441}