{"numgrasp": 323, "translation_d": 6.15771765297338e-09, "rotation_d": 4.1067164608326886e-05, "width_d": 0.0041356098518016025}