{"numgrasp": 328, "translation_d": 6.314194994837579e-09, "rotation_d": 4.2040501268813666e-05, "width_d": 0.004290469984054868}