{"numgrasp": 319, "translation_d": 6.1548908270643375e-09, "rotation_d": 4.3355453533367675e-05, "width_d": 0.004340059746854412}