{"numgrasp": 314, "translation_d": 5.820284526195204e-09, "rotation_d": 4.294431757862479e-05, "width_d": 0.004745229759332686}