{"numgrasp": 326, "translation_d": 5.61269773811018e-09, "rotation_d": 4.4816753464478044e-05, "width_d": 0.005217665858332522}