{"numgrasp": 339, "translation_d": 5.3843000543427e-09, "rotation_d": 4.70013324285087e-05, "width_d": 0.005383338643882225}