{"numgrasp": 339, "translation_d": 5.6864962831447076e-09, "rotation_d": 4.629641799607291e-05, "width_d": 0.004883172810525571}