{"numgrasp": 458, "translation_d": 6.087684237191302e-09, "rotation_d": 4.089875349627884e-05, "width_d": 0.003318850935563552}