{"numgrasp": 352, "translation_d": 5.9109958122497345e-09, "rotation_d": 4.3916228033809735e-05, "width_d": 0.0047173314869219055}