{"numgrasp": 372, "translation_d": 5.667167043444117e-09, "rotation_d": 4.3969416303643344e-05, "width_d": 0.004396662932412231}