{"numgrasp": 397, "translation_d": 5.675045500798817e-09, "rotation_d": 4.4398326898035514e-05, "width_d": 0.004068169404107697}