{"numgrasp": 385, "translation_d": 6.068266807539487e-09, "rotation_d": 4.3871982431979966e-05, "width_d": 0.003848423555714884}