{"numgrasp": 386, "translation_d": 6.163714345065538e-09, "rotation_d": 5.274557616420732e-05, "width_d": 0.004314729885118763}