{"numgrasp": 382, "translation_d": 5.956084444624337e-09, "rotation_d": 4.9931984947145186e-05, "width_d": 0.004475199491520441}