{"numgrasp": 362, "translation_d": 6.211671487449399e-09, "rotation_d": 4.973094480070282e-05, "width_d": 0.004273245291072536}