{"numgrasp": 372, "translation_d": 5.701743562299897e-09, "rotation_d": 4.892158855453596e-05, "width_d": 0.004479626212067578}