{"numgrasp": 374, "translation_d": 5.9880508016652156e-09, "rotation_d": 4.967921270694507e-05, "width_d": 0.005112876141111023}