{"numgrasp": 370, "translation_d": 6.174686864670824e-09, "rotation_d": 4.9313911541844536e-05, "width_d": 0.004973814120454319}