{"numgrasp": 354, "translation_d": 5.8638869515752695e-09, "rotation_d": 4.981047316572904e-05, "width_d": 0.005127254001392191}