{"numgrasp": 367, "translation_d": 6.207514109105559e-09, "rotation_d": 5.36266172649937e-05, "width_d": 0.005252312240919758}