{"numgrasp": 368, "translation_d": 6.230934338549663e-09, "rotation_d": 5.430385831832093e-05, "width_d": 0.004856623871318763}