{"numgrasp": 370, "translation_d": 5.9281897286738994e-09, "rotation_d": 5.619459553437024e-05, "width_d": 0.004547013685447283}