{"numgrasp": 377, "translation_d": 6.389301794279225e-09, "rotation_d": 5.6894406220241236e-05, "width_d": 0.004219785054081125}