{"numgrasp": 380, "translation_d": 6.174574315637218e-09, "rotation_d": 5.7123386246870135e-05, "width_d": 0.004170320602777213}