{"numgrasp": 388, "translation_d": 6.149279766386795e-09, "rotation_d": 5.737138708387995e-05, "width_d": 0.0042417710766672004}