{"numgrasp": 404, "translation_d": 6.080802519916883e-09, "rotation_d": 5.846171752898335e-05, "width_d": 0.0040179762108712}