{"numgrasp": 399, "translation_d": 6.208349044454602e-09, "rotation_d": 6.036623908618331e-05, "width_d": 0.003978625884802962}