{"numgrasp": 424, "translation_d": 6.173897027412742e-09, "rotation_d": 5.660124616302331e-05, "width_d": 0.003746314651014378}