{"numgrasp": 422, "translation_d": 6.350331192784501e-09, "rotation_d": 5.8542932454178056e-05, "width_d": 0.003942430784938993}