{"numgrasp": 401, "translation_d": 6.297509779547764e-09, "rotation_d": 5.9199836101950146e-05, "width_d": 0.003939052297135273}