{"numgrasp": 426, "translation_d": 6.197886113618697e-09, "rotation_d": 5.9800090148255245e-05, "width_d": 0.004386069015618918}