{"numgrasp": 447, "translation_d": 6.1879175201322236e-09, "rotation_d": 5.868857912530701e-05, "width_d": 0.004536461737841065}