{"numgrasp": 447, "translation_d": 6.002677624573673e-09, "rotation_d": 5.91396210049633e-05, "width_d": 0.004460296356454306}