{"numgrasp": 451, "translation_d": 5.97993082772136e-09, "rotation_d": 5.58293856898564e-05, "width_d": 0.004962114718760264}