{"numgrasp": 461, "translation_d": 6.339534333033997e-09, "rotation_d": 5.4972799052525245e-05, "width_d": 0.003938935873474167}