{"numgrasp": 471, "translation_d": 6.186773433995808e-09, "rotation_d": 5.161354256321827e-05, "width_d": 0.003847393110119225}