{"numgrasp": 494, "translation_d": 6.052914211196268e-09, "rotation_d": 4.0393967263520416e-05, "width_d": 0.003836504009596432}