{"numgrasp": 544, "translation_d": 6.105813145256312e-09, "rotation_d": 4.470013552077413e-05, "width_d": 0.0037731989468642183}