{"numgrasp": 508, "translation_d": 6.0840603422506e-09, "rotation_d": 4.916640831019755e-05, "width_d": 0.004026700665642377}