{"numgrasp": 500, "translation_d": 6.0930855004168505e-09, "rotation_d": 5.088240754707673e-05, "width_d": 0.004604324414570659}