{"numgrasp": 475, "translation_d": 5.954142120429156e-09, "rotation_d": 5.128941420025638e-05, "width_d": 0.004659506522700693}