{"numgrasp": 464, "translation_d": 6.169314799829301e-09, "rotation_d": 3.885485111625204e-05, "width_d": 0.0033574163798558154}