{"numgrasp": 575, "translation_d": 5.717392030304479e-09, "rotation_d": 3.972683010503198e-05, "width_d": 0.004161868036079731}