{"numgrasp": 565, "translation_d": 5.78364558422837e-09, "rotation_d": 3.846798507091062e-05, "width_d": 0.0037897577320169158}