{"numgrasp": 561, "translation_d": 5.611659296636488e-09, "rotation_d": 4.1129640559836096e-05, "width_d": 0.0038822429009158937}