{"numgrasp": 583, "translation_d": 5.3267100574213095e-09, "rotation_d": 3.9124921131902796e-05, "width_d": 0.003769960521833843}