{"numgrasp": 580, "translation_d": 5.652125009587308e-09, "rotation_d": 3.676812422420778e-05, "width_d": 0.0037242717883481644}