{"numgrasp": 546, "translation_d": 5.4717187058566544e-09, "rotation_d": 3.6673927612371734e-05, "width_d": 0.004428824673572421}