{"numgrasp": 551, "translation_d": 5.416237433843185e-09, "rotation_d": 3.678407252108971e-05, "width_d": 0.004859034123957221}