{"numgrasp": 425, "translation_d": 5.77681359267525e-09, "rotation_d": 4.576565259614292e-05, "width_d": 0.003352725420081538}