{"numgrasp": 389, "translation_d": 5.7420836858348815e-09, "rotation_d": 4.20645971920076e-05, "width_d": 0.0034817551000612093}