{"numgrasp": 492, "translation_d": 6.315485329183395e-09, "rotation_d": 4.247464813736593e-05, "width_d": 0.0037185559471755425}