{"numgrasp": 475, "translation_d": 6.583527524259629e-09, "rotation_d": 4.4876189285351236e-05, "width_d": 0.003963227813302191}