{"numgrasp": 439, "translation_d": 6.5389254445121414e-09, "rotation_d": 4.50550374784901e-05, "width_d": 0.004397187139092903}