{"numgrasp": 445, "translation_d": 6.333028045811484e-09, "rotation_d": 4.4633050558171633e-05, "width_d": 0.004805336225980152}