{"numgrasp": 418, "translation_d": 7.015322087723435e-09, "rotation_d": 5.206651260858577e-05, "width_d": 0.005108667957255684}