{"numgrasp": 434, "translation_d": 6.375154315796073e-09, "rotation_d": 5.241797137803425e-05, "width_d": 0.004916373519057554}