{"numgrasp": 469, "translation_d": 6.474394115546632e-09, "rotation_d": 5.391761991158272e-05, "width_d": 0.004750621412968183}