{"numgrasp": 455, "translation_d": 6.504385163556948e-09, "rotation_d": 5.2561704877705616e-05, "width_d": 0.004082294580090923}