{"numgrasp": 470, "translation_d": 6.271349749603095e-09, "rotation_d": 5.1468501185007174e-05, "width_d": 0.004152821411844868}