{"numgrasp": 439, "translation_d": 6.0754855389319014e-09, "rotation_d": 5.0185797737244435e-05, "width_d": 0.003930477464005539}