{"numgrasp": 438, "translation_d": 5.696226898151707e-09, "rotation_d": 5.105826987135525e-05, "width_d": 0.0034818732679460936}