{"numgrasp": 409, "translation_d": 6.4119063131575034e-09, "rotation_d": 5.752840442442162e-05, "width_d": 0.003923266553437865}