{"numgrasp": 501, "translation_d": 6.152959936215726e-09, "rotation_d": 4.062736717309219e-05, "width_d": 0.0032082237458304695}