{"numgrasp": 439, "translation_d": 6.6204871658039065e-09, "rotation_d": 5.993441483320029e-05, "width_d": 0.005122428595980595}