{"numgrasp": 418, "translation_d": 6.766749734955881e-09, "rotation_d": 5.687824694261672e-05, "width_d": 0.005614353924342034}