{"numgrasp": 366, "translation_d": 6.257326507224398e-09, "rotation_d": 5.584736477293634e-05, "width_d": 0.005348285572293233}