{"numgrasp": 407, "translation_d": 6.504464043505533e-09, "rotation_d": 5.630658036883808e-05, "width_d": 0.005132635675814667}