{"numgrasp": 348, "translation_d": 6.5273252755538266e-09, "rotation_d": 5.670542336944987e-05, "width_d": 0.00440338732675612}