{"numgrasp": 348, "translation_d": 6.065605551975651e-09, "rotation_d": 5.7093091660483156e-05, "width_d": 0.004062578627425095}