{"numgrasp": 377, "translation_d": 6.0997312119981054e-09, "rotation_d": 5.825036059269482e-05, "width_d": 0.004106248219719872}