{"numgrasp": 393, "translation_d": 6.212652114032998e-09, "rotation_d": 5.8976974884806155e-05, "width_d": 0.003452078875003372}