{"numgrasp": 420, "translation_d": 6.172424740520235e-09, "rotation_d": 5.8796278062868776e-05, "width_d": 0.0033308865145176415}