{"numgrasp": 352, "translation_d": 6.867045257812708e-09, "rotation_d": 5.866038559839391e-05, "width_d": 0.0035657817761693615}