{"numgrasp": 331, "translation_d": 6.619900285052005e-09, "rotation_d": 5.649194159799399e-05, "width_d": 0.004057248148801364}