{"numgrasp": 349, "translation_d": 6.307220191186733e-09, "rotation_d": 5.480763502910769e-05, "width_d": 0.004210965651021634}