{"numgrasp": 323, "translation_d": 6.363579199154515e-09, "rotation_d": 5.364237111716235e-05, "width_d": 0.00447952782578703}