{"numgrasp": 476, "translation_d": 5.941715684465379e-09, "rotation_d": 4.069350764286426e-05, "width_d": 0.0031370224346298436}