{"numgrasp": 216, "translation_d": 5.388283811275428e-09, "rotation_d": 5.5556828664507145e-05, "width_d": 0.0038842378095696605}