{"numgrasp": 216, "translation_d": 5.056351268600511e-09, "rotation_d": 5.034011939037791e-05, "width_d": 0.003895239507442445}