{"numgrasp": 214, "translation_d": 4.499480091811959e-09, "rotation_d": 5.009519347884279e-05, "width_d": 0.0037524531114438045}