{"numgrasp": 239, "translation_d": 4.535044517353941e-09, "rotation_d": 5.149103411543419e-05, "width_d": 0.0034080797281765287}