{"numgrasp": 249, "translation_d": 5.0277312317526306e-09, "rotation_d": 5.098163259767114e-05, "width_d": 0.002970909371546693}