{"numgrasp": 246, "translation_d": 5.038597627039205e-09, "rotation_d": 5.114198418287581e-05, "width_d": 0.0025398757449099376}