{"numgrasp": 257, "translation_d": 5.048913912190885e-09, "rotation_d": 5.15492304712021e-05, "width_d": 0.0026473205368575167}