{"numgrasp": 248, "translation_d": 7.472144082658582e-09, "rotation_d": 4.37844346649444e-05, "width_d": 0.004264662207960284}