{"numgrasp": 256, "translation_d": 5.254679823202957e-09, "rotation_d": 5.263330592773778e-05, "width_d": 0.0024204374959705603}