{"numgrasp": 274, "translation_d": 4.812455076210531e-09, "rotation_d": 4.525582733572138e-05, "width_d": 0.0025230867266623153}