{"numgrasp": 271, "translation_d": 4.8680211894082e-09, "rotation_d": 4.4012732108937463e-05, "width_d": 0.0032487163592853224}