{"numgrasp": 252, "translation_d": 4.911527585494907e-09, "rotation_d": 4.478825561131287e-05, "width_d": 0.0038063344232997574}