{"numgrasp": 238, "translation_d": 4.836694242339353e-09, "rotation_d": 4.55535220811371e-05, "width_d": 0.004042767514300974}