{"numgrasp": 244, "translation_d": 4.539493892611113e-09, "rotation_d": 4.495390231498477e-05, "width_d": 0.005963782302879258}