{"numgrasp": 264, "translation_d": 4.505033595970105e-09, "rotation_d": 4.506597164223262e-05, "width_d": 0.00463583075500906}