{"numgrasp": 269, "translation_d": 4.506585890052947e-09, "rotation_d": 4.268906935255749e-05, "width_d": 0.0037959477286412416}