{"numgrasp": 277, "translation_d": 5.101076816381061e-09, "rotation_d": 4.3595363044313414e-05, "width_d": 0.002887631068418602}