{"numgrasp": 288, "translation_d": 4.854619786648196e-09, "rotation_d": 4.299671626541845e-05, "width_d": 0.0027129352244522785}