{"numgrasp": 277, "translation_d": 4.827041312837512e-09, "rotation_d": 4.387424097363458e-05, "width_d": 0.0027070740016489165}