{"numgrasp": 255, "translation_d": 4.874853236473336e-09, "rotation_d": 4.78815169174993e-05, "width_d": 0.0040155034431847425}