{"numgrasp": 260, "translation_d": 4.771288212884736e-09, "rotation_d": 4.713242215217636e-05, "width_d": 0.004350799228380411}