{"numgrasp": 260, "translation_d": 5.0438168101587696e-09, "rotation_d": 4.5690139774534386e-05, "width_d": 0.0065545682763828}