{"numgrasp": 258, "translation_d": 4.74263148115824e-09, "rotation_d": 4.511212503821269e-05, "width_d": 0.007014541058819692}