{"numgrasp": 240, "translation_d": 4.557519735296817e-09, "rotation_d": 4.41522410358364e-05, "width_d": 0.007276134052428246}