{"numgrasp": 205, "translation_d": 5.523581240305416e-09, "rotation_d": 5.844850490457263e-05, "width_d": 0.004075670041589941}