{"numgrasp": 211, "translation_d": 5.364631576005153e-09, "rotation_d": 5.822656855619617e-05, "width_d": 0.0031775664961729583}