{"numgrasp": 201, "translation_d": 6.376996592299251e-09, "rotation_d": 5.940085639531348e-05, "width_d": 0.003094454140297916}