{"numgrasp": 252, "translation_d": 6.4189933509040735e-09, "rotation_d": 4.4235533253762794e-05, "width_d": 0.005195383704272718}