{"numgrasp": 207, "translation_d": 5.960651135146423e-09, "rotation_d": 5.712993403538138e-05, "width_d": 0.0037002216831236103}