{"numgrasp": 194, "translation_d": 5.663871397987315e-09, "rotation_d": 5.803370162383004e-05, "width_d": 0.003673151729069477}