{"numgrasp": 194, "translation_d": 6.000663993192836e-09, "rotation_d": 5.935614607167609e-05, "width_d": 0.004453927992944742}