{"numgrasp": 195, "translation_d": 5.205626611556665e-09, "rotation_d": 5.8509658371430844e-05, "width_d": 0.005604389911394133}