{"numgrasp": 267, "translation_d": 6.354349535843078e-09, "rotation_d": 4.291522151326655e-05, "width_d": 0.004899072003598703}