{"numgrasp": 188, "translation_d": 5.960966025501059e-09, "rotation_d": 5.2982201769389196e-05, "width_d": 0.003998727411238747}