{"numgrasp": 193, "translation_d": 5.79829584293607e-09, "rotation_d": 5.301712464373912e-05, "width_d": 0.004082684220120969}