{"numgrasp": 189, "translation_d": 6.222340668330873e-09, "rotation_d": 5.24094652013673e-05, "width_d": 0.0037287982076526865}