{"numgrasp": 194, "translation_d": 6.204909269325592e-09, "rotation_d": 5.081461721726717e-05, "width_d": 0.0036024460424168717}