{"numgrasp": 189, "translation_d": 5.332976309297124e-09, "rotation_d": 4.211938955660185e-05, "width_d": 0.0034930814150424}