{"numgrasp": 192, "translation_d": 5.3478289777403665e-09, "rotation_d": 4.223949644493466e-05, "width_d": 0.00340371749268725}