{"numgrasp": 178, "translation_d": 5.528649582450144e-09, "rotation_d": 4.3850901483681664e-05, "width_d": 0.003636452121983411}