{"numgrasp": 184, "translation_d": 5.8387121589202085e-09, "rotation_d": 4.503605488205326e-05, "width_d": 0.00435728709966539}