{"numgrasp": 172, "translation_d": 5.315929141787226e-09, "rotation_d": 5.029861530689191e-05, "width_d": 0.005679875675131249}