{"numgrasp": 156, "translation_d": 5.316204997179588e-09, "rotation_d": 4.172657734787338e-05, "width_d": 0.005572022456327834}