{"numgrasp": 172, "translation_d": 4.901683883471946e-09, "rotation_d": 4.163716410912972e-05, "width_d": 0.005279057014980971}