{"numgrasp": 278, "translation_d": 6.629339109094598e-09, "rotation_d": 4.2524744285727717e-05, "width_d": 0.00416652178532587}