{"numgrasp": 179, "translation_d": 5.380211982489307e-09, "rotation_d": 4.16457602626495e-05, "width_d": 0.003886806850511836}