{"numgrasp": 184, "translation_d": 5.599338899790527e-09, "rotation_d": 4.336877619822037e-05, "width_d": 0.003764697819815861}