{"numgrasp": 191, "translation_d": 5.476395510457751e-09, "rotation_d": 4.4400901872454886e-05, "width_d": 0.003919626946847905}