{"numgrasp": 285, "translation_d": 6.650564517072435e-09, "rotation_d": 4.259239684918868e-05, "width_d": 0.003771836891854222}