{"numgrasp": 193, "translation_d": 5.5219951028400666e-09, "rotation_d": 4.2863324277673743e-05, "width_d": 0.004974650592466344}