{"numgrasp": 177, "translation_d": 5.369532764923098e-09, "rotation_d": 4.4894638205400996e-05, "width_d": 0.00551713951701031}