{"numgrasp": 295, "translation_d": 6.6450879630243045e-09, "rotation_d": 4.179458786489577e-05, "width_d": 0.0036636440910395008}