{"numgrasp": 310, "translation_d": 6.461263750715023e-09, "rotation_d": 4.1813573169563794e-05, "width_d": 0.003534804944855057}