{"numgrasp": 296, "translation_d": 6.493271439765584e-09, "rotation_d": 4.3456982610058206e-05, "width_d": 0.0031405338398226832}