{"numgrasp": 299, "translation_d": 6.468952692418337e-09, "rotation_d": 4.767521280892338e-05, "width_d": 0.0032998468788736895}