{"numgrasp": 291, "translation_d": 6.475968980111817e-09, "rotation_d": 4.22504620137568e-05, "width_d": 0.003281223093870564}