{"numgrasp": 299, "translation_d": 6.002328000095176e-09, "rotation_d": 4.319298453101078e-05, "width_d": 0.0033588200629668767}