{"numgrasp": 291, "translation_d": 6.1974940893408765e-09, "rotation_d": 4.3999729490775746e-05, "width_d": 0.0036888348061782823}