{"numgrasp": 298, "translation_d": 7.181791949029269e-09, "rotation_d": 4.60680947686898e-05, "width_d": 0.0035694935802897377}