{"numgrasp": 283, "translation_d": 5.870448093425655e-09, "rotation_d": 4.526098554648457e-05, "width_d": 0.0044374121518754}