{"numgrasp": 247, "translation_d": 5.992058608345927e-09, "rotation_d": 4.755330307334578e-05, "width_d": 0.005219666597181029}