{"numgrasp": 253, "translation_d": 5.755659894505722e-09, "rotation_d": 4.6984491056369866e-05, "width_d": 0.0056189109459509985}