{"numgrasp": 246, "translation_d": 5.59584469772562e-09, "rotation_d": 4.706353838947005e-05, "width_d": 0.005843234261417512}