{"numgrasp": 232, "translation_d": 5.9761964139941305e-09, "rotation_d": 5.15511095018833e-05, "width_d": 0.004892560664103031}