{"numgrasp": 308, "translation_d": 6.921558131849297e-09, "rotation_d": 4.53916231000438e-05, "width_d": 0.0034830647430457076}