{"numgrasp": 248, "translation_d": 5.746235627483444e-09, "rotation_d": 5.219537669414445e-05, "width_d": 0.0037882328645187932}