{"numgrasp": 287, "translation_d": 6.011840004921619e-09, "rotation_d": 4.626751872326001e-05, "width_d": 0.003173918349991836}