{"numgrasp": 284, "translation_d": 6.0277590287943444e-09, "rotation_d": 4.529323938275166e-05, "width_d": 0.0031397821007189412}