{"numgrasp": 288, "translation_d": 6.728855490903126e-09, "rotation_d": 4.4189260668626414e-05, "width_d": 0.0036142296973760606}