{"numgrasp": 258, "translation_d": 5.628565164957625e-09, "rotation_d": 5.3235520538230644e-05, "width_d": 0.0027808379935602423}