{"numgrasp": 238, "translation_d": 5.858923156799483e-09, "rotation_d": 5.4447951771643915e-05, "width_d": 0.0032008671902069596}