{"numgrasp": 283, "translation_d": 6.892458365841429e-09, "rotation_d": 4.4573541177472066e-05, "width_d": 0.0035545729699596506}