{"numgrasp": 222, "translation_d": 5.563420209030294e-09, "rotation_d": 5.459785588451382e-05, "width_d": 0.003559704433369275}