{"numgrasp": 211, "translation_d": 5.316228947496895e-09, "rotation_d": 5.4466092334215574e-05, "width_d": 0.0034667057433153442}