{"numgrasp": 223, "translation_d": 5.576082892648357e-09, "rotation_d": 5.555459853913299e-05, "width_d": 0.0031897367984791863}