{"numgrasp": 226, "translation_d": 5.597712806588815e-09, "rotation_d": 5.589417144469583e-05, "width_d": 0.0032178938493268344}