{"numgrasp": 241, "translation_d": 5.2429679701977545e-09, "rotation_d": 5.704547587367726e-05, "width_d": 0.003007795127010487}