{"numgrasp": 269, "translation_d": 7.214320207478391e-09, "rotation_d": 4.341677306465584e-05, "width_d": 0.0040128574588507914}