{"numgrasp": 233, "translation_d": 5.601510513615255e-09, "rotation_d": 5.8297149609292614e-05, "width_d": 0.0024994563431713474}