{"numgrasp": 244, "translation_d": 5.303505724227763e-09, "rotation_d": 5.669309022639247e-05, "width_d": 0.0025468751145923956}