{"numgrasp": 238, "translation_d": 5.335696311851729e-09, "rotation_d": 5.6628058413824824e-05, "width_d": 0.0025218245083424204}