{"numgrasp": 227, "translation_d": 5.589981765471105e-09, "rotation_d": 5.483777806712515e-05, "width_d": 0.003348300778978133}