{"numgrasp": 333, "translation_d": 5.56442779813204e-09, "rotation_d": 5.236618419289819e-05, "width_d": 0.004302545973476606}