{"numgrasp": 358, "translation_d": 5.974997228841755e-09, "rotation_d": 5.311379216432689e-05, "width_d": 0.0025988216025624026}