{"numgrasp": 355, "translation_d": 6.069738594154216e-09, "rotation_d": 5.2311875060832485e-05, "width_d": 0.001975027329411097}