{"numgrasp": 368, "translation_d": 5.5574111233765775e-09, "rotation_d": 5.674651509752295e-05, "width_d": 0.0019505948616799307}