{"numgrasp": 362, "translation_d": 5.7694657749231394e-09, "rotation_d": 5.651534303885321e-05, "width_d": 0.0021728664002621007}