{"numgrasp": 360, "translation_d": 5.703792895958662e-09, "rotation_d": 5.5425173417034515e-05, "width_d": 0.002360051506253312}