{"numgrasp": 365, "translation_d": 5.5471334610722934e-09, "rotation_d": 5.870477510955241e-05, "width_d": 0.003106898918904847}