{"numgrasp": 360, "translation_d": 5.367058122927688e-09, "rotation_d": 5.641348308730636e-05, "width_d": 0.0032139935637216714}