{"numgrasp": 355, "translation_d": 5.21657953951298e-09, "rotation_d": 5.606357788429196e-05, "width_d": 0.004194325460308366}