{"numgrasp": 347, "translation_d": 4.908141912686956e-09, "rotation_d": 5.593112597771119e-05, "width_d": 0.004408390750375989}