{"numgrasp": 310, "translation_d": 6.138022155874003e-09, "rotation_d": 5.49061050410901e-05, "width_d": 0.004063306127933412}