{"numgrasp": 366, "translation_d": 5.0461152022894346e-09, "rotation_d": 5.5427923500487375e-05, "width_d": 0.0030186205969946725}