{"numgrasp": 362, "translation_d": 5.1372740460081335e-09, "rotation_d": 5.5590672309953716e-05, "width_d": 0.002835036165363713}