{"numgrasp": 364, "translation_d": 5.3819884056012166e-09, "rotation_d": 5.604712579162343e-05, "width_d": 0.002579437327170468}