{"numgrasp": 366, "translation_d": 5.323396250888237e-09, "rotation_d": 5.569458035675724e-05, "width_d": 0.002468655998097431}