{"numgrasp": 368, "translation_d": 5.220254555355403e-09, "rotation_d": 5.552857495867879e-05, "width_d": 0.0020899363904566897}