{"numgrasp": 372, "translation_d": 5.323848824563212e-09, "rotation_d": 5.5864849553540315e-05, "width_d": 0.0019548876614990445}