{"numgrasp": 369, "translation_d": 5.465610745942178e-09, "rotation_d": 5.4949143782631436e-05, "width_d": 0.0018966053136492706}