{"numgrasp": 359, "translation_d": 5.330894352691695e-09, "rotation_d": 5.0500659259565566e-05, "width_d": 0.002363687297175638}