{"numgrasp": 365, "translation_d": 5.068482429198219e-09, "rotation_d": 5.187870055240954e-05, "width_d": 0.0027829866574539757}