{"numgrasp": 321, "translation_d": 5.942229292219488e-09, "rotation_d": 5.33899091956113e-05, "width_d": 0.0046099105182184855}