{"numgrasp": 360, "translation_d": 5.325876162324932e-09, "rotation_d": 5.1815897949538406e-05, "width_d": 0.003347226322725687}