{"numgrasp": 358, "translation_d": 5.186807497166073e-09, "rotation_d": 5.3126317377806666e-05, "width_d": 0.0033359477275101143}