{"numgrasp": 355, "translation_d": 5.090758669060216e-09, "rotation_d": 4.7395172306846304e-05, "width_d": 0.003008635284664381}