{"numgrasp": 383, "translation_d": 5.247794026174483e-09, "rotation_d": 4.574391783635139e-05, "width_d": 0.002173875650000528}