{"numgrasp": 310, "translation_d": 6.355523072551238e-09, "rotation_d": 5.243932744260883e-05, "width_d": 0.004131442555602318}