{"numgrasp": 356, "translation_d": 5.035881325581558e-09, "rotation_d": 4.6262465715205134e-05, "width_d": 0.0021006825350432827}