{"numgrasp": 360, "translation_d": 4.87639244481547e-09, "rotation_d": 4.5808685775677645e-05, "width_d": 0.0022400146537888375}