{"numgrasp": 345, "translation_d": 4.9409144936396844e-09, "rotation_d": 4.4061683094833306e-05, "width_d": 0.0037525549194587413}