{"numgrasp": 352, "translation_d": 4.703234544222194e-09, "rotation_d": 4.534835476576921e-05, "width_d": 0.003893829330937028}