{"numgrasp": 369, "translation_d": 6.295511293849114e-09, "rotation_d": 5.3199102951019193e-05, "width_d": 0.002318744965853398}