{"numgrasp": 352, "translation_d": 4.684897446673796e-09, "rotation_d": 4.561313357214983e-05, "width_d": 0.0038046282993090016}