{"numgrasp": 373, "translation_d": 4.798874173467452e-09, "rotation_d": 4.7131116637611075e-05, "width_d": 0.0028126136528816375}