{"numgrasp": 353, "translation_d": 5.1224397686031595e-09, "rotation_d": 5.1494157799566435e-05, "width_d": 0.002339468726665105}