{"numgrasp": 349, "translation_d": 4.905182703020934e-09, "rotation_d": 5.538136055362836e-05, "width_d": 0.002353236367004757}