{"numgrasp": 356, "translation_d": 5.063876491450736e-09, "rotation_d": 5.370523188182331e-05, "width_d": 0.0024594458051343396}