{"numgrasp": 365, "translation_d": 5.037487428633554e-09, "rotation_d": 5.2201125667350993e-05, "width_d": 0.002550998556355791}