{"numgrasp": 351, "translation_d": 4.8895848560816654e-09, "rotation_d": 4.989924541199879e-05, "width_d": 0.0028320957990508244}