{"numgrasp": 361, "translation_d": 4.9202912831317506e-09, "rotation_d": 4.98262626053487e-05, "width_d": 0.0030372240683975075}