{"numgrasp": 355, "translation_d": 4.884519109206308e-09, "rotation_d": 4.863143171651521e-05, "width_d": 0.0032322195141185105}