{"numgrasp": 333, "translation_d": 4.62414810953411e-09, "rotation_d": 4.652989541037702e-05, "width_d": 0.004550329178552124}