{"numgrasp": 324, "translation_d": 4.671352135688717e-09, "rotation_d": 4.811777813770533e-05, "width_d": 0.0051841140323592855}