{"numgrasp": 334, "translation_d": 4.527314302754932e-09, "rotation_d": 0.0001996739095502235, "width_d": 0.00471484275007304}