{"numgrasp": 336, "translation_d": 4.754729256450967e-09, "rotation_d": 5.086733613743839e-05, "width_d": 0.00447195679481215}