{"numgrasp": 358, "translation_d": 4.835749579095868e-09, "rotation_d": 5.3909099482155364e-05, "width_d": 0.0027967944484747907}