{"numgrasp": 351, "translation_d": 6.217145191148614e-09, "rotation_d": 5.488818828650689e-05, "width_d": 0.0033065409156061375}