{"numgrasp": 333, "translation_d": 5.047387572500525e-09, "rotation_d": 5.733496433385834e-05, "width_d": 0.002462861688035565}