{"numgrasp": 323, "translation_d": 4.9530320866354505e-09, "rotation_d": 5.400254404779856e-05, "width_d": 0.0034801575134630522}