{"numgrasp": 365, "translation_d": 6.203398598484302e-09, "rotation_d": 5.653625938479922e-05, "width_d": 0.002885513218479689}