{"numgrasp": 367, "translation_d": 6.346510084713355e-09, "rotation_d": 5.635810872365925e-05, "width_d": 0.0023030619878960067}