{"numgrasp": 370, "translation_d": 6.294240305507059e-09, "rotation_d": 5.3376521517835975e-05, "width_d": 0.0028336524402148774}