{"numgrasp": 356, "translation_d": 5.8593236408411646e-09, "rotation_d": 5.2853015163768045e-05, "width_d": 0.0034189827488478324}