{"numgrasp": 375, "translation_d": 6.114052068062169e-09, "rotation_d": 5.559187219704311e-05, "width_d": 0.0027382068733323097}