{"numgrasp": 363, "translation_d": 6.255200895584909e-09, "rotation_d": 5.2828995010993984e-05, "width_d": 0.0035529477949012866}