{"numgrasp": 335, "translation_d": 6.063321898177146e-09, "rotation_d": 5.246393075162965e-05, "width_d": 0.004118488471978643}