{"numgrasp": 354, "translation_d": 6.506856547681099e-09, "rotation_d": 4.7205639138336595e-05, "width_d": 0.0025440374079817403}