{"numgrasp": 351, "translation_d": 6.289646298418577e-09, "rotation_d": 4.784692699677173e-05, "width_d": 0.003060201526556767}