{"numgrasp": 351, "translation_d": 6.194201550696893e-09, "rotation_d": 4.833548753403615e-05, "width_d": 0.0032741318553294366}