{"numgrasp": 357, "translation_d": 5.932488327823843e-09, "rotation_d": 4.838781951938145e-05, "width_d": 0.003667958331546277}