{"numgrasp": 360, "translation_d": 6.6405600475600936e-09, "rotation_d": 4.679191538840366e-05, "width_d": 0.0035266278804830147}