{"numgrasp": 360, "translation_d": 6.285492088676048e-09, "rotation_d": 4.642851897553359e-05, "width_d": 0.00293247542078656}