{"numgrasp": 358, "translation_d": 6.295589690984903e-09, "rotation_d": 4.436334012166638e-05, "width_d": 0.0020455755499579104}