{"numgrasp": 334, "translation_d": 6.264008789341418e-09, "rotation_d": 4.416248237207273e-05, "width_d": 0.0018311851486457573}