{"numgrasp": 349, "translation_d": 6.066906477381588e-09, "rotation_d": 4.496341970388881e-05, "width_d": 0.00213887674663662}