{"numgrasp": 365, "translation_d": 6.2630083822421385e-09, "rotation_d": 4.718629962275765e-05, "width_d": 0.0025260844592761536}