{"numgrasp": 355, "translation_d": 6.414932151762635e-09, "rotation_d": 4.86371112062749e-05, "width_d": 0.0028406122562540195}