{"numgrasp": 366, "translation_d": 6.439561594452008e-09, "rotation_d": 4.939407527923518e-05, "width_d": 0.0029067063762318185}