{"numgrasp": 241, "translation_d": 5.2430315392226195e-09, "rotation_d": 5.440064897869261e-05, "width_d": 0.004683402896352827}