{"numgrasp": 262, "translation_d": 4.9020062218671954e-09, "rotation_d": 5.373994133085905e-05, "width_d": 0.004172806278919875}