{"numgrasp": 265, "translation_d": 5.08319785246558e-09, "rotation_d": 5.48498590179851e-05, "width_d": 0.004072140621647296}