{"numgrasp": 258, "translation_d": 4.68303085711646e-09, "rotation_d": 5.549891012694836e-05, "width_d": 0.0035802782948865007}