{"numgrasp": 249, "translation_d": 4.646413420282962e-09, "rotation_d": 5.615985894542172e-05, "width_d": 0.0035967064083874795}