{"numgrasp": 243, "translation_d": 4.835629840069565e-09, "rotation_d": 5.481158632902774e-05, "width_d": 0.0032581212702884116}