{"numgrasp": 225, "translation_d": 5.123421883697331e-09, "rotation_d": 5.603006968530642e-05, "width_d": 0.003351813913239732}