{"numgrasp": 219, "translation_d": 4.6348836641329275e-09, "rotation_d": 5.422793187751505e-05, "width_d": 0.00326320677395347}