{"numgrasp": 202, "translation_d": 4.691052088229078e-09, "rotation_d": 5.501319756303623e-05, "width_d": 0.003128922791931618}