{"numgrasp": 203, "translation_d": 5.054947397728032e-09, "rotation_d": 5.440658758772674e-05, "width_d": 0.0033532980018951535}