{"numgrasp": 222, "translation_d": 4.725286087998528e-09, "rotation_d": 5.4303170909502e-05, "width_d": 0.0035494731964314033}