{"numgrasp": 229, "translation_d": 4.629091147500575e-09, "rotation_d": 5.394022247949413e-05, "width_d": 0.003454984559671257}