{"numgrasp": 225, "translation_d": 4.885928122055173e-09, "rotation_d": 5.2351224621885214e-05, "width_d": 0.0037896763264060264}