{"numgrasp": 244, "translation_d": 4.81311293121738e-09, "rotation_d": 5.2228552723059435e-05, "width_d": 0.003968078336397616}