{"numgrasp": 230, "translation_d": 4.807204129540845e-09, "rotation_d": 5.2915256249454596e-05, "width_d": 0.003870547635424991}