{"numgrasp": 226, "translation_d": 4.581073220608322e-09, "rotation_d": 5.295827625928374e-05, "width_d": 0.004223438790604067}