{"numgrasp": 217, "translation_d": 4.223748561039863e-09, "rotation_d": 5.191341021716426e-05, "width_d": 0.004410129793763772}