{"numgrasp": 225, "translation_d": 4.615588025215113e-09, "rotation_d": 5.0398702773861574e-05, "width_d": 0.004641261527439426}