{"numgrasp": 209, "translation_d": 4.9898008307287015e-09, "rotation_d": 4.896785965712269e-05, "width_d": 0.0032154718554183626}