{"numgrasp": 198, "translation_d": 4.846807873217409e-09, "rotation_d": 4.950884173255927e-05, "width_d": 0.0032632233713390394}