{"numgrasp": 218, "translation_d": 4.9240874233137494e-09, "rotation_d": 4.7728893155386545e-05, "width_d": 0.003254939975311902}