{"numgrasp": 227, "translation_d": 5.277078186651103e-09, "rotation_d": 4.703943838713099e-05, "width_d": 0.003593892403971145}