{"numgrasp": 205, "translation_d": 5.157044190278326e-09, "rotation_d": 4.561153616358799e-05, "width_d": 0.003557434340921018}