{"numgrasp": 236, "translation_d": 4.582761221778687e-09, "rotation_d": 4.458828749166352e-05, "width_d": 0.0038308973037431307}