{"numgrasp": 229, "translation_d": 4.821356712130316e-09, "rotation_d": 8.220891519617615e-05, "width_d": 0.0040503506534072635}