{"numgrasp": 226, "translation_d": 4.251011750938116e-09, "rotation_d": 4.8169892469949044e-05, "width_d": 0.00467175232791377}