{"numgrasp": 217, "translation_d": 4.5024572459767645e-09, "rotation_d": 4.669204576382325e-05, "width_d": 0.005327342612490856}