{"numgrasp": 235, "translation_d": 4.4735018994479695e-09, "rotation_d": 4.7057889067716326e-05, "width_d": 0.004842097585472964}