{"numgrasp": 231, "translation_d": 4.1911125253470205e-09, "rotation_d": 4.6363443270402375e-05, "width_d": 0.004835375326941227}