{"numgrasp": 233, "translation_d": 4.750422142985437e-09, "rotation_d": 4.6486471351089245e-05, "width_d": 0.004530183732649454}