{"numgrasp": 240, "translation_d": 4.421920689022394e-09, "rotation_d": 4.628022678757522e-05, "width_d": 0.004388362801033289}