{"numgrasp": 229, "translation_d": 4.901515243943125e-09, "rotation_d": 4.684037522185692e-05, "width_d": 0.003736780524818154}