{"numgrasp": 237, "translation_d": 5.094464132081132e-09, "rotation_d": 5.2309057093902e-05, "width_d": 0.0038629358154803665}