{"numgrasp": 294, "translation_d": 6.768736214315302e-09, "rotation_d": 4.303070266691792e-05, "width_d": 0.0032121722740729142}