{"numgrasp": 247, "translation_d": 4.87393465111271e-09, "rotation_d": 5.476823995263252e-05, "width_d": 0.00374852435291631}