{"numgrasp": 235, "translation_d": 5.075021702509905e-09, "rotation_d": 5.4229069535596335e-05, "width_d": 0.004022801347560559}