{"numgrasp": 251, "translation_d": 5.043168705798927e-09, "rotation_d": 5.309067058828408e-05, "width_d": 0.00439168959974076}