{"numgrasp": 259, "translation_d": 4.614770918932629e-09, "rotation_d": 5.0462076515379894e-05, "width_d": 0.0040589628120357105}