{"numgrasp": 308, "translation_d": 6.428649843729504e-09, "rotation_d": 4.445361015833189e-05, "width_d": 0.0032696179757432907}