{"numgrasp": 247, "translation_d": 4.655522520489485e-09, "rotation_d": 5.094979087233031e-05, "width_d": 0.003874782898343424}