{"numgrasp": 226, "translation_d": 4.3508020856976065e-09, "rotation_d": 4.829760261867843e-05, "width_d": 0.005225384935916581}