{"numgrasp": 242, "translation_d": 4.352720805132921e-09, "rotation_d": 5.010362694832618e-05, "width_d": 0.005328935556733196}