{"numgrasp": 266, "translation_d": 4.598803437777946e-09, "rotation_d": 5.2890519427933625e-05, "width_d": 0.004278191809577517}