{"numgrasp": 250, "translation_d": 5.069701663614018e-09, "rotation_d": 5.393086028838107e-05, "width_d": 0.003926709696944191}