{"numgrasp": 251, "translation_d": 4.5937703925144415e-09, "rotation_d": 5.4291839189868785e-05, "width_d": 0.003990729774810898}