{"numgrasp": 248, "translation_d": 5.157320032393089e-09, "rotation_d": 5.4357001771479266e-05, "width_d": 0.00406125208172976}