{"numgrasp": 235, "translation_d": 5.181204019465544e-09, "rotation_d": 5.425164511145287e-05, "width_d": 0.0035649778284694293}