{"numgrasp": 251, "translation_d": 5.231436584552852e-09, "rotation_d": 5.278599532351824e-05, "width_d": 0.0039332705586309245}