{"numgrasp": 250, "translation_d": 4.968763712732406e-09, "rotation_d": 5.1896727834639454e-05, "width_d": 0.003627657452627283}