{"numgrasp": 261, "translation_d": 4.946193062667084e-09, "rotation_d": 5.303274344948445e-05, "width_d": 0.00401299373182275}