{"numgrasp": 245, "translation_d": 5.1157752400508135e-09, "rotation_d": 5.134394381614965e-05, "width_d": 0.0036173535647307077}