{"numgrasp": 298, "translation_d": 6.128156924480877e-09, "rotation_d": 4.2907994050470905e-05, "width_d": 0.0030530381293128687}