{"numgrasp": 295, "translation_d": 6.633864809127486e-09, "rotation_d": 4.442325250018794e-05, "width_d": 0.0029416056513593873}