{"numgrasp": 316, "translation_d": 4.6863846266370545e-09, "rotation_d": 4.7588736312811076e-05, "width_d": 0.004166101900144939}