{"numgrasp": 267, "translation_d": 5.166560203585977e-09, "rotation_d": 5.114750820704332e-05, "width_d": 0.003914972343099958}