{"numgrasp": 237, "translation_d": 5.296349918821625e-09, "rotation_d": 4.6825789328437125e-05, "width_d": 0.0031784800319434587}