{"numgrasp": 242, "translation_d": 5.041205404207086e-09, "rotation_d": 4.638873816911122e-05, "width_d": 0.0036102987240273945}