{"numgrasp": 278, "translation_d": 4.953103656599386e-09, "rotation_d": 4.480029728781304e-05, "width_d": 0.0036321526030480113}