{"numgrasp": 267, "translation_d": 4.907543634274269e-09, "rotation_d": 4.792722166259494e-05, "width_d": 0.0036689590727645672}