{"numgrasp": 290, "translation_d": 4.5661163990581755e-09, "rotation_d": 4.586739850039088e-05, "width_d": 0.003986693685664925}