{"numgrasp": 320, "translation_d": 4.545516198591117e-09, "rotation_d": 4.6470524254182614e-05, "width_d": 0.004031957316139465}