{"numgrasp": 320, "translation_d": 4.596906621952867e-09, "rotation_d": 4.58653943426649e-05, "width_d": 0.004382678603468324}