{"numgrasp": 305, "translation_d": 6.407606628300217e-09, "rotation_d": 4.463130417899947e-05, "width_d": 0.0025774102109777483}