{"numgrasp": 292, "translation_d": 6.08312593529067e-09, "rotation_d": 4.4770025178327095e-05, "width_d": 0.0031593088139524046}