{"numgrasp": 338, "translation_d": 6.32303867187798e-09, "rotation_d": 4.6884501010280375e-05, "width_d": 0.0024521657909281616}