{"numgrasp": 299, "translation_d": 5.754964148110192e-09, "rotation_d": 4.34394491280495e-05, "width_d": 0.003278736556235979}