{"numgrasp": 293, "translation_d": 5.956469259444762e-09, "rotation_d": 4.1204925102027034e-05, "width_d": 0.0035539844199718464}