{"numgrasp": 346, "translation_d": 6.546507242309741e-09, "rotation_d": 4.6414770057769876e-05, "width_d": 0.002468597895491819}