{"numgrasp": 291, "translation_d": 5.8945837770031974e-09, "rotation_d": 4.74517989158009e-05, "width_d": 0.0036047570873146504}