{"numgrasp": 287, "translation_d": 5.440688590910842e-09, "rotation_d": 4.825936233319577e-05, "width_d": 0.003523477223081211}