{"numgrasp": 289, "translation_d": 5.829000018382527e-09, "rotation_d": 5.665087091646569e-05, "width_d": 0.0034539448509404154}