{"numgrasp": 287, "translation_d": 5.883384370997387e-09, "rotation_d": 4.842298329370874e-05, "width_d": 0.003168221713754747}