{"numgrasp": 280, "translation_d": 5.824145650480588e-09, "rotation_d": 4.80227296423393e-05, "width_d": 0.0030988693881766893}