{"numgrasp": 265, "translation_d": 5.920351891805508e-09, "rotation_d": 4.759732357948132e-05, "width_d": 0.0029586303653994146}