{"numgrasp": 279, "translation_d": 5.719447857139831e-09, "rotation_d": 4.564021090904039e-05, "width_d": 0.002758600213618926}