{"numgrasp": 332, "translation_d": 6.600740459479693e-09, "rotation_d": 4.601741154820555e-05, "width_d": 0.0025376894396160906}