{"numgrasp": 281, "translation_d": 5.9481374863087535e-09, "rotation_d": 4.538525334881087e-05, "width_d": 0.0028250051503443158}