{"numgrasp": 275, "translation_d": 5.4970432277014805e-09, "rotation_d": 5.105296211851592e-05, "width_d": 0.002995043194177287}