{"numgrasp": 274, "translation_d": 5.308673306829571e-09, "rotation_d": 5.030873874099891e-05, "width_d": 0.0031071677029075673}