{"numgrasp": 285, "translation_d": 5.524511238870298e-09, "rotation_d": 5.213927074775958e-05, "width_d": 0.0033260882083603256}