{"numgrasp": 293, "translation_d": 5.5776474569366635e-09, "rotation_d": 5.2487606138311277e-05, "width_d": 0.0033863089252784023}