{"numgrasp": 277, "translation_d": 5.607211426776652e-09, "rotation_d": 5.728336557971636e-05, "width_d": 0.004597985299071605}