{"numgrasp": 261, "translation_d": 5.4990026761221555e-09, "rotation_d": 5.69777776509472e-05, "width_d": 0.0042822775071453345}