{"numgrasp": 270, "translation_d": 5.113571861530611e-09, "rotation_d": 5.598396212060032e-05, "width_d": 0.003957322598840634}