{"numgrasp": 264, "translation_d": 5.577181406708094e-09, "rotation_d": 5.477959496556303e-05, "width_d": 0.003559041312667574}