{"numgrasp": 272, "translation_d": 5.4924056953905194e-09, "rotation_d": 5.3978983592706486e-05, "width_d": 0.0033938494673399844}