{"numgrasp": 269, "translation_d": 5.59441248533996e-09, "rotation_d": 5.2499202352833654e-05, "width_d": 0.0032743197970947512}