{"numgrasp": 311, "translation_d": 6.252617608031354e-09, "rotation_d": 4.5004884835481034e-05, "width_d": 0.0026487547110941694}