{"numgrasp": 243, "translation_d": 5.4998093547443226e-09, "rotation_d": 5.100621776472617e-05, "width_d": 0.0028739531896811482}