{"numgrasp": 229, "translation_d": 5.269245592374696e-09, "rotation_d": 5.2836597613735706e-05, "width_d": 0.002958383835469637}