{"numgrasp": 234, "translation_d": 5.105493751819391e-09, "rotation_d": 5.364861376239129e-05, "width_d": 0.003192393820888438}