{"numgrasp": 249, "translation_d": 5.208042811295288e-09, "rotation_d": 5.468205747233244e-05, "width_d": 0.0033627860849430456}