{"numgrasp": 500, "translation_d": 5.8088070887861554e-09, "rotation_d": 5.711934180379824e-05, "width_d": 0.0047303430187499535}