{"numgrasp": 486, "translation_d": 5.613890994092891e-09, "rotation_d": 5.756157100735955e-05, "width_d": 0.005919075720740605}