{"numgrasp": 464, "translation_d": 5.1612250945887255e-09, "rotation_d": 6.026465865858133e-05, "width_d": 0.005068943415320647}