{"numgrasp": 501, "translation_d": 5.8033366122424605e-09, "rotation_d": 5.964925908331232e-05, "width_d": 0.004209219808714844}