{"numgrasp": 491, "translation_d": 5.65766418125958e-09, "rotation_d": 5.8552662025470323e-05, "width_d": 0.0038301732165127887}