{"numgrasp": 522, "translation_d": 5.780976145565915e-09, "rotation_d": 5.8760796594411135e-05, "width_d": 0.003494223076957794}