{"numgrasp": 489, "translation_d": 5.897370603026409e-09, "rotation_d": 5.7851896610928046e-05, "width_d": 0.003331108141881463}