{"numgrasp": 511, "translation_d": 5.933365730075126e-09, "rotation_d": 5.7869451503516606e-05, "width_d": 0.0028612447364906512}