{"numgrasp": 471, "translation_d": 5.57509593265746e-09, "rotation_d": 5.43814356061893e-05, "width_d": 0.0019693653149328093}