{"numgrasp": 481, "translation_d": 5.804349597325622e-09, "rotation_d": 5.375239823283558e-05, "width_d": 0.002220708656621656}