{"numgrasp": 494, "translation_d": 5.5712840759130195e-09, "rotation_d": 5.353990326435368e-05, "width_d": 0.002201124813666559}