{"numgrasp": 477, "translation_d": 5.763617735804314e-09, "rotation_d": 5.392410675373238e-05, "width_d": 0.002389282615310745}