{"numgrasp": 455, "translation_d": 5.646911581632688e-09, "rotation_d": 5.3660006611144884e-05, "width_d": 0.003120929321871271}