{"numgrasp": 477, "translation_d": 6.0239608842747695e-09, "rotation_d": 5.697732085382104e-05, "width_d": 0.00397877397708121}