{"numgrasp": 422, "translation_d": 5.4657923871061956e-09, "rotation_d": 4.5649502112205177e-05, "width_d": 0.0038907158142215503}