{"numgrasp": 424, "translation_d": 5.54911178477837e-09, "rotation_d": 4.694930813965341e-05, "width_d": 0.0031193222706472957}