{"numgrasp": 445, "translation_d": 5.906687103564413e-09, "rotation_d": 4.489696726008494e-05, "width_d": 0.002306210558175677}