{"numgrasp": 429, "translation_d": 5.694203300318486e-09, "rotation_d": 4.563024863153946e-05, "width_d": 0.0020171201279074874}