{"numgrasp": 450, "translation_d": 5.716682355252896e-09, "rotation_d": 4.506631811202897e-05, "width_d": 0.002000222460571726}