{"numgrasp": 439, "translation_d": 5.618177530520986e-09, "rotation_d": 4.4240608440507195e-05, "width_d": 0.0024346763216543874}