{"numgrasp": 452, "translation_d": 5.6189157367853134e-09, "rotation_d": 4.3812627640980245e-05, "width_d": 0.002640569572824753}