{"numgrasp": 442, "translation_d": 5.793475605461255e-09, "rotation_d": 4.2767258290935304e-05, "width_d": 0.0027264150762717205}