{"numgrasp": 419, "translation_d": 5.766021372751166e-09, "rotation_d": 4.3107109942701874e-05, "width_d": 0.0028897358142899576}