{"numgrasp": 375, "translation_d": 6.011858617887075e-09, "rotation_d": 4.2884014997273e-05, "width_d": 0.003286188568804972}