{"numgrasp": 386, "translation_d": 5.8761374308576865e-09, "rotation_d": 4.5693145028808235e-05, "width_d": 0.003271394055253148}