{"numgrasp": 394, "translation_d": 5.964284036387032e-09, "rotation_d": 4.516604101035664e-05, "width_d": 0.0027974269727179535}