{"numgrasp": 390, "translation_d": 5.712162239963004e-09, "rotation_d": 4.5982087677231734e-05, "width_d": 0.002685177805454923}