{"numgrasp": 403, "translation_d": 5.8182587416987654e-09, "rotation_d": 4.581906453625697e-05, "width_d": 0.0023762080518749413}