{"numgrasp": 415, "translation_d": 5.925969896711571e-09, "rotation_d": 5.04189863737055e-05, "width_d": 0.0023946654543302334}