{"numgrasp": 429, "translation_d": 5.453183467284389e-09, "rotation_d": 5.335712686494686e-05, "width_d": 0.002377885343861954}