{"numgrasp": 449, "translation_d": 5.68065148157567e-09, "rotation_d": 5.5994452208560744e-05, "width_d": 0.004730816679670324}