{"numgrasp": 377, "translation_d": 5.804447364605427e-09, "rotation_d": 4.914904073965092e-05, "width_d": 0.0028981726851046367}