{"numgrasp": 393, "translation_d": 5.784681204962637e-09, "rotation_d": 4.771198560325419e-05, "width_d": 0.0029765876282131848}