{"numgrasp": 378, "translation_d": 5.9117717820002756e-09, "rotation_d": 4.630802037967392e-05, "width_d": 0.0032052510461348903}