{"numgrasp": 383, "translation_d": 5.294043253723055e-09, "rotation_d": 4.8538179459042944e-05, "width_d": 0.0032444954269670694}