{"numgrasp": 404, "translation_d": 5.4517184052037305e-09, "rotation_d": 5.143236347450746e-05, "width_d": 0.002969007914396565}