{"numgrasp": 410, "translation_d": 5.408102031791912e-09, "rotation_d": 5.348984106575988e-05, "width_d": 0.0023792208308256717}