{"numgrasp": 413, "translation_d": 5.439329242929775e-09, "rotation_d": 5.345261838643917e-05, "width_d": 0.002559659407644242}