{"numgrasp": 427, "translation_d": 5.4752096204478676e-09, "rotation_d": 5.363368613489882e-05, "width_d": 0.0024142891260279437}