{"numgrasp": 433, "translation_d": 5.3707268320693775e-09, "rotation_d": 5.52358635305984e-05, "width_d": 0.002205606314116204}