{"numgrasp": 399, "translation_d": 5.244515539981375e-09, "rotation_d": 5.649918113643254e-05, "width_d": 0.002486578568206088}