{"numgrasp": 395, "translation_d": 5.348189285449747e-09, "rotation_d": 5.601493189759969e-05, "width_d": 0.002658777557303375}