{"numgrasp": 379, "translation_d": 5.125927868369405e-09, "rotation_d": 5.07755895181268e-05, "width_d": 0.003820786806811495}