{"numgrasp": 335, "translation_d": 5.075281542761231e-09, "rotation_d": 4.870973475945693e-05, "width_d": 0.004185083102107085}