{"numgrasp": 303, "translation_d": 4.9078846021162486e-09, "rotation_d": 5.2664795578370614e-05, "width_d": 0.004624439618701885}