{"numgrasp": 355, "translation_d": 5.061730320828363e-09, "rotation_d": 5.3867819192144455e-05, "width_d": 0.004437648873390078}