{"numgrasp": 388, "translation_d": 4.978891972726477e-09, "rotation_d": 5.567303859281533e-05, "width_d": 0.0034542659673815926}