{"numgrasp": 397, "translation_d": 5.233195131037597e-09, "rotation_d": 5.652609806470746e-05, "width_d": 0.0031232071395699557}