{"numgrasp": 404, "translation_d": 5.007040280342627e-09, "rotation_d": 5.587318339798492e-05, "width_d": 0.002868016022044139}