{"numgrasp": 456, "translation_d": 5.770205527417516e-09, "rotation_d": 5.315119906382138e-05, "width_d": 0.002816735194123497}