{"numgrasp": 452, "translation_d": 5.827887040589391e-09, "rotation_d": 5.4605875400186086e-05, "width_d": 0.003105849362036706}