{"numgrasp": 423, "translation_d": 5.6742469668357395e-09, "rotation_d": 5.686543556322579e-05, "width_d": 0.0036449430714852317}