{"numgrasp": 416, "translation_d": 5.482244497087522e-09, "rotation_d": 5.784432187095353e-05, "width_d": 0.004151210967464314}