{"numgrasp": 477, "translation_d": 5.976530033736453e-09, "rotation_d": 5.561478576284288e-05, "width_d": 0.0034019259152165146}