{"numgrasp": 395, "translation_d": 5.410698955085714e-09, "rotation_d": 5.5952042148845424e-05, "width_d": 0.004907031497506136}