{"numgrasp": 362, "translation_d": 5.039291265332793e-09, "rotation_d": 5.595188600492646e-05, "width_d": 0.005257403190615176}