{"numgrasp": 352, "translation_d": 5.1640219513546045e-09, "rotation_d": 5.445666424440119e-05, "width_d": 0.00545547539010685}