{"numgrasp": 358, "translation_d": 5.3767014837133794e-09, "rotation_d": 5.357730050198112e-05, "width_d": 0.005729910416493159}