{"numgrasp": 444, "translation_d": 5.9904617137566e-09, "rotation_d": 5.675984080704625e-05, "width_d": 0.002117833522268354}