{"numgrasp": 477, "translation_d": 5.980480856949655e-09, "rotation_d": 5.319194520742962e-05, "width_d": 0.0027120224840926008}