{"numgrasp": 500, "translation_d": 6.1930472016845125e-09, "rotation_d": 5.152091456902616e-05, "width_d": 0.003168829634203466}