{"numgrasp": 484, "translation_d": 6.107615882184328e-09, "rotation_d": 5.1420735935181304e-05, "width_d": 0.0036302723583010593}