{"numgrasp": 482, "translation_d": 5.934174026355504e-09, "rotation_d": 4.930008847329571e-05, "width_d": 0.004244202859210782}