{"numgrasp": 475, "translation_d": 5.999080208075806e-09, "rotation_d": 5.219874641600152e-05, "width_d": 0.005257412495574014}