{"numgrasp": 430, "translation_d": 5.670354336448417e-09, "rotation_d": 5.359297314898933e-05, "width_d": 0.005945502874852671}