{"numgrasp": 439, "translation_d": 5.855121859111986e-09, "rotation_d": 4.523328529570683e-05, "width_d": 0.006416104764343985}