{"numgrasp": 447, "translation_d": 5.7777060592944564e-09, "rotation_d": 4.437979732481889e-05, "width_d": 0.005840911878257401}