{"numgrasp": 464, "translation_d": 6.077289080955373e-09, "rotation_d": 4.430273793603351e-05, "width_d": 0.005224429746733067}