{"numgrasp": 495, "translation_d": 5.861383522291745e-09, "rotation_d": 4.3817970875603203e-05, "width_d": 0.004245045942249352}