{"numgrasp": 484, "translation_d": 6.18647129479945e-09, "rotation_d": 4.3756834275660815e-05, "width_d": 0.0038522929060081377}