{"numgrasp": 486, "translation_d": 6.179980528129882e-09, "rotation_d": 4.3746893202995404e-05, "width_d": 0.0033604925997984115}