{"numgrasp": 480, "translation_d": 6.20294240465773e-09, "rotation_d": 4.538273867094198e-05, "width_d": 0.00323413541794456}