{"numgrasp": 485, "translation_d": 5.79246617209021e-09, "rotation_d": 4.674275306083457e-05, "width_d": 0.0026800147327603395}