{"numgrasp": 471, "translation_d": 5.976986855770713e-09, "rotation_d": 4.793241256709528e-05, "width_d": 0.0026097731024392512}