{"numgrasp": 465, "translation_d": 5.720819937525252e-09, "rotation_d": 5.145397065629893e-05, "width_d": 0.002342600944824339}