{"numgrasp": 464, "translation_d": 6.058040933838743e-09, "rotation_d": 4.2460718115965506e-05, "width_d": 0.002495846252673149}