{"numgrasp": 484, "translation_d": 6.239170400942794e-09, "rotation_d": 4.908770518053381e-05, "width_d": 0.0028917622021137654}