{"numgrasp": 480, "translation_d": 5.849080518907638e-09, "rotation_d": 4.607144957950642e-05, "width_d": 0.003237930973105068}