{"numgrasp": 478, "translation_d": 6.149604580342202e-09, "rotation_d": 4.292887810932741e-05, "width_d": 0.00334366675286219}