{"numgrasp": 491, "translation_d": 5.969294422358599e-09, "rotation_d": 4.190751655377981e-05, "width_d": 0.003759319652213576}