{"numgrasp": 470, "translation_d": 6.126103007396367e-09, "rotation_d": 5.682989131865275e-05, "width_d": 0.0027139862523247065}