{"numgrasp": 492, "translation_d": 5.836899913503087e-09, "rotation_d": 4.16100796086226e-05, "width_d": 0.004605827510735255}