{"numgrasp": 517, "translation_d": 5.809312917732375e-09, "rotation_d": 4.833983186612591e-05, "width_d": 0.003757704117766996}