{"numgrasp": 507, "translation_d": 6.127560066430507e-09, "rotation_d": 4.748953502138466e-05, "width_d": 0.0028746856479285915}