{"numgrasp": 493, "translation_d": 6.0419697473844035e-09, "rotation_d": 4.392444938696721e-05, "width_d": 0.0022953993460381426}