{"numgrasp": 501, "translation_d": 5.623248300318454e-09, "rotation_d": 5.387938903158221e-05, "width_d": 0.002391386979808078}