{"numgrasp": 519, "translation_d": 5.7000478370897704e-09, "rotation_d": 5.554930887018736e-05, "width_d": 0.003066856594996492}