{"numgrasp": 512, "translation_d": 5.676771730777787e-09, "rotation_d": 5.589211306398984e-05, "width_d": 0.0039083583411838214}