{"numgrasp": 462, "translation_d": 6.236180034124179e-09, "rotation_d": 5.620346028311512e-05, "width_d": 0.003234919093328396}