{"numgrasp": 331, "translation_d": 4.995677037516373e-09, "rotation_d": 5.1492025145339527e-05, "width_d": 0.003813440732761574}