{"numgrasp": 327, "translation_d": 5.054731438451428e-09, "rotation_d": 5.156605283678913e-05, "width_d": 0.0037480941062081716}