{"numgrasp": 317, "translation_d": 5.2500882113842046e-09, "rotation_d": 5.065725855389816e-05, "width_d": 0.004230307224151822}