{"numgrasp": 352, "translation_d": 5.052732670080749e-09, "rotation_d": 5.047318871138239e-05, "width_d": 0.003568742235179227}