{"numgrasp": 277, "translation_d": 6.873211475312492e-09, "rotation_d": 5.0507109635506283e-05, "width_d": 0.00390663620029147}