{"numgrasp": 357, "translation_d": 5.0939384084896725e-09, "rotation_d": 5.173719663109484e-05, "width_d": 0.002879768194568579}