{"numgrasp": 333, "translation_d": 4.987654117318982e-09, "rotation_d": 5.079970103808814e-05, "width_d": 0.0025673196475644823}