{"numgrasp": 320, "translation_d": 5.156308462035491e-09, "rotation_d": 5.1351720110015864e-05, "width_d": 0.0026103456728601582}