{"numgrasp": 331, "translation_d": 4.8994952242373684e-09, "rotation_d": 5.147355378117267e-05, "width_d": 0.002778560174259446}