{"numgrasp": 337, "translation_d": 4.812134766549286e-09, "rotation_d": 4.940478900372197e-05, "width_d": 0.002958255645423553}