{"numgrasp": 329, "translation_d": 4.8920663880603656e-09, "rotation_d": 4.963992226979366e-05, "width_d": 0.0031979416687149863}