{"numgrasp": 331, "translation_d": 4.518375026091185e-09, "rotation_d": 4.929251343066834e-05, "width_d": 0.004332740634939211}