{"numgrasp": 286, "translation_d": 6.8241146249552795e-09, "rotation_d": 4.896536581854991e-05, "width_d": 0.004265126172134716}