{"numgrasp": 301, "translation_d": 4.830445440865538e-09, "rotation_d": 5.00458395427661e-05, "width_d": 0.0041994802951867026}