{"numgrasp": 320, "translation_d": 5.153304081651596e-09, "rotation_d": 5.014626927105323e-05, "width_d": 0.002643014599225741}