{"numgrasp": 311, "translation_d": 5.076392947986471e-09, "rotation_d": 5.190445567735875e-05, "width_d": 0.0028312227947358895}