{"numgrasp": 305, "translation_d": 4.700421482872757e-09, "rotation_d": 5.108281185572596e-05, "width_d": 0.003145962622053352}