{"numgrasp": 316, "translation_d": 5.123651693103104e-09, "rotation_d": 5.123656227559566e-05, "width_d": 0.0032569469102358907}