{"numgrasp": 328, "translation_d": 4.9722742778634155e-09, "rotation_d": 5.0177057142332625e-05, "width_d": 0.0036600562673509062}