{"numgrasp": 333, "translation_d": 4.780763442764979e-09, "rotation_d": 4.962404028664418e-05, "width_d": 0.0038451206723084243}