{"numgrasp": 281, "translation_d": 5.002560811853693e-09, "rotation_d": 5.0560444119421256e-05, "width_d": 0.004093156191616134}