{"numgrasp": 307, "translation_d": 4.848151891565076e-09, "rotation_d": 4.99160579549515e-05, "width_d": 0.004988796511904912}