{"numgrasp": 284, "translation_d": 4.746901230441272e-09, "rotation_d": 5.183806020159998e-05, "width_d": 0.005227652598999725}