{"numgrasp": 309, "translation_d": 4.4475464864899045e-09, "rotation_d": 5.118881242674947e-05, "width_d": 0.0057294684630907105}