{"numgrasp": 281, "translation_d": 6.828519199293897e-09, "rotation_d": 5.0957914468460605e-05, "width_d": 0.004251149914895483}