{"numgrasp": 306, "translation_d": 4.659214067606837e-09, "rotation_d": 5.110228911590108e-05, "width_d": 0.005098087712542861}