{"numgrasp": 284, "translation_d": 5.213930871277469e-09, "rotation_d": 5.0584844280682755e-05, "width_d": 0.004451660697774714}