{"numgrasp": 273, "translation_d": 5.18594612306073e-09, "rotation_d": 4.9847098466895376e-05, "width_d": 0.00289397199386197}