{"numgrasp": 270, "translation_d": 6.340021653102117e-09, "rotation_d": 5.0419754727208755e-05, "width_d": 0.004069071753156905}