{"numgrasp": 248, "translation_d": 5.7609868668804015e-09, "rotation_d": 5.0301059086716577e-05, "width_d": 0.0021692997471662494}