{"numgrasp": 253, "translation_d": 5.912338863872025e-09, "rotation_d": 4.730112344472449e-05, "width_d": 0.0025937725276078297}