{"numgrasp": 270, "translation_d": 6.544444674687006e-09, "rotation_d": 5.1111088575413015e-05, "width_d": 0.004204307759501515}