{"numgrasp": 253, "translation_d": 4.84539748575327e-09, "rotation_d": 4.9263819605326444e-05, "width_d": 0.005241711185068638}