{"numgrasp": 288, "translation_d": 4.918207378201491e-09, "rotation_d": 4.843861969457361e-05, "width_d": 0.006360088581585415}