{"numgrasp": 301, "translation_d": 4.633189678922293e-09, "rotation_d": 5.270608041586879e-05, "width_d": 0.006900497047952209}