{"numgrasp": 273, "translation_d": 4.899189967108211e-09, "rotation_d": 4.659958694998958e-05, "width_d": 0.0069591616885811705}