{"numgrasp": 261, "translation_d": 4.950795736674263e-09, "rotation_d": 4.707060755674751e-05, "width_d": 0.005881083422408677}