{"numgrasp": 270, "translation_d": 6.498779107693818e-09, "rotation_d": 5.029137216731895e-05, "width_d": 0.004128096454355867}