{"numgrasp": 213, "translation_d": 5.564058254690437e-09, "rotation_d": 4.8930511291556e-05, "width_d": 0.003108194990530787}