{"numgrasp": 205, "translation_d": 5.5597884273188675e-09, "rotation_d": 5.061149579661638e-05, "width_d": 0.0022708589814374623}