{"numgrasp": 173, "translation_d": 5.751531317966674e-09, "rotation_d": 4.8187550990642256e-05, "width_d": 0.0021668424829102556}