{"numgrasp": 170, "translation_d": 6.125518143128017e-09, "rotation_d": 4.832682272221633e-05, "width_d": 0.0025804953671041877}