{"numgrasp": 194, "translation_d": 5.813113504609285e-09, "rotation_d": 4.942905277483328e-05, "width_d": 0.003781086571794023}