{"numgrasp": 198, "translation_d": 5.852735177100501e-09, "rotation_d": 6.202352510091045e-05, "width_d": 0.00465572922422435}