{"numgrasp": 301, "translation_d": 6.954515630354481e-09, "rotation_d": 5.0473768828687e-05, "width_d": 0.0039532828531826806}