{"numgrasp": 197, "translation_d": 5.487586732914436e-09, "rotation_d": 5.039642289099681e-05, "width_d": 0.005032389573632397}