{"numgrasp": 210, "translation_d": 4.970980627784067e-09, "rotation_d": 5.0579516967612624e-05, "width_d": 0.0053875100685630084}