{"numgrasp": 209, "translation_d": 5.029614599527222e-09, "rotation_d": 5.078968338532154e-05, "width_d": 0.00580299366500433}