{"numgrasp": 228, "translation_d": 5.175130375959535e-09, "rotation_d": 5.010225814086759e-05, "width_d": 0.006067617787422259}