{"numgrasp": 225, "translation_d": 4.9341781022023976e-09, "rotation_d": 4.950002003971514e-05, "width_d": 0.007674942193057867}