{"numgrasp": 223, "translation_d": 5.066627679087917e-09, "rotation_d": 5.0082068511397855e-05, "width_d": 0.006668503239409512}