{"numgrasp": 221, "translation_d": 5.089763967101627e-09, "rotation_d": 5.0774751092902946e-05, "width_d": 0.006193200439922652}