{"numgrasp": 208, "translation_d": 5.1808825919151044e-09, "rotation_d": 4.904969664871661e-05, "width_d": 0.005425837347693291}