{"numgrasp": 173, "translation_d": 6.240242644610052e-09, "rotation_d": 4.880669223281647e-05, "width_d": 0.0033329030852454213}