{"numgrasp": 174, "translation_d": 5.952712443928928e-09, "rotation_d": 4.754932538975741e-05, "width_d": 0.0028800362563374156}