{"numgrasp": 185, "translation_d": 6.0078425296351394e-09, "rotation_d": 4.847654120538774e-05, "width_d": 0.002779652241344502}