{"numgrasp": 227, "translation_d": 5.8362852936840435e-09, "rotation_d": 4.859186995482369e-05, "width_d": 0.0034378887624360024}