{"numgrasp": 199, "translation_d": 5.634124184358969e-09, "rotation_d": 4.903109682570287e-05, "width_d": 0.0036340098729413075}