{"numgrasp": 198, "translation_d": 5.446416873366726e-09, "rotation_d": 4.84747219894664e-05, "width_d": 0.004653555813300659}