{"numgrasp": 205, "translation_d": 5.247323385552438e-09, "rotation_d": 4.764325279049709e-05, "width_d": 0.005219088840686464}