{"numgrasp": 325, "translation_d": 6.584018988029203e-09, "rotation_d": 5.0912803519678104e-05, "width_d": 0.0035078187442945594}