{"numgrasp": 332, "translation_d": 6.909926858598756e-09, "rotation_d": 5.010457715881688e-05, "width_d": 0.003431282637462554}