{"numgrasp": 337, "translation_d": 6.42729307295372e-09, "rotation_d": 4.908389896831647e-05, "width_d": 0.0031411200883771817}