{"numgrasp": 309, "translation_d": 6.2232934440511e-09, "rotation_d": 4.9076471799135624e-05, "width_d": 0.0032890143674857786}