{"numgrasp": 311, "translation_d": 6.4918279213391506e-09, "rotation_d": 5.0100248374821346e-05, "width_d": 0.003490974873214307}