{"numgrasp": 256, "translation_d": 6.442288444722511e-09, "rotation_d": 4.949697750642259e-05, "width_d": 0.004043675031905958}