{"numgrasp": 292, "translation_d": 6.363440760996037e-09, "rotation_d": 4.950576287907988e-05, "width_d": 0.0036930982031532053}