{"numgrasp": 310, "translation_d": 6.235324999884574e-09, "rotation_d": 4.9741350471092784e-05, "width_d": 0.0034371247777653944}