{"numgrasp": 309, "translation_d": 6.3934299886950544e-09, "rotation_d": 4.951391183544596e-05, "width_d": 0.0032729581718893013}