{"numgrasp": 327, "translation_d": 6.084324752836131e-09, "rotation_d": 4.9348759108645364e-05, "width_d": 0.003072978536775465}