{"numgrasp": 354, "translation_d": 6.3974286629575745e-09, "rotation_d": 4.979921361264708e-05, "width_d": 0.002888236980087755}