{"numgrasp": 342, "translation_d": 6.076783274385488e-09, "rotation_d": 5.033134791475988e-05, "width_d": 0.0029007689947526754}