{"numgrasp": 305, "translation_d": 6.389686028207275e-09, "rotation_d": 5.035709704207335e-05, "width_d": 0.0028243617404035567}