{"numgrasp": 327, "translation_d": 6.2013426335344385e-09, "rotation_d": 5.020710353366019e-05, "width_d": 0.002613510412089906}