{"numgrasp": 327, "translation_d": 6.213340148494681e-09, "rotation_d": 5.019831289886809e-05, "width_d": 0.002490380150227871}