{"numgrasp": 313, "translation_d": 6.323063833248287e-09, "rotation_d": 5.068032149837005e-05, "width_d": 0.0034097509606186706}