{"numgrasp": 280, "translation_d": 5.7486704741580835e-09, "rotation_d": 4.9132993009661894e-05, "width_d": 0.003932001733675498}