{"numgrasp": 312, "translation_d": 5.338513110071038e-09, "rotation_d": 5.024240717097151e-05, "width_d": 0.0033484056583188843}