{"numgrasp": 305, "translation_d": 6.914302180799976e-09, "rotation_d": 5.058350116125272e-05, "width_d": 0.0033608289415803768}