{"numgrasp": 328, "translation_d": 5.518785937553597e-09, "rotation_d": 5.127415980118254e-05, "width_d": 0.003340526645858256}