{"numgrasp": 327, "translation_d": 5.468197479155946e-09, "rotation_d": 4.93620321810402e-05, "width_d": 0.003219324983018475}