{"numgrasp": 326, "translation_d": 5.812282606598149e-09, "rotation_d": 5.1123625240058076e-05, "width_d": 0.0026994530702086988}