{"numgrasp": 323, "translation_d": 5.335084155874738e-09, "rotation_d": 5.033275327817339e-05, "width_d": 0.002278399125666127}