{"numgrasp": 332, "translation_d": 4.945187311181422e-09, "rotation_d": 5.060378631333006e-05, "width_d": 0.0028444585508177636}