{"numgrasp": 342, "translation_d": 5.0671949629689646e-09, "rotation_d": 5.0623218684746804e-05, "width_d": 0.0031059896446175763}