{"numgrasp": 537, "translation_d": 7.47134426841418e-09, "rotation_d": 5.524161000824394e-05, "width_d": 0.003673311725472266}