{"numgrasp": 517, "translation_d": 7.123663097058919e-09, "rotation_d": 5.868614617860422e-05, "width_d": 0.003927489662785305}