{"numgrasp": 535, "translation_d": 6.876079139723003e-09, "rotation_d": 6.045393091364275e-05, "width_d": 0.0035161950214823616}