{"numgrasp": 499, "translation_d": 6.979225793353696e-09, "rotation_d": 6.020967118611102e-05, "width_d": 0.003466880902470259}