{"numgrasp": 510, "translation_d": 6.73905184798391e-09, "rotation_d": 6.019011181827322e-05, "width_d": 0.0031179032232422905}