{"numgrasp": 478, "translation_d": 6.843680492580716e-09, "rotation_d": 6.104725262990914e-05, "width_d": 0.002260772712921421}