{"numgrasp": 450, "translation_d": 7.158573149352216e-09, "rotation_d": 6.076174821530676e-05, "width_d": 0.0016701368226016097}