{"numgrasp": 410, "translation_d": 6.569073450456204e-09, "rotation_d": 5.85191693689047e-05, "width_d": 0.0023085560830551077}