{"numgrasp": 425, "translation_d": 7.0292537340571205e-09, "rotation_d": 5.792529568192074e-05, "width_d": 0.0023353158745639427}