{"numgrasp": 456, "translation_d": 6.879629581607536e-09, "rotation_d": 5.8892007566470526e-05, "width_d": 0.002894549333979015}