{"numgrasp": 499, "translation_d": 7.193311577021943e-09, "rotation_d": 5.904231677335788e-05, "width_d": 0.003632340351205463}