{"numgrasp": 419, "translation_d": 6.6634992055708515e-09, "rotation_d": 5.058090112157576e-05, "width_d": 0.002747900375442822}