{"numgrasp": 399, "translation_d": 6.884195752078693e-09, "rotation_d": 5.0740638602208385e-05, "width_d": 0.0025256339135268347}