{"numgrasp": 372, "translation_d": 6.648652547318985e-09, "rotation_d": 4.85193849760636e-05, "width_d": 0.002280201404773358}