{"numgrasp": 408, "translation_d": 6.214692555238879e-09, "rotation_d": 5.418681277773177e-05, "width_d": 0.0064592215526336535}