{"numgrasp": 334, "translation_d": 6.62380830879455e-09, "rotation_d": 4.7449261428433385e-05, "width_d": 0.001780218703343004}