{"numgrasp": 373, "translation_d": 6.201014708846379e-09, "rotation_d": 4.248775478018685e-05, "width_d": 0.0021815806814092457}