{"numgrasp": 396, "translation_d": 6.121860646214359e-09, "rotation_d": 5.3709961603325935e-05, "width_d": 0.0066620083481671215}