{"numgrasp": 514, "translation_d": 6.9882286232235485e-09, "rotation_d": 4.3691045994387e-05, "width_d": 0.00362034554313298}