{"numgrasp": 499, "translation_d": 6.7730406673531344e-09, "rotation_d": 3.9629212100980086e-05, "width_d": 0.003805846125035885}