{"numgrasp": 444, "translation_d": 6.639067387509309e-09, "rotation_d": 4.266534594363063e-05, "width_d": 0.003156022401877347}