{"numgrasp": 397, "translation_d": 6.8783642172066016e-09, "rotation_d": 5.1274272634913645e-05, "width_d": 0.006284980163781824}