{"numgrasp": 433, "translation_d": 6.5923173893941225e-09, "rotation_d": 4.217157521429788e-05, "width_d": 0.002872382344998852}