{"numgrasp": 437, "translation_d": 6.7528969466880544e-09, "rotation_d": 4.2988111287682136e-05, "width_d": 0.0029019120489493493}