{"numgrasp": 414, "translation_d": 6.2310627009296185e-09, "rotation_d": 4.363327095868198e-05, "width_d": 0.002726846218785884}