{"numgrasp": 403, "translation_d": 6.202436732905966e-09, "rotation_d": 4.449760997979984e-05, "width_d": 0.0024832124624167102}