{"numgrasp": 379, "translation_d": 5.927985723755029e-09, "rotation_d": 8.234475351474311e-05, "width_d": 0.002035159404807791}