{"numgrasp": 388, "translation_d": 5.578336647685407e-09, "rotation_d": 5.14420561456496e-05, "width_d": 0.0022981398124264974}