{"numgrasp": 475, "translation_d": 6.69799909803878e-09, "rotation_d": 4.432645559290405e-05, "width_d": 0.003358810885568804}