{"numgrasp": 496, "translation_d": 7.004933221764307e-09, "rotation_d": 4.428235094229559e-05, "width_d": 0.003722336459294082}