{"numgrasp": 481, "translation_d": 6.213020429967936e-09, "rotation_d": 5.027845188757806e-05, "width_d": 0.00392604234996751}