{"numgrasp": 479, "translation_d": 6.265213143947517e-09, "rotation_d": 5.081195525184682e-05, "width_d": 0.003729487712186912}