{"numgrasp": 470, "translation_d": 5.905496155241875e-09, "rotation_d": 5.1835375532857924e-05, "width_d": 0.003337754940487769}