{"numgrasp": 432, "translation_d": 5.746016992295168e-09, "rotation_d": 5.312742695670147e-05, "width_d": 0.0030677079814378848}