{"numgrasp": 411, "translation_d": 5.725606329815574e-09, "rotation_d": 5.532696301407182e-05, "width_d": 0.002558954939336298}