{"numgrasp": 429, "translation_d": 5.787307709132552e-09, "rotation_d": 5.7618779437540345e-05, "width_d": 0.002403156512176195}