{"numgrasp": 433, "translation_d": 5.2228594968528075e-09, "rotation_d": 5.9071912149690026e-05, "width_d": 0.00247469511349602}