{"numgrasp": 464, "translation_d": 5.800524030411995e-09, "rotation_d": 5.8113532650261847e-05, "width_d": 0.0034896553976443197}