{"numgrasp": 473, "translation_d": 5.7732454335776536e-09, "rotation_d": 5.7817443225612264e-05, "width_d": 0.0035175445797820215}