{"numgrasp": 412, "translation_d": 6.403212632777758e-09, "rotation_d": 5.368586647839337e-05, "width_d": 0.0047299332858197745}