{"numgrasp": 483, "translation_d": 5.835049988948675e-09, "rotation_d": 5.614418042387867e-05, "width_d": 0.004016782652096764}