{"numgrasp": 436, "translation_d": 6.085177495583552e-09, "rotation_d": 5.406296316012012e-05, "width_d": 0.003993507655989077}