{"numgrasp": 427, "translation_d": 5.788065636678905e-09, "rotation_d": 5.414337747448774e-05, "width_d": 0.0042351099731525585}