{"numgrasp": 408, "translation_d": 5.913936597578373e-09, "rotation_d": 5.848574598326159e-05, "width_d": 0.003911521492602665}