{"numgrasp": 484, "translation_d": 5.415607759658791e-09, "rotation_d": 5.912154320531138e-05, "width_d": 0.003037223782304042}