{"numgrasp": 436, "translation_d": 4.770867664977239e-09, "rotation_d": 4.92641522815001e-05, "width_d": 0.002601900911964563}