{"numgrasp": 458, "translation_d": 5.007994841347963e-09, "rotation_d": 5.117701898046637e-05, "width_d": 0.0028340182390574693}