{"numgrasp": 439, "translation_d": 5.042733465190045e-09, "rotation_d": 5.280257378138305e-05, "width_d": 0.0031103270112845848}