{"numgrasp": 391, "translation_d": 5.719246393874418e-09, "rotation_d": 5.5346272923615926e-05, "width_d": 0.003947536512923135}