{"numgrasp": 386, "translation_d": 5.7107956284110956e-09, "rotation_d": 5.5510498468599956e-05, "width_d": 0.004066553039093343}