{"numgrasp": 431, "translation_d": 6.701536937035926e-09, "rotation_d": 5.636916738600908e-05, "width_d": 0.0028389227393086163}