{"numgrasp": 432, "translation_d": 6.666664705283527e-09, "rotation_d": 5.498333870092779e-05, "width_d": 0.002940280525820178}