{"numgrasp": 499, "translation_d": 7.227299926755677e-09, "rotation_d": 5.046058365674755e-05, "width_d": 0.003609561920487869}