{"numgrasp": 491, "translation_d": 6.797902186730485e-09, "rotation_d": 4.9651082951329924e-05, "width_d": 0.004194373598247955}