{"numgrasp": 412, "translation_d": 6.443255441594743e-09, "rotation_d": 6.01432003387381e-05, "width_d": 0.0033369784763119612}