{"numgrasp": 431, "translation_d": 7.012043521042169e-09, "rotation_d": 4.7406386516425636e-05, "width_d": 0.004774622153278463}