{"numgrasp": 436, "translation_d": 6.921004433850139e-09, "rotation_d": 4.736807342446723e-05, "width_d": 0.004908808766949572}