{"numgrasp": 446, "translation_d": 6.832806266952126e-09, "rotation_d": 4.653312636075672e-05, "width_d": 0.005194532965124594}