{"numgrasp": 502, "translation_d": 7.314927112099277e-09, "rotation_d": 3.958021823751367e-05, "width_d": 0.004610439871721924}