{"numgrasp": 399, "translation_d": 6.292303772880682e-09, "rotation_d": 5.826186472564433e-05, "width_d": 0.0037190887567893635}