{"numgrasp": 482, "translation_d": 7.0451198870203704e-09, "rotation_d": 4.142255158345324e-05, "width_d": 0.003607927222596219}