{"numgrasp": 461, "translation_d": 7.035146923497594e-09, "rotation_d": 4.014979583816207e-05, "width_d": 0.003463996592977256}