{"numgrasp": 482, "translation_d": 6.817189301811216e-09, "rotation_d": 3.74519462274505e-05, "width_d": 0.0025791401793519237}