{"numgrasp": 483, "translation_d": 6.846520898844214e-09, "rotation_d": 3.5322073350132214e-05, "width_d": 0.0026582688396302786}