{"numgrasp": 406, "translation_d": 6.140725161312767e-09, "rotation_d": 5.8127459689370954e-05, "width_d": 0.004286396040486009}