{"numgrasp": 495, "translation_d": 7.288180721697063e-09, "rotation_d": 3.778490436214915e-05, "width_d": 0.004002878843295232}