{"numgrasp": 515, "translation_d": 7.592787652040631e-09, "rotation_d": 3.757706718929613e-05, "width_d": 0.004768413097729346}