{"numgrasp": 493, "translation_d": 7.412929389778925e-09, "rotation_d": 3.8497469525022385e-05, "width_d": 0.004931244840410604}