{"numgrasp": 498, "translation_d": 7.789914025240018e-09, "rotation_d": 4.5009299591760446e-05, "width_d": 0.004520385226745878}