{"numgrasp": 398, "translation_d": 5.917660728834906e-09, "rotation_d": 5.7410468920716216e-05, "width_d": 0.004539327407361013}