{"numgrasp": 519, "translation_d": 7.328182312676879e-09, "rotation_d": 4.4849780003351666e-05, "width_d": 0.004059221422134252}