{"numgrasp": 516, "translation_d": 8.105453680178492e-09, "rotation_d": 4.4102180232812255e-05, "width_d": 0.0034716126348738425}