{"numgrasp": 518, "translation_d": 7.354611539657197e-09, "rotation_d": 4.087812521163772e-05, "width_d": 0.0024625889394796}