{"numgrasp": 471, "translation_d": 7.547906756919053e-09, "rotation_d": 5.140485165155668e-05, "width_d": 0.002091082451405132}