{"numgrasp": 533, "translation_d": 7.2219181991309405e-09, "rotation_d": 5.444492187953638e-05, "width_d": 0.0032179544939605295}