{"numgrasp": 200, "translation_d": 5.720125550233826e-09, "rotation_d": 4.843591610062041e-05, "width_d": 0.0029480766879475553}