{"numgrasp": 211, "translation_d": 5.603392309789208e-09, "rotation_d": 4.8199926678607287e-05, "width_d": 0.0033328821229159397}