{"numgrasp": 202, "translation_d": 5.512359025913471e-09, "rotation_d": 4.85009830335475e-05, "width_d": 0.0033273083555158196}