{"numgrasp": 195, "translation_d": 5.879879618047424e-09, "rotation_d": 4.741295407714289e-05, "width_d": 0.0035194896174695106}