{"numgrasp": 210, "translation_d": 6.283948623751925e-09, "rotation_d": 3.6652672909236484e-05, "width_d": 0.0037702982247685146}