{"numgrasp": 212, "translation_d": 5.615609840577507e-09, "rotation_d": 4.093326085393809e-05, "width_d": 0.002834485219710189}