{"numgrasp": 222, "translation_d": 5.935010758674861e-09, "rotation_d": 3.824178759990409e-05, "width_d": 0.0024181789372654723}