{"numgrasp": 220, "translation_d": 5.733582222331835e-09, "rotation_d": 3.8091478450692475e-05, "width_d": 0.0022163280126209378}