{"numgrasp": 217, "translation_d": 6.084800093070251e-09, "rotation_d": 3.848103886946117e-05, "width_d": 0.0022767590750752595}