{"numgrasp": 224, "translation_d": 5.804602114231923e-09, "rotation_d": 3.9331270221513846e-05, "width_d": 0.0024927572094286293}