{"numgrasp": 224, "translation_d": 6.054187414162013e-09, "rotation_d": 4.079448738985423e-05, "width_d": 0.002380052426076001}