{"numgrasp": 215, "translation_d": 5.613996948263792e-09, "rotation_d": 3.9222814249641824e-05, "width_d": 0.0028937906619691265}