{"numgrasp": 208, "translation_d": 5.424044843527866e-09, "rotation_d": 3.798286336113096e-05, "width_d": 0.0030867856387376924}