{"numgrasp": 192, "translation_d": 5.095565934329918e-09, "rotation_d": 4.591835307308616e-05, "width_d": 0.004551394408977714}