{"numgrasp": 210, "translation_d": 5.3598215493509915e-09, "rotation_d": 4.559303844842883e-05, "width_d": 0.0035108644060453174}