{"numgrasp": 222, "translation_d": 5.540208009410333e-09, "rotation_d": 4.5566489670299185e-05, "width_d": 0.003084652866449497}