{"numgrasp": 236, "translation_d": 5.4717568499177075e-09, "rotation_d": 4.851110106972249e-05, "width_d": 0.0026671280487522105}