{"numgrasp": 214, "translation_d": 5.7602793045543014e-09, "rotation_d": 5.9603207064958026e-05, "width_d": 0.0028182806914422327}