{"numgrasp": 212, "translation_d": 5.937309728539626e-09, "rotation_d": 5.7472312895486906e-05, "width_d": 0.002732562004431354}