{"numgrasp": 200, "translation_d": 5.454597744408995e-09, "rotation_d": 5.542174066708225e-05, "width_d": 0.003247735485487454}