{"numgrasp": 205, "translation_d": 6.202838309926034e-09, "rotation_d": 4.058866886822958e-05, "width_d": 0.004474825413958145}