{"numgrasp": 188, "translation_d": 5.64423786905117e-09, "rotation_d": 5.432586726891864e-05, "width_d": 0.00385673354731448}