{"numgrasp": 174, "translation_d": 5.168916439920996e-09, "rotation_d": 5.34754343427019e-05, "width_d": 0.003916473373484597}