{"numgrasp": 152, "translation_d": 4.8221202893924356e-09, "rotation_d": 5.608906016584085e-05, "width_d": 0.004832356216520056}