{"numgrasp": 182, "translation_d": 5.049282339170911e-09, "rotation_d": 5.8400138911583865e-05, "width_d": 0.0039031501279886576}