{"numgrasp": 198, "translation_d": 6.321824436016374e-09, "rotation_d": 5.3054729514830445e-05, "width_d": 0.004137763038661576}