{"numgrasp": 198, "translation_d": 5.343933740599587e-09, "rotation_d": 6.149115822292558e-05, "width_d": 0.0033906392829594176}