{"numgrasp": 193, "translation_d": 5.988224384554596e-09, "rotation_d": 6.211192781052069e-05, "width_d": 0.003177617508731062}