{"numgrasp": 193, "translation_d": 5.295238835813246e-09, "rotation_d": 6.33728519429597e-05, "width_d": 0.002901765753614158}