{"numgrasp": 201, "translation_d": 5.568857927010921e-09, "rotation_d": 6.271350143317658e-05, "width_d": 0.002915602319967361}