{"numgrasp": 193, "translation_d": 5.035459930770603e-09, "rotation_d": 6.159549868090062e-05, "width_d": 0.003187569011003911}