{"numgrasp": 202, "translation_d": 5.390834242331618e-09, "rotation_d": 6.26997062651683e-05, "width_d": 0.0034561717937219884}