{"numgrasp": 187, "translation_d": 5.045304336060901e-09, "rotation_d": 6.183236079483154e-05, "width_d": 0.0034873124377669297}