{"numgrasp": 188, "translation_d": 5.267273005031202e-09, "rotation_d": 6.188318971107381e-05, "width_d": 0.0037441193925545273}