{"numgrasp": 167, "translation_d": 5.154026655217898e-09, "rotation_d": 5.9020303950375246e-05, "width_d": 0.004566307695997703}