{"numgrasp": 167, "translation_d": 4.678114551393153e-09, "rotation_d": 5.8863734354042794e-05, "width_d": 0.00470418632808933}