{"numgrasp": 157, "translation_d": 4.571606934145139e-09, "rotation_d": 5.767339644910069e-05, "width_d": 0.004903311695456408}