{"numgrasp": 173, "translation_d": 4.924533809050644e-09, "rotation_d": 5.770546917407315e-05, "width_d": 0.00412914478214954}