{"numgrasp": 189, "translation_d": 4.767439020008583e-09, "rotation_d": 5.749564569798506e-05, "width_d": 0.003746571487276852}