{"numgrasp": 196, "translation_d": 5.225160196572683e-09, "rotation_d": 5.147155030701847e-05, "width_d": 0.0033092266506893953}