{"numgrasp": 188, "translation_d": 5.287818645200626e-09, "rotation_d": 3.85354847593271e-05, "width_d": 0.0034200703237837198}