{"numgrasp": 185, "translation_d": 4.911324453857053e-09, "rotation_d": 4.032222531397795e-05, "width_d": 0.0033499307575117565}