{"numgrasp": 180, "translation_d": 4.333648427235464e-09, "rotation_d": 5.073363375576063e-05, "width_d": 0.004535243796819582}