{"numgrasp": 172, "translation_d": 4.523353910083008e-09, "rotation_d": 5.1167779440715e-05, "width_d": 0.0051049200307662955}