{"numgrasp": 173, "translation_d": 4.383002528082327e-09, "rotation_d": 4.142503975063322e-05, "width_d": 0.005519181594464042}