{"numgrasp": 211, "translation_d": 6.493935390229103e-09, "rotation_d": 4.449517148987108e-05, "width_d": 0.0035513409695693723}