{"numgrasp": 170, "translation_d": 4.717800124375205e-09, "rotation_d": 3.8070156198652455e-05, "width_d": 0.004500067715560158}