{"numgrasp": 175, "translation_d": 4.657929258404353e-09, "rotation_d": 3.618714667450611e-05, "width_d": 0.004177874757333163}