{"numgrasp": 179, "translation_d": 4.95856912502131e-09, "rotation_d": 3.58235146835981e-05, "width_d": 0.003975654219439407}