{"numgrasp": 174, "translation_d": 4.787242586937969e-09, "rotation_d": 3.360446131278778e-05, "width_d": 0.003879992167055112}