{"numgrasp": 182, "translation_d": 4.950690938776085e-09, "rotation_d": 3.41062873628337e-05, "width_d": 0.003600443789642295}