{"numgrasp": 210, "translation_d": 6.2951812832222495e-09, "rotation_d": 0.006565119296396011, "width_d": 0.0034893456018503565}