{"numgrasp": 184, "translation_d": 5.10490016595805e-09, "rotation_d": 4.275490896944137e-05, "width_d": 0.0035512710003188517}