{"numgrasp": 184, "translation_d": 4.694348184564111e-09, "rotation_d": 3.78463816317785e-05, "width_d": 0.0037071697256701812}