{"numgrasp": 181, "translation_d": 4.685747297357657e-09, "rotation_d": 3.733172568649947e-05, "width_d": 0.00406467654947277}