{"numgrasp": 168, "translation_d": 5.007969230529776e-09, "rotation_d": 3.8718740428327114e-05, "width_d": 0.004182972562243073}