{"numgrasp": 177, "translation_d": 4.865391393696053e-09, "rotation_d": 3.476729637458028e-05, "width_d": 0.00417472099228945}