{"numgrasp": 172, "translation_d": 4.785937381714366e-09, "rotation_d": 3.3378219199654885e-05, "width_d": 0.004603554500893095}