{"numgrasp": 176, "translation_d": 4.59382455354235e-09, "rotation_d": 3.393934890188003e-05, "width_d": 0.0049074469967762355}