{"numgrasp": 170, "translation_d": 4.7265880454617465e-09, "rotation_d": 3.3974923797725806e-05, "width_d": 0.004936080850820526}