{"numgrasp": 183, "translation_d": 4.29669318645771e-09, "rotation_d": 3.285731466745769e-05, "width_d": 0.006141407745752053}