{"numgrasp": 205, "translation_d": 6.207329266130223e-09, "rotation_d": 8.441536941247339e-05, "width_d": 0.0032687336610380474}