{"numgrasp": 207, "translation_d": 6.075643105687885e-09, "rotation_d": 3.661493047815013e-05, "width_d": 0.003400540304364508}