{"numgrasp": 195, "translation_d": 5.885330285223762e-09, "rotation_d": 4.359493767144121e-05, "width_d": 0.003254080739784339}