{"numgrasp": 202, "translation_d": 6.077449449837077e-09, "rotation_d": 4.5805163707417596e-05, "width_d": 0.002988106216792222}