{"numgrasp": 202, "translation_d": 6.483710871436692e-09, "rotation_d": 5.518480471337217e-05, "width_d": 0.003334695569741513}