{"numgrasp": 193, "translation_d": 6.851525521270408e-09, "rotation_d": 6.17995806969928e-05, "width_d": 0.003961584275990793}