{"numgrasp": 205, "translation_d": 6.247961778789964e-09, "rotation_d": 6.293188952780864e-05, "width_d": 0.0037583805305352433}