{"numgrasp": 203, "translation_d": 6.41564976178805e-09, "rotation_d": 6.266548999176538e-05, "width_d": 0.003665031994868368}