{"numgrasp": 206, "translation_d": 6.58857977072369e-09, "rotation_d": 6.2688229806872e-05, "width_d": 0.0031897189034773028}