{"numgrasp": 207, "translation_d": 6.291858991834534e-09, "rotation_d": 6.213924957042121e-05, "width_d": 0.0030696455257912497}