{"numgrasp": 216, "translation_d": 6.046301079965275e-09, "rotation_d": 5.45712766442202e-05, "width_d": 0.002726248305621225}