{"numgrasp": 192, "translation_d": 6.246745330409556e-09, "rotation_d": 4.994259091878826e-05, "width_d": 0.0029624573442750984}