{"numgrasp": 201, "translation_d": 6.034210330666615e-09, "rotation_d": 6.185643944065551e-05, "width_d": 0.002569590574033849}