{"numgrasp": 203, "translation_d": 6.071495688984026e-09, "rotation_d": 8.067636599663064e-05, "width_d": 0.0027946662918733687}