{"numgrasp": 202, "translation_d": 6.1567140115379395e-09, "rotation_d": 7.02530148070679e-05, "width_d": 0.002620509721248462}