{"numgrasp": 201, "translation_d": 5.9739741343498515e-09, "rotation_d": 6.30525252723419e-05, "width_d": 0.0026004441669010784}