{"numgrasp": 204, "translation_d": 6.0527779390323775e-09, "rotation_d": 6.422091973447482e-05, "width_d": 0.0029386277124275944}