{"numgrasp": 200, "translation_d": 6.070048253679387e-09, "rotation_d": 6.247791985080642e-05, "width_d": 0.003185949654210382}