{"numgrasp": 201, "translation_d": 6.043632025118711e-09, "rotation_d": 6.056373989083117e-05, "width_d": 0.003611499010900015}