{"numgrasp": 196, "translation_d": 6.0792052204078356e-09, "rotation_d": 6.0539316200052006e-05, "width_d": 0.003528379948388483}