{"numgrasp": 192, "translation_d": 5.88726775093905e-09, "rotation_d": 5.545245241261231e-05, "width_d": 0.0039347367329945005}