{"numgrasp": 200, "translation_d": 5.753775071915277e-09, "rotation_d": 5.6745115069821286e-05, "width_d": 0.0033562813113750894}