{"numgrasp": 199, "translation_d": 5.829567797845282e-09, "rotation_d": 5.6031153528664946e-05, "width_d": 0.0032021410325920536}