{"numgrasp": 208, "translation_d": 5.869540393918868e-09, "rotation_d": 5.720381492444939e-05, "width_d": 0.0029588004145638253}