{"numgrasp": 209, "translation_d": 6.155908632634094e-09, "rotation_d": 8.107902577577744e-05, "width_d": 0.0026653590685340326}