{"numgrasp": 211, "translation_d": 6.364592990174192e-09, "rotation_d": 3.773291530438995e-05, "width_d": 0.0038817895588721973}