{"numgrasp": 208, "translation_d": 6.010158939530651e-09, "rotation_d": 5.164234143328645e-05, "width_d": 0.0024301381706602954}