{"numgrasp": 208, "translation_d": 5.719627843379363e-09, "rotation_d": 5.0392953328768e-05, "width_d": 0.0025727303874002925}