{"numgrasp": 217, "translation_d": 5.826805994370069e-09, "rotation_d": 4.875155910411358e-05, "width_d": 0.002533227512975293}