{"numgrasp": 332, "translation_d": 5.229024768594187e-09, "rotation_d": 5.539063381073125e-05, "width_d": 0.00523333962364717}