{"numgrasp": 338, "translation_d": 5.282892922628393e-09, "rotation_d": 5.6244243351434766e-05, "width_d": 0.004720844501926518}