{"numgrasp": 338, "translation_d": 5.471014252747111e-09, "rotation_d": 5.748711030892564e-05, "width_d": 0.004234298601689785}