{"numgrasp": 308, "translation_d": 5.760971592822858e-09, "rotation_d": 5.626630727559494e-05, "width_d": 0.002932678726653515}