{"numgrasp": 325, "translation_d": 6.604677102248836e-09, "rotation_d": 5.2109248119011596e-05, "width_d": 0.004218715018398418}