{"numgrasp": 283, "translation_d": 5.839793738012102e-09, "rotation_d": 5.466443564815433e-05, "width_d": 0.0027049562996696286}