{"numgrasp": 314, "translation_d": 5.428104095981707e-09, "rotation_d": 5.2460066449856904e-05, "width_d": 0.002427144584421902}