{"numgrasp": 298, "translation_d": 5.641786044455614e-09, "rotation_d": 5.4242159531838864e-05, "width_d": 0.002537014096267335}