{"numgrasp": 314, "translation_d": 5.560276376587162e-09, "rotation_d": 5.359232124712103e-05, "width_d": 0.002980405736533505}