{"numgrasp": 315, "translation_d": 5.8343638180888225e-09, "rotation_d": 5.313605738630329e-05, "width_d": 0.0030464929168503457}