{"numgrasp": 361, "translation_d": 5.382193317077806e-09, "rotation_d": 5.142031120117312e-05, "width_d": 0.0034239313077875696}