{"numgrasp": 349, "translation_d": 5.1211615782122655e-09, "rotation_d": 5.161036873739407e-05, "width_d": 0.003161439659295977}