{"numgrasp": 345, "translation_d": 5.216980197942271e-09, "rotation_d": 5.083262869094477e-05, "width_d": 0.004201451458996116}