{"numgrasp": 338, "translation_d": 4.720981617227756e-09, "rotation_d": 5.0131814564755265e-05, "width_d": 0.004420560318511902}