{"numgrasp": 338, "translation_d": 4.8700227723044725e-09, "rotation_d": 4.977476998550162e-05, "width_d": 0.00470952907545113}