{"numgrasp": 347, "translation_d": 4.41915013482662e-09, "rotation_d": 4.295074289273214e-05, "width_d": 0.00467044548037983}