{"numgrasp": 338, "translation_d": 5.102863004163342e-09, "rotation_d": 4.987693113692086e-05, "width_d": 0.002859600592453548}