{"numgrasp": 314, "translation_d": 6.560118609883566e-09, "rotation_d": 5.138801249786626e-05, "width_d": 0.0047089304198002155}