{"numgrasp": 329, "translation_d": 4.322321998380927e-09, "rotation_d": 4.4575818674684846e-05, "width_d": 0.0027079693876632294}