{"numgrasp": 325, "translation_d": 4.313350211513147e-09, "rotation_d": 3.7687347503701663e-05, "width_d": 0.004140884860452219}