{"numgrasp": 333, "translation_d": 4.255048092240598e-09, "rotation_d": 3.8589821767936955e-05, "width_d": 0.004928634601567146}