{"numgrasp": 346, "translation_d": 4.467778509070788e-09, "rotation_d": 4.417828825007281e-05, "width_d": 0.004864798294070712}