{"numgrasp": 323, "translation_d": 6.80306487277692e-09, "rotation_d": 4.73977934282409e-05, "width_d": 0.004835100998518762}