{"numgrasp": 309, "translation_d": 4.4614846454127616e-09, "rotation_d": 4.4989408843928316e-05, "width_d": 0.0043179161639966546}