{"numgrasp": 325, "translation_d": 4.378052598456105e-09, "rotation_d": 4.541782825433932e-05, "width_d": 0.004123881734652463}