{"numgrasp": 326, "translation_d": 4.5618962941799e-09, "rotation_d": 4.547938821548243e-05, "width_d": 0.0031898171425383207}