{"numgrasp": 335, "translation_d": 4.354243355305977e-09, "rotation_d": 4.719706676202713e-05, "width_d": 0.0027457705292916737}