{"numgrasp": 328, "translation_d": 7.025361760896643e-09, "rotation_d": 4.5905306014705236e-05, "width_d": 0.005165453713469116}