{"numgrasp": 290, "translation_d": 4.894385514362206e-09, "rotation_d": 5.4111200800877774e-05, "width_d": 0.002613334325329433}