{"numgrasp": 291, "translation_d": 4.692882042998085e-09, "rotation_d": 5.453941492048233e-05, "width_d": 0.00319048540015349}