{"numgrasp": 291, "translation_d": 4.2687686616903425e-09, "rotation_d": 5.4159615730119046e-05, "width_d": 0.003255125338504069}