{"numgrasp": 288, "translation_d": 4.580205115358237e-09, "rotation_d": 5.388031136200872e-05, "width_d": 0.0047221775430134295}