{"numgrasp": 317, "translation_d": 4.1472426288379475e-09, "rotation_d": 5.166877611941707e-05, "width_d": 0.0058646263209370525}