{"numgrasp": 296, "translation_d": 4.501609241961108e-09, "rotation_d": 5.999586546395033e-05, "width_d": 0.003582436391096062}