{"numgrasp": 289, "translation_d": 4.817308740639697e-09, "rotation_d": 6.0478140420277314e-05, "width_d": 0.002857686905261022}