{"numgrasp": 333, "translation_d": 7.261294957035907e-09, "rotation_d": 4.855418839004529e-05, "width_d": 0.004595966774488523}