{"numgrasp": 242, "translation_d": 4.5095638931746824e-09, "rotation_d": 5.525775046512395e-05, "width_d": 0.0021267176027207975}