{"numgrasp": 270, "translation_d": 4.465237406778669e-09, "rotation_d": 5.807435977161118e-05, "width_d": 0.0024141042444796395}