{"numgrasp": 286, "translation_d": 4.32937319760708e-09, "rotation_d": 5.816920846831976e-05, "width_d": 0.002736839523613867}