{"numgrasp": 276, "translation_d": 4.706101649671212e-09, "rotation_d": 6.047976519240804e-05, "width_d": 0.003593043395145431}