{"numgrasp": 302, "translation_d": 4.120651551305215e-09, "rotation_d": 6.0650554750088304e-05, "width_d": 0.0037268025400512164}