{"numgrasp": 310, "translation_d": 4.220509030181158e-09, "rotation_d": 5.965154051490436e-05, "width_d": 0.0043939390064724896}