{"numgrasp": 308, "translation_d": 4.3766318676435716e-09, "rotation_d": 5.917851117069553e-05, "width_d": 0.0047065649055317285}