{"numgrasp": 313, "translation_d": 4.31492893632346e-09, "rotation_d": 5.880162381340119e-05, "width_d": 0.00503186248624872}