{"numgrasp": 321, "translation_d": 4.244892592443277e-09, "rotation_d": 5.802264452718164e-05, "width_d": 0.0050126799704014995}