{"numgrasp": 310, "translation_d": 4.380190525303388e-09, "rotation_d": 5.6645856199996275e-05, "width_d": 0.005802390111805733}