{"numgrasp": 320, "translation_d": 4.426458670665255e-09, "rotation_d": 5.683521910874753e-05, "width_d": 0.0051594602684847}