{"numgrasp": 311, "translation_d": 4.274301511819233e-09, "rotation_d": 5.738414066338718e-05, "width_d": 0.0048373443017248}