{"numgrasp": 278, "translation_d": 4.534094173493234e-09, "rotation_d": 5.642995750326454e-05, "width_d": 0.0038385254760699766}