{"numgrasp": 276, "translation_d": 4.6443577356236985e-09, "rotation_d": 5.620274416803378e-05, "width_d": 0.0035754775635377517}