{"numgrasp": 263, "translation_d": 4.669397662387068e-09, "rotation_d": 5.6212118397059575e-05, "width_d": 0.0030136774148980822}