{"numgrasp": 230, "translation_d": 4.397002148829488e-09, "rotation_d": 5.1931861124963126e-05, "width_d": 0.002394691895539366}