{"numgrasp": 342, "translation_d": 6.945717722412559e-09, "rotation_d": 4.853062026903593e-05, "width_d": 0.003743497595747018}