{"numgrasp": 232, "translation_d": 4.518393125099688e-09, "rotation_d": 4.751161167967801e-05, "width_d": 0.002885484298567603}