{"numgrasp": 245, "translation_d": 4.47049269035958e-09, "rotation_d": 4.833553493656959e-05, "width_d": 0.003327548940028569}