{"numgrasp": 263, "translation_d": 4.555926514142029e-09, "rotation_d": 4.943762082699101e-05, "width_d": 0.0034930578111206875}