{"numgrasp": 271, "translation_d": 4.403430113376114e-09, "rotation_d": 5.091505080263274e-05, "width_d": 0.003778234327084121}