{"numgrasp": 282, "translation_d": 4.448421398270533e-09, "rotation_d": 5.11406847392928e-05, "width_d": 0.004302715352789808}