{"numgrasp": 291, "translation_d": 4.710691561690525e-09, "rotation_d": 5.259035549014707e-05, "width_d": 0.004753223459143341}