{"numgrasp": 302, "translation_d": 4.6514199015041225e-09, "rotation_d": 5.3297758602393245e-05, "width_d": 0.005797443464836911}