{"numgrasp": 334, "translation_d": 7.0835147325738604e-09, "rotation_d": 4.978797238073071e-05, "width_d": 0.0034800336321093514}