{"numgrasp": 332, "translation_d": 7.142301692726192e-09, "rotation_d": 4.705554996523279e-05, "width_d": 0.003017478631862778}