{"numgrasp": 363, "translation_d": 7.086320633746666e-09, "rotation_d": 5.490308463899605e-05, "width_d": 0.0027369697424502607}