{"numgrasp": 298, "translation_d": 7.023466498043024e-09, "rotation_d": 4.578261845482699e-05, "width_d": 0.00499150376072902}