{"numgrasp": 298, "translation_d": 6.629802991763026e-09, "rotation_d": 4.429761273447165e-05, "width_d": 0.005314316449415595}