{"numgrasp": 352, "translation_d": 7.045736887525039e-09, "rotation_d": 5.516321138788027e-05, "width_d": 0.002896440514362913}