{"numgrasp": 307, "translation_d": 6.903398202274695e-09, "rotation_d": 4.8367830255130827e-05, "width_d": 0.004128822117967583}