{"numgrasp": 320, "translation_d": 7.037918000870571e-09, "rotation_d": 4.7408296609288235e-05, "width_d": 0.004280023533724253}