{"numgrasp": 295, "translation_d": 7.12604381228377e-09, "rotation_d": 4.8321157175314146e-05, "width_d": 0.0037680662310373087}