{"numgrasp": 314, "translation_d": 6.888809935495099e-09, "rotation_d": 4.65260528848143e-05, "width_d": 0.0035178022477283235}