{"numgrasp": 315, "translation_d": 7.131999553828862e-09, "rotation_d": 4.673348349718626e-05, "width_d": 0.0032119129884584556}