{"numgrasp": 300, "translation_d": 6.747328883659522e-09, "rotation_d": 4.743953417654344e-05, "width_d": 0.0030875734400132994}