{"numgrasp": 262, "translation_d": 6.563507213015718e-09, "rotation_d": 4.661248879458291e-05, "width_d": 0.0029448356847702147}