{"numgrasp": 298, "translation_d": 7.187799212130283e-09, "rotation_d": 4.8587443178984234e-05, "width_d": 0.0032717017354663633}