{"numgrasp": 305, "translation_d": 6.91954653548715e-09, "rotation_d": 4.851338094046906e-05, "width_d": 0.0036368132019858183}