{"numgrasp": 304, "translation_d": 7.210295084005567e-09, "rotation_d": 4.8737350280371e-05, "width_d": 0.0037899130730895203}