{"numgrasp": 314, "translation_d": 6.720235940891879e-09, "rotation_d": 4.734853652134397e-05, "width_d": 0.004095007421348727}