{"numgrasp": 276, "translation_d": 6.150470326047177e-09, "rotation_d": 5.091385721247874e-05, "width_d": 0.005456441390987762}