{"numgrasp": 338, "translation_d": 6.746293647107474e-09, "rotation_d": 5.3458321279759906e-05, "width_d": 0.003444967950961687}