{"numgrasp": 308, "translation_d": 6.678713110312934e-09, "rotation_d": 5.269954159965114e-05, "width_d": 0.004211400893507495}