{"numgrasp": 297, "translation_d": 6.754025565934107e-09, "rotation_d": 5.1016017381868684e-05, "width_d": 0.0035049586570849744}