{"numgrasp": 262, "translation_d": 6.5511624422517346e-09, "rotation_d": 4.963579708358332e-05, "width_d": 0.0030459858065030924}