{"numgrasp": 332, "translation_d": 6.959566973697872e-09, "rotation_d": 5.2283141382731064e-05, "width_d": 0.003608816022246725}