{"numgrasp": 238, "translation_d": 6.2303115533751825e-09, "rotation_d": 4.9854622314379886e-05, "width_d": 0.0029877156339024845}