{"numgrasp": 286, "translation_d": 6.049457592971241e-09, "rotation_d": 5.5090354271819884e-05, "width_d": 0.0033162664929368727}