{"numgrasp": 313, "translation_d": 5.9547517129582596e-09, "rotation_d": 5.409221580179301e-05, "width_d": 0.0035132983315596385}