{"numgrasp": 347, "translation_d": 6.968620579005006e-09, "rotation_d": 5.198494639340576e-05, "width_d": 0.003784689910784643}