{"numgrasp": 412, "translation_d": 6.298860971128304e-09, "rotation_d": 5.152178564354935e-05, "width_d": 0.0028083031442320354}