{"numgrasp": 462, "translation_d": 6.081585074439424e-09, "rotation_d": 4.482314223641801e-05, "width_d": 0.004915124998501381}