{"numgrasp": 441, "translation_d": 6.642832200698788e-09, "rotation_d": 4.251097249799937e-05, "width_d": 0.005455178082969949}