{"numgrasp": 422, "translation_d": 6.093568716502752e-09, "rotation_d": 4.1886440467688167e-05, "width_d": 0.005975416149279421}