{"numgrasp": 426, "translation_d": 6.228627747510196e-09, "rotation_d": 4.814214880070051e-05, "width_d": 0.005377348334672277}