{"numgrasp": 431, "translation_d": 6.093729810257372e-09, "rotation_d": 4.9061617216512244e-05, "width_d": 0.005328546904061447}