{"numgrasp": 447, "translation_d": 6.262598457919021e-09, "rotation_d": 4.839539032488182e-05, "width_d": 0.005191257395236601}