{"numgrasp": 464, "translation_d": 6.157541135997807e-09, "rotation_d": 4.8602797572692305e-05, "width_d": 0.004986939342167652}