{"numgrasp": 332, "translation_d": 6.13544997867401e-09, "rotation_d": 4.9824626700757894e-05, "width_d": 0.0034597576994979825}