{"numgrasp": 471, "translation_d": 6.3925002526584916e-09, "rotation_d": 4.84559045274376e-05, "width_d": 0.0050780848471883725}