{"numgrasp": 456, "translation_d": 6.252761790817773e-09, "rotation_d": 4.8469867227257e-05, "width_d": 0.004801384161029857}