{"numgrasp": 411, "translation_d": 5.955299075948123e-09, "rotation_d": 4.675639447756576e-05, "width_d": 0.0031622274491745015}