{"numgrasp": 404, "translation_d": 5.9919109530976695e-09, "rotation_d": 4.637258688430327e-05, "width_d": 0.00312302936393663}