{"numgrasp": 426, "translation_d": 6.251979441355687e-09, "rotation_d": 4.608167664342006e-05, "width_d": 0.0028095904816108595}