{"numgrasp": 397, "translation_d": 5.9716025250068514e-09, "rotation_d": 5.116049698244546e-05, "width_d": 0.002730392859031472}