{"numgrasp": 413, "translation_d": 5.364417742998568e-09, "rotation_d": 5.652729615918425e-05, "width_d": 0.004254231617747299}