{"numgrasp": 439, "translation_d": 5.335208020442142e-09, "rotation_d": 5.638255793328316e-05, "width_d": 0.0042889017351435375}