{"numgrasp": 478, "translation_d": 5.4383329683601645e-09, "rotation_d": 5.577677276874923e-05, "width_d": 0.004258120973869528}