{"numgrasp": 456, "translation_d": 5.8210171208408405e-09, "rotation_d": 5.7758338907533715e-05, "width_d": 0.003982842680372799}