{"numgrasp": 462, "translation_d": 5.796482867620028e-09, "rotation_d": 5.7588160129389246e-05, "width_d": 0.004250070866152424}