{"numgrasp": 460, "translation_d": 5.500267538313935e-09, "rotation_d": 5.61070027150053e-05, "width_d": 0.00376455648416159}