{"numgrasp": 430, "translation_d": 5.86717516595935e-09, "rotation_d": 5.620366082437148e-05, "width_d": 0.0033956528056991496}