{"numgrasp": 403, "translation_d": 5.215539726167907e-09, "rotation_d": 5.6090555072060506e-05, "width_d": 0.0026147964440890077}