{"numgrasp": 408, "translation_d": 5.4013157394587656e-09, "rotation_d": 5.676113864815924e-05, "width_d": 0.003099558372306735}