{"numgrasp": 451, "translation_d": 5.320639246274725e-09, "rotation_d": 5.635769029197028e-05, "width_d": 0.003711843202824863}