{"numgrasp": 489, "translation_d": 5.545266290673623e-09, "rotation_d": 5.714612701593386e-05, "width_d": 0.0039139079378450355}