{"numgrasp": 287, "translation_d": 5.614948865719139e-09, "rotation_d": 5.053245448407591e-05, "width_d": 0.004095629339376658}