{"numgrasp": 483, "translation_d": 5.480357909325663e-09, "rotation_d": 5.674034807802334e-05, "width_d": 0.003994285450667692}