{"numgrasp": 457, "translation_d": 5.531739662320802e-09, "rotation_d": 5.64229234293245e-05, "width_d": 0.003967842861205903}