{"numgrasp": 465, "translation_d": 5.563639797720925e-09, "rotation_d": 5.6829844589855756e-05, "width_d": 0.004092253573272159}