{"numgrasp": 459, "translation_d": 5.715997402449783e-09, "rotation_d": 5.357364010169937e-05, "width_d": 0.004080047327793338}