{"numgrasp": 455, "translation_d": 5.767272251552896e-09, "rotation_d": 5.523732908756193e-05, "width_d": 0.004075710472203952}