{"numgrasp": 338, "translation_d": 5.301148102275436e-09, "rotation_d": 5.174264482399135e-05, "width_d": 0.005711419043611223}