{"numgrasp": 432, "translation_d": 5.6756664914426e-09, "rotation_d": 5.514233108629756e-05, "width_d": 0.003958200852658973}