{"numgrasp": 429, "translation_d": 5.543953615821868e-09, "rotation_d": 5.4479864165691464e-05, "width_d": 0.0035407452330420332}