{"numgrasp": 436, "translation_d": 5.234367552774833e-09, "rotation_d": 5.564801180976385e-05, "width_d": 0.0035646457964859223}