{"numgrasp": 400, "translation_d": 5.2065112415691945e-09, "rotation_d": 5.496517152456852e-05, "width_d": 0.003465435282643103}