{"numgrasp": 404, "translation_d": 5.379027851034883e-09, "rotation_d": 5.499432335730593e-05, "width_d": 0.0032049822665721098}