{"numgrasp": 405, "translation_d": 5.1395910691175844e-09, "rotation_d": 4.8145234312629474e-05, "width_d": 0.002923207224872021}