{"numgrasp": 413, "translation_d": 5.481361065604845e-09, "rotation_d": 4.986900073227788e-05, "width_d": 0.0032248190771096874}