{"numgrasp": 331, "translation_d": 5.8486154739469315e-09, "rotation_d": 5.449229037597167e-05, "width_d": 0.0045423521391679475}