{"numgrasp": 418, "translation_d": 5.396448395721754e-09, "rotation_d": 5.1207203482941305e-05, "width_d": 0.004171223774639712}