{"numgrasp": 432, "translation_d": 5.693138507933951e-09, "rotation_d": 5.09947157519783e-05, "width_d": 0.0041799285550197735}