{"numgrasp": 424, "translation_d": 5.554345539570216e-09, "rotation_d": 5.1109532923208474e-05, "width_d": 0.004331448648773788}