{"numgrasp": 368, "translation_d": 5.534554438917629e-09, "rotation_d": 5.303035120236699e-05, "width_d": 0.00491093543787647}