{"numgrasp": 411, "translation_d": 5.550701682196896e-09, "rotation_d": 4.749850651332348e-05, "width_d": 0.0036225207243816677}