{"numgrasp": 401, "translation_d": 5.5591044141488215e-09, "rotation_d": 4.751320472466281e-05, "width_d": 0.003515342212041062}