{"numgrasp": 404, "translation_d": 5.2805301689548506e-09, "rotation_d": 4.702817847508914e-05, "width_d": 0.0032027061919189474}