{"numgrasp": 361, "translation_d": 5.381308923736548e-09, "rotation_d": 4.4779636224490185e-05, "width_d": 0.003005560718936947}