{"numgrasp": 336, "translation_d": 6.2233683315483316e-09, "rotation_d": 5.346919890580204e-05, "width_d": 0.0038975652167402334}