{"numgrasp": 339, "translation_d": 5.3866071775724885e-09, "rotation_d": 4.5019736103863096e-05, "width_d": 0.0027135943508304894}