{"numgrasp": 390, "translation_d": 5.473008288221434e-09, "rotation_d": 4.47917609800335e-05, "width_d": 0.0035105039924814034}