{"numgrasp": 357, "translation_d": 4.822535970467505e-09, "rotation_d": 4.7477368778776084e-05, "width_d": 0.004888591655719239}