{"numgrasp": 385, "translation_d": 5.370818471438815e-09, "rotation_d": 4.7144070109234087e-05, "width_d": 0.004013529373220605}