{"numgrasp": 388, "translation_d": 5.698515413546696e-09, "rotation_d": 4.700464769758937e-05, "width_d": 0.0036333528438631684}