{"numgrasp": 384, "translation_d": 5.625604459255467e-09, "rotation_d": 5.0037843292298346e-05, "width_d": 0.0031620664684827307}