{"numgrasp": 395, "translation_d": 5.257139081335829e-09, "rotation_d": 5.0874275099896105e-05, "width_d": 0.003827032462282599}