{"numgrasp": 391, "translation_d": 5.5168252130285144e-09, "rotation_d": 5.05819474345864e-05, "width_d": 0.003810100408942843}