{"numgrasp": 381, "translation_d": 6.179416636262977e-09, "rotation_d": 5.012084735027654e-05, "width_d": 0.002971135838596185}