{"numgrasp": 366, "translation_d": 6.034680123103731e-09, "rotation_d": 4.974098330950968e-05, "width_d": 0.0032307426049298957}