{"numgrasp": 353, "translation_d": 6.067236627009787e-09, "rotation_d": 5.0219552940748725e-05, "width_d": 0.0026899440489876387}