{"numgrasp": 354, "translation_d": 6.135891587029304e-09, "rotation_d": 5.027843915724196e-05, "width_d": 0.002792726133341932}