{"numgrasp": 380, "translation_d": 6.1881784908443005e-09, "rotation_d": 5.1036305100275025e-05, "width_d": 0.0026532802184840235}