{"numgrasp": 391, "translation_d": 6.181480098155293e-09, "rotation_d": 5.181586380934738e-05, "width_d": 0.002832001049991093}