{"numgrasp": 381, "translation_d": 6.0989792083694595e-09, "rotation_d": 5.317705767385703e-05, "width_d": 0.002858786165865025}