{"numgrasp": 362, "translation_d": 6.569904823406433e-09, "rotation_d": 5.4844741192414016e-05, "width_d": 0.003338698110304032}