{"numgrasp": 361, "translation_d": 6.199473719564245e-09, "rotation_d": 5.653931089079362e-05, "width_d": 0.006311634486309447}