{"numgrasp": 385, "translation_d": 6.1842571740968485e-09, "rotation_d": 5.648379442105175e-05, "width_d": 0.005674772290991108}