{"numgrasp": 372, "translation_d": 6.023524085959585e-09, "rotation_d": 4.9459916314367755e-05, "width_d": 0.002933259010794341}