{"numgrasp": 450, "translation_d": 6.555989118618111e-09, "rotation_d": 5.721328840291997e-05, "width_d": 0.0048471933472616635}