{"numgrasp": 420, "translation_d": 6.485132751594154e-09, "rotation_d": 5.602266928626237e-05, "width_d": 0.004324586337770509}