{"numgrasp": 409, "translation_d": 6.233093251920227e-09, "rotation_d": 5.4734707528351053e-05, "width_d": 0.002897752061981791}