{"numgrasp": 385, "translation_d": 5.972852065959371e-09, "rotation_d": 5.4420165220628734e-05, "width_d": 0.002996328687772273}