{"numgrasp": 440, "translation_d": 6.454243560384089e-09, "rotation_d": 5.348901707995696e-05, "width_d": 0.0039791047081462385}