{"numgrasp": 443, "translation_d": 6.4058672478202305e-09, "rotation_d": 5.305185585772037e-05, "width_d": 0.004204210294412257}