{"numgrasp": 419, "translation_d": 6.1350508683299995e-09, "rotation_d": 5.254273154050534e-05, "width_d": 0.005337077157767319}