{"numgrasp": 350, "translation_d": 6.00132814356246e-09, "rotation_d": 5.1172249094161094e-05, "width_d": 0.006509299002618722}