{"numgrasp": 375, "translation_d": 6.261657702162684e-09, "rotation_d": 4.972928751036016e-05, "width_d": 0.0031147157763360637}