{"numgrasp": 496, "translation_d": 5.995172648623019e-09, "rotation_d": 4.974824979864316e-05, "width_d": 0.004808632953618095}