{"numgrasp": 496, "translation_d": 6.0740810190439225e-09, "rotation_d": 4.934590071319912e-05, "width_d": 0.004399626311191807}