{"numgrasp": 485, "translation_d": 6.242051094586224e-09, "rotation_d": 4.886834011559043e-05, "width_d": 0.004189273432342174}