{"numgrasp": 464, "translation_d": 6.347371074624128e-09, "rotation_d": 4.8785094159276447e-05, "width_d": 0.0034321961978430017}