{"numgrasp": 386, "translation_d": 6.1995082404281154e-09, "rotation_d": 4.968436336587373e-05, "width_d": 0.0026109896613594297}