{"numgrasp": 522, "translation_d": 6.102059455352304e-09, "rotation_d": 4.631016247429599e-05, "width_d": 0.0042001258153197}