{"numgrasp": 515, "translation_d": 6.397912020478938e-09, "rotation_d": 4.687403419737057e-05, "width_d": 0.004385450778775762}