{"numgrasp": 519, "translation_d": 6.277752760383556e-09, "rotation_d": 5.2307413823568965e-05, "width_d": 0.004850377270968978}