{"numgrasp": 367, "translation_d": 5.886166583291915e-09, "rotation_d": 5.049572950188173e-05, "width_d": 0.0033184070169389}