{"numgrasp": 440, "translation_d": 6.35692625963703e-09, "rotation_d": 5.6969816104525955e-05, "width_d": 0.004812723195187031}