{"numgrasp": 428, "translation_d": 5.746781812189538e-09, "rotation_d": 5.42175989086309e-05, "width_d": 0.005494953059182186}