{"numgrasp": 405, "translation_d": 5.625440395205793e-09, "rotation_d": 5.3163126698948376e-05, "width_d": 0.004457346842678161}