{"numgrasp": 415, "translation_d": 5.694960388824097e-09, "rotation_d": 5.3619330211134115e-05, "width_d": 0.00418898978960846}