{"numgrasp": 404, "translation_d": 5.960361272767439e-09, "rotation_d": 5.4468102802573936e-05, "width_d": 0.003940548613676759}