{"numgrasp": 372, "translation_d": 6.027987282485815e-09, "rotation_d": 5.644419450347793e-05, "width_d": 0.0024023434343274923}