{"numgrasp": 425, "translation_d": 6.5197301606327415e-09, "rotation_d": 4.418689854555712e-05, "width_d": 0.003932466429707449}