{"numgrasp": 364, "translation_d": 5.552449439486039e-09, "rotation_d": 4.333277416765874e-05, "width_d": 0.002321547076273128}