{"numgrasp": 358, "translation_d": 5.707909190201565e-09, "rotation_d": 4.297503302410565e-05, "width_d": 0.002367052088733777}