{"numgrasp": 357, "translation_d": 5.373131664733155e-09, "rotation_d": 4.2674415363794986e-05, "width_d": 0.002795204210468397}