{"numgrasp": 354, "translation_d": 6.011967807084888e-09, "rotation_d": 4.30326026091749e-05, "width_d": 0.0033543064838410246}