{"numgrasp": 347, "translation_d": 5.628093131224715e-09, "rotation_d": 4.288845940635976e-05, "width_d": 0.003810816298590149}