{"numgrasp": 398, "translation_d": 5.360139650782948e-09, "rotation_d": 4.636260246345022e-05, "width_d": 0.005283613607446265}