{"numgrasp": 396, "translation_d": 5.537643972461511e-09, "rotation_d": 4.9727680729407e-05, "width_d": 0.005787580446439568}