{"numgrasp": 364, "translation_d": 5.028013108341976e-09, "rotation_d": 4.608382025844783e-05, "width_d": 0.004756793187216202}