{"numgrasp": 353, "translation_d": 5.126424656296587e-09, "rotation_d": 4.443397008772736e-05, "width_d": 0.00446136969125489}