{"numgrasp": 417, "translation_d": 6.584029402608849e-09, "rotation_d": 4.322231034135324e-05, "width_d": 0.004526447406170307}