{"numgrasp": 352, "translation_d": 5.408671905273403e-09, "rotation_d": 4.2208351740613374e-05, "width_d": 0.0032708960674303236}