{"numgrasp": 351, "translation_d": 5.079734524026595e-09, "rotation_d": 4.166374610072658e-05, "width_d": 0.0026825314141991816}