{"numgrasp": 315, "translation_d": 5.248739301302577e-09, "rotation_d": 4.317132952740215e-05, "width_d": 0.0020064335070625245}