{"numgrasp": 330, "translation_d": 4.816390690494607e-09, "rotation_d": 5.096027061845743e-05, "width_d": 0.0021879426727076942}