{"numgrasp": 337, "translation_d": 5.07299975796818e-09, "rotation_d": 4.937013537089735e-05, "width_d": 0.002743680212505518}