{"numgrasp": 340, "translation_d": 5.068593563378145e-09, "rotation_d": 4.8520195484038844e-05, "width_d": 0.003569906315254733}