{"numgrasp": 351, "translation_d": 5.085164652760204e-09, "rotation_d": 5.009952687030078e-05, "width_d": 0.00485406207039948}