{"numgrasp": 471, "translation_d": 5.153414245738281e-09, "rotation_d": 5.12490777996774e-05, "width_d": 0.00632827165264913}