{"numgrasp": 410, "translation_d": 6.780351258823605e-09, "rotation_d": 3.9254234211993665e-05, "width_d": 0.005103265651954068}