{"numgrasp": 397, "translation_d": 4.97942075098466e-09, "rotation_d": 5.265572748973239e-05, "width_d": 0.004758857753592245}