{"numgrasp": 383, "translation_d": 4.9247788669515075e-09, "rotation_d": 5.359047219630419e-05, "width_d": 0.004316217590221014}