{"numgrasp": 381, "translation_d": 4.779936919037714e-09, "rotation_d": 5.4133128640724393e-05, "width_d": 0.0035183843367199512}