{"numgrasp": 399, "translation_d": 4.744213949480646e-09, "rotation_d": 5.889483834021256e-05, "width_d": 0.002402961120430926}