{"numgrasp": 401, "translation_d": 4.794869040084049e-09, "rotation_d": 6.068933906729001e-05, "width_d": 0.0026566440759730687}