{"numgrasp": 408, "translation_d": 4.913478966842808e-09, "rotation_d": 6.028645079784058e-05, "width_d": 0.003022580412057935}