{"numgrasp": 419, "translation_d": 4.899155650420011e-09, "rotation_d": 5.9838590860839224e-05, "width_d": 0.003244900949386943}