{"numgrasp": 407, "translation_d": 4.810499344643168e-09, "rotation_d": 5.864332196034311e-05, "width_d": 0.003506480507317668}