{"numgrasp": 440, "translation_d": 6.63847718936538e-09, "rotation_d": 3.911211357584929e-05, "width_d": 0.004601148436654031}