{"numgrasp": 480, "translation_d": 5.2474396133215065e-09, "rotation_d": 5.6865715054466435e-05, "width_d": 0.005859860515635566}