{"numgrasp": 438, "translation_d": 6.254088910986005e-09, "rotation_d": 5.7607559230503965e-05, "width_d": 0.0022017343452280388}