{"numgrasp": 415, "translation_d": 4.931234591275783e-09, "rotation_d": 5.76851331742933e-05, "width_d": 0.004240995690068145}