{"numgrasp": 427, "translation_d": 4.987460055678421e-09, "rotation_d": 6.111271993289012e-05, "width_d": 0.003412737641687162}