{"numgrasp": 429, "translation_d": 4.8845462025998325e-09, "rotation_d": 6.0838596952199114e-05, "width_d": 0.003131802993096485}