{"numgrasp": 412, "translation_d": 4.704958135968859e-09, "rotation_d": 6.047162037193452e-05, "width_d": 0.002985861433339242}