{"numgrasp": 433, "translation_d": 4.7304095150040925e-09, "rotation_d": 5.846694453119247e-05, "width_d": 0.0024446640796140316}