{"numgrasp": 456, "translation_d": 5.042417571173884e-09, "rotation_d": 5.688531557484906e-05, "width_d": 0.00331629623523376}