{"numgrasp": 462, "translation_d": 4.769283391022941e-09, "rotation_d": 5.705120224851422e-05, "width_d": 0.0035787345911224427}