{"numgrasp": 510, "translation_d": 5.231142859377635e-09, "rotation_d": 5.471339690565048e-05, "width_d": 0.005000477741794875}