{"numgrasp": 470, "translation_d": 4.9144619651947125e-09, "rotation_d": 4.754046827946104e-05, "width_d": 0.0043124578794054005}