{"numgrasp": 472, "translation_d": 4.6211488623275975e-09, "rotation_d": 5.0844358076317786e-05, "width_d": 0.0034446144189905006}