{"numgrasp": 474, "translation_d": 5.036771493101397e-09, "rotation_d": 4.982074350825844e-05, "width_d": 0.003229534266540168}