{"numgrasp": 449, "translation_d": 4.8590446680429996e-09, "rotation_d": 4.4792562352521606e-05, "width_d": 0.0025667540688000816}