{"numgrasp": 465, "translation_d": 4.76007425122653e-09, "rotation_d": 4.0040554843321945e-05, "width_d": 0.002744606998472471}