{"numgrasp": 450, "translation_d": 4.935431639709164e-09, "rotation_d": 4.3544256711539506e-05, "width_d": 0.0037526439524355874}