{"numgrasp": 456, "translation_d": 4.878540304948768e-09, "rotation_d": 4.284468311904563e-05, "width_d": 0.003982623921733298}