{"numgrasp": 474, "translation_d": 6.462117570729935e-09, "rotation_d": 4.22624780906675e-05, "width_d": 0.0023836256584573515}