{"numgrasp": 456, "translation_d": 6.553670965861078e-09, "rotation_d": 4.315125396820375e-05, "width_d": 0.0022821331310635532}