{"numgrasp": 439, "translation_d": 6.323359413748363e-09, "rotation_d": 4.7901275360424994e-05, "width_d": 0.0020561760950946807}