{"numgrasp": 457, "translation_d": 5.991749819084629e-09, "rotation_d": 5.36917697229871e-05, "width_d": 0.002464977927121452}