{"numgrasp": 456, "translation_d": 6.558108408546816e-09, "rotation_d": 4.526410457215363e-05, "width_d": 0.004443380010513406}