{"numgrasp": 459, "translation_d": 6.306546386753132e-09, "rotation_d": 4.43023473618905e-05, "width_d": 0.0045451586980470885}