{"numgrasp": 464, "translation_d": 6.302018920654835e-09, "rotation_d": 4.342924433277601e-05, "width_d": 0.003848019363245392}