{"numgrasp": 464, "translation_d": 6.433534655769078e-09, "rotation_d": 4.311843648359806e-05, "width_d": 0.003574033400190583}