{"numgrasp": 507, "translation_d": 6.641897809969406e-09, "rotation_d": 3.9144320493320817e-05, "width_d": 0.0028548139433496734}