{"numgrasp": 471, "translation_d": 6.51577842597698e-09, "rotation_d": 5.0505380439403184e-05, "width_d": 0.0029259348741007625}