{"numgrasp": 472, "translation_d": 6.6983026869986774e-09, "rotation_d": 3.6445701221378016e-05, "width_d": 0.002064530106725717}