{"numgrasp": 480, "translation_d": 6.353620316442797e-09, "rotation_d": 4.952526020186162e-05, "width_d": 0.0034857486520693485}