{"numgrasp": 458, "translation_d": 6.6534878032309005e-09, "rotation_d": 4.93735101981787e-05, "width_d": 0.0030644542122618035}