{"numgrasp": 446, "translation_d": 6.196468852755894e-09, "rotation_d": 5.052948009562567e-05, "width_d": 0.004386658928627505}