{"numgrasp": 444, "translation_d": 6.527871130897271e-09, "rotation_d": 4.9915580726056434e-05, "width_d": 0.00476604834697833}