{"numgrasp": 418, "translation_d": 6.008716792139299e-09, "rotation_d": 5.408368331367016e-05, "width_d": 0.005081955312399938}