{"numgrasp": 432, "translation_d": 6.297532824846891e-09, "rotation_d": 5.472936564027108e-05, "width_d": 0.004845929129376345}