{"numgrasp": 429, "translation_d": 6.185938774816356e-09, "rotation_d": 5.5596042585310164e-05, "width_d": 0.004598323017640551}