{"numgrasp": 440, "translation_d": 6.405262589124146e-09, "rotation_d": 5.1251145231888786e-05, "width_d": 0.002288361026534587}