{"numgrasp": 412, "translation_d": 6.021880902617582e-09, "rotation_d": 6.108215680622473e-05, "width_d": 0.0022054139828934956}