{"numgrasp": 401, "translation_d": 6.243611636940759e-09, "rotation_d": 6.117427707311053e-05, "width_d": 0.0023575415216480593}