{"numgrasp": 422, "translation_d": 6.253857465371375e-09, "rotation_d": 6.001592390896969e-05, "width_d": 0.003208097378290241}