{"numgrasp": 240, "translation_d": 5.372682540450011e-09, "rotation_d": 4.900723369421012e-05, "width_d": 0.004099645904394295}