{"numgrasp": 305, "translation_d": 5.758047327842091e-09, "rotation_d": 4.976040746953028e-05, "width_d": 0.003241965748383888}