{"numgrasp": 301, "translation_d": 5.779548627593192e-09, "rotation_d": 5.1261908854963324e-05, "width_d": 0.003170274315900226}