{"numgrasp": 317, "translation_d": 5.962076479752996e-09, "rotation_d": 5.061493689556321e-05, "width_d": 0.0030958221709340176}