{"numgrasp": 308, "translation_d": 5.916258468313489e-09, "rotation_d": 5.1761005919502486e-05, "width_d": 0.0031511944544355967}