{"numgrasp": 337, "translation_d": 7.015908180135153e-09, "rotation_d": 4.936726420953086e-05, "width_d": 0.004603980380988135}