{"numgrasp": 272, "translation_d": 5.560039214037688e-09, "rotation_d": 4.261274716485015e-05, "width_d": 0.0027972950508956505}