{"numgrasp": 301, "translation_d": 5.695335927700014e-09, "rotation_d": 4.333356851552248e-05, "width_d": 0.003099886058253451}