{"numgrasp": 277, "translation_d": 5.46049562677115e-09, "rotation_d": 4.482753107257057e-05, "width_d": 0.0033884117335404077}