{"numgrasp": 264, "translation_d": 5.221537950328887e-09, "rotation_d": 4.563615061881269e-05, "width_d": 0.0033899561755951994}