{"numgrasp": 310, "translation_d": 7.1000645912791694e-09, "rotation_d": 4.8527487711348254e-05, "width_d": 0.004725828642627239}