{"numgrasp": 263, "translation_d": 5.068483953675275e-09, "rotation_d": 4.5290451384962585e-05, "width_d": 0.0036500622468464846}