{"numgrasp": 231, "translation_d": 5.009159013225718e-09, "rotation_d": 4.40310821900413e-05, "width_d": 0.004343077007940347}