{"numgrasp": 326, "translation_d": 7.07791820013704e-09, "rotation_d": 4.964930979046507e-05, "width_d": 0.004644236908672434}