{"numgrasp": 268, "translation_d": 5.214081454456208e-09, "rotation_d": 4.424799910349103e-05, "width_d": 0.0036689624299189615}