{"numgrasp": 287, "translation_d": 5.336053160735686e-09, "rotation_d": 4.445163150099467e-05, "width_d": 0.0037783457268606587}