{"numgrasp": 293, "translation_d": 5.3504331284946365e-09, "rotation_d": 4.3417300588240985e-05, "width_d": 0.0028689562937797373}