{"numgrasp": 307, "translation_d": 5.308562237875122e-09, "rotation_d": 4.287034281206868e-05, "width_d": 0.003098811678169657}