{"numgrasp": 260, "translation_d": 5.338048137322238e-09, "rotation_d": 4.8530058003496115e-05, "width_d": 0.003338971526856507}