{"numgrasp": 258, "translation_d": 5.0709556390432106e-09, "rotation_d": 4.838899156055994e-05, "width_d": 0.0038056375299391812}