{"numgrasp": 261, "translation_d": 5.711780636828904e-09, "rotation_d": 4.848773191714257e-05, "width_d": 0.0040624514122520605}