{"numgrasp": 203, "translation_d": 5.381386206801793e-09, "rotation_d": 4.7826142270314046e-05, "width_d": 0.004670214240580011}