{"numgrasp": 209, "translation_d": 4.852459348517519e-09, "rotation_d": 4.7867904680777104e-05, "width_d": 0.004795724827970343}