{"numgrasp": 223, "translation_d": 5.2193327603732895e-09, "rotation_d": 4.978047593869658e-05, "width_d": 0.005026886725149771}