{"numgrasp": 190, "translation_d": 5.716888486256516e-09, "rotation_d": 5.099944432745605e-05, "width_d": 0.004298522499582134}