{"numgrasp": 251, "translation_d": 5.094818494406542e-09, "rotation_d": 5.177630421688599e-05, "width_d": 0.004159694090773376}