{"numgrasp": 254, "translation_d": 5.458472178599905e-09, "rotation_d": 5.302077716665623e-05, "width_d": 0.003497134426992559}