{"numgrasp": 327, "translation_d": 7.065169590775045e-09, "rotation_d": 4.9070378599471465e-05, "width_d": 0.0047585159963266736}