{"numgrasp": 246, "translation_d": 5.4953300864405724e-09, "rotation_d": 5.5613593733393475e-05, "width_d": 0.0033787346103393494}