{"numgrasp": 252, "translation_d": 5.5675351128337275e-09, "rotation_d": 5.507800666540156e-05, "width_d": 0.004147117723481119}