{"numgrasp": 262, "translation_d": 5.267917983831929e-09, "rotation_d": 5.2019446563830955e-05, "width_d": 0.004922688550145236}