{"numgrasp": 255, "translation_d": 5.067520361070966e-09, "rotation_d": 5.198507979736748e-05, "width_d": 0.004802536357900042}