{"numgrasp": 223, "translation_d": 5.718203936157125e-09, "rotation_d": 4.9823011946952454e-05, "width_d": 0.003752756068793817}