{"numgrasp": 220, "translation_d": 5.685681898612052e-09, "rotation_d": 5.127306716195415e-05, "width_d": 0.0041631151451725764}