{"numgrasp": 226, "translation_d": 5.619283723969527e-09, "rotation_d": 5.1197184110985786e-05, "width_d": 0.0047529526132027424}