{"numgrasp": 326, "translation_d": 6.766211981934777e-09, "rotation_d": 4.52884489021929e-05, "width_d": 0.004242600052754471}