{"numgrasp": 228, "translation_d": 5.362479316918614e-09, "rotation_d": 5.10677949445103e-05, "width_d": 0.005172500895596301}