{"numgrasp": 227, "translation_d": 5.5119767253763924e-09, "rotation_d": 5.188779700079552e-05, "width_d": 0.004855245337077994}