{"numgrasp": 240, "translation_d": 5.555597289605447e-09, "rotation_d": 4.999897914650869e-05, "width_d": 0.0045258245795622015}