{"numgrasp": 240, "translation_d": 5.439961410912813e-09, "rotation_d": 4.985455931481243e-05, "width_d": 0.0046061740386852314}