{"numgrasp": 247, "translation_d": 5.125013816137639e-09, "rotation_d": 5.031735482232232e-05, "width_d": 0.004369485550988253}