{"numgrasp": 252, "translation_d": 5.511569437944516e-09, "rotation_d": 4.987535951585489e-05, "width_d": 0.00427260214553668}