{"numgrasp": 240, "translation_d": 5.585415715762188e-09, "rotation_d": 5.0677864726253184e-05, "width_d": 0.004418889750915797}