{"numgrasp": 217, "translation_d": 5.580944869587699e-09, "rotation_d": 5.1303415414642863e-05, "width_d": 0.004217987737503936}