{"numgrasp": 239, "translation_d": 5.264954430575383e-09, "rotation_d": 5.217178728238433e-05, "width_d": 0.004710256108276036}