{"numgrasp": 309, "translation_d": 6.671838376679036e-09, "rotation_d": 4.477735904721387e-05, "width_d": 0.003930332490755342}