{"numgrasp": 257, "translation_d": 6.3509092347627575e-09, "rotation_d": 4.6363091444608284e-05, "width_d": 0.0038150920433658348}