{"numgrasp": 233, "translation_d": 6.177512119369318e-09, "rotation_d": 4.757971264274093e-05, "width_d": 0.0040595088497959635}