{"numgrasp": 242, "translation_d": 6.512775706435224e-09, "rotation_d": 4.191719601220464e-05, "width_d": 0.0038462031352832094}