{"numgrasp": 286, "translation_d": 6.599771993022026e-09, "rotation_d": 4.279656544365767e-05, "width_d": 0.0038645077001400086}