{"numgrasp": 323, "translation_d": 6.852334761950869e-09, "rotation_d": 4.405230083748387e-05, "width_d": 0.003933011847554496}