{"numgrasp": 345, "translation_d": 6.669135154521092e-09, "rotation_d": 4.616909935641775e-05, "width_d": 0.004023159137703437}