{"numgrasp": 322, "translation_d": 6.808239414878091e-09, "rotation_d": 4.536961983693825e-05, "width_d": 0.0041431731713246316}