{"numgrasp": 323, "translation_d": 7.172534795790027e-09, "rotation_d": 4.6766278779005874e-05, "width_d": 0.0040807344837570335}