{"numgrasp": 316, "translation_d": 7.080346911164538e-09, "rotation_d": 4.661876871363787e-05, "width_d": 0.004208101127003283}