{"numgrasp": 287, "translation_d": 6.5934516641689255e-09, "rotation_d": 5.093921610158417e-05, "width_d": 0.004197329241853957}