{"numgrasp": 279, "translation_d": 6.43736821610035e-09, "rotation_d": 5.1024078461109786e-05, "width_d": 0.0038002581698520126}