{"numgrasp": 307, "translation_d": 6.474588035702977e-09, "rotation_d": 5.1182781478805325e-05, "width_d": 0.004038054186721739}