{"numgrasp": 314, "translation_d": 6.6577526524875535e-09, "rotation_d": 5.024411329059908e-05, "width_d": 0.003739724400698447}