{"numgrasp": 283, "translation_d": 6.349362526349807e-09, "rotation_d": 4.66534270974497e-05, "width_d": 0.00348248950785159}