{"numgrasp": 279, "translation_d": 6.191328087905104e-09, "rotation_d": 5.1143948586059414e-05, "width_d": 0.003494449168940556}