{"numgrasp": 309, "translation_d": 6.453203950654593e-09, "rotation_d": 5.3743312498804554e-05, "width_d": 0.0035897019704902093}