{"numgrasp": 287, "translation_d": 6.285688034497499e-09, "rotation_d": 5.3423500467254945e-05, "width_d": 0.003973386482008565}