{"numgrasp": 281, "translation_d": 6.294074367186796e-09, "rotation_d": 5.380860961734974e-05, "width_d": 0.0038561011266604914}