{"numgrasp": 271, "translation_d": 6.147812460963084e-09, "rotation_d": 5.446553599316546e-05, "width_d": 0.003939922045567434}