{"numgrasp": 289, "translation_d": 5.935639214298067e-09, "rotation_d": 5.357165924827753e-05, "width_d": 0.004014653676150547}