{"numgrasp": 285, "translation_d": 5.568562519518307e-09, "rotation_d": 5.511197777528681e-05, "width_d": 0.003641695181150162}