{"numgrasp": 306, "translation_d": 5.871398751783736e-09, "rotation_d": 5.554431104261583e-05, "width_d": 0.003595267580442375}