{"numgrasp": 286, "translation_d": 6.15975858919751e-09, "rotation_d": 6.153329130164304e-05, "width_d": 0.003697954656207333}