{"numgrasp": 291, "translation_d": 6.199550159886483e-09, "rotation_d": 5.9008919659761696e-05, "width_d": 0.003208428346087553}