{"numgrasp": 300, "translation_d": 5.8391803083232665e-09, "rotation_d": 5.8461653756791956e-05, "width_d": 0.0029365162438693385}