{"numgrasp": 294, "translation_d": 6.335323923659253e-09, "rotation_d": 5.813714840512219e-05, "width_d": 0.0031278659152632893}