{"numgrasp": 303, "translation_d": 5.865591263503683e-09, "rotation_d": 5.676607700320254e-05, "width_d": 0.003304029424333825}