{"numgrasp": 298, "translation_d": 6.257521791528071e-09, "rotation_d": 5.578527916376789e-05, "width_d": 0.003174533188579635}