{"numgrasp": 257, "translation_d": 5.916708841458596e-09, "rotation_d": 3.7413948905834065e-05, "width_d": 0.0024126873135103225}