{"numgrasp": 309, "translation_d": 6.090167510155977e-09, "rotation_d": 5.5044915979056266e-05, "width_d": 0.0038279288102749695}