{"numgrasp": 299, "translation_d": 5.968381699182003e-09, "rotation_d": 4.402664972687531e-05, "width_d": 0.00437697495395922}