{"numgrasp": 304, "translation_d": 5.7473328809609695e-09, "rotation_d": 4.4263997927604456e-05, "width_d": 0.004100084908520607}