{"numgrasp": 374, "translation_d": 5.931504615670052e-09, "rotation_d": 3.7824381380960906e-05, "width_d": 0.003808483013662615}