{"numgrasp": 256, "translation_d": 6.217463902250672e-09, "rotation_d": 4.392047007311162e-05, "width_d": 0.0032153149897110344}