{"numgrasp": 260, "translation_d": 5.951319777353203e-09, "rotation_d": 4.463666791175679e-05, "width_d": 0.0027796587826478328}