{"numgrasp": 247, "translation_d": 5.944987392154082e-09, "rotation_d": 3.9132965315060814e-05, "width_d": 0.003317797391632164}