{"numgrasp": 262, "translation_d": 5.640218215344005e-09, "rotation_d": 3.943174422170608e-05, "width_d": 0.0036609406803081988}