{"numgrasp": 269, "translation_d": 5.972180438625805e-09, "rotation_d": 3.8455953912073325e-05, "width_d": 0.0036689961330667324}