{"numgrasp": 292, "translation_d": 5.528433580983972e-09, "rotation_d": 4.3581178077692764e-05, "width_d": 0.004751606004549517}