{"numgrasp": 277, "translation_d": 5.526584443204916e-09, "rotation_d": 4.2325727419788886e-05, "width_d": 0.004015723051730963}