{"numgrasp": 280, "translation_d": 5.770170042810465e-09, "rotation_d": 4.2640426863180286e-05, "width_d": 0.003625352594952622}