{"numgrasp": 279, "translation_d": 5.601319303706654e-09, "rotation_d": 4.255529922841863e-05, "width_d": 0.0035183183296909754}