{"numgrasp": 261, "translation_d": 5.3837082643896415e-09, "rotation_d": 4.346774380328314e-05, "width_d": 0.0033035308190261553}