{"numgrasp": 287, "translation_d": 5.346882665851969e-09, "rotation_d": 4.400170737365053e-05, "width_d": 0.0026820145865934482}