{"numgrasp": 293, "translation_d": 5.374489079806663e-09, "rotation_d": 4.358848000714045e-05, "width_d": 0.002477730084014823}