{"numgrasp": 302, "translation_d": 5.074980662286402e-09, "rotation_d": 5.956082768716449e-05, "width_d": 0.0023255801666220836}