{"numgrasp": 277, "translation_d": 5.165300756690429e-09, "rotation_d": 5.660036935234904e-05, "width_d": 0.0025203310368186824}