{"numgrasp": 267, "translation_d": 5.169681311912321e-09, "rotation_d": 5.45829920611806e-05, "width_d": 0.0030389963679276375}