{"numgrasp": 291, "translation_d": 5.4789608407610135e-09, "rotation_d": 5.233727676148522e-05, "width_d": 0.00416030969752499}