{"numgrasp": 280, "translation_d": 5.465212002259918e-09, "rotation_d": 5.1416418916125154e-05, "width_d": 0.004436353651277637}