{"numgrasp": 307, "translation_d": 5.104628484088996e-09, "rotation_d": 5.8911700147462e-05, "width_d": 0.0038125037841763017}