{"numgrasp": 312, "translation_d": 4.7963166165421725e-09, "rotation_d": 6.039336085817425e-05, "width_d": 0.003173578256549137}