{"numgrasp": 324, "translation_d": 4.897127271394151e-09, "rotation_d": 6.0696726244084194e-05, "width_d": 0.0027939799753674078}