{"numgrasp": 383, "translation_d": 5.767973049096279e-09, "rotation_d": 4.001340662885006e-05, "width_d": 0.004518167067910011}