{"numgrasp": 293, "translation_d": 4.7993003086622886e-09, "rotation_d": 6.18719077636246e-05, "width_d": 0.0022180552420953603}