{"numgrasp": 290, "translation_d": 4.526976742263052e-09, "rotation_d": 5.5212214775810614e-05, "width_d": 0.0022117856929679386}