{"numgrasp": 304, "translation_d": 4.8858792839561375e-09, "rotation_d": 5.999002386795297e-05, "width_d": 0.0031466841227340107}