{"numgrasp": 327, "translation_d": 4.679365923167291e-09, "rotation_d": 6.0502780762389424e-05, "width_d": 0.003670032970375786}