{"numgrasp": 367, "translation_d": 5.662231581395718e-09, "rotation_d": 3.937961098197637e-05, "width_d": 0.00426586262214595}