{"numgrasp": 334, "translation_d": 4.520445310987206e-09, "rotation_d": 6.002318462197786e-05, "width_d": 0.004478179091310008}