{"numgrasp": 349, "translation_d": 4.652626958939765e-09, "rotation_d": 5.952501835810903e-05, "width_d": 0.0050811865539536144}