{"numgrasp": 342, "translation_d": 4.700827399860504e-09, "rotation_d": 5.700940093559333e-05, "width_d": 0.005360608600193908}