{"numgrasp": 362, "translation_d": 4.743435668180443e-09, "rotation_d": 5.7673258326807036e-05, "width_d": 0.004794150207891389}