{"numgrasp": 285, "translation_d": 4.315067473426205e-09, "rotation_d": 4.601501329039832e-05, "width_d": 0.0022912783567059425}