{"numgrasp": 281, "translation_d": 4.594161182708244e-09, "rotation_d": 4.26699813220428e-05, "width_d": 0.0024592736769719703}