{"numgrasp": 327, "translation_d": 4.411882351782717e-09, "rotation_d": 4.4935718411604995e-05, "width_d": 0.0030768342053864354}