{"numgrasp": 321, "translation_d": 4.69865646625337e-09, "rotation_d": 4.59095183276928e-05, "width_d": 0.0031674067059457743}