{"numgrasp": 335, "translation_d": 4.396342238871691e-09, "rotation_d": 4.6938701321978055e-05, "width_d": 0.003595406196246497}