{"numgrasp": 351, "translation_d": 4.373250383708332e-09, "rotation_d": 5.0684117109580555e-05, "width_d": 0.004683049762046133}