{"numgrasp": 328, "translation_d": 4.4403843240217994e-09, "rotation_d": 5.062107652586524e-05, "width_d": 0.005341754220234083}