{"numgrasp": 359, "translation_d": 5.65821003813964e-09, "rotation_d": 3.883219373833142e-05, "width_d": 0.0036383042772441276}