{"numgrasp": 317, "translation_d": 4.51709917736067e-09, "rotation_d": 3.768682297506993e-05, "width_d": 0.0033749794897917564}