{"numgrasp": 320, "translation_d": 4.4197828780248025e-09, "rotation_d": 3.647057996744247e-05, "width_d": 0.0032764655662925234}