{"numgrasp": 245, "translation_d": 4.486507414621887e-09, "rotation_d": 3.7667384586720316e-05, "width_d": 0.0023761867000863714}