{"numgrasp": 290, "translation_d": 4.741706518996227e-09, "rotation_d": 4.046737015784389e-05, "width_d": 0.0023115007686827695}