{"numgrasp": 306, "translation_d": 4.717874574901293e-09, "rotation_d": 3.802485919055834e-05, "width_d": 0.0026671504407071787}