{"numgrasp": 317, "translation_d": 4.681950220696048e-09, "rotation_d": 3.7321249678428815e-05, "width_d": 0.0032553509182731964}