{"numgrasp": 327, "translation_d": 4.72513479016783e-09, "rotation_d": 3.652050297872507e-05, "width_d": 0.003766352965107446}