{"numgrasp": 314, "translation_d": 4.583459946802481e-09, "rotation_d": 3.826569881379268e-05, "width_d": 0.004502905413523077}