{"numgrasp": 330, "translation_d": 4.401102096423015e-09, "rotation_d": 3.865718796593863e-05, "width_d": 0.004762810655420814}