{"numgrasp": 314, "translation_d": 4.39018530238576e-09, "rotation_d": 3.8256894109169245e-05, "width_d": 0.005481039879226633}