{"numgrasp": 309, "translation_d": 4.690476204960269e-09, "rotation_d": 3.782877935733016e-05, "width_d": 0.0058354117708465094}