{"numgrasp": 328, "translation_d": 4.8426452188145714e-09, "rotation_d": 3.8204269630622377e-05, "width_d": 0.005720364066059078}