{"numgrasp": 358, "translation_d": 5.767971505343267e-09, "rotation_d": 3.7874401923994145e-05, "width_d": 0.0032943014438484536}