{"numgrasp": 334, "translation_d": 5.7678089906222206e-09, "rotation_d": 3.70957225949941e-05, "width_d": 0.0029204934982063244}