{"numgrasp": 310, "translation_d": 5.877350770892278e-09, "rotation_d": 3.6590649942318945e-05, "width_d": 0.0026171988509683507}