{"numgrasp": 302, "translation_d": 5.459958032428365e-09, "rotation_d": 3.9978310250372663e-05, "width_d": 0.002455976556291091}