{"numgrasp": 341, "translation_d": 5.551884867920506e-09, "rotation_d": 4.2909628256563694e-05, "width_d": 0.003124848502167992}