{"numgrasp": 354, "translation_d": 5.568287778265811e-09, "rotation_d": 4.493942209985356e-05, "width_d": 0.003260733654013333}