{"numgrasp": 368, "translation_d": 5.926009411662421e-09, "rotation_d": 4.6353340280262736e-05, "width_d": 0.004005090545133113}