{"numgrasp": 369, "translation_d": 5.8299063991751635e-09, "rotation_d": 4.681425677220408e-05, "width_d": 0.004320455866139599}