{"numgrasp": 368, "translation_d": 5.943824706383247e-09, "rotation_d": 5.150199710183237e-05, "width_d": 0.0042240007973181}