{"numgrasp": 360, "translation_d": 5.894743526001753e-09, "rotation_d": 5.258646271208251e-05, "width_d": 0.004340290725089048}