{"numgrasp": 354, "translation_d": 5.876071980479115e-09, "rotation_d": 3.8719779191878954e-05, "width_d": 0.0030473644450748822}