{"numgrasp": 366, "translation_d": 5.772916907632664e-09, "rotation_d": 5.336972976898404e-05, "width_d": 0.003831118262833214}