{"numgrasp": 313, "translation_d": 5.792162166626715e-09, "rotation_d": 5.1694203131951435e-05, "width_d": 0.0029883531439629306}