{"numgrasp": 285, "translation_d": 5.6136599083406e-09, "rotation_d": 4.918836906693198e-05, "width_d": 0.002496481096187508}