{"numgrasp": 277, "translation_d": 5.8625834649181e-09, "rotation_d": 4.6029154853915704e-05, "width_d": 0.0025845889335076215}