{"numgrasp": 263, "translation_d": 5.5475989250086914e-09, "rotation_d": 5.5555955204642454e-05, "width_d": 0.0023161085658416755}