{"numgrasp": 256, "translation_d": 5.635046873647e-09, "rotation_d": 5.8654746502724326e-05, "width_d": 0.0025869460839327133}