{"numgrasp": 308, "translation_d": 5.431292425834698e-09, "rotation_d": 5.9346679548526205e-05, "width_d": 0.0030139327946213344}