{"numgrasp": 330, "translation_d": 5.9425438203083e-09, "rotation_d": 5.9547222739626315e-05, "width_d": 0.003272829632698202}