{"numgrasp": 337, "translation_d": 6.189734962133522e-09, "rotation_d": 5.9885438864862284e-05, "width_d": 0.0034192228458181043}