{"numgrasp": 351, "translation_d": 5.775669308072183e-09, "rotation_d": 5.923400109333432e-05, "width_d": 0.003805968901425198}