{"numgrasp": 347, "translation_d": 5.911364385766468e-09, "rotation_d": 5.66928733848423e-05, "width_d": 0.004312292097095428}