{"numgrasp": 332, "translation_d": 6.14745584743085e-09, "rotation_d": 5.560685899452917e-05, "width_d": 0.004542821210654453}