{"numgrasp": 334, "translation_d": 5.963118213406744e-09, "rotation_d": 6.0301341647518386e-05, "width_d": 0.0040093405948409475}