{"numgrasp": 319, "translation_d": 5.640708931137871e-09, "rotation_d": 6.000755075786393e-05, "width_d": 0.0033743281777020655}