{"numgrasp": 244, "translation_d": 5.623117495932586e-09, "rotation_d": 6.152000242885504e-05, "width_d": 0.0026551748835019016}