{"numgrasp": 364, "translation_d": 5.883535348157617e-09, "rotation_d": 3.835074182775511e-05, "width_d": 0.003658801208053698}