{"numgrasp": 248, "translation_d": 6.133744657439174e-09, "rotation_d": 5.551349343787297e-05, "width_d": 0.0024794735091122878}