{"numgrasp": 266, "translation_d": 6.023368803084121e-09, "rotation_d": 5.500990683286841e-05, "width_d": 0.003287761225445877}