{"numgrasp": 281, "translation_d": 5.894271735531636e-09, "rotation_d": 5.373995384152372e-05, "width_d": 0.0033690726046898974}