{"numgrasp": 230, "translation_d": 7.170180874638746e-09, "rotation_d": 6.0843370200065407e-05, "width_d": 0.003539752358078996}