{"numgrasp": 223, "translation_d": 6.551506964844603e-09, "rotation_d": 5.466573813454719e-05, "width_d": 0.0036500024230997925}