{"numgrasp": 227, "translation_d": 6.925093251452378e-09, "rotation_d": 5.405428585436851e-05, "width_d": 0.0031391910339230215}