{"numgrasp": 229, "translation_d": 7.004619787030893e-09, "rotation_d": 5.699348303845674e-05, "width_d": 0.0024643553760530235}