{"numgrasp": 240, "translation_d": 6.975243950117195e-09, "rotation_d": 5.8218083891418806e-05, "width_d": 0.0022520829517066296}