{"numgrasp": 239, "translation_d": 6.714555099580732e-09, "rotation_d": 5.8589884749328804e-05, "width_d": 0.0017681050613127032}