{"numgrasp": 239, "translation_d": 6.47435573546195e-09, "rotation_d": 5.9957568701476504e-05, "width_d": 0.0018711242347180309}