{"numgrasp": 238, "translation_d": 7.153233520106987e-09, "rotation_d": 4.7706918581886046e-05, "width_d": 0.0019103143850534644}