{"numgrasp": 223, "translation_d": 7.216005312407818e-09, "rotation_d": 4.691417754702245e-05, "width_d": 0.0022062785279712495}