{"numgrasp": 239, "translation_d": 7.61111714939975e-09, "rotation_d": 4.599403629202611e-05, "width_d": 0.002301263212845522}