{"numgrasp": 243, "translation_d": 7.211808323089522e-09, "rotation_d": 4.682234299218568e-05, "width_d": 0.0026319382766966785}