{"numgrasp": 169, "translation_d": 5.658396042841179e-09, "rotation_d": 5.643843998322897e-05, "width_d": 0.006880512473520423}