{"numgrasp": 221, "translation_d": 6.683530645288026e-09, "rotation_d": 4.562563747442842e-05, "width_d": 0.002432561661901121}