{"numgrasp": 235, "translation_d": 7.03977630260055e-09, "rotation_d": 4.2210652844650136e-05, "width_d": 0.0024388456592919377}