{"numgrasp": 245, "translation_d": 7.326296347317305e-09, "rotation_d": 4.01889777177243e-05, "width_d": 0.0025591591225751858}