{"numgrasp": 254, "translation_d": 7.587433131163907e-09, "rotation_d": 3.321052799470081e-05, "width_d": 0.0025437277736777117}