{"numgrasp": 224, "translation_d": 6.3515271593899006e-09, "rotation_d": 3.813268775829721e-05, "width_d": 0.004151871863297061}