{"numgrasp": 259, "translation_d": 6.09495892733436e-09, "rotation_d": 5.1662818580486456e-05, "width_d": 0.0028054581036189}