{"numgrasp": 255, "translation_d": 6.639224225612558e-09, "rotation_d": 5.309143777632646e-05, "width_d": 0.002979671895219239}