{"numgrasp": 229, "translation_d": 6.336959361972829e-09, "rotation_d": 5.677354907334876e-05, "width_d": 0.0028079528570808597}