{"numgrasp": 256, "translation_d": 6.27543325589001e-09, "rotation_d": 6.046340519713472e-05, "width_d": 0.0033453763714827766}