{"numgrasp": 259, "translation_d": 6.254334504961008e-09, "rotation_d": 5.3388771193794816e-05, "width_d": 0.0035856381179739326}