{"numgrasp": 231, "translation_d": 6.1263109827922846e-09, "rotation_d": 5.056579155646119e-05, "width_d": 0.004149721736673196}