{"numgrasp": 224, "translation_d": 6.6787953857118825e-09, "rotation_d": 5.781080707829399e-05, "width_d": 0.004478243081220875}