{"numgrasp": 235, "translation_d": 6.136507506420198e-09, "rotation_d": 5.892069039695149e-05, "width_d": 0.004545445914966523}