{"numgrasp": 251, "translation_d": 6.447248041661433e-09, "rotation_d": 5.972050098735403e-05, "width_d": 0.004533122026911526}