{"numgrasp": 241, "translation_d": 6.4000532914486985e-09, "rotation_d": 6.24081382084742e-05, "width_d": 0.003394004661989235}