{"numgrasp": 243, "translation_d": 6.144740011453778e-09, "rotation_d": 5.635672830633421e-05, "width_d": 0.0036841054817185613}