{"numgrasp": 250, "translation_d": 6.2553788329913075e-09, "rotation_d": 5.893013942887794e-05, "width_d": 0.003579124362108619}