{"numgrasp": 254, "translation_d": 6.044514389356505e-09, "rotation_d": 6.15792457417685e-05, "width_d": 0.0039206194274167905}