{"numgrasp": 260, "translation_d": 6.386194647345225e-09, "rotation_d": 6.121954533790705e-05, "width_d": 0.004309145837232005}