{"numgrasp": 271, "translation_d": 5.7010917752948005e-09, "rotation_d": 6.100392604773974e-05, "width_d": 0.004849893541783646}