{"numgrasp": 237, "translation_d": 6.058586851332088e-09, "rotation_d": 5.9607672263015655e-05, "width_d": 0.004843706910021244}