{"numgrasp": 237, "translation_d": 5.7640504988318075e-09, "rotation_d": 5.918360482521987e-05, "width_d": 0.005132129615451859}