{"numgrasp": 225, "translation_d": 5.974012427491665e-09, "rotation_d": 5.996057179970687e-05, "width_d": 0.005137430085752626}