{"numgrasp": 235, "translation_d": 5.447550055147109e-09, "rotation_d": 5.7333859182128426e-05, "width_d": 0.005675336436632312}