{"numgrasp": 220, "translation_d": 5.751382574959487e-09, "rotation_d": 5.684599713563968e-05, "width_d": 0.005630421676148808}