{"numgrasp": 257, "translation_d": 6.337992544676512e-09, "rotation_d": 5.720954675404906e-05, "width_d": 0.004672306014657458}