{"numgrasp": 259, "translation_d": 6.12584291217969e-09, "rotation_d": 5.6044901201885294e-05, "width_d": 0.004537589459029361}