{"numgrasp": 257, "translation_d": 6.085769720445267e-09, "rotation_d": 5.556544041521165e-05, "width_d": 0.004429152532529193}