{"numgrasp": 191, "translation_d": 5.390890956403911e-09, "rotation_d": 4.476606636611296e-05, "width_d": 0.0049991392573386605}