{"numgrasp": 267, "translation_d": 5.853206331123852e-09, "rotation_d": 4.378785138846445e-05, "width_d": 0.004349374677896513}