{"numgrasp": 261, "translation_d": 5.628966441797513e-09, "rotation_d": 4.5569618374263704e-05, "width_d": 0.004578171970404508}