{"numgrasp": 256, "translation_d": 5.715429809642374e-09, "rotation_d": 4.926339062843678e-05, "width_d": 0.004610237760550342}