{"numgrasp": 261, "translation_d": 6.0535782278060505e-09, "rotation_d": 4.9653842318098626e-05, "width_d": 0.005044592141125452}