{"numgrasp": 254, "translation_d": 6.1261588418226e-09, "rotation_d": 5.335816766623129e-05, "width_d": 0.005885376951228243}