{"numgrasp": 249, "translation_d": 6.119900832669941e-09, "rotation_d": 5.552939907013334e-05, "width_d": 0.006029280600215502}