{"numgrasp": 167, "translation_d": 5.643532893103537e-09, "rotation_d": 4.5304061064120406e-05, "width_d": 0.00414955675925048}