{"numgrasp": 145, "translation_d": 5.440096547006079e-09, "rotation_d": 5.791662729848099e-05, "width_d": 0.0025269908080001314}