{"numgrasp": 170, "translation_d": 5.869412659943391e-09, "rotation_d": 4.059480851572303e-05, "width_d": 0.0026887951216153}