{"numgrasp": 168, "translation_d": 5.62339855307689e-09, "rotation_d": 3.65767931335675e-05, "width_d": 0.00312679529241207}