{"numgrasp": 181, "translation_d": 6.2213631215787705e-09, "rotation_d": 3.2886772323698853e-05, "width_d": 0.0038037841398923093}