{"numgrasp": 187, "translation_d": 5.886844629629985e-09, "rotation_d": 2.8624283771288757e-05, "width_d": 0.0029667957812576163}