{"numgrasp": 158, "translation_d": 5.289717729422873e-09, "rotation_d": 5.9812574825678846e-05, "width_d": 0.0035787011413731017}