{"numgrasp": 175, "translation_d": 5.557876118933611e-09, "rotation_d": 3.3175912530162145e-05, "width_d": 0.0020109361866294017}