{"numgrasp": 184, "translation_d": 6.867979816301149e-09, "rotation_d": 4.9306269733715065e-05, "width_d": 0.004024436022240109}