{"numgrasp": 182, "translation_d": 6.656943297627904e-09, "rotation_d": 5.0862892513091226e-05, "width_d": 0.004964961802720599}