{"numgrasp": 192, "translation_d": 5.926711410171971e-09, "rotation_d": 5.966679245847383e-05, "width_d": 0.004942947864380046}