{"numgrasp": 218, "translation_d": 7.324901315743397e-09, "rotation_d": 6.056882040813408e-05, "width_d": 0.004798566954557988}