{"numgrasp": 166, "translation_d": 5.977430492435247e-09, "rotation_d": 5.7836790095207155e-05, "width_d": 0.0042067427056772366}