{"numgrasp": 216, "translation_d": 6.582435762637686e-09, "rotation_d": 6.151157880052633e-05, "width_d": 0.0040595860226902815}