{"numgrasp": 211, "translation_d": 7.140486845876592e-09, "rotation_d": 5.995034641753832e-05, "width_d": 0.0034747140968474977}