{"numgrasp": 200, "translation_d": 7.2786652243362006e-09, "rotation_d": 5.473083827084676e-05, "width_d": 0.002468530201255509}