{"numgrasp": 189, "translation_d": 6.925782348707323e-09, "rotation_d": 5.259189676936994e-05, "width_d": 0.002254380643616986}