{"numgrasp": 172, "translation_d": 5.14441652876214e-09, "rotation_d": 5.919712768773778e-05, "width_d": 0.004738865412689679}