{"numgrasp": 224, "translation_d": 6.8237514804926656e-09, "rotation_d": 6.267615409278863e-05, "width_d": 0.001997564492559771}