{"numgrasp": 217, "translation_d": 7.151881797743342e-09, "rotation_d": 6.213627118975926e-05, "width_d": 0.002170135143741504}