{"numgrasp": 228, "translation_d": 6.950796333812253e-09, "rotation_d": 6.325597146349982e-05, "width_d": 0.002534874493705347}