{"numgrasp": 227, "translation_d": 7.0488563203398945e-09, "rotation_d": 6.267453474357255e-05, "width_d": 0.0028989473972820205}