{"numgrasp": 230, "translation_d": 6.8435927598520015e-09, "rotation_d": 6.212512099705072e-05, "width_d": 0.003203596097430573}