{"numgrasp": 398, "translation_d": 5.834465634846397e-09, "rotation_d": 5.603607559309272e-05, "width_d": 0.004077302682425271}