{"numgrasp": 403, "translation_d": 6.024902360300874e-09, "rotation_d": 5.5575106608980164e-05, "width_d": 0.00435204485199169}