{"numgrasp": 374, "translation_d": 5.698877215580595e-09, "rotation_d": 5.558868823472665e-05, "width_d": 0.005139097907824315}