{"numgrasp": 386, "translation_d": 5.634600675315592e-09, "rotation_d": 4.70663324837614e-05, "width_d": 0.004880249351998886}