{"numgrasp": 398, "translation_d": 5.5666813117098405e-09, "rotation_d": 4.068568843880218e-05, "width_d": 0.002174011423726602}