{"numgrasp": 397, "translation_d": 5.601076461787769e-09, "rotation_d": 4.547191809419851e-05, "width_d": 0.003920919303345303}