{"numgrasp": 404, "translation_d": 5.485442001283597e-09, "rotation_d": 4.667603031150861e-05, "width_d": 0.0032640907431128402}