{"numgrasp": 380, "translation_d": 5.505480949962216e-09, "rotation_d": 4.722804971608893e-05, "width_d": 0.0025145680011767423}