{"numgrasp": 378, "translation_d": 5.57623668465037e-09, "rotation_d": 3.933575723783318e-05, "width_d": 0.002343326585606116}