{"numgrasp": 393, "translation_d": 5.363803490576315e-09, "rotation_d": 3.913644029569112e-05, "width_d": 0.003328180833005204}