{"numgrasp": 399, "translation_d": 5.4503519153193664e-09, "rotation_d": 3.828922074692793e-05, "width_d": 0.004104507204022981}