{"numgrasp": 377, "translation_d": 5.057421491496514e-09, "rotation_d": 4.3752225842176195e-05, "width_d": 0.006276153616449085}