{"numgrasp": 401, "translation_d": 5.749484054461491e-09, "rotation_d": 4.304512290792726e-05, "width_d": 0.003228343279453423}