{"numgrasp": 396, "translation_d": 5.505688060709233e-09, "rotation_d": 4.352870370137518e-05, "width_d": 0.0028543713868778627}