{"numgrasp": 401, "translation_d": 5.578773793906396e-09, "rotation_d": 4.5100210231005346e-05, "width_d": 0.0021043425215888267}