{"numgrasp": 356, "translation_d": 5.731099144193295e-09, "rotation_d": 5.426437610073008e-05, "width_d": 0.0034382395252709522}