{"numgrasp": 352, "translation_d": 5.488046652014247e-09, "rotation_d": 5.425046580702267e-05, "width_d": 0.003725553520594955}