{"numgrasp": 339, "translation_d": 5.085899514220435e-09, "rotation_d": 5.318050587668457e-05, "width_d": 0.004097565748149625}