{"numgrasp": 353, "translation_d": 5.288189296091513e-09, "rotation_d": 5.4052286291838045e-05, "width_d": 0.004230153948494569}