{"numgrasp": 351, "translation_d": 5.440760029275766e-09, "rotation_d": 5.43379935636341e-05, "width_d": 0.004578169591281955}