{"numgrasp": 315, "translation_d": 5.028017047151843e-09, "rotation_d": 6.0211586702900296e-05, "width_d": 0.0053485825370042815}