{"numgrasp": 376, "translation_d": 5.5068431746778845e-09, "rotation_d": 4.182865089859487e-05, "width_d": 0.0023669168425418303}