{"numgrasp": 332, "translation_d": 5.282790861239255e-09, "rotation_d": 5.901304963815595e-05, "width_d": 0.0022323306857097067}