{"numgrasp": 350, "translation_d": 5.307497397169344e-09, "rotation_d": 5.91697891572357e-05, "width_d": 0.0021381776841537677}