{"numgrasp": 362, "translation_d": 5.328887213961609e-09, "rotation_d": 5.70769454298174e-05, "width_d": 0.002171750952212995}