{"numgrasp": 346, "translation_d": 5.317891315289891e-09, "rotation_d": 5.976073994659321e-05, "width_d": 0.0030952869277833545}