{"numgrasp": 360, "translation_d": 5.068209587134219e-09, "rotation_d": 5.875137717068203e-05, "width_d": 0.0034132968603131464}