{"numgrasp": 343, "translation_d": 5.1834895334063745e-09, "rotation_d": 5.993118536967306e-05, "width_d": 0.003392088217757198}