{"numgrasp": 314, "translation_d": 4.958016328890824e-09, "rotation_d": 5.482278173153053e-05, "width_d": 0.0039603323974710565}