{"numgrasp": 340, "translation_d": 5.016932703152563e-09, "rotation_d": 5.492688815609167e-05, "width_d": 0.0029568786262237803}