{"numgrasp": 346, "translation_d": 5.222421311344701e-09, "rotation_d": 5.3825297393881453e-05, "width_d": 0.0027366413131540744}