{"numgrasp": 347, "translation_d": 5.032237177238033e-09, "rotation_d": 5.257362790269772e-05, "width_d": 0.0024612696667993986}