{"numgrasp": 362, "translation_d": 5.32122742006305e-09, "rotation_d": 4.8341001300659975e-05, "width_d": 0.002025709333870514}