{"numgrasp": 354, "translation_d": 5.287369237619845e-09, "rotation_d": 4.6659175019357996e-05, "width_d": 0.0019216593075984814}