{"numgrasp": 361, "translation_d": 5.282574569525667e-09, "rotation_d": 4.108252503169912e-05, "width_d": 0.0019265037574250422}