{"numgrasp": 350, "translation_d": 4.979749706403283e-09, "rotation_d": 4.301310313439608e-05, "width_d": 0.0020391165535739554}