{"numgrasp": 365, "translation_d": 5.183346671222583e-09, "rotation_d": 4.602748345744426e-05, "width_d": 0.0025327020592782502}