{"numgrasp": 342, "translation_d": 4.890560399041515e-09, "rotation_d": 4.826688672373657e-05, "width_d": 0.002846150813514228}