{"numgrasp": 352, "translation_d": 5.157752859765306e-09, "rotation_d": 4.884361686794429e-05, "width_d": 0.003261843828630536}