{"numgrasp": 346, "translation_d": 5.1497298862716495e-09, "rotation_d": 4.1685998291666785e-05, "width_d": 0.0027770392121568687}