{"numgrasp": 410, "translation_d": 5.697006984254186e-09, "rotation_d": 3.975584301660931e-05, "width_d": 0.0019372353903915848}