{"numgrasp": 368, "translation_d": 4.985006844592206e-09, "rotation_d": 3.9302839772911024e-05, "width_d": 0.001827322712910689}