{"numgrasp": 375, "translation_d": 5.0580589869627504e-09, "rotation_d": 4.20454517256715e-05, "width_d": 0.001685588227705389}