{"numgrasp": 370, "translation_d": 4.9772314602753e-09, "rotation_d": 4.09427545127649e-05, "width_d": 0.001798624867507039}