{"numgrasp": 352, "translation_d": 4.975078127971588e-09, "rotation_d": 4.011733443051804e-05, "width_d": 0.0022117469419871204}