{"numgrasp": 356, "translation_d": 4.957870181988781e-09, "rotation_d": 4.080909911900376e-05, "width_d": 0.002355780745662809}