{"numgrasp": 351, "translation_d": 4.935111579742982e-09, "rotation_d": 4.0850596632432726e-05, "width_d": 0.0024542483008504626}