{"numgrasp": 345, "translation_d": 5.261929109168782e-09, "rotation_d": 4.071419999994013e-05, "width_d": 0.002409901863733354}