{"numgrasp": 330, "translation_d": 4.94921222631839e-09, "rotation_d": 3.9261807232012966e-05, "width_d": 0.0024692522889545967}