{"numgrasp": 329, "translation_d": 5.17641384334493e-09, "rotation_d": 4.0092381163350186e-05, "width_d": 0.00254489399639841}