{"numgrasp": 419, "translation_d": 5.66724009091714e-09, "rotation_d": 3.911927224039296e-05, "width_d": 0.0018545448227244856}