{"numgrasp": 416, "translation_d": 5.739230961668124e-09, "rotation_d": 3.9841501949288185e-05, "width_d": 0.0019473277602624337}