{"numgrasp": 401, "translation_d": 5.771387779839552e-09, "rotation_d": 3.9125402547216144e-05, "width_d": 0.0018161028507531769}