{"numgrasp": 394, "translation_d": 5.8574399728287816e-09, "rotation_d": 3.842807392825268e-05, "width_d": 0.0018251610331682763}