{"numgrasp": 411, "translation_d": 5.8295844615019545e-09, "rotation_d": 4.230269043327486e-05, "width_d": 0.001935066328168473}