{"numgrasp": 371, "translation_d": 5.50221939664266e-09, "rotation_d": 4.434030097955348e-05, "width_d": 0.0026861485249644137}