{"numgrasp": 375, "translation_d": 5.747374885075993e-09, "rotation_d": 4.9550687762855264e-05, "width_d": 0.0027711695462634698}