{"numgrasp": 403, "translation_d": 6.3355895548436945e-09, "rotation_d": 4.332820078606662e-05, "width_d": 0.0018707283096257156}