{"numgrasp": 397, "translation_d": 5.779564036403997e-09, "rotation_d": 5.0517568747599856e-05, "width_d": 0.0021949109660501626}