{"numgrasp": 405, "translation_d": 5.778632602246652e-09, "rotation_d": 4.942903429618326e-05, "width_d": 0.0023313588165654034}