{"numgrasp": 405, "translation_d": 5.780768882767067e-09, "rotation_d": 4.976628463838521e-05, "width_d": 0.0020545959602318578}