{"numgrasp": 385, "translation_d": 6.148903343538669e-09, "rotation_d": 5.134069094782171e-05, "width_d": 0.0017451845932166558}