{"numgrasp": 402, "translation_d": 5.853531958209184e-09, "rotation_d": 5.5381127931788275e-05, "width_d": 0.0020630655910545783}