{"numgrasp": 402, "translation_d": 5.664019535884076e-09, "rotation_d": 5.728062284191894e-05, "width_d": 0.0027025115245811956}