{"numgrasp": 407, "translation_d": 6.378713520580605e-09, "rotation_d": 4.234542183360616e-05, "width_d": 0.0019288657993641754}