{"numgrasp": 391, "translation_d": 5.7933342750451736e-09, "rotation_d": 5.6189939945031165e-05, "width_d": 0.0033284464010485946}