{"numgrasp": 375, "translation_d": 5.7761702448425525e-09, "rotation_d": 5.5005655371133765e-05, "width_d": 0.003592894632034465}