{"numgrasp": 380, "translation_d": 5.871134286143154e-09, "rotation_d": 5.719160429167059e-05, "width_d": 0.004434171665162204}