{"numgrasp": 390, "translation_d": 5.735085373068132e-09, "rotation_d": 5.8057135908880114e-05, "width_d": 0.0038605165815469465}