{"numgrasp": 399, "translation_d": 5.962544715498454e-09, "rotation_d": 5.901904322510911e-05, "width_d": 0.003914954364138616}