{"numgrasp": 396, "translation_d": 5.730555726418732e-09, "rotation_d": 5.991405779176051e-05, "width_d": 0.0036490787861350555}