{"numgrasp": 397, "translation_d": 6.056093097683848e-09, "rotation_d": 4.145191984867119e-05, "width_d": 0.001990118461624582}