{"numgrasp": 396, "translation_d": 5.785052627598564e-09, "rotation_d": 5.6608290759127737e-05, "width_d": 0.002642640504905857}