{"numgrasp": 402, "translation_d": 5.870549024524556e-09, "rotation_d": 5.630116662156869e-05, "width_d": 0.00310509508250942}