{"numgrasp": 395, "translation_d": 5.87595275235467e-09, "rotation_d": 5.5724964778788974e-05, "width_d": 0.003616252031089589}