{"numgrasp": 439, "translation_d": 6.199466159343245e-09, "rotation_d": 4.807629564762634e-05, "width_d": 0.0021055368552043555}