{"numgrasp": 426, "translation_d": 6.050134383543942e-09, "rotation_d": 5.204421621393e-05, "width_d": 0.0026348475980329618}