{"numgrasp": 440, "translation_d": 6.050895310266264e-09, "rotation_d": 5.453950190608785e-05, "width_d": 0.002350185780581003}