{"numgrasp": 437, "translation_d": 5.640529016717441e-09, "rotation_d": 4.856927599311092e-05, "width_d": 0.001938844389533522}