{"numgrasp": 454, "translation_d": 5.620595613966925e-09, "rotation_d": 4.7808577394368e-05, "width_d": 0.00244376920243784}