{"numgrasp": 446, "translation_d": 5.911222819359826e-09, "rotation_d": 4.7250771837292244e-05, "width_d": 0.002327162855305207}