{"numgrasp": 420, "translation_d": 5.772522655741706e-09, "rotation_d": 4.8272445207433875e-05, "width_d": 0.0030088507411248863}