{"numgrasp": 441, "translation_d": 5.762411152735137e-09, "rotation_d": 4.774429785104428e-05, "width_d": 0.003382699988458011}