{"numgrasp": 418, "translation_d": 5.817480064580768e-09, "rotation_d": 4.747875376554477e-05, "width_d": 0.003488706847853725}