{"numgrasp": 452, "translation_d": 5.827596715465986e-09, "rotation_d": 4.408830273024795e-05, "width_d": 0.004108415393587737}