{"numgrasp": 461, "translation_d": 5.696029972949341e-09, "rotation_d": 4.418325027908176e-05, "width_d": 0.0037732307231334583}