{"numgrasp": 456, "translation_d": 5.668830416359122e-09, "rotation_d": 4.410117235144016e-05, "width_d": 0.0031652282367372947}