{"numgrasp": 471, "translation_d": 5.510274506369047e-09, "rotation_d": 4.380817498144888e-05, "width_d": 0.0025908683008498395}