{"numgrasp": 465, "translation_d": 5.483243158909254e-09, "rotation_d": 4.3198482068850816e-05, "width_d": 0.0022109251854146054}