{"numgrasp": 482, "translation_d": 5.669238273795229e-09, "rotation_d": 4.538211650859639e-05, "width_d": 0.0030485392954171676}