{"numgrasp": 432, "translation_d": 5.8131059576388686e-09, "rotation_d": 4.1934265445679755e-05, "width_d": 0.005178314693232606}