{"numgrasp": 476, "translation_d": 5.638286018716651e-09, "rotation_d": 4.399999962158828e-05, "width_d": 0.0037295028709891883}