{"numgrasp": 478, "translation_d": 5.685809146081421e-09, "rotation_d": 4.466396822302622e-05, "width_d": 0.004030083966126016}