{"numgrasp": 512, "translation_d": 5.85038732692812e-09, "rotation_d": 5.0905209363891805e-05, "width_d": 0.004325388930286669}