{"numgrasp": 511, "translation_d": 5.6719031685890934e-09, "rotation_d": 8.296719609814313e-05, "width_d": 0.004001797641198114}