{"numgrasp": 502, "translation_d": 5.51152015891955e-09, "rotation_d": 5.156482443727978e-05, "width_d": 0.003707432189307737}