{"numgrasp": 464, "translation_d": 5.33088960783414e-09, "rotation_d": 4.078063989799932e-05, "width_d": 0.00564354049089687}