{"numgrasp": 540, "translation_d": 5.872275231212444e-09, "rotation_d": 5.7816425867421063e-05, "width_d": 0.0025252955698190148}