{"numgrasp": 530, "translation_d": 5.835787959727807e-09, "rotation_d": 5.737577316366502e-05, "width_d": 0.003522910269454683}