{"numgrasp": 558, "translation_d": 5.76010193416966e-09, "rotation_d": 5.613950525247063e-05, "width_d": 0.004118655402191785}