{"numgrasp": 559, "translation_d": 5.702571907895849e-09, "rotation_d": 5.627418287026564e-05, "width_d": 0.004229224535617134}