{"numgrasp": 561, "translation_d": 5.763030281795367e-09, "rotation_d": 5.6041372997029e-05, "width_d": 0.00446669034982608}