{"numgrasp": 543, "translation_d": 5.659940964344881e-09, "rotation_d": 5.480915509957846e-05, "width_d": 0.004868257289493559}