{"numgrasp": 505, "translation_d": 5.555824239151394e-09, "rotation_d": 5.546453671017183e-05, "width_d": 0.0046972859777419775}