{"numgrasp": 538, "translation_d": 5.389959299968794e-09, "rotation_d": 5.672529292219811e-05, "width_d": 0.0026048046700312315}