{"numgrasp": 543, "translation_d": 5.497697374981802e-09, "rotation_d": 5.653992585036659e-05, "width_d": 0.002390732914967592}