{"numgrasp": 546, "translation_d": 5.313693090907233e-09, "rotation_d": 5.5481447267936805e-05, "width_d": 0.002334019112796892}