{"numgrasp": 507, "translation_d": 5.176550239296667e-09, "rotation_d": 4.874583672914148e-05, "width_d": 0.002396621037194993}