{"numgrasp": 548, "translation_d": 5.3241453532932106e-09, "rotation_d": 5.371166544565994e-05, "width_d": 0.0033133249481279653}