{"numgrasp": 572, "translation_d": 5.401144860646749e-09, "rotation_d": 5.463429708570822e-05, "width_d": 0.003357606778506009}