{"numgrasp": 544, "translation_d": 5.379523564813597e-09, "rotation_d": 5.514975103231166e-05, "width_d": 0.003559843925520689}