{"numgrasp": 488, "translation_d": 5.551730313651665e-09, "rotation_d": 4.250254401697357e-05, "width_d": 0.004458857879700691}