{"numgrasp": 533, "translation_d": 5.089401777696155e-09, "rotation_d": 4.976140385646396e-05, "width_d": 0.004797074427240969}