{"numgrasp": 538, "translation_d": 5.156260308907421e-09, "rotation_d": 4.953749963683277e-05, "width_d": 0.004728616714353147}