{"numgrasp": 536, "translation_d": 5.124658751862284e-09, "rotation_d": 4.863222220363821e-05, "width_d": 0.00448794932533508}