{"numgrasp": 527, "translation_d": 5.251344822583368e-09, "rotation_d": 4.694780077170746e-05, "width_d": 0.0032217699428705024}