{"numgrasp": 540, "translation_d": 5.0916872159659976e-09, "rotation_d": 4.5389513310246016e-05, "width_d": 0.002708332238783015}