{"numgrasp": 528, "translation_d": 5.078023264909629e-09, "rotation_d": 4.311293529159008e-05, "width_d": 0.002382385253784756}