{"numgrasp": 533, "translation_d": 5.064433302569999e-09, "rotation_d": 4.22056545333127e-05, "width_d": 0.003214017891796099}