{"numgrasp": 519, "translation_d": 5.0181715207735475e-09, "rotation_d": 4.301129723445553e-05, "width_d": 0.0034013730539187814}