{"numgrasp": 515, "translation_d": 4.944172932896403e-09, "rotation_d": 4.285555320004169e-05, "width_d": 0.00397755704540615}