{"numgrasp": 489, "translation_d": 5.771631647404577e-09, "rotation_d": 4.1967408720591226e-05, "width_d": 0.004134580160233138}