{"numgrasp": 514, "translation_d": 4.900356872391439e-09, "rotation_d": 4.3592905973386927e-05, "width_d": 0.0042162968017265485}