{"numgrasp": 515, "translation_d": 5.0275640202938775e-09, "rotation_d": 4.393186220280651e-05, "width_d": 0.00461554960047622}