{"numgrasp": 476, "translation_d": 4.9020849689808755e-09, "rotation_d": 4.27974003717291e-05, "width_d": 0.004860208957908318}