{"numgrasp": 494, "translation_d": 5.675095643912784e-09, "rotation_d": 4.332430734728867e-05, "width_d": 0.0030795634029829318}