{"numgrasp": 472, "translation_d": 5.230869707037992e-09, "rotation_d": 4.380670838892894e-05, "width_d": 0.003699740769687651}