{"numgrasp": 443, "translation_d": 5.99678285901875e-09, "rotation_d": 4.8768065375897544e-05, "width_d": 0.003329668835625756}