{"numgrasp": 484, "translation_d": 5.594683257491784e-09, "rotation_d": 5.2897920313622685e-05, "width_d": 0.004943973867919835}