{"numgrasp": 487, "translation_d": 5.34565071344254e-09, "rotation_d": 5.258978371412691e-05, "width_d": 0.004273493914942869}