{"numgrasp": 446, "translation_d": 5.623277400029662e-09, "rotation_d": 4.406967519608409e-05, "width_d": 0.0025502437935577735}