{"numgrasp": 456, "translation_d": 5.487646107121855e-09, "rotation_d": 5.527248296406748e-05, "width_d": 0.0033751551431596186}