{"numgrasp": 470, "translation_d": 6.183967654212357e-09, "rotation_d": 4.6570610528682246e-05, "width_d": 0.0034857863851774193}