{"numgrasp": 479, "translation_d": 5.538177762708839e-09, "rotation_d": 5.634112630610635e-05, "width_d": 0.003912309343336478}