{"numgrasp": 453, "translation_d": 5.697303524330509e-09, "rotation_d": 5.705662446504326e-05, "width_d": 0.0041496264932899644}