{"numgrasp": 436, "translation_d": 5.340628389620395e-09, "rotation_d": 5.71145539080603e-05, "width_d": 0.0029456654081641306}