{"numgrasp": 424, "translation_d": 5.695298869780141e-09, "rotation_d": 5.2407727185675264e-05, "width_d": 0.0022823702864137904}