{"numgrasp": 422, "translation_d": 5.537413995389413e-09, "rotation_d": 5.780857334676062e-05, "width_d": 0.0021080455231419506}