{"numgrasp": 443, "translation_d": 5.612379181098027e-09, "rotation_d": 5.766612905454543e-05, "width_d": 0.0022046231015327095}