{"numgrasp": 442, "translation_d": 5.766548404906442e-09, "rotation_d": 5.7139308802526386e-05, "width_d": 0.0025486829159164725}