{"numgrasp": 424, "translation_d": 5.68358927832612e-09, "rotation_d": 5.576221802812557e-05, "width_d": 0.003111949698597141}