{"numgrasp": 468, "translation_d": 5.968327692370449e-09, "rotation_d": 4.438357662412127e-05, "width_d": 0.004241364884062709}