{"numgrasp": 180, "translation_d": 6.234364465743126e-09, "rotation_d": 5.6005353311514624e-05, "width_d": 0.0027726415629778654}