{"numgrasp": 203, "translation_d": 6.631742903409035e-09, "rotation_d": 3.94125721597224e-05, "width_d": 0.0049823676697218445}