{"numgrasp": 199, "translation_d": 6.078953792788399e-09, "rotation_d": 4.1440334437578064e-05, "width_d": 0.005705412643143593}