{"numgrasp": 205, "translation_d": 5.884204313346668e-09, "rotation_d": 4.920275114073624e-05, "width_d": 0.004954471352274442}