{"numgrasp": 185, "translation_d": 6.3869235199156496e-09, "rotation_d": 5.1080524419146494e-05, "width_d": 0.004543711722001718}