{"numgrasp": 156, "translation_d": 6.178581611089869e-09, "rotation_d": 4.9064240934070224e-05, "width_d": 0.004574235713455996}