{"numgrasp": 147, "translation_d": 6.425778630592229e-09, "rotation_d": 4.645966276467654e-05, "width_d": 0.00396484870069421}