{"numgrasp": 181, "translation_d": 6.1694362000274274e-09, "rotation_d": 4.9343826198819955e-05, "width_d": 0.0036714271478452297}