{"numgrasp": 206, "translation_d": 5.923123322840929e-09, "rotation_d": 4.796055193599372e-05, "width_d": 0.003141578718533357}