{"numgrasp": 185, "translation_d": 5.703110808092624e-09, "rotation_d": 5.560716856543161e-05, "width_d": 0.0029198975744007313}