{"numgrasp": 185, "translation_d": 6.032444825325575e-09, "rotation_d": 5.5965629645567676e-05, "width_d": 0.002920411797856989}