{"numgrasp": 159, "translation_d": 5.22782310327769e-09, "rotation_d": 5.61722632068241e-05, "width_d": 0.003290426696765044}