{"numgrasp": 165, "translation_d": 5.385904129090943e-09, "rotation_d": 5.662931161129585e-05, "width_d": 0.003392240509877602}