{"numgrasp": 155, "translation_d": 5.438586893214268e-09, "rotation_d": 5.6786218962684316e-05, "width_d": 0.003862334479368608}