{"numgrasp": 166, "translation_d": 6.058279238634149e-09, "rotation_d": 5.843292265161069e-05, "width_d": 0.004897890842662764}