{"numgrasp": 182, "translation_d": 6.160465175601867e-09, "rotation_d": 6.0301718828983476e-05, "width_d": 0.004249146027579832}