{"numgrasp": 176, "translation_d": 5.691011910048129e-09, "rotation_d": 5.590922271105331e-05, "width_d": 0.005324182508100486}