{"numgrasp": 173, "translation_d": 5.962759722814642e-09, "rotation_d": 6.095562967452406e-05, "width_d": 0.0035088689178500066}