{"numgrasp": 173, "translation_d": 6.1289630257344975e-09, "rotation_d": 6.026319248084445e-05, "width_d": 0.0028746042853330252}