{"numgrasp": 179, "translation_d": 6.133976220604818e-09, "rotation_d": 5.933648372198377e-05, "width_d": 0.0036228638978927957}