{"numgrasp": 191, "translation_d": 6.148341817765714e-09, "rotation_d": 5.9061373259075994e-05, "width_d": 0.003543322326841345}