{"numgrasp": 195, "translation_d": 5.8283976876104536e-09, "rotation_d": 5.928791967459163e-05, "width_d": 0.00315068671000939}