{"numgrasp": 191, "translation_d": 5.9020224929904006e-09, "rotation_d": 5.4455810701579855e-05, "width_d": 0.0027884177323635128}