{"numgrasp": 203, "translation_d": 6.114091911110277e-09, "rotation_d": 5.552164648184498e-05, "width_d": 0.003271864737003836}