{"numgrasp": 200, "translation_d": 6.068957068659397e-09, "rotation_d": 5.651716804076535e-05, "width_d": 0.0032058884606090046}