{"numgrasp": 180, "translation_d": 6.078477195761522e-09, "rotation_d": 5.681666949976305e-05, "width_d": 0.003581944437051477}