{"numgrasp": 184, "translation_d": 6.361542109623611e-09, "rotation_d": 5.778295959461897e-05, "width_d": 0.004650399282908196}