{"numgrasp": 180, "translation_d": 5.828650205090917e-09, "rotation_d": 5.758146292951125e-05, "width_d": 0.005428522287368378}