{"numgrasp": 184, "translation_d": 5.707971128342514e-09, "rotation_d": 5.878826015046911e-05, "width_d": 0.005160834561814817}