{"numgrasp": 212, "translation_d": 5.825987851061968e-09, "rotation_d": 4.98407611093911e-05, "width_d": 0.004514251497243099}