{"numgrasp": 210, "translation_d": 5.83783402791392e-09, "rotation_d": 4.9131295699804975e-05, "width_d": 0.003990930848285328}