{"numgrasp": 246, "translation_d": 6.190424671784856e-09, "rotation_d": 4.20914561627526e-05, "width_d": 0.0029056435220637424}