{"numgrasp": 237, "translation_d": 6.373517682529072e-09, "rotation_d": 4.02410110958757e-05, "width_d": 0.0032059597485632764}