{"numgrasp": 209, "translation_d": 5.736150183284631e-09, "rotation_d": 4.259578423216058e-05, "width_d": 0.00431796765429754}