{"numgrasp": 193, "translation_d": 5.580911405267147e-09, "rotation_d": 5.8268571075730004e-05, "width_d": 0.005892773728719279}