{"numgrasp": 248, "translation_d": 5.911847736340592e-09, "rotation_d": 4.293759676840521e-05, "width_d": 0.005215019154910696}