{"numgrasp": 258, "translation_d": 6.0032664593192945e-09, "rotation_d": 4.108837015686837e-05, "width_d": 0.0045918911463335614}