{"numgrasp": 278, "translation_d": 5.740125401671004e-09, "rotation_d": 3.9849337241343837e-05, "width_d": 0.00433358932993343}