{"numgrasp": 257, "translation_d": 5.933814013587538e-09, "rotation_d": 4.029375993567363e-05, "width_d": 0.004604574712124907}