{"numgrasp": 172, "translation_d": 5.462362331164099e-09, "rotation_d": 4.830213594261197e-05, "width_d": 0.0039039411980667455}