{"numgrasp": 260, "translation_d": 6.522521168041357e-09, "rotation_d": 4.0766864637148224e-05, "width_d": 0.0037307702929363887}