{"numgrasp": 240, "translation_d": 6.448993463842317e-09, "rotation_d": 4.2346135818742786e-05, "width_d": 0.0029613902027220734}