{"numgrasp": 255, "translation_d": 6.454432421017844e-09, "rotation_d": 4.4778243247420955e-05, "width_d": 0.0027730946973941553}