{"numgrasp": 179, "translation_d": 4.965781930371714e-09, "rotation_d": 5.8682188159850275e-05, "width_d": 0.004708567294296141}