{"numgrasp": 254, "translation_d": 6.208119780729155e-09, "rotation_d": 4.617628629724906e-05, "width_d": 0.0027209952030858107}