{"numgrasp": 237, "translation_d": 6.417845027932448e-09, "rotation_d": 4.633374435467531e-05, "width_d": 0.0034959357110223867}