{"numgrasp": 254, "translation_d": 6.285670741209429e-09, "rotation_d": 4.4429843252164355e-05, "width_d": 0.0037160220195696088}