{"numgrasp": 280, "translation_d": 5.983024794817198e-09, "rotation_d": 4.64496571659501e-05, "width_d": 0.0049834566468541595}