{"numgrasp": 239, "translation_d": 6.441952445896379e-09, "rotation_d": 4.956981571504867e-05, "width_d": 0.004689165865843334}