{"numgrasp": 236, "translation_d": 6.3846869553897576e-09, "rotation_d": 5.4912793364694e-05, "width_d": 0.002979698894974993}