{"numgrasp": 243, "translation_d": 6.338920302702638e-09, "rotation_d": 5.5440453170889294e-05, "width_d": 0.0031021570242924243}