{"numgrasp": 227, "translation_d": 6.047058167475281e-09, "rotation_d": 5.928773035041161e-05, "width_d": 0.002550028666779173}