{"numgrasp": 236, "translation_d": 6.2999858237236845e-09, "rotation_d": 5.88018875144343e-05, "width_d": 0.0028064694436930773}