{"numgrasp": 255, "translation_d": 6.591390568409184e-09, "rotation_d": 5.648270604534126e-05, "width_d": 0.003578999253439981}