{"numgrasp": 160, "translation_d": 5.562147052005188e-09, "rotation_d": 5.9001094821577754e-05, "width_d": 0.004070334509463239}