{"numgrasp": 257, "translation_d": 6.216753552564776e-09, "rotation_d": 5.473883121666831e-05, "width_d": 0.003815110596070431}