{"numgrasp": 252, "translation_d": 6.1878095561807715e-09, "rotation_d": 5.221345985984908e-05, "width_d": 0.004643865510509168}