{"numgrasp": 213, "translation_d": 6.365542445823725e-09, "rotation_d": 5.165557324911021e-05, "width_d": 0.004763130395369547}