{"numgrasp": 146, "translation_d": 5.6992755087597025e-09, "rotation_d": 5.004942572882524e-05, "width_d": 0.00427047257331372}