{"numgrasp": 157, "translation_d": 5.494325757601476e-09, "rotation_d": 5.576950645049958e-05, "width_d": 0.004104342670290003}