{"numgrasp": 155, "translation_d": 5.5871785493317684e-09, "rotation_d": 6.128125160598802e-05, "width_d": 0.003578829748590126}