{"numgrasp": 164, "translation_d": 5.691664752899911e-09, "rotation_d": 5.36260129364526e-05, "width_d": 0.0038905669921423395}