{"numgrasp": 204, "translation_d": 5.490632289527027e-09, "rotation_d": 5.704516001158289e-05, "width_d": 0.005421038461827488}