{"numgrasp": 208, "translation_d": 5.892485189259695e-09, "rotation_d": 5.5436925248387356e-05, "width_d": 0.00661988496001924}