{"numgrasp": 192, "translation_d": 5.7659217281217346e-09, "rotation_d": 5.0107824488950244e-05, "width_d": 0.00551471459264304}