{"numgrasp": 193, "translation_d": 5.716162254265302e-09, "rotation_d": 5.3803148860429225e-05, "width_d": 0.004579305118258187}