{"numgrasp": 185, "translation_d": 6.07393338271902e-09, "rotation_d": 5.297625590455833e-05, "width_d": 0.004080664790617161}