{"numgrasp": 189, "translation_d": 5.4777533326957996e-09, "rotation_d": 5.5677236606448805e-05, "width_d": 0.0039996853376111086}