{"numgrasp": 193, "translation_d": 5.3683498826232915e-09, "rotation_d": 5.6874402041949176e-05, "width_d": 0.0037846543809663194}