{"numgrasp": 200, "translation_d": 5.370165584162238e-09, "rotation_d": 5.8603247910949644e-05, "width_d": 0.0038636678024729035}