{"numgrasp": 214, "translation_d": 5.93525373021546e-09, "rotation_d": 5.0638690845032235e-05, "width_d": 0.003559176851723235}