{"numgrasp": 149, "translation_d": 5.374500427098426e-09, "rotation_d": 5.743370095830299e-05, "width_d": 0.004405391301417527}