{"numgrasp": 225, "translation_d": 5.913246838676666e-09, "rotation_d": 4.1921119850135154e-05, "width_d": 0.0061273301712323185}