{"numgrasp": 212, "translation_d": 6.1748959805550375e-09, "rotation_d": 3.794007560329871e-05, "width_d": 0.0057877461419466895}