{"numgrasp": 215, "translation_d": 6.343133317873763e-09, "rotation_d": 3.738437209747889e-05, "width_d": 0.006017568970918487}