{"numgrasp": 202, "translation_d": 6.272595788922685e-09, "rotation_d": 3.6803859378851325e-05, "width_d": 0.005103763908735556}