{"numgrasp": 214, "translation_d": 6.384120759708153e-09, "rotation_d": 3.789979216290532e-05, "width_d": 0.00429904327813427}