{"numgrasp": 221, "translation_d": 6.383195631969089e-09, "rotation_d": 3.742860398581794e-05, "width_d": 0.0038523735875353204}