{"numgrasp": 210, "translation_d": 5.750742184226387e-09, "rotation_d": 3.787710479521202e-05, "width_d": 0.0037162189297074164}