{"numgrasp": 205, "translation_d": 6.528937523838857e-09, "rotation_d": 4.041370137372369e-05, "width_d": 0.00399250116146741}