{"numgrasp": 228, "translation_d": 6.428270682242223e-09, "rotation_d": 3.977750793759605e-05, "width_d": 0.00344832027884489}