{"numgrasp": 211, "translation_d": 6.860800138731516e-09, "rotation_d": 3.8591818418473756e-05, "width_d": 0.004136344804010785}