{"numgrasp": 165, "translation_d": 6.743589148735886e-09, "rotation_d": 5.6411362914082127e-05, "width_d": 0.003537689705168265}