{"numgrasp": 159, "translation_d": 6.3145842864685896e-09, "rotation_d": 5.648290969839114e-05, "width_d": 0.0037075985089858616}