{"numgrasp": 156, "translation_d": 6.519074949777754e-09, "rotation_d": 5.35575471729268e-05, "width_d": 0.004374036219866493}