{"numgrasp": 162, "translation_d": 6.087058597062396e-09, "rotation_d": 5.219663553428609e-05, "width_d": 0.004292051893895112}