{"numgrasp": 167, "translation_d": 6.3841288505816395e-09, "rotation_d": 5.289590200256527e-05, "width_d": 0.003982897502172434}