{"numgrasp": 171, "translation_d": 6.004387130113505e-09, "rotation_d": 5.723611827052802e-05, "width_d": 0.004788679667621822}