{"numgrasp": 165, "translation_d": 6.2316130192014386e-09, "rotation_d": 5.484913869029842e-05, "width_d": 0.0034430024636297077}