{"numgrasp": 159, "translation_d": 5.697263985412141e-09, "rotation_d": 5.815605064748091e-05, "width_d": 0.003097349424792569}