{"numgrasp": 164, "translation_d": 5.954535659547503e-09, "rotation_d": 5.8477319083133555e-05, "width_d": 0.002968176902634191}