{"numgrasp": 144, "translation_d": 6.11068649291224e-09, "rotation_d": 5.958448339335597e-05, "width_d": 0.00225436699931047}