{"numgrasp": 164, "translation_d": 6.311083868790579e-09, "rotation_d": 5.7151481886442834e-05, "width_d": 0.004843442953848423}