{"numgrasp": 139, "translation_d": 6.646004047173466e-09, "rotation_d": 6.012499263937742e-05, "width_d": 0.002141707550846806}