{"numgrasp": 174, "translation_d": 5.553565816946668e-09, "rotation_d": 5.427787520594683e-05, "width_d": 0.002192031289577137}