{"numgrasp": 165, "translation_d": 6.122637161208012e-09, "rotation_d": 5.3841194122612226e-05, "width_d": 0.0024434605977913014}