{"numgrasp": 163, "translation_d": 6.250357752943696e-09, "rotation_d": 5.268729945276577e-05, "width_d": 0.002850735982083039}