{"numgrasp": 159, "translation_d": 5.633000412805668e-09, "rotation_d": 4.94291379335982e-05, "width_d": 0.003474587206310004}