{"numgrasp": 152, "translation_d": 5.839465104247822e-09, "rotation_d": 4.8938054513129536e-05, "width_d": 0.004007201273115577}