{"numgrasp": 155, "translation_d": 5.675631048466742e-09, "rotation_d": 4.691169453397947e-05, "width_d": 0.004431971377321242}