{"numgrasp": 157, "translation_d": 5.540746332242949e-09, "rotation_d": 4.294885097727331e-05, "width_d": 0.003345942982884305}