{"numgrasp": 157, "translation_d": 5.857964026930607e-09, "rotation_d": 4.415547705979238e-05, "width_d": 0.002356612587551867}