{"numgrasp": 162, "translation_d": 5.586597954331062e-09, "rotation_d": 4.475287680064122e-05, "width_d": 0.0022434693290212}