{"numgrasp": 151, "translation_d": 5.269594626849373e-09, "rotation_d": 4.093323040193458e-05, "width_d": 0.0020967753968283887}