{"numgrasp": 161, "translation_d": 5.299594971047139e-09, "rotation_d": 4.085098512513999e-05, "width_d": 0.0022475214513999237}