{"numgrasp": 157, "translation_d": 5.0138664355236195e-09, "rotation_d": 4.1457805429480096e-05, "width_d": 0.00258127292406736}