{"numgrasp": 161, "translation_d": 5.323505089155004e-09, "rotation_d": 4.008322323318483e-05, "width_d": 0.002782231481042904}