{"numgrasp": 157, "translation_d": 5.422975841429417e-09, "rotation_d": 3.915392193769639e-05, "width_d": 0.0035184626340826436}