{"numgrasp": 158, "translation_d": 5.2487257698910184e-09, "rotation_d": 3.93029793090176e-05, "width_d": 0.003628420161141832}