{"numgrasp": 155, "translation_d": 5.269722859313351e-09, "rotation_d": 3.92705889651135e-05, "width_d": 0.004171035356904106}