{"numgrasp": 152, "translation_d": 5.228170785405422e-09, "rotation_d": 3.956658392612144e-05, "width_d": 0.004252401111026235}