{"numgrasp": 155, "translation_d": 5.2811082916253e-09, "rotation_d": 4.050224730264202e-05, "width_d": 0.004549188401362996}