{"numgrasp": 153, "translation_d": 5.002436227518992e-09, "rotation_d": 4.4693921215543844e-05, "width_d": 0.004535705839183242}