{"numgrasp": 155, "translation_d": 5.138790733538325e-09, "rotation_d": 4.432520379432857e-05, "width_d": 0.004474004372637706}