{"numgrasp": 156, "translation_d": 5.037736739116844e-09, "rotation_d": 4.543762582208262e-05, "width_d": 0.004077643797097226}