{"numgrasp": 166, "translation_d": 5.231151495039338e-09, "rotation_d": 4.6772291170985616e-05, "width_d": 0.0032662420946721993}