{"numgrasp": 148, "translation_d": 5.251312896952605e-09, "rotation_d": 5.146917856112905e-05, "width_d": 0.0020708784688101946}