{"numgrasp": 154, "translation_d": 4.942078221167109e-09, "rotation_d": 5.826974891441695e-05, "width_d": 0.0022711575197716877}