{"numgrasp": 160, "translation_d": 5.013277179271045e-09, "rotation_d": 5.717375173628519e-05, "width_d": 0.002447240937214134}