{"numgrasp": 169, "translation_d": 5.059415013542867e-09, "rotation_d": 5.521668665250579e-05, "width_d": 0.002818018381352975}