{"numgrasp": 167, "translation_d": 5.360716879263495e-09, "rotation_d": 5.4950950509826433e-05, "width_d": 0.003259598177811005}