{"numgrasp": 165, "translation_d": 4.718578848091236e-09, "rotation_d": 5.209403420587778e-05, "width_d": 0.0044979186449410884}