{"numgrasp": 153, "translation_d": 4.98459599520304e-09, "rotation_d": 5.143130070484484e-05, "width_d": 0.004843324263845697}