{"numgrasp": 165, "translation_d": 4.7193625459281965e-09, "rotation_d": 5.84920216073124e-05, "width_d": 0.003879075382444422}