{"numgrasp": 162, "translation_d": 4.621582365683182e-09, "rotation_d": 6.223876838543943e-05, "width_d": 0.002950274187756477}