{"numgrasp": 155, "translation_d": 4.645423332819017e-09, "rotation_d": 6.163214369232962e-05, "width_d": 0.002707671810545623}