{"numgrasp": 154, "translation_d": 6.173719619531002e-09, "rotation_d": 5.121232191269309e-05, "width_d": 0.004344555923613761}