{"numgrasp": 161, "translation_d": 4.462397122629643e-09, "rotation_d": 6.083103005954333e-05, "width_d": 0.0026289929125331906}