{"numgrasp": 163, "translation_d": 4.802905248607019e-09, "rotation_d": 6.263146713806577e-05, "width_d": 0.0032875580391614955}