{"numgrasp": 164, "translation_d": 4.80287747775702e-09, "rotation_d": 6.225835645484226e-05, "width_d": 0.004313623335298698}