{"numgrasp": 166, "translation_d": 4.603777523048083e-09, "rotation_d": 5.950793881100277e-05, "width_d": 0.0047854509795111294}