{"numgrasp": 169, "translation_d": 4.520060010845347e-09, "rotation_d": 5.889278502739181e-05, "width_d": 0.005987962795423723}