{"numgrasp": 157, "translation_d": 6.515562377147045e-09, "rotation_d": 5.051336547844989e-05, "width_d": 0.004239505714723281}