{"numgrasp": 165, "translation_d": 4.583072849305572e-09, "rotation_d": 5.8605465679075256e-05, "width_d": 0.004948273034643636}