{"numgrasp": 167, "translation_d": 4.4277596314053036e-09, "rotation_d": 5.9609571768551564e-05, "width_d": 0.0042487503060449966}