{"numgrasp": 161, "translation_d": 6.5282874890012594e-09, "rotation_d": 5.093686165465174e-05, "width_d": 0.004098701223062129}