{"numgrasp": 132, "translation_d": 5.035601474101295e-09, "rotation_d": 3.692068448341698e-05, "width_d": 0.0024867596530293423}