{"numgrasp": 153, "translation_d": 4.701990678374541e-09, "rotation_d": 4.6702275122954625e-05, "width_d": 0.0028575649098471776}