{"numgrasp": 145, "translation_d": 4.413660007208813e-09, "rotation_d": 5.476147394089338e-05, "width_d": 0.004564493729231958}