{"numgrasp": 148, "translation_d": 4.754054120684944e-09, "rotation_d": 5.686907249791459e-05, "width_d": 0.0060308962613531605}