{"numgrasp": 160, "translation_d": 5.985787061614767e-09, "rotation_d": 5.105146605880364e-05, "width_d": 0.0038090646594640433}