{"numgrasp": 155, "translation_d": 5.899907865560216e-09, "rotation_d": 5.314976205604576e-05, "width_d": 0.0034827557178588086}