{"numgrasp": 158, "translation_d": 6.107466878665693e-09, "rotation_d": 5.879751270208889e-05, "width_d": 0.0033881583608698037}