{"numgrasp": 152, "translation_d": 6.035322882115149e-09, "rotation_d": 5.041639986586416e-05, "width_d": 0.0029425628932192964}