{"numgrasp": 158, "translation_d": 6.1396911051201014e-09, "rotation_d": 4.7377700001133376e-05, "width_d": 0.0030530510277097323}