{"numgrasp": 155, "translation_d": 6.2251238566090044e-09, "rotation_d": 4.510676342846097e-05, "width_d": 0.0033219743119145685}