{"numgrasp": 153, "translation_d": 6.308450935002913e-09, "rotation_d": 4.2681804595591304e-05, "width_d": 0.003543735796403216}