{"numgrasp": 161, "translation_d": 6.332426817103807e-09, "rotation_d": 4.205896129292845e-05, "width_d": 0.00406604209890498}