{"numgrasp": 159, "translation_d": 6.291867913771756e-09, "rotation_d": 4.0276763375859634e-05, "width_d": 0.004216485160094875}