{"numgrasp": 151, "translation_d": 6.301607616729932e-09, "rotation_d": 4.1718421051999726e-05, "width_d": 0.004811477519663244}