{"numgrasp": 158, "translation_d": 6.422825412504377e-09, "rotation_d": 4.013946636664426e-05, "width_d": 0.004623357339682681}