{"numgrasp": 160, "translation_d": 6.376653829403732e-09, "rotation_d": 5.70268174445384e-05, "width_d": 0.003736287635678377}