{"numgrasp": 148, "translation_d": 5.788045721286628e-09, "rotation_d": 3.805116075852189e-05, "width_d": 0.0028710629820153147}