{"numgrasp": 149, "translation_d": 6.227060446474137e-09, "rotation_d": 3.9718425414976346e-05, "width_d": 0.002935629406564846}