{"numgrasp": 142, "translation_d": 6.146033628946998e-09, "rotation_d": 3.971549340062935e-05, "width_d": 0.0029357409825621194}