{"numgrasp": 150, "translation_d": 6.478253265474723e-09, "rotation_d": 4.223315775021222e-05, "width_d": 0.003191231738213226}