{"numgrasp": 150, "translation_d": 6.529335809268929e-09, "rotation_d": 4.452759731423403e-05, "width_d": 0.0035276013620509777}