{"numgrasp": 155, "translation_d": 6.290453961153231e-09, "rotation_d": 4.465455668518697e-05, "width_d": 0.003659708028312001}