{"numgrasp": 164, "translation_d": 6.2076709657709604e-09, "rotation_d": 4.593607156684717e-05, "width_d": 0.00441304592798894}