{"numgrasp": 168, "translation_d": 6.817682074316984e-09, "rotation_d": 5.3968424183828934e-05, "width_d": 0.0036168310661806547}