{"numgrasp": 161, "translation_d": 6.625742195528755e-09, "rotation_d": 5.401347334932235e-05, "width_d": 0.003469186159929776}