{"numgrasp": 151, "translation_d": 6.362346227201048e-09, "rotation_d": 4.9958248110812635e-05, "width_d": 0.0028010291913726773}