{"numgrasp": 142, "translation_d": 6.203459250392839e-09, "rotation_d": 4.8747454968097714e-05, "width_d": 0.0025465032080119235}