{"numgrasp": 159, "translation_d": 6.413157155751151e-09, "rotation_d": 5.747298791797608e-05, "width_d": 0.004299896219816355}