{"numgrasp": 162, "translation_d": 6.257554259655677e-09, "rotation_d": 5.908727529927593e-05, "width_d": 0.0030259265213928624}