{"numgrasp": 167, "translation_d": 6.5530775919011945e-09, "rotation_d": 5.859344699230485e-05, "width_d": 0.0031849758652554294}