{"numgrasp": 167, "translation_d": 6.350535478263277e-09, "rotation_d": 5.6543176171416665e-05, "width_d": 0.003254375368126797}