{"numgrasp": 150, "translation_d": 6.518260322200566e-09, "rotation_d": 5.7397527881880534e-05, "width_d": 0.003400746540691282}