{"numgrasp": 352, "translation_d": 5.561171538088214e-09, "rotation_d": 5.769239318746595e-05, "width_d": 0.005816033795396549}