{"numgrasp": 355, "translation_d": 5.365545039398732e-09, "rotation_d": 5.852299531475068e-05, "width_d": 0.006313673213980065}