{"numgrasp": 362, "translation_d": 5.45223118654958e-09, "rotation_d": 4.206268347225039e-05, "width_d": 0.005059923507416345}