{"numgrasp": 384, "translation_d": 5.5259162241618455e-09, "rotation_d": 5.123555704960809e-05, "width_d": 0.0040772455299302466}