{"numgrasp": 360, "translation_d": 5.380353210653272e-09, "rotation_d": 4.13334908267382e-05, "width_d": 0.005394651029585503}