{"numgrasp": 386, "translation_d": 5.849760682260641e-09, "rotation_d": 5.5028448875316104e-05, "width_d": 0.001993549841192148}