{"numgrasp": 385, "translation_d": 5.450752063379083e-09, "rotation_d": 3.8605977921614076e-05, "width_d": 0.002298206957416483}