{"numgrasp": 396, "translation_d": 5.6529369167670155e-09, "rotation_d": 3.9015703672229675e-05, "width_d": 0.002907459467320934}