{"numgrasp": 373, "translation_d": 5.556087368129281e-09, "rotation_d": 3.888644246011672e-05, "width_d": 0.003937177428618713}