{"numgrasp": 381, "translation_d": 5.386491856590103e-09, "rotation_d": 3.902651730449344e-05, "width_d": 0.004084049401941418}