{"numgrasp": 383, "translation_d": 5.303460181593678e-09, "rotation_d": 4.018160858153999e-05, "width_d": 0.004719118165945058}