{"numgrasp": 359, "translation_d": 5.37002147294908e-09, "rotation_d": 4.115228499759122e-05, "width_d": 0.0056031846463017575}