{"numgrasp": 343, "translation_d": 5.137002487779539e-09, "rotation_d": 4.218270723467533e-05, "width_d": 0.006000286229137167}