{"numgrasp": 316, "translation_d": 4.842680343372089e-09, "rotation_d": 4.209426726534817e-05, "width_d": 0.006437332367061566}