{"numgrasp": 356, "translation_d": 5.400636416755722e-09, "rotation_d": 3.5520859971814916e-05, "width_d": 0.005829129142961513}