{"numgrasp": 368, "translation_d": 5.307529796763949e-09, "rotation_d": 3.491059202969228e-05, "width_d": 0.005607062995885614}