{"numgrasp": 372, "translation_d": 5.07057787771907e-09, "rotation_d": 3.6818721759288816e-05, "width_d": 0.0046924055611333145}