{"numgrasp": 384, "translation_d": 5.0142635235097575e-09, "rotation_d": 3.7118801073363947e-05, "width_d": 0.004198274633853862}