{"numgrasp": 375, "translation_d": 5.100789320374731e-09, "rotation_d": 3.671493280195717e-05, "width_d": 0.0028121659185285156}