{"numgrasp": 391, "translation_d": 5.239708029310889e-09, "rotation_d": 3.642635990893608e-05, "width_d": 0.0025444476377653714}