{"numgrasp": 373, "translation_d": 5.362928966442907e-09, "rotation_d": 3.773104283316789e-05, "width_d": 0.002169315926204822}