{"numgrasp": 384, "translation_d": 5.2215137482442356e-09, "rotation_d": 4.3581209419846795e-05, "width_d": 0.004086329926803122}