{"numgrasp": 392, "translation_d": 5.193662386457152e-09, "rotation_d": 4.337275331688469e-05, "width_d": 0.0044572008057024645}