{"numgrasp": 360, "translation_d": 5.60703852998719e-09, "rotation_d": 4.367273648399125e-05, "width_d": 0.005659084976844672}