{"numgrasp": 364, "translation_d": 5.483578977639704e-09, "rotation_d": 4.37606220520389e-05, "width_d": 0.005709877063199971}