{"numgrasp": 345, "translation_d": 5.266283324657376e-09, "rotation_d": 5.4295376712598644e-05, "width_d": 0.005879627051328589}