{"numgrasp": 357, "translation_d": 5.277122710466983e-09, "rotation_d": 5.281768137865934e-05, "width_d": 0.005406733946925607}