{"numgrasp": 377, "translation_d": 5.105520202136714e-09, "rotation_d": 5.488319209784612e-05, "width_d": 0.004115532877292885}