{"numgrasp": 397, "translation_d": 5.102538539711075e-09, "rotation_d": 5.873526743209384e-05, "width_d": 0.0026415771885373225}