{"numgrasp": 397, "translation_d": 5.328746630902277e-09, "rotation_d": 6.128474514123804e-05, "width_d": 0.002316389728566346}