{"numgrasp": 390, "translation_d": 5.314574898991094e-09, "rotation_d": 6.289212513532145e-05, "width_d": 0.0022764135301508253}