{"numgrasp": 380, "translation_d": 5.038207212364006e-09, "rotation_d": 6.180138947216325e-05, "width_d": 0.0029168952984867814}