{"numgrasp": 377, "translation_d": 5.231233203237596e-09, "rotation_d": 6.225599209519937e-05, "width_d": 0.003232280587952311}