{"numgrasp": 379, "translation_d": 5.2303041091721175e-09, "rotation_d": 6.132171655594574e-05, "width_d": 0.0036781546068886425}