{"numgrasp": 354, "translation_d": 5.6339945639036845e-09, "rotation_d": 3.644142054284398e-05, "width_d": 0.00569125933799408}