{"numgrasp": 376, "translation_d": 4.979406724571764e-09, "rotation_d": 5.974341379764672e-05, "width_d": 0.004448033508951257}