{"numgrasp": 370, "translation_d": 5.1937192086727595e-09, "rotation_d": 5.889451612580999e-05, "width_d": 0.004732700880828166}