{"numgrasp": 373, "translation_d": 5.084951750299537e-09, "rotation_d": 5.711343446368907e-05, "width_d": 0.005832851653434955}