{"numgrasp": 361, "translation_d": 4.989413411175577e-09, "rotation_d": 5.904446176994757e-05, "width_d": 0.005298614100940344}