{"numgrasp": 384, "translation_d": 5.752465078293589e-09, "rotation_d": 5.298371451668742e-05, "width_d": 0.002782492619077843}