{"numgrasp": 383, "translation_d": 5.155617213870678e-09, "rotation_d": 6.0330593021583106e-05, "width_d": 0.004444785400107363}