{"numgrasp": 386, "translation_d": 5.002790617487246e-09, "rotation_d": 6.0829536335486104e-05, "width_d": 0.004001303491122554}