{"numgrasp": 382, "translation_d": 5.312526528628728e-09, "rotation_d": 5.8884208797652685e-05, "width_d": 0.002634979704655831}