{"numgrasp": 373, "translation_d": 5.476381108943929e-09, "rotation_d": 5.3046380286892966e-05, "width_d": 0.0021993374487959943}