{"numgrasp": 369, "translation_d": 5.17371487844916e-09, "rotation_d": 5.135443033172447e-05, "width_d": 0.0029721294873983227}