{"numgrasp": 384, "translation_d": 5.343341621004325e-09, "rotation_d": 5.235171472101723e-05, "width_d": 0.003438651562065576}