{"numgrasp": 375, "translation_d": 5.198741427923723e-09, "rotation_d": 5.459119056387849e-05, "width_d": 0.003918393170661669}