{"numgrasp": 358, "translation_d": 4.946585360747296e-09, "rotation_d": 5.5557631283353544e-05, "width_d": 0.005323126676720374}