{"numgrasp": 389, "translation_d": 4.83485355225472e-09, "rotation_d": 5.475878064437262e-05, "width_d": 0.005768556646150353}