{"numgrasp": 363, "translation_d": 5.020538537057078e-09, "rotation_d": 4.947287723108245e-05, "width_d": 0.005420944200331007}