{"numgrasp": 373, "translation_d": 5.1530760822443524e-09, "rotation_d": 4.888856257338815e-05, "width_d": 0.004850030924651354}