{"numgrasp": 359, "translation_d": 5.075918467808197e-09, "rotation_d": 4.6707279604005624e-05, "width_d": 0.004096319001911764}