{"numgrasp": 338, "translation_d": 5.3799158948744304e-09, "rotation_d": 4.386817449210225e-05, "width_d": 0.003346606198288235}