{"numgrasp": 330, "translation_d": 5.5217783157163764e-09, "rotation_d": 4.161678546349889e-05, "width_d": 0.003088100601323166}