{"numgrasp": 347, "translation_d": 5.690269625217459e-09, "rotation_d": 4.004524116586204e-05, "width_d": 0.002943525808686065}