{"numgrasp": 340, "translation_d": 5.426578276343236e-09, "rotation_d": 3.6972506363400115e-05, "width_d": 0.002649202566365284}