{"numgrasp": 335, "translation_d": 5.203916209365097e-09, "rotation_d": 3.764523228914715e-05, "width_d": 0.0029907513965117655}