{"numgrasp": 331, "translation_d": 5.433928539519138e-09, "rotation_d": 3.716981904280112e-05, "width_d": 0.003299971921825858}