{"numgrasp": 316, "translation_d": 5.351113586988148e-09, "rotation_d": 3.844925138622856e-05, "width_d": 0.00380887276016724}