{"numgrasp": 328, "translation_d": 5.272051713129798e-09, "rotation_d": 3.9903188186162156e-05, "width_d": 0.00421442512904104}