{"numgrasp": 329, "translation_d": 5.480510403798359e-09, "rotation_d": 4.1075074558074825e-05, "width_d": 0.004304002541423458}