{"numgrasp": 412, "translation_d": 5.633031038229136e-09, "rotation_d": 3.7881584836785397e-05, "width_d": 0.0036024449382614614}