{"numgrasp": 396, "translation_d": 5.435108633044663e-09, "rotation_d": 3.841042234261736e-05, "width_d": 0.003327762970278149}