{"numgrasp": 397, "translation_d": 5.530807091943234e-09, "rotation_d": 4.529973016609121e-05, "width_d": 0.0026567026189844097}