{"numgrasp": 395, "translation_d": 5.778614310940209e-09, "rotation_d": 3.536791033179446e-05, "width_d": 0.002760419220073347}