{"numgrasp": 386, "translation_d": 5.742107397185469e-09, "rotation_d": 3.600346910730271e-05, "width_d": 0.0030437586605583157}