{"numgrasp": 399, "translation_d": 5.9039888576130925e-09, "rotation_d": 3.6981204940721156e-05, "width_d": 0.0035698685979126017}