{"numgrasp": 388, "translation_d": 5.7303040331216484e-09, "rotation_d": 4.1663063549839325e-05, "width_d": 0.005087503925484615}