{"numgrasp": 402, "translation_d": 5.5425839509411174e-09, "rotation_d": 4.656601426769929e-05, "width_d": 0.0035046092427041824}