{"numgrasp": 394, "translation_d": 6.117569600281384e-09, "rotation_d": 4.601419108275492e-05, "width_d": 0.003717968073025619}