{"numgrasp": 382, "translation_d": 5.937230357906089e-09, "rotation_d": 3.872366484620238e-05, "width_d": 0.0024141304324201045}