{"numgrasp": 376, "translation_d": 6.191754765949624e-09, "rotation_d": 5.424211228445421e-05, "width_d": 0.003175735853973204}