{"numgrasp": 389, "translation_d": 5.948823268427381e-09, "rotation_d": 5.511322644368874e-05, "width_d": 0.0034458872224051524}