{"numgrasp": 382, "translation_d": 5.840939536135341e-09, "rotation_d": 5.773636955857148e-05, "width_d": 0.004618459823450613}