{"numgrasp": 370, "translation_d": 5.415139434248051e-09, "rotation_d": 5.9017105034147986e-05, "width_d": 0.006170139989314953}