{"numgrasp": 379, "translation_d": 5.659496465402836e-09, "rotation_d": 6.167864314829035e-05, "width_d": 0.0053865399873619085}