{"numgrasp": 400, "translation_d": 5.5889169958495076e-09, "rotation_d": 4.327140063340969e-05, "width_d": 0.004158178694310882}