{"numgrasp": 390, "translation_d": 5.7601250906856255e-09, "rotation_d": 6.257695110032117e-05, "width_d": 0.003783216359320662}