{"numgrasp": 389, "translation_d": 5.800828865488977e-09, "rotation_d": 6.0208433624914415e-05, "width_d": 0.002708308808277597}