{"numgrasp": 382, "translation_d": 6.067500607321945e-09, "rotation_d": 5.763775096794464e-05, "width_d": 0.0021638811831234464}