{"numgrasp": 379, "translation_d": 5.584077520509e-09, "rotation_d": 6.0970299913433404e-05, "width_d": 0.0035116801106584382}