{"numgrasp": 376, "translation_d": 5.664995993834996e-09, "rotation_d": 5.980719210933348e-05, "width_d": 0.004220058730443759}