{"numgrasp": 354, "translation_d": 5.613895948968758e-09, "rotation_d": 5.545184240020951e-05, "width_d": 0.003383682185445416}