{"numgrasp": 352, "translation_d": 5.530730888764122e-09, "rotation_d": 5.4698742077261684e-05, "width_d": 0.003926390482366023}