{"numgrasp": 335, "translation_d": 5.52603349682623e-09, "rotation_d": 5.67194615407134e-05, "width_d": 0.004710160037001851}