{"numgrasp": 351, "translation_d": 5.3413135178465585e-09, "rotation_d": 5.8025831840304464e-05, "width_d": 0.0035342537262871387}