{"numgrasp": 368, "translation_d": 5.759823320938767e-09, "rotation_d": 5.8914429626944865e-05, "width_d": 0.0027942507633523066}