{"numgrasp": 368, "translation_d": 5.571493756911804e-09, "rotation_d": 5.959199047753284e-05, "width_d": 0.0026810300314431784}