{"numgrasp": 348, "translation_d": 5.610501430984769e-09, "rotation_d": 5.578187782388972e-05, "width_d": 0.002598481301384079}