{"numgrasp": 350, "translation_d": 5.533665502977156e-09, "rotation_d": 5.545728069596178e-05, "width_d": 0.003010300351864286}