{"numgrasp": 338, "translation_d": 5.203029978586149e-09, "rotation_d": 5.5521142819048606e-05, "width_d": 0.0036263852347274577}