{"numgrasp": 345, "translation_d": 5.447207298738883e-09, "rotation_d": 5.6243251102471434e-05, "width_d": 0.004486283825970621}