{"numgrasp": 346, "translation_d": 5.408291936012308e-09, "rotation_d": 5.5954074068740995e-05, "width_d": 0.004651655389879926}