{"numgrasp": 348, "translation_d": 5.3019635399437106e-09, "rotation_d": 5.041650699462981e-05, "width_d": 0.005183944297234087}