{"numgrasp": 349, "translation_d": 5.291238251527884e-09, "rotation_d": 5.1488858048426553e-05, "width_d": 0.005055476161457383}