{"numgrasp": 352, "translation_d": 5.380434782240475e-09, "rotation_d": 4.991933111784863e-05, "width_d": 0.004739016555262245}