{"numgrasp": 323, "translation_d": 5.3528936627512464e-09, "rotation_d": 5.154287105209416e-05, "width_d": 0.004497671777759707}