{"numgrasp": 335, "translation_d": 5.19979086730897e-09, "rotation_d": 5.525834022826669e-05, "width_d": 0.004169118497196921}