{"numgrasp": 343, "translation_d": 5.233454949305285e-09, "rotation_d": 5.041102879326274e-05, "width_d": 0.004142249218009849}