{"numgrasp": 352, "translation_d": 5.738084606762042e-09, "rotation_d": 4.920603233987067e-05, "width_d": 0.0037691448394015364}