{"numgrasp": 353, "translation_d": 5.3429329725168245e-09, "rotation_d": 4.769709628338149e-05, "width_d": 0.003010714026656628}