{"numgrasp": 375, "translation_d": 5.426261279145161e-09, "rotation_d": 5.2391612076655676e-05, "width_d": 0.0028567276487444517}