{"numgrasp": 386, "translation_d": 5.459833762876816e-09, "rotation_d": 3.918389843695192e-05, "width_d": 0.002945953953672531}