{"numgrasp": 385, "translation_d": 5.27405385213708e-09, "rotation_d": 3.9845021692189104e-05, "width_d": 0.003504000149005861}