{"numgrasp": 367, "translation_d": 5.318778418496351e-09, "rotation_d": 4.207638216974855e-05, "width_d": 0.003683900923553429}