{"numgrasp": 363, "translation_d": 5.323531880011867e-09, "rotation_d": 4.016334850854982e-05, "width_d": 0.003958849943887787}