{"numgrasp": 408, "translation_d": 6.4186489051084756e-09, "rotation_d": 5.2471604603724805e-05, "width_d": 0.005615846498418628}