{"numgrasp": 345, "translation_d": 5.366713119142615e-09, "rotation_d": 0.0001073179827712417, "width_d": 0.004256809931705184}