{"numgrasp": 335, "translation_d": 5.1919714537339606e-09, "rotation_d": 4.2088878042346276e-05, "width_d": 0.005244667197731849}