{"numgrasp": 344, "translation_d": 4.9733028814989325e-09, "rotation_d": 3.930467778824964e-05, "width_d": 0.004932577437718513}