{"numgrasp": 350, "translation_d": 5.303154883806676e-09, "rotation_d": 4.064684726635013e-05, "width_d": 0.004134453382113601}