{"numgrasp": 354, "translation_d": 5.40412231722169e-09, "rotation_d": 4.1997056360236395e-05, "width_d": 0.004016501457452918}