{"numgrasp": 374, "translation_d": 5.466424095140601e-09, "rotation_d": 4.1483584512311656e-05, "width_d": 0.0034296388591584623}