{"numgrasp": 377, "translation_d": 6.276820625990074e-09, "rotation_d": 4.8906137292496784e-05, "width_d": 0.004910146414464204}