{"numgrasp": 382, "translation_d": 5.160253283962414e-09, "rotation_d": 5.564753868700619e-05, "width_d": 0.0027159531855515816}