{"numgrasp": 400, "translation_d": 5.279684810107971e-09, "rotation_d": 5.2822388003391186e-05, "width_d": 0.002887641307132641}