{"numgrasp": 412, "translation_d": 5.335381767574065e-09, "rotation_d": 5.1120453564530144e-05, "width_d": 0.0029097021930236497}