{"numgrasp": 380, "translation_d": 5.30923906643546e-09, "rotation_d": 4.968223143647931e-05, "width_d": 0.0030554008176342006}