{"numgrasp": 384, "translation_d": 5.257176117759887e-09, "rotation_d": 5.350604926724069e-05, "width_d": 0.00323733265403152}