{"numgrasp": 370, "translation_d": 5.369360542505971e-09, "rotation_d": 4.60071393042871e-05, "width_d": 0.004181978183479054}