{"numgrasp": 357, "translation_d": 5.104080139753511e-09, "rotation_d": 4.466950429626947e-05, "width_d": 0.004641835608542342}