{"numgrasp": 351, "translation_d": 5.233747096815211e-09, "rotation_d": 4.4128404323468716e-05, "width_d": 0.005278839607794828}