{"numgrasp": 359, "translation_d": 5.0644366925137095e-09, "rotation_d": 4.43240620865356e-05, "width_d": 0.005440564493316616}