{"numgrasp": 360, "translation_d": 5.169195711442458e-09, "rotation_d": 5.327613284311216e-05, "width_d": 0.005587833069722594}