{"numgrasp": 385, "translation_d": 5.115733758598675e-09, "rotation_d": 5.218868821927916e-05, "width_d": 0.004807878438311138}