{"numgrasp": 412, "translation_d": 5.369091443139147e-09, "rotation_d": 5.4065763521955145e-05, "width_d": 0.003640292535991632}