{"numgrasp": 380, "translation_d": 5.247982967076012e-09, "rotation_d": 6.029941011069177e-05, "width_d": 0.0031084620635351357}