{"numgrasp": 392, "translation_d": 4.89867042671542e-09, "rotation_d": 5.98513593041782e-05, "width_d": 0.003384119314900878}