{"numgrasp": 403, "translation_d": 5.0428014584021926e-09, "rotation_d": 5.975581652797079e-05, "width_d": 0.0038426257150421723}