{"numgrasp": 387, "translation_d": 6.067521742606987e-09, "rotation_d": 4.9760235468687014e-05, "width_d": 0.004141171931884853}