{"numgrasp": 391, "translation_d": 5.048708083779427e-09, "rotation_d": 5.845145809888939e-05, "width_d": 0.0049897812813724665}