{"numgrasp": 376, "translation_d": 5.235287709780814e-09, "rotation_d": 5.813175886340375e-05, "width_d": 0.005577586146806069}