{"numgrasp": 379, "translation_d": 4.943313875774482e-09, "rotation_d": 6.076177293836229e-05, "width_d": 0.005171701660941386}