{"numgrasp": 398, "translation_d": 5.06360279929688e-09, "rotation_d": 5.8447267241511734e-05, "width_d": 0.0030589513993512446}