{"numgrasp": 385, "translation_d": 5.305898938382612e-09, "rotation_d": 4.802312582493982e-05, "width_d": 0.0029759863257402303}