{"numgrasp": 392, "translation_d": 5.121056132157913e-09, "rotation_d": 5.585160264675757e-05, "width_d": 0.004080829342541853}