{"numgrasp": 420, "translation_d": 5.054881438845048e-09, "rotation_d": 5.697392107638577e-05, "width_d": 0.004210941873271555}