{"numgrasp": 421, "translation_d": 5.010715479804083e-09, "rotation_d": 5.742354915558552e-05, "width_d": 0.004635677749544511}