{"numgrasp": 409, "translation_d": 5.045835505699969e-09, "rotation_d": 5.661436661115482e-05, "width_d": 0.005763759376238955}