{"numgrasp": 391, "translation_d": 6.004560608053175e-09, "rotation_d": 5.1685635057004044e-05, "width_d": 0.0035956874003069007}