{"numgrasp": 355, "translation_d": 6.055904420661798e-09, "rotation_d": 5.9049363145360764e-05, "width_d": 0.00379449927994776}