{"numgrasp": 383, "translation_d": 6.280734108988428e-09, "rotation_d": 4.966426470663213e-05, "width_d": 0.0033126240877657223}