{"numgrasp": 394, "translation_d": 6.1202198167890625e-09, "rotation_d": 4.870520167105605e-05, "width_d": 0.0033098223290104456}