{"numgrasp": 338, "translation_d": 5.435776235771072e-09, "rotation_d": 4.475456807410607e-05, "width_d": 0.004039643440009546}