{"numgrasp": 374, "translation_d": 5.862429154280792e-09, "rotation_d": 4.393747220790791e-05, "width_d": 0.003296979285273132}