{"numgrasp": 376, "translation_d": 5.678383348861466e-09, "rotation_d": 4.4880528217917144e-05, "width_d": 0.0032653653580836796}