{"numgrasp": 374, "translation_d": 6.094320828868784e-09, "rotation_d": 4.4217007712143655e-05, "width_d": 0.00311199899414388}