{"numgrasp": 379, "translation_d": 6.064873109531876e-09, "rotation_d": 4.612545111690686e-05, "width_d": 0.002908319717836893}