{"numgrasp": 370, "translation_d": 5.9766896794760044e-09, "rotation_d": 4.1604766723354155e-05, "width_d": 0.002897857649444211}