{"numgrasp": 375, "translation_d": 5.808171513247505e-09, "rotation_d": 4.1988086828050147e-05, "width_d": 0.0029110950866116057}