{"numgrasp": 392, "translation_d": 5.790871166508811e-09, "rotation_d": 4.206500100357487e-05, "width_d": 0.0028476099629135333}