{"numgrasp": 382, "translation_d": 5.85424714486464e-09, "rotation_d": 4.309790834529025e-05, "width_d": 0.002999548577357672}