{"numgrasp": 395, "translation_d": 5.877825409776214e-09, "rotation_d": 4.465012720066332e-05, "width_d": 0.0031184123729865237}