{"numgrasp": 377, "translation_d": 5.872525868825787e-09, "rotation_d": 4.493040351765322e-05, "width_d": 0.0032235040670382273}