{"numgrasp": 343, "translation_d": 5.668193811402478e-09, "rotation_d": 4.5018643157572456e-05, "width_d": 0.0037498505465605216}