{"numgrasp": 332, "translation_d": 5.567367426779138e-09, "rotation_d": 4.9382282551569926e-05, "width_d": 0.0038156312286303537}