{"numgrasp": 344, "translation_d": 5.530245997093117e-09, "rotation_d": 4.97838400982985e-05, "width_d": 0.0034389887283361787}