{"numgrasp": 373, "translation_d": 5.7228271855057795e-09, "rotation_d": 4.919835221973671e-05, "width_d": 0.00301971944553188}