{"numgrasp": 377, "translation_d": 5.749793250857633e-09, "rotation_d": 4.4373366679101454e-05, "width_d": 0.0028692044305365654}