{"numgrasp": 378, "translation_d": 5.815850344779355e-09, "rotation_d": 5.389599739817963e-05, "width_d": 0.0026907307672227594}