{"numgrasp": 422, "translation_d": 6.3840153793860795e-09, "rotation_d": 5.573493825881759e-05, "width_d": 0.004716247732756796}