{"numgrasp": 459, "translation_d": 6.372639218736149e-09, "rotation_d": 4.709897271432672e-05, "width_d": 0.0028108312832352883}