{"numgrasp": 438, "translation_d": 6.8198822010567395e-09, "rotation_d": 5.554103866292205e-05, "width_d": 0.003849555739102243}