{"numgrasp": 460, "translation_d": 6.6007546931092664e-09, "rotation_d": 5.549690748055826e-05, "width_d": 0.004899539358444697}