{"numgrasp": 479, "translation_d": 6.646287139716401e-09, "rotation_d": 5.582417347631478e-05, "width_d": 0.0052337955813952656}