{"numgrasp": 426, "translation_d": 6.64285932952176e-09, "rotation_d": 5.21015001959736e-05, "width_d": 0.0049603917985405485}