{"numgrasp": 441, "translation_d": 6.5775492370555636e-09, "rotation_d": 5.2181339793587846e-05, "width_d": 0.0043903609151748945}