{"numgrasp": 430, "translation_d": 6.45219916810804e-09, "rotation_d": 5.275725303142421e-05, "width_d": 0.003986865544810912}