{"numgrasp": 428, "translation_d": 6.457205576566951e-09, "rotation_d": 5.299189923218346e-05, "width_d": 0.003664372185378415}