{"numgrasp": 449, "translation_d": 6.634032451755568e-09, "rotation_d": 4.804764100251642e-05, "width_d": 0.004479358263452133}