{"numgrasp": 418, "translation_d": 6.286958347489265e-09, "rotation_d": 5.336605083970166e-05, "width_d": 0.002671278793848227}