{"numgrasp": 431, "translation_d": 6.088151259809334e-09, "rotation_d": 4.609004738078582e-05, "width_d": 0.0028292861581947857}