{"numgrasp": 428, "translation_d": 6.055622775432632e-09, "rotation_d": 4.626799616699316e-05, "width_d": 0.0030039874371914337}