{"numgrasp": 421, "translation_d": 6.45337134040563e-09, "rotation_d": 4.771264536564269e-05, "width_d": 0.0037203953129299814}