{"numgrasp": 453, "translation_d": 6.626380049382122e-09, "rotation_d": 4.778845594781876e-05, "width_d": 0.004755740281609179}