{"numgrasp": 453, "translation_d": 6.514035897894226e-09, "rotation_d": 4.937217058333038e-05, "width_d": 0.004356039120852104}