{"numgrasp": 455, "translation_d": 6.224890221320256e-09, "rotation_d": 4.701858401479409e-05, "width_d": 0.004856628736872797}