{"numgrasp": 437, "translation_d": 6.004419991776155e-09, "rotation_d": 4.710833301244114e-05, "width_d": 0.0032677173114777493}