{"numgrasp": 476, "translation_d": 5.5222065059786996e-09, "rotation_d": 4.806014156175033e-05, "width_d": 0.0029013285491190873}