{"numgrasp": 469, "translation_d": 5.579472124961645e-09, "rotation_d": 5.145822913316713e-05, "width_d": 0.0032644707416719567}