{"numgrasp": 456, "translation_d": 5.591631854991965e-09, "rotation_d": 4.919484994736107e-05, "width_d": 0.004195155399068763}