{"numgrasp": 453, "translation_d": 6.488549585099052e-09, "rotation_d": 4.794359784493702e-05, "width_d": 0.005041912240765504}