{"numgrasp": 473, "translation_d": 6.072336431314082e-09, "rotation_d": 4.7893595916678806e-05, "width_d": 0.005151320051598668}