{"numgrasp": 472, "translation_d": 5.873429420321523e-09, "rotation_d": 4.666408812974068e-05, "width_d": 0.005363505127485615}