{"numgrasp": 453, "translation_d": 5.763033191917389e-09, "rotation_d": 5.082643694577577e-05, "width_d": 0.005145787303446669}