{"numgrasp": 519, "translation_d": 5.72418673808757e-09, "rotation_d": 5.172879182325291e-05, "width_d": 0.00438582887788425}