{"numgrasp": 500, "translation_d": 5.495669302528263e-09, "rotation_d": 5.265587423606692e-05, "width_d": 0.00432248231541331}