{"numgrasp": 478, "translation_d": 5.3882447885310815e-09, "rotation_d": 5.322188628049367e-05, "width_d": 0.0034067775335415635}