{"numgrasp": 455, "translation_d": 6.600755749743526e-09, "rotation_d": 4.5400141761633816e-05, "width_d": 0.004639593097969926}