{"numgrasp": 452, "translation_d": 5.468021526685329e-09, "rotation_d": 5.494650999475329e-05, "width_d": 0.0030330022032715987}