{"numgrasp": 480, "translation_d": 5.002015550480299e-09, "rotation_d": 5.47083641753807e-05, "width_d": 0.00316348194512099}