{"numgrasp": 422, "translation_d": 5.203904321746816e-09, "rotation_d": 5.4591693313351154e-05, "width_d": 0.0034168391495294956}