{"numgrasp": 495, "translation_d": 5.1193766071964534e-09, "rotation_d": 5.410845449783998e-05, "width_d": 0.0038971519849766417}