{"numgrasp": 481, "translation_d": 5.319393007463467e-09, "rotation_d": 5.562970430821886e-05, "width_d": 0.003840196998385875}