{"numgrasp": 518, "translation_d": 5.434314138096631e-09, "rotation_d": 5.501051376002963e-05, "width_d": 0.004507466604489147}