{"numgrasp": 468, "translation_d": 6.4655435269441245e-09, "rotation_d": 4.560843073005292e-05, "width_d": 0.0045849860203013145}