{"numgrasp": 539, "translation_d": 5.844641807955507e-09, "rotation_d": 5.580795898081598e-05, "width_d": 0.005917868406029864}