{"numgrasp": 528, "translation_d": 4.989569054952419e-09, "rotation_d": 5.537515043025578e-05, "width_d": 0.005455701329019381}