{"numgrasp": 449, "translation_d": 6.629729699125075e-09, "rotation_d": 4.93507709211458e-05, "width_d": 0.0033804869946590017}