{"numgrasp": 515, "translation_d": 5.090039328056886e-09, "rotation_d": 5.6430625320861735e-05, "width_d": 0.004675515034768453}