{"numgrasp": 541, "translation_d": 5.098504103813055e-09, "rotation_d": 5.589636912324338e-05, "width_d": 0.004177131986825673}