{"numgrasp": 430, "translation_d": 5.100917169970995e-09, "rotation_d": 5.4942889058718345e-05, "width_d": 0.0034389695153855156}