{"numgrasp": 440, "translation_d": 4.960121717725055e-09, "rotation_d": 5.37957870685519e-05, "width_d": 0.003237981558204929}