{"numgrasp": 485, "translation_d": 4.799189983296255e-09, "rotation_d": 5.1219559693381456e-05, "width_d": 0.0036852309496793498}