{"numgrasp": 503, "translation_d": 4.848093424710581e-09, "rotation_d": 5.293329588875298e-05, "width_d": 0.00403048215411335}