{"numgrasp": 477, "translation_d": 4.839595549665693e-09, "rotation_d": 5.313536767933529e-05, "width_d": 0.003975842819062833}