{"numgrasp": 473, "translation_d": 4.931346205713295e-09, "rotation_d": 5.361913345545842e-05, "width_d": 0.004232197392786914}