{"numgrasp": 484, "translation_d": 4.945774693704474e-09, "rotation_d": 5.3148190651529706e-05, "width_d": 0.004424570095159781}