{"numgrasp": 512, "translation_d": 4.7884784693498985e-09, "rotation_d": 5.297366951683632e-05, "width_d": 0.004809986470756652}