{"numgrasp": 485, "translation_d": 4.689792909339744e-09, "rotation_d": 4.9111554686045865e-05, "width_d": 0.005016726731868601}