{"numgrasp": 466, "translation_d": 6.538992928492249e-09, "rotation_d": 4.601598868851611e-05, "width_d": 0.004111747214451096}