{"numgrasp": 483, "translation_d": 4.527127499899732e-09, "rotation_d": 4.920596009361134e-05, "width_d": 0.004671397589734257}