{"numgrasp": 466, "translation_d": 4.797148312276681e-09, "rotation_d": 4.841518115870495e-05, "width_d": 0.0038961525857559836}