{"numgrasp": 443, "translation_d": 4.868601795040067e-09, "rotation_d": 4.6935331721541725e-05, "width_d": 0.003729762750161061}