{"numgrasp": 414, "translation_d": 4.8358324034448555e-09, "rotation_d": 4.671628779862157e-05, "width_d": 0.00359825417986003}