{"numgrasp": 457, "translation_d": 6.816688277251686e-09, "rotation_d": 4.689774507389982e-05, "width_d": 0.0038980882224053898}