{"numgrasp": 380, "translation_d": 4.44498939004106e-09, "rotation_d": 4.56313809653442e-05, "width_d": 0.003853611360490782}