{"numgrasp": 395, "translation_d": 4.4047374605005726e-09, "rotation_d": 4.492262054497253e-05, "width_d": 0.0037779995185264854}