{"numgrasp": 457, "translation_d": 4.513921263316681e-09, "rotation_d": 4.5032480897994507e-05, "width_d": 0.004001045779321036}