{"numgrasp": 514, "translation_d": 4.4651423565597686e-09, "rotation_d": 4.586458443976082e-05, "width_d": 0.005491500163444303}