{"numgrasp": 469, "translation_d": 6.327201664515932e-09, "rotation_d": 4.642503429273205e-05, "width_d": 0.003151762293765787}