{"numgrasp": 494, "translation_d": 6.425831809206725e-09, "rotation_d": 4.6459988222827114e-05, "width_d": 0.0030796973492355053}