{"numgrasp": 491, "translation_d": 6.813461049279108e-09, "rotation_d": 4.5586795582042615e-05, "width_d": 0.003429666477381692}