{"numgrasp": 493, "translation_d": 6.3712775033302246e-09, "rotation_d": 4.485543278020271e-05, "width_d": 0.0039338724110885934}