{"numgrasp": 493, "translation_d": 6.622226061422977e-09, "rotation_d": 4.630853970610982e-05, "width_d": 0.004136438186028332}