{"numgrasp": 483, "translation_d": 6.573132769819698e-09, "rotation_d": 4.569652479422476e-05, "width_d": 0.00422061694583105}