{"numgrasp": 492, "translation_d": 6.86031946366083e-09, "rotation_d": 4.5670585583296596e-05, "width_d": 0.004283099167919036}