{"numgrasp": 484, "translation_d": 6.685963241314808e-09, "rotation_d": 4.6533311740262656e-05, "width_d": 0.004571761401583028}