{"numgrasp": 475, "translation_d": 6.818650596312434e-09, "rotation_d": 4.4323099123490214e-05, "width_d": 0.004677538146944348}