{"numgrasp": 485, "translation_d": 7.065541958252184e-09, "rotation_d": 4.5605786458388086e-05, "width_d": 0.004765053854044849}