{"numgrasp": 484, "translation_d": 6.776261258102264e-09, "rotation_d": 4.885351410795057e-05, "width_d": 0.0040245745807847705}