{"numgrasp": 475, "translation_d": 6.682239367496747e-09, "rotation_d": 4.733335166569656e-05, "width_d": 0.003820667347211365}