{"numgrasp": 478, "translation_d": 6.301640071138852e-09, "rotation_d": 4.731675103016115e-05, "width_d": 0.003490741717721358}