{"numgrasp": 470, "translation_d": 6.380973097027453e-09, "rotation_d": 4.688631158260801e-05, "width_d": 0.003072303069483359}