{"numgrasp": 480, "translation_d": 6.436362238128631e-09, "rotation_d": 4.8046896762343705e-05, "width_d": 0.0037416056891984985}