{"numgrasp": 466, "translation_d": 6.446151717906419e-09, "rotation_d": 4.6206340397654845e-05, "width_d": 0.0030698245599907895}