{"numgrasp": 438, "translation_d": 6.605117054170547e-09, "rotation_d": 4.97925226513803e-05, "width_d": 0.0029380383564802785}