{"numgrasp": 439, "translation_d": 7.031633354777664e-09, "rotation_d": 5.0640706753193136e-05, "width_d": 0.0028736213376271296}