{"numgrasp": 457, "translation_d": 6.540659620297267e-09, "rotation_d": 5.085900721716158e-05, "width_d": 0.002928600794335477}