{"numgrasp": 450, "translation_d": 6.832057456369265e-09, "rotation_d": 5.237110330367028e-05, "width_d": 0.0037375925896480757}