{"numgrasp": 470, "translation_d": 7.084367275439142e-09, "rotation_d": 5.1166576274712226e-05, "width_d": 0.004065088110187052}