{"numgrasp": 483, "translation_d": 6.884961272848767e-09, "rotation_d": 5.067621257318579e-05, "width_d": 0.0048220537580000436}