{"numgrasp": 459, "translation_d": 7.006630485673618e-09, "rotation_d": 5.5741111309188667e-05, "width_d": 0.00396615629994715}