{"numgrasp": 456, "translation_d": 6.863794045508059e-09, "rotation_d": 5.567555359554906e-05, "width_d": 0.0034747374214740357}