{"numgrasp": 422, "translation_d": 6.411823121212372e-09, "rotation_d": 5.4759623970323315e-05, "width_d": 0.0027401981304501226}