{"numgrasp": 415, "translation_d": 6.5160705246202554e-09, "rotation_d": 5.54974886409968e-05, "width_d": 0.0028267267974590856}