{"numgrasp": 326, "translation_d": 5.21878565809772e-09, "rotation_d": 5.1527660859608956e-05, "width_d": 0.004297942656738851}