{"numgrasp": 314, "translation_d": 5.258768337510316e-09, "rotation_d": 5.024513887528438e-05, "width_d": 0.00428603980016339}