{"numgrasp": 311, "translation_d": 5.348833256820038e-09, "rotation_d": 4.981055326681275e-05, "width_d": 0.004168091497935837}