{"numgrasp": 311, "translation_d": 5.297494330646639e-09, "rotation_d": 4.9822789535742644e-05, "width_d": 0.00402832583750826}