{"numgrasp": 300, "translation_d": 5.095296944594272e-09, "rotation_d": 5.083754351287388e-05, "width_d": 0.00382477625962095}