{"numgrasp": 287, "translation_d": 5.443920395894066e-09, "rotation_d": 5.211312940182891e-05, "width_d": 0.003291861967123758}