{"numgrasp": 256, "translation_d": 5.631306018372976e-09, "rotation_d": 5.296591301266845e-05, "width_d": 0.0030915462445354988}