{"numgrasp": 301, "translation_d": 6.0056840008053045e-09, "rotation_d": 4.82388466805684e-05, "width_d": 0.004083989455568081}