{"numgrasp": 307, "translation_d": 5.187015191484065e-09, "rotation_d": 4.634003365423211e-05, "width_d": 0.004665538044552853}