{"numgrasp": 271, "translation_d": 5.022661026862068e-09, "rotation_d": 4.639853277551925e-05, "width_d": 0.0037907475406777588}