{"numgrasp": 271, "translation_d": 4.849815752585621e-09, "rotation_d": 4.708845300529784e-05, "width_d": 0.003626023446322703}