{"numgrasp": 245, "translation_d": 5.30378978337733e-09, "rotation_d": 4.985221349261635e-05, "width_d": 0.002784693987981527}