{"numgrasp": 248, "translation_d": 4.554787617823178e-09, "rotation_d": 5.153001246387807e-05, "width_d": 0.006919769694091771}