{"numgrasp": 265, "translation_d": 4.369806641317889e-09, "rotation_d": 5.092479025777978e-05, "width_d": 0.005730821904346393}