{"numgrasp": 254, "translation_d": 5.161813911383301e-09, "rotation_d": 5.143464109438276e-05, "width_d": 0.004524808204209757}