{"numgrasp": 304, "translation_d": 5.7081134973347855e-09, "rotation_d": 4.642887743897454e-05, "width_d": 0.004090324555233035}