{"numgrasp": 228, "translation_d": 5.529857366526038e-09, "rotation_d": 5.5396005522623065e-05, "width_d": 0.0031233986674792076}