{"numgrasp": 270, "translation_d": 4.938537165393862e-09, "rotation_d": 5.4204508418728706e-05, "width_d": 0.004617452129792038}