{"numgrasp": 274, "translation_d": 4.816437841619692e-09, "rotation_d": 5.445329624045087e-05, "width_d": 0.005610591454985337}