{"numgrasp": 278, "translation_d": 4.38152070988176e-09, "rotation_d": 5.4214230269725976e-05, "width_d": 0.006658197504094732}