{"numgrasp": 264, "translation_d": 4.950344157513324e-09, "rotation_d": 5.5581628646908396e-05, "width_d": 0.004372533547597863}