{"numgrasp": 282, "translation_d": 6.067710414144753e-09, "rotation_d": 4.7229851650118976e-05, "width_d": 0.0037689543358680896}