{"numgrasp": 251, "translation_d": 5.205568942521958e-09, "rotation_d": 5.563360632501275e-05, "width_d": 0.003485863133081531}