{"numgrasp": 251, "translation_d": 5.2918915014943684e-09, "rotation_d": 5.635464252963975e-05, "width_d": 0.0032179183693233472}