{"numgrasp": 238, "translation_d": 5.147029521225618e-09, "rotation_d": 5.59486530702614e-05, "width_d": 0.0032161544213365235}