{"numgrasp": 217, "translation_d": 5.5815559699159555e-09, "rotation_d": 5.626313290683478e-05, "width_d": 0.0032983119266695097}