{"numgrasp": 212, "translation_d": 5.878969243636689e-09, "rotation_d": 5.424259957348541e-05, "width_d": 0.002969623592510262}