{"numgrasp": 225, "translation_d": 5.6962910907141394e-09, "rotation_d": 4.8404897543304374e-05, "width_d": 0.003224041973350361}