{"numgrasp": 252, "translation_d": 5.41911472343465e-09, "rotation_d": 5.20993225410009e-05, "width_d": 0.0033092455415386544}