{"numgrasp": 267, "translation_d": 5.305826908793691e-09, "rotation_d": 5.410431268523959e-05, "width_d": 0.004092063440112548}