{"numgrasp": 273, "translation_d": 5.14517385475148e-09, "rotation_d": 5.270151512781577e-05, "width_d": 0.0044705599538484115}