{"numgrasp": 245, "translation_d": 5.002511769178173e-09, "rotation_d": 5.290263753826848e-05, "width_d": 0.004497119019590608}