{"numgrasp": 255, "translation_d": 4.995301696674192e-09, "rotation_d": 4.803218952479491e-05, "width_d": 0.004485103127282645}