{"numgrasp": 244, "translation_d": 5.178868134217932e-09, "rotation_d": 5.245750829266006e-05, "width_d": 0.004092367168693785}