{"numgrasp": 241, "translation_d": 5.0605518752341935e-09, "rotation_d": 4.803754114126054e-05, "width_d": 0.0038522299841010194}