{"numgrasp": 306, "translation_d": 5.811435170575225e-09, "rotation_d": 4.785682213356188e-05, "width_d": 0.00369099317532039}