{"numgrasp": 238, "translation_d": 5.219849179840478e-09, "rotation_d": 4.768501340702135e-05, "width_d": 0.0032116368445253645}