{"numgrasp": 258, "translation_d": 5.411617286069647e-09, "rotation_d": 4.810375232395633e-05, "width_d": 0.00323185349032249}