{"numgrasp": 255, "translation_d": 5.473307793002815e-09, "rotation_d": 4.8451617254267475e-05, "width_d": 0.00331744114936624}