{"numgrasp": 237, "translation_d": 5.838875717746142e-09, "rotation_d": 4.592001927935335e-05, "width_d": 0.0029649938145216814}