{"numgrasp": 235, "translation_d": 5.890983456540144e-09, "rotation_d": 4.5907088508966974e-05, "width_d": 0.0029604203460834185}