{"numgrasp": 242, "translation_d": 5.851472342138158e-09, "rotation_d": 4.607390665645955e-05, "width_d": 0.002951693803075649}