{"numgrasp": 235, "translation_d": 5.788297187001613e-09, "rotation_d": 4.315169393884452e-05, "width_d": 0.0029061932109034974}