{"numgrasp": 244, "translation_d": 5.7669617233495e-09, "rotation_d": 4.371779758748437e-05, "width_d": 0.0028712871407140087}