{"numgrasp": 296, "translation_d": 5.902474636360694e-09, "rotation_d": 4.659643971099069e-05, "width_d": 0.003414801211573441}