{"numgrasp": 205, "translation_d": 4.48117755998531e-09, "rotation_d": 4.415556050263077e-05, "width_d": 0.004581860097223794}