{"numgrasp": 295, "translation_d": 5.755730250207149e-09, "rotation_d": 4.6338233849928424e-05, "width_d": 0.003307565495554648}