{"numgrasp": 276, "translation_d": 5.9338070985824905e-09, "rotation_d": 4.522012311068035e-05, "width_d": 0.0032133500637616615}