{"numgrasp": 266, "translation_d": 5.855195554873286e-09, "rotation_d": 4.586003590388746e-05, "width_d": 0.0031916882738512874}