{"numgrasp": 280, "translation_d": 5.631595472088124e-09, "rotation_d": 4.632507070227054e-05, "width_d": 0.002703402015877304}