{"numgrasp": 266, "translation_d": 5.818120957331967e-09, "rotation_d": 4.497998958806516e-05, "width_d": 0.0030322670276367743}