{"numgrasp": 290, "translation_d": 5.534049070370139e-09, "rotation_d": 4.8716645358774435e-05, "width_d": 0.0033928013419569584}