{"numgrasp": 308, "translation_d": 5.741057160691512e-09, "rotation_d": 4.972451994663277e-05, "width_d": 0.0033266393687531146}