{"numgrasp": 289, "translation_d": 5.529402887367014e-09, "rotation_d": 4.8003086195989556e-05, "width_d": 0.003442655257957402}