{"numgrasp": 264, "translation_d": 5.862265992859849e-09, "rotation_d": 4.933782246827167e-05, "width_d": 0.003100262853269764}