{"numgrasp": 284, "translation_d": 5.503530426460822e-09, "rotation_d": 4.906845491708874e-05, "width_d": 0.003859004041321455}