{"numgrasp": 306, "translation_d": 5.20260665384308e-09, "rotation_d": 4.856346581556588e-05, "width_d": 0.004655975768230311}