{"numgrasp": 317, "translation_d": 5.502744448588036e-09, "rotation_d": 5.210096096139313e-05, "width_d": 0.00386745749990881}