{"numgrasp": 297, "translation_d": 5.678387326928738e-09, "rotation_d": 5.139564914164038e-05, "width_d": 0.003290108119378387}