{"numgrasp": 264, "translation_d": 5.4317086317181935e-09, "rotation_d": 4.6449551548478474e-05, "width_d": 0.0030847687129295473}