{"numgrasp": 291, "translation_d": 5.813002480404096e-09, "rotation_d": 4.581271552361442e-05, "width_d": 0.0030532226161467347}