{"numgrasp": 272, "translation_d": 5.636639209466467e-09, "rotation_d": 4.8994182821550195e-05, "width_d": 0.0029003816745677416}