{"numgrasp": 278, "translation_d": 5.882851970829614e-09, "rotation_d": 5.133273137268299e-05, "width_d": 0.003052299126395992}