{"numgrasp": 270, "translation_d": 5.635317387719171e-09, "rotation_d": 5.310082636634473e-05, "width_d": 0.003314607860847495}