{"numgrasp": 286, "translation_d": 5.435022603549714e-09, "rotation_d": 5.324711518274333e-05, "width_d": 0.0032051669834878716}