{"numgrasp": 290, "translation_d": 5.532229106078564e-09, "rotation_d": 5.375333493658894e-05, "width_d": 0.003300551201100213}