{"numgrasp": 277, "translation_d": 6.288810567890736e-09, "rotation_d": 4.719025961696044e-05, "width_d": 0.0034193913908901895}