{"numgrasp": 302, "translation_d": 5.360156628652449e-09, "rotation_d": 5.342399423968796e-05, "width_d": 0.00411272009401142}