{"numgrasp": 315, "translation_d": 5.425368636709734e-09, "rotation_d": 5.395209438944839e-05, "width_d": 0.0035303827427812452}