{"numgrasp": 298, "translation_d": 5.271047068827639e-09, "rotation_d": 5.461348387542976e-05, "width_d": 0.003188921783882957}