{"numgrasp": 284, "translation_d": 5.43694439762275e-09, "rotation_d": 5.587275018622224e-05, "width_d": 0.0031553709819309495}