{"numgrasp": 284, "translation_d": 5.617559959764514e-09, "rotation_d": 4.7818567473171205e-05, "width_d": 0.003525707698984413}