{"numgrasp": 271, "translation_d": 5.553963615141655e-09, "rotation_d": 5.412753713056145e-05, "width_d": 0.0027323258619256245}