{"numgrasp": 275, "translation_d": 5.634723811420256e-09, "rotation_d": 5.586999215959458e-05, "width_d": 0.003267815328033292}