{"numgrasp": 284, "translation_d": 5.354043832048645e-09, "rotation_d": 5.45542094607713e-05, "width_d": 0.003516636938805973}