{"numgrasp": 326, "translation_d": 5.305859344462903e-09, "rotation_d": 5.2971579440855376e-05, "width_d": 0.003533646495205369}