{"numgrasp": 329, "translation_d": 5.578149726091841e-09, "rotation_d": 5.357404148709701e-05, "width_d": 0.0037691494294662957}