{"numgrasp": 301, "translation_d": 5.3937823358439125e-09, "rotation_d": 5.357134805118694e-05, "width_d": 0.003885725906169338}