{"numgrasp": 290, "translation_d": 6.037463210601268e-09, "rotation_d": 4.816912487931198e-05, "width_d": 0.00375807737499717}