{"numgrasp": 280, "translation_d": 5.352122326813482e-09, "rotation_d": 5.12200802659106e-05, "width_d": 0.004415424211785886}