{"numgrasp": 289, "translation_d": 5.228775031511086e-09, "rotation_d": 3.2404730763579406e-05, "width_d": 0.0029743460619424955}