{"numgrasp": 306, "translation_d": 5.626363306393557e-09, "rotation_d": 3.4117468569819676e-05, "width_d": 0.0030799184711978404}