{"numgrasp": 281, "translation_d": 5.507986622983767e-09, "rotation_d": 3.478672702166762e-05, "width_d": 0.0033133619073489225}