{"numgrasp": 294, "translation_d": 5.4451450540979694e-09, "rotation_d": 3.565734923533174e-05, "width_d": 0.003393125646235456}