{"numgrasp": 226, "translation_d": 6.481949155170349e-09, "rotation_d": 3.6984480276323035e-05, "width_d": 0.0041061014176687165}