{"numgrasp": 270, "translation_d": 5.377667680698223e-09, "rotation_d": 3.641544134181716e-05, "width_d": 0.003828406335308046}