{"numgrasp": 282, "translation_d": 5.282490516541665e-09, "rotation_d": 3.8692542139536275e-05, "width_d": 0.0036573950436582926}