{"numgrasp": 272, "translation_d": 5.3167908188727585e-09, "rotation_d": 4.0039630912158455e-05, "width_d": 0.003919823309871826}