{"numgrasp": 267, "translation_d": 5.401261940520829e-09, "rotation_d": 4.25408574103992e-05, "width_d": 0.0035159498099201006}