{"numgrasp": 271, "translation_d": 5.4389536664754816e-09, "rotation_d": 4.201181304180285e-05, "width_d": 0.00351570020156995}