{"numgrasp": 290, "translation_d": 5.5754180043555265e-09, "rotation_d": 4.216643439875665e-05, "width_d": 0.0034527332592635455}