{"numgrasp": 293, "translation_d": 5.366312529071225e-09, "rotation_d": 4.172768123795899e-05, "width_d": 0.003315747360089866}