{"numgrasp": 278, "translation_d": 5.738216403708131e-09, "rotation_d": 4.093846551506568e-05, "width_d": 0.0032990285404828957}