{"numgrasp": 297, "translation_d": 5.589132120595557e-09, "rotation_d": 4.0366410287774966e-05, "width_d": 0.0029439464009377602}