{"numgrasp": 202, "translation_d": 6.4157854539506514e-09, "rotation_d": 3.7855925313623604e-05, "width_d": 0.00487666991536719}