{"numgrasp": 273, "translation_d": 5.4296816241228415e-09, "rotation_d": 5.6911570494970964e-05, "width_d": 0.002874976587552594}