{"numgrasp": 261, "translation_d": 5.73847722827274e-09, "rotation_d": 5.2146688119397155e-05, "width_d": 0.0035443730251512183}