{"numgrasp": 201, "translation_d": 6.501393455680826e-09, "rotation_d": 3.9076313541614353e-05, "width_d": 0.005054130026270566}