{"numgrasp": 253, "translation_d": 5.825424753072615e-09, "rotation_d": 5.9462532485219906e-05, "width_d": 0.0037041065982316205}