{"numgrasp": 266, "translation_d": 5.8473790034794205e-09, "rotation_d": 6.22625444192042e-05, "width_d": 0.003175688591624576}