{"numgrasp": 263, "translation_d": 5.3469375221409935e-09, "rotation_d": 6.350164478688972e-05, "width_d": 0.002975819136699224}