{"numgrasp": 202, "translation_d": 6.475347290331856e-09, "rotation_d": 4.410731988052682e-05, "width_d": 0.00484528291746615}