{"numgrasp": 242, "translation_d": 5.347118879801807e-09, "rotation_d": 5.8768711253004454e-05, "width_d": 0.0031114886937684254}