{"numgrasp": 276, "translation_d": 5.178559123399241e-09, "rotation_d": 6.21584130288641e-05, "width_d": 0.0035821739818771565}