{"numgrasp": 206, "translation_d": 6.50785496287665e-09, "rotation_d": 4.131042525907713e-05, "width_d": 0.004444856949676811}