{"numgrasp": 259, "translation_d": 5.505346413198092e-09, "rotation_d": 6.358235938474712e-05, "width_d": 0.003760238465421696}