{"numgrasp": 257, "translation_d": 5.205695992377573e-09, "rotation_d": 6.315030774274844e-05, "width_d": 0.0041780217626112845}