{"numgrasp": 252, "translation_d": 5.248219952941142e-09, "rotation_d": 6.21840862838529e-05, "width_d": 0.004688048874444525}