{"numgrasp": 243, "translation_d": 5.174589102648616e-09, "rotation_d": 5.939609678868691e-05, "width_d": 0.0042495714185412726}