{"numgrasp": 273, "translation_d": 6.519581294195517e-09, "rotation_d": 4.199268438695985e-05, "width_d": 0.003287739863957521}