{"numgrasp": 247, "translation_d": 5.5111247218841076e-09, "rotation_d": 5.91665382753559e-05, "width_d": 0.0036754314075892382}