{"numgrasp": 247, "translation_d": 5.348856478130146e-09, "rotation_d": 5.747223541301182e-05, "width_d": 0.003615508682812994}