{"numgrasp": 268, "translation_d": 5.411343424562913e-09, "rotation_d": 5.6615288121471945e-05, "width_d": 0.0034118877615066222}