{"numgrasp": 230, "translation_d": 6.729526777004676e-09, "rotation_d": 4.001043093230661e-05, "width_d": 0.00441258453588938}