{"numgrasp": 230, "translation_d": 5.529270997580341e-09, "rotation_d": 3.376502892261192e-05, "width_d": 0.003288991553922332}