{"numgrasp": 242, "translation_d": 5.532448828849513e-09, "rotation_d": 4.7984778438310766e-05, "width_d": 0.0032757272087504895}