{"numgrasp": 226, "translation_d": 4.682800167579876e-09, "rotation_d": 5.342664881215991e-05, "width_d": 0.004342820533632279}