{"numgrasp": 228, "translation_d": 5.364449160415443e-09, "rotation_d": 4.464424329498934e-05, "width_d": 0.004500745200249647}