{"numgrasp": 223, "translation_d": 5.334025034087723e-09, "rotation_d": 4.2541023613283615e-05, "width_d": 0.003628184552260014}