{"numgrasp": 230, "translation_d": 5.512306385948148e-09, "rotation_d": 3.321019535603759e-05, "width_d": 0.00335122250106}