{"numgrasp": 235, "translation_d": 5.720813556966581e-09, "rotation_d": 3.8830702552843354e-05, "width_d": 0.003602630544690278}