{"numgrasp": 235, "translation_d": 5.1818410214814995e-09, "rotation_d": 3.6968014218458214e-05, "width_d": 0.003196779844389161}