{"numgrasp": 234, "translation_d": 5.397073117863577e-09, "rotation_d": 3.58395013300075e-05, "width_d": 0.0034555499973744157}