{"numgrasp": 196, "translation_d": 5.020419735146935e-09, "rotation_d": 4.4526301882573674e-05, "width_d": 0.0032354321427153984}