{"numgrasp": 263, "translation_d": 6.801521070609685e-09, "rotation_d": 3.6199769788295794e-05, "width_d": 0.0037078872647892253}