{"numgrasp": 207, "translation_d": 5.2680204421316036e-09, "rotation_d": 3.593845113284371e-05, "width_d": 0.004066921779647846}