{"numgrasp": 202, "translation_d": 4.972701643320614e-09, "rotation_d": 3.857874389651206e-05, "width_d": 0.004689179031266296}