{"numgrasp": 205, "translation_d": 4.638536885320507e-09, "rotation_d": 3.988982678224856e-05, "width_d": 0.004786910951068698}