{"numgrasp": 270, "translation_d": 6.697581150546287e-09, "rotation_d": 3.209112074190203e-05, "width_d": 0.0036086850931581695}