{"numgrasp": 274, "translation_d": 6.31157401993129e-09, "rotation_d": 3.3242602492676014e-05, "width_d": 0.0032655471626000794}