{"numgrasp": 261, "translation_d": 6.4028039880436e-09, "rotation_d": 3.290478113118426e-05, "width_d": 0.0032846139295505576}