{"numgrasp": 247, "translation_d": 6.55195669472958e-09, "rotation_d": 4.782622624042071e-05, "width_d": 0.0035806494451624425}