{"numgrasp": 274, "translation_d": 6.510316985514965e-09, "rotation_d": 3.588530115598592e-05, "width_d": 0.003546150549405346}