{"numgrasp": 236, "translation_d": 6.7110376806089385e-09, "rotation_d": 5.090599517535347e-05, "width_d": 0.004655244585449179}