{"numgrasp": 202, "translation_d": 6.658844747325209e-09, "rotation_d": 5.176381391781407e-05, "width_d": 0.0049868189591285045}