{"numgrasp": 208, "translation_d": 6.219413866129729e-09, "rotation_d": 5.726788554389279e-05, "width_d": 0.005210531276983288}