{"numgrasp": 218, "translation_d": 6.314470687700204e-09, "rotation_d": 5.6091711175515785e-05, "width_d": 0.005058450673476696}