{"numgrasp": 237, "translation_d": 6.802172728329112e-09, "rotation_d": 5.745273281916566e-05, "width_d": 0.004897377527325631}