{"numgrasp": 264, "translation_d": 6.541365257226031e-09, "rotation_d": 3.535345371708336e-05, "width_d": 0.003618167212314859}