{"numgrasp": 248, "translation_d": 6.483176482306499e-09, "rotation_d": 5.7867471508315864e-05, "width_d": 0.005010571034967663}