{"numgrasp": 255, "translation_d": 6.3568343285910905e-09, "rotation_d": 5.860642720959436e-05, "width_d": 0.004491398849131946}