{"numgrasp": 263, "translation_d": 6.764672964442103e-09, "rotation_d": 5.580026544140298e-05, "width_d": 0.0035420382433902138}