{"numgrasp": 278, "translation_d": 6.44527730193288e-09, "rotation_d": 3.3401461015560485e-05, "width_d": 0.0037697640522626375}