{"numgrasp": 260, "translation_d": 6.388173819796692e-09, "rotation_d": 5.9320732123449154e-05, "width_d": 0.004842251976019737}