{"numgrasp": 235, "translation_d": 5.807461326297901e-09, "rotation_d": 5.4941524517482366e-05, "width_d": 0.004574464467748633}