{"numgrasp": 254, "translation_d": 5.705084464303071e-09, "rotation_d": 5.544626490550908e-05, "width_d": 0.004686055859002951}