{"numgrasp": 275, "translation_d": 6.0080317944608505e-09, "rotation_d": 5.903192855982392e-05, "width_d": 0.004204317727868155}