{"numgrasp": 269, "translation_d": 6.2614106406932205e-09, "rotation_d": 6.087775510093984e-05, "width_d": 0.004095652532170599}