{"numgrasp": 264, "translation_d": 5.9594772918422875e-09, "rotation_d": 6.401533997568536e-05, "width_d": 0.003568700443057729}