{"numgrasp": 277, "translation_d": 5.960799653698304e-09, "rotation_d": 6.57138761013426e-05, "width_d": 0.003437106301500149}