{"numgrasp": 250, "translation_d": 6.777841463585206e-09, "rotation_d": 3.4509008729218585e-05, "width_d": 0.003917707951728371}