{"numgrasp": 243, "translation_d": 5.795445884455855e-09, "rotation_d": 6.308713888090919e-05, "width_d": 0.0029944493443225992}