{"numgrasp": 191, "translation_d": 5.821241313993615e-09, "rotation_d": 5.6395595110733714e-05, "width_d": 0.0018146534955485966}