{"numgrasp": 266, "translation_d": 5.6128868018443405e-09, "rotation_d": 4.878703410325477e-05, "width_d": 0.005079258831708156}