{"numgrasp": 278, "translation_d": 5.5542037290348e-09, "rotation_d": 5.042571030925131e-05, "width_d": 0.004542592232011798}