{"numgrasp": 274, "translation_d": 5.594496365441329e-09, "rotation_d": 5.14011409326652e-05, "width_d": 0.003912955796241179}