{"numgrasp": 203, "translation_d": 5.477222196718855e-09, "rotation_d": 5.1256386516574516e-05, "width_d": 0.0022826054726286147}