{"numgrasp": 300, "translation_d": 5.312087644272748e-09, "rotation_d": 5.263520709280788e-05, "width_d": 0.005310731121469343}