{"numgrasp": 194, "translation_d": 5.769935372458146e-09, "rotation_d": 5.087927869871765e-05, "width_d": 0.0018421440340667691}