{"numgrasp": 200, "translation_d": 5.484465624083478e-09, "rotation_d": 5.590192350340144e-05, "width_d": 0.002344958515780488}