{"numgrasp": 226, "translation_d": 5.600802036947784e-09, "rotation_d": 5.677791048997103e-05, "width_d": 0.0027702948299397363}