{"numgrasp": 248, "translation_d": 6.013161010939757e-09, "rotation_d": 5.4980806615228365e-05, "width_d": 0.0030090550596916393}