{"numgrasp": 282, "translation_d": 5.452946152309425e-09, "rotation_d": 5.458909674101156e-05, "width_d": 0.00452297297798856}