{"numgrasp": 295, "translation_d": 5.6287750522608895e-09, "rotation_d": 5.34374964891013e-05, "width_d": 0.0036632667783022027}