{"numgrasp": 266, "translation_d": 5.653808987837209e-09, "rotation_d": 5.4776560356757454e-05, "width_d": 0.003063577116550145}