{"numgrasp": 231, "translation_d": 5.724657851000774e-09, "rotation_d": 5.315035366972469e-05, "width_d": 0.002693536659186749}