{"numgrasp": 220, "translation_d": 5.603598272037412e-09, "rotation_d": 5.439625720555968e-05, "width_d": 0.002590415184030094}