{"numgrasp": 215, "translation_d": 5.887273471814541e-09, "rotation_d": 5.4067748373790654e-05, "width_d": 0.002015400184292758}