{"numgrasp": 215, "translation_d": 5.348817501477434e-09, "rotation_d": 5.544930145809786e-05, "width_d": 0.001975539017802897}