{"numgrasp": 209, "translation_d": 5.717500562094042e-09, "rotation_d": 4.750788405549184e-05, "width_d": 0.002085349909009691}