{"numgrasp": 230, "translation_d": 5.6682642266010256e-09, "rotation_d": 4.95640609924583e-05, "width_d": 0.0029954212079066804}