{"numgrasp": 279, "translation_d": 5.034555731210409e-09, "rotation_d": 5.095453867418203e-05, "width_d": 0.0060879606641558535}