{"numgrasp": 282, "translation_d": 5.9238645977703236e-09, "rotation_d": 5.114384955539931e-05, "width_d": 0.0040272988978140075}