{"numgrasp": 273, "translation_d": 5.846919722446957e-09, "rotation_d": 5.098188292256223e-05, "width_d": 0.004311476105676989}