{"numgrasp": 275, "translation_d": 6.305486093581414e-09, "rotation_d": 4.70818679271061e-05, "width_d": 0.004910448729867111}