{"numgrasp": 266, "translation_d": 6.01746863867851e-09, "rotation_d": 4.7157769215784706e-05, "width_d": 0.0046731341837058515}