{"numgrasp": 269, "translation_d": 5.909042226241109e-09, "rotation_d": 4.675379575889669e-05, "width_d": 0.003949957590321578}