{"numgrasp": 248, "translation_d": 5.739167006173462e-09, "rotation_d": 4.48223436166418e-05, "width_d": 0.003240595084988117}