{"numgrasp": 221, "translation_d": 5.612023525567468e-09, "rotation_d": 4.584564180019047e-05, "width_d": 0.0024334749922982693}