{"numgrasp": 210, "translation_d": 5.558095213940084e-09, "rotation_d": 4.565252246484137e-05, "width_d": 0.0022218304483360017}