{"numgrasp": 215, "translation_d": 5.791828513801254e-09, "rotation_d": 4.643188615084352e-05, "width_d": 0.002398373086339722}