{"numgrasp": 252, "translation_d": 5.801142564657906e-09, "rotation_d": 4.431443752988937e-05, "width_d": 0.0027682208620666074}