{"numgrasp": 230, "translation_d": 5.901440229711661e-09, "rotation_d": 4.694379157523114e-05, "width_d": 0.0030686663388456016}