{"numgrasp": 241, "translation_d": 5.829769468548863e-09, "rotation_d": 4.6103635002300466e-05, "width_d": 0.0032640625149990355}