{"numgrasp": 248, "translation_d": 5.734021163741784e-09, "rotation_d": 4.483312697622744e-05, "width_d": 0.003548569207014738}