{"numgrasp": 276, "translation_d": 5.08553037921217e-09, "rotation_d": 4.9394999810294595e-05, "width_d": 0.005518100861849121}