{"numgrasp": 242, "translation_d": 5.884992452472513e-09, "rotation_d": 4.6666726807275216e-05, "width_d": 0.0047743611364238926}