{"numgrasp": 256, "translation_d": 5.757285912971747e-09, "rotation_d": 4.7255415796700206e-05, "width_d": 0.0047303389099239215}