{"numgrasp": 244, "translation_d": 5.771206927841193e-09, "rotation_d": 4.856292296397553e-05, "width_d": 0.0030186239615344564}