{"numgrasp": 290, "translation_d": 5.292451177082164e-09, "rotation_d": 5.0471702678934684e-05, "width_d": 0.002568017949160395}