{"numgrasp": 282, "translation_d": 5.127516455071462e-09, "rotation_d": 5.489412660859054e-05, "width_d": 0.0027132369728452297}