{"numgrasp": 278, "translation_d": 5.509804122767119e-09, "rotation_d": 5.267590746696115e-05, "width_d": 0.003965418492063339}