{"numgrasp": 291, "translation_d": 5.327301894712696e-09, "rotation_d": 5.1079111590491544e-05, "width_d": 0.004681213385956476}