{"numgrasp": 251, "translation_d": 5.383857340857497e-09, "rotation_d": 5.4952990136533905e-05, "width_d": 0.003720840802576485}