{"numgrasp": 272, "translation_d": 4.77753176663879e-09, "rotation_d": 5.602241416689209e-05, "width_d": 0.002574047588348325}