{"numgrasp": 270, "translation_d": 5.0643534643798005e-09, "rotation_d": 5.5540423071259165e-05, "width_d": 0.004540200571126169}