{"numgrasp": 284, "translation_d": 5.139028827030421e-09, "rotation_d": 5.63403154738115e-05, "width_d": 0.0047578276658887175}