{"numgrasp": 254, "translation_d": 5.184901273787925e-09, "rotation_d": 5.6119825464937794e-05, "width_d": 0.005793060238392956}