{"numgrasp": 275, "translation_d": 5.235498877363024e-09, "rotation_d": 5.576494945061017e-05, "width_d": 0.005881605452781665}