{"numgrasp": 222, "translation_d": 5.8486087680119175e-09, "rotation_d": 5.4287227177398845e-05, "width_d": 0.003434787835150705}