{"numgrasp": 242, "translation_d": 5.537780483417154e-09, "rotation_d": 5.7300538199716825e-05, "width_d": 0.0029518939147735075}