{"numgrasp": 220, "translation_d": 5.4727720774427414e-09, "rotation_d": 5.2609657642349056e-05, "width_d": 0.0034231618645403075}