{"numgrasp": 248, "translation_d": 5.354737842762361e-09, "rotation_d": 5.029826339427569e-05, "width_d": 0.003942056848536251}