{"numgrasp": 271, "translation_d": 5.401992311384487e-09, "rotation_d": 4.730651243671022e-05, "width_d": 0.005607341488806691}