{"numgrasp": 252, "translation_d": 5.5108278653868624e-09, "rotation_d": 4.935139424192933e-05, "width_d": 0.004621054946836135}