{"numgrasp": 255, "translation_d": 5.516413334844932e-09, "rotation_d": 4.847886566329568e-05, "width_d": 0.004403068884069418}