{"numgrasp": 227, "translation_d": 5.54107421873204e-09, "rotation_d": 5.1938285755201446e-05, "width_d": 0.003013307912024858}