{"numgrasp": 220, "translation_d": 5.667068950059549e-09, "rotation_d": 5.472629107517594e-05, "width_d": 0.002403299293551772}