{"numgrasp": 202, "translation_d": 5.6896520132109015e-09, "rotation_d": 4.672895556868249e-05, "width_d": 0.002735572084499024}