{"numgrasp": 221, "translation_d": 5.59648217543833e-09, "rotation_d": 4.8548919952625014e-05, "width_d": 0.0033407351245805282}