{"numgrasp": 245, "translation_d": 6.035459801116952e-09, "rotation_d": 4.830573748264945e-05, "width_d": 0.0038531654391034315}