{"numgrasp": 241, "translation_d": 5.230008177652622e-09, "rotation_d": 5.3385010826576714e-05, "width_d": 0.0041503007219449335}