{"numgrasp": 275, "translation_d": 5.556131062705266e-09, "rotation_d": 4.808917124405312e-05, "width_d": 0.00489946145051013}