{"numgrasp": 272, "translation_d": 5.545909457122638e-09, "rotation_d": 4.790853728191666e-05, "width_d": 0.005090671318087441}