{"numgrasp": 269, "translation_d": 5.663452097873202e-09, "rotation_d": 4.74930626932047e-05, "width_d": 0.005221711864214836}