{"numgrasp": 257, "translation_d": 5.384975743348349e-09, "rotation_d": 4.731585728348102e-05, "width_d": 0.005058307340271759}