{"numgrasp": 242, "translation_d": 5.42941842873937e-09, "rotation_d": 4.866440429957784e-05, "width_d": 0.0045749975277305935}