{"numgrasp": 252, "translation_d": 5.543719599289897e-09, "rotation_d": 5.0000578596202636e-05, "width_d": 0.0036493870986117616}