{"numgrasp": 242, "translation_d": 5.608639265249259e-09, "rotation_d": 4.955888271279776e-05, "width_d": 0.003708424526510298}