{"numgrasp": 241, "translation_d": 5.7551942284601134e-09, "rotation_d": 4.8776982901013816e-05, "width_d": 0.0032947639942830973}