{"numgrasp": 206, "translation_d": 5.901958191795481e-09, "rotation_d": 4.8257730186757096e-05, "width_d": 0.002909798908270372}