{"numgrasp": 185, "translation_d": 5.627218714973466e-09, "rotation_d": 4.629760143315897e-05, "width_d": 0.0023259276493126256}