{"numgrasp": 187, "translation_d": 5.405832231329032e-09, "rotation_d": 4.7509183796767406e-05, "width_d": 0.0019832530723714525}