{"numgrasp": 205, "translation_d": 5.81036949960834e-09, "rotation_d": 4.8544510437372845e-05, "width_d": 0.002427165669885418}