{"numgrasp": 206, "translation_d": 5.742633219204487e-09, "rotation_d": 4.850043497092649e-05, "width_d": 0.0025134568056859865}