{"numgrasp": 224, "translation_d": 5.654844509319033e-09, "rotation_d": 4.9520541282723206e-05, "width_d": 0.0030931955084385725}