{"numgrasp": 475, "translation_d": 6.373852118219802e-09, "rotation_d": 4.382251328164959e-05, "width_d": 0.00494025152587761}