{"numgrasp": 472, "translation_d": 6.196796565971117e-09, "rotation_d": 4.561666139175887e-05, "width_d": 0.005146067699320261}