{"numgrasp": 477, "translation_d": 6.258656059060324e-09, "rotation_d": 4.5293589651641765e-05, "width_d": 0.005300801259694119}