{"numgrasp": 454, "translation_d": 6.1605303859928095e-09, "rotation_d": 4.552867135433723e-05, "width_d": 0.005090990449550698}