{"numgrasp": 488, "translation_d": 5.936222987478528e-09, "rotation_d": 5.320729758582347e-05, "width_d": 0.005266337008970442}