{"numgrasp": 472, "translation_d": 5.960513753373747e-09, "rotation_d": 5.1894157573301014e-05, "width_d": 0.004598388235036782}