{"numgrasp": 455, "translation_d": 5.756518652740545e-09, "rotation_d": 5.071504556423423e-05, "width_d": 0.004564894202608317}