{"numgrasp": 332, "translation_d": 5.689147687448896e-09, "rotation_d": 5.53464388710755e-05, "width_d": 0.002828824915346652}