{"numgrasp": 387, "translation_d": 6.129550873768004e-09, "rotation_d": 5.645516921516102e-05, "width_d": 0.0030783850778263525}