{"numgrasp": 481, "translation_d": 6.089454014920747e-09, "rotation_d": 5.855055654163943e-05, "width_d": 0.004545823545560636}