{"numgrasp": 471, "translation_d": 6.022526332288114e-09, "rotation_d": 5.9274890863521836e-05, "width_d": 0.004555577145117962}