{"numgrasp": 476, "translation_d": 6.406188013393689e-09, "rotation_d": 5.885849282479749e-05, "width_d": 0.005153030172451599}