{"numgrasp": 472, "translation_d": 6.389833869468915e-09, "rotation_d": 6.0558595600059254e-05, "width_d": 0.005193221399700115}