{"numgrasp": 472, "translation_d": 6.549199647655222e-09, "rotation_d": 6.090240231731771e-05, "width_d": 0.005058018644239748}