{"numgrasp": 464, "translation_d": 6.452361274268894e-09, "rotation_d": 6.138678338631162e-05, "width_d": 0.004916820237752733}