{"numgrasp": 468, "translation_d": 6.186312947379317e-09, "rotation_d": 6.113473974721787e-05, "width_d": 0.004603254890760411}