{"numgrasp": 470, "translation_d": 6.186464528234718e-09, "rotation_d": 6.020319988728037e-05, "width_d": 0.004478550266005162}