{"numgrasp": 409, "translation_d": 5.705278298041899e-09, "rotation_d": 5.87084388115101e-05, "width_d": 0.0038924795646744247}