{"numgrasp": 395, "translation_d": 5.968667629985178e-09, "rotation_d": 5.843994330021807e-05, "width_d": 0.0034074839886994775}