{"numgrasp": 366, "translation_d": 5.937236523228726e-09, "rotation_d": 5.796766074147163e-05, "width_d": 0.0032977881399162312}