{"numgrasp": 476, "translation_d": 6.70944399577781e-09, "rotation_d": 5.65357351068952e-05, "width_d": 0.0055843099066202675}