{"numgrasp": 485, "translation_d": 6.63209823654168e-09, "rotation_d": 5.6342513621155336e-05, "width_d": 0.0055908950151003205}