{"numgrasp": 476, "translation_d": 6.142688205922898e-09, "rotation_d": 5.7984111018436996e-05, "width_d": 0.0044645672246389325}