{"numgrasp": 455, "translation_d": 7.077346865396163e-09, "rotation_d": 5.6599698126795514e-05, "width_d": 0.004947608652431993}