{"numgrasp": 438, "translation_d": 5.740498065804687e-09, "rotation_d": 4.7187193313610766e-05, "width_d": 0.004099720539873597}