{"numgrasp": 410, "translation_d": 5.5898456706284315e-09, "rotation_d": 4.6418656500307914e-05, "width_d": 0.0037367408378592088}