{"numgrasp": 465, "translation_d": 6.7875781736760355e-09, "rotation_d": 5.77930613344709e-05, "width_d": 0.004930895272616612}