{"numgrasp": 426, "translation_d": 5.636213861413671e-09, "rotation_d": 3.964237013961915e-05, "width_d": 0.0036096647917619037}