{"numgrasp": 464, "translation_d": 6.9131162904512754e-09, "rotation_d": 5.856721080950315e-05, "width_d": 0.004648991558060264}