{"numgrasp": 455, "translation_d": 5.707415408703761e-09, "rotation_d": 3.880241283591897e-05, "width_d": 0.004657623048753364}