{"numgrasp": 429, "translation_d": 5.659158051859218e-09, "rotation_d": 3.5756175538304346e-05, "width_d": 0.005448004667146613}