{"numgrasp": 432, "translation_d": 5.499223455753239e-09, "rotation_d": 3.658213395445192e-05, "width_d": 0.0050410214697369626}