{"numgrasp": 413, "translation_d": 5.403218602705502e-09, "rotation_d": 3.6491559619761996e-05, "width_d": 0.004949108842997311}