{"numgrasp": 461, "translation_d": 6.8122766478164414e-09, "rotation_d": 5.9300428045841364e-05, "width_d": 0.004462207504699096}