{"numgrasp": 396, "translation_d": 5.6537179672074826e-09, "rotation_d": 3.6631075827757656e-05, "width_d": 0.00471186765807025}