{"numgrasp": 443, "translation_d": 5.489204455359991e-09, "rotation_d": 3.827871472338407e-05, "width_d": 0.0037835902248314923}