{"numgrasp": 449, "translation_d": 5.546320579488146e-09, "rotation_d": 4.179771275804646e-05, "width_d": 0.003733958333920225}