{"numgrasp": 429, "translation_d": 5.160528293668926e-09, "rotation_d": 5.2976704745942785e-05, "width_d": 0.003196746261192016}