{"numgrasp": 436, "translation_d": 4.9604353284901244e-09, "rotation_d": 4.7756878561883734e-05, "width_d": 0.0034889809744339476}