{"numgrasp": 420, "translation_d": 4.971016043133784e-09, "rotation_d": 4.639272640112442e-05, "width_d": 0.003600078294874072}