{"numgrasp": 435, "translation_d": 5.067619742201304e-09, "rotation_d": 4.57225664979009e-05, "width_d": 0.003918566679552469}