{"numgrasp": 417, "translation_d": 4.9966178139721515e-09, "rotation_d": 4.391248819529894e-05, "width_d": 0.004079970375841816}