{"numgrasp": 395, "translation_d": 5.041337838454358e-09, "rotation_d": 4.504694080659179e-05, "width_d": 0.0045483057313805905}