{"numgrasp": 413, "translation_d": 5.308952398771404e-09, "rotation_d": 4.320005107819603e-05, "width_d": 0.004874468815535755}