{"numgrasp": 424, "translation_d": 5.179907923735162e-09, "rotation_d": 4.3853415611415815e-05, "width_d": 0.005323001863646931}