{"numgrasp": 384, "translation_d": 4.8963727559796044e-09, "rotation_d": 5.220663980077446e-05, "width_d": 0.004703700535469986}