{"numgrasp": 385, "translation_d": 4.867323867850916e-09, "rotation_d": 5.375731247604198e-05, "width_d": 0.0035725525352225847}