{"numgrasp": 421, "translation_d": 4.848897237249202e-09, "rotation_d": 5.5299534433629906e-05, "width_d": 0.003353676889594473}