{"numgrasp": 439, "translation_d": 4.57317788322033e-09, "rotation_d": 6.068462275175848e-05, "width_d": 0.0030999319396819583}