{"numgrasp": 411, "translation_d": 5.123638890274691e-09, "rotation_d": 5.9921436246653525e-05, "width_d": 0.0033921531973943623}