{"numgrasp": 393, "translation_d": 4.994301441522488e-09, "rotation_d": 5.900560225631501e-05, "width_d": 0.0036163939529692338}