{"numgrasp": 349, "translation_d": 4.53691930721498e-09, "rotation_d": 5.445269497095017e-05, "width_d": 0.005048375256120603}