{"numgrasp": 446, "translation_d": 6.150020377234734e-09, "rotation_d": 5.800392789940676e-05, "width_d": 0.0035818024294811397}