{"numgrasp": 426, "translation_d": 6.64609660596252e-09, "rotation_d": 5.5469057798025874e-05, "width_d": 0.003386890048535654}