{"numgrasp": 448, "translation_d": 6.2434814024098895e-09, "rotation_d": 5.940678336853388e-05, "width_d": 0.003072162984185725}