{"numgrasp": 426, "translation_d": 6.56230363088345e-09, "rotation_d": 6.067578832097987e-05, "width_d": 0.003250726654077883}