{"numgrasp": 429, "translation_d": 6.357633797194869e-09, "rotation_d": 5.962915748794868e-05, "width_d": 0.0033635183394603177}