{"numgrasp": 424, "translation_d": 6.783536421765005e-09, "rotation_d": 5.962804301934424e-05, "width_d": 0.00315516852031991}