{"numgrasp": 425, "translation_d": 6.5218469588074705e-09, "rotation_d": 5.5816750943823484e-05, "width_d": 0.004330688348509296}