{"numgrasp": 450, "translation_d": 6.290842116896184e-09, "rotation_d": 5.542171447962526e-05, "width_d": 0.0045785999215136155}