{"numgrasp": 446, "translation_d": 6.473672933468713e-09, "rotation_d": 5.0140982710039765e-05, "width_d": 0.00480282715595664}