{"numgrasp": 427, "translation_d": 6.354022797474083e-09, "rotation_d": 5.184351377965941e-05, "width_d": 0.0036721386033263348}