{"numgrasp": 434, "translation_d": 6.366039903824537e-09, "rotation_d": 5.079807679838517e-05, "width_d": 0.00437103856685492}