{"numgrasp": 461, "translation_d": 6.6653445383024074e-09, "rotation_d": 5.366103096780539e-05, "width_d": 0.0037872901366603003}