{"numgrasp": 433, "translation_d": 7.0132645362871185e-09, "rotation_d": 5.596911204892365e-05, "width_d": 0.002893037859507366}