{"numgrasp": 428, "translation_d": 6.654463851109429e-09, "rotation_d": 5.319317987917978e-05, "width_d": 0.003794685588593182}