{"numgrasp": 424, "translation_d": 6.6695028284714564e-09, "rotation_d": 5.577497768489138e-05, "width_d": 0.0025695303349312867}