{"numgrasp": 429, "translation_d": 6.6007765120864e-09, "rotation_d": 5.0654766792259496e-05, "width_d": 0.002763841175031162}