{"numgrasp": 428, "translation_d": 6.385643700021289e-09, "rotation_d": 4.911215072866596e-05, "width_d": 0.0027035806811664576}