{"numgrasp": 459, "translation_d": 6.966370133323389e-09, "rotation_d": 4.636920643070477e-05, "width_d": 0.003189681368178852}