{"numgrasp": 437, "translation_d": 6.647605854115414e-09, "rotation_d": 4.513444171668592e-05, "width_d": 0.0037551933234219485}