{"numgrasp": 459, "translation_d": 6.807296638288404e-09, "rotation_d": 5.4717096772392344e-05, "width_d": 0.003915189434630465}