{"numgrasp": 453, "translation_d": 6.314641641870093e-09, "rotation_d": 4.3455359693575885e-05, "width_d": 0.0045208549279282815}