{"numgrasp": 462, "translation_d": 6.257436607305624e-09, "rotation_d": 4.0325386961001976e-05, "width_d": 0.005162533098399651}