{"numgrasp": 454, "translation_d": 6.2261795599582305e-09, "rotation_d": 3.957931096441107e-05, "width_d": 0.004525389877253203}