{"numgrasp": 443, "translation_d": 6.330098766130391e-09, "rotation_d": 4.0088835921674985e-05, "width_d": 0.0036258655871708977}