{"numgrasp": 424, "translation_d": 6.144126508097591e-09, "rotation_d": 4.2939312648829064e-05, "width_d": 0.002845529844103461}