{"numgrasp": 413, "translation_d": 6.415967460949648e-09, "rotation_d": 4.429169153843307e-05, "width_d": 0.002859490252788067}