{"numgrasp": 490, "translation_d": 6.677110736011078e-09, "rotation_d": 5.644762917820942e-05, "width_d": 0.004443163296968063}