{"numgrasp": 433, "translation_d": 6.5260723996938935e-09, "rotation_d": 3.879612867820898e-05, "width_d": 0.0027213928283388827}