{"numgrasp": 428, "translation_d": 6.412657561791663e-09, "rotation_d": 4.1681926577592684e-05, "width_d": 0.0030274902764778756}