{"numgrasp": 496, "translation_d": 7.10077479240313e-09, "rotation_d": 5.7195012786916854e-05, "width_d": 0.004154457344988479}