{"numgrasp": 215, "translation_d": 6.784809711349467e-09, "rotation_d": 5.475365056841419e-05, "width_d": 0.0039240646141160875}