{"numgrasp": 198, "translation_d": 6.62997546887472e-09, "rotation_d": 5.379466382768817e-05, "width_d": 0.0034953474206657204}