{"numgrasp": 177, "translation_d": 6.6270592422565954e-09, "rotation_d": 5.283235476040655e-05, "width_d": 0.0036083074247253034}