{"numgrasp": 194, "translation_d": 5.402703908858583e-09, "rotation_d": 5.2385335274128475e-05, "width_d": 0.004519401368228391}