{"numgrasp": 163, "translation_d": 5.997434053385109e-09, "rotation_d": 5.083330953903079e-05, "width_d": 0.003946951934895844}