{"numgrasp": 216, "translation_d": 9.225561509453131e-09, "rotation_d": 5.1434485549987155e-05, "width_d": 0.0031231790889024195}