{"numgrasp": 185, "translation_d": 5.7528436342941795e-09, "rotation_d": 5.2847583035562304e-05, "width_d": 0.003562391427602824}