{"numgrasp": 234, "translation_d": 6.2583156293006756e-09, "rotation_d": 5.378683467553856e-05, "width_d": 0.0027984200745852917}