{"numgrasp": 228, "translation_d": 5.752855820049444e-09, "rotation_d": 5.447020092358076e-05, "width_d": 0.002886592594651754}