{"numgrasp": 205, "translation_d": 9.14719976428928e-09, "rotation_d": 5.045005060638637e-05, "width_d": 0.003107818299171116}