{"numgrasp": 147, "translation_d": 5.3755831024452335e-09, "rotation_d": 5.317556373733988e-05, "width_d": 0.0037679372513202106}