{"numgrasp": 133, "translation_d": 4.468582656968571e-09, "rotation_d": 4.9242601080844685e-05, "width_d": 0.004246685205434604}