{"numgrasp": 160, "translation_d": 4.622670042377317e-09, "rotation_d": 4.779529542053106e-05, "width_d": 0.00428925403286074}