{"numgrasp": 129, "translation_d": 4.8668477567881776e-09, "rotation_d": 4.746730639320813e-05, "width_d": 0.004313638037750757}