{"numgrasp": 153, "translation_d": 4.816127359599076e-09, "rotation_d": 4.8697345279695966e-05, "width_d": 0.004006575867605553}