{"numgrasp": 193, "translation_d": 9.57598582713647e-09, "rotation_d": 4.936267698791315e-05, "width_d": 0.003158429499001845}