{"numgrasp": 154, "translation_d": 4.914856631915655e-09, "rotation_d": 4.763223688511767e-05, "width_d": 0.0037401915738718445}