{"numgrasp": 184, "translation_d": 5.170776732668537e-09, "rotation_d": 4.981478832076378e-05, "width_d": 0.0036964665135913923}