{"numgrasp": 168, "translation_d": 4.927229956853187e-09, "rotation_d": 4.767497581874226e-05, "width_d": 0.0038161907008955054}