{"numgrasp": 179, "translation_d": 9.113155515929563e-09, "rotation_d": 4.979300150864314e-05, "width_d": 0.0031017958856248114}