{"numgrasp": 204, "translation_d": 5.193330840927814e-09, "rotation_d": 4.6768520323535706e-05, "width_d": 0.0023772829669434217}