{"numgrasp": 212, "translation_d": 4.583968922555202e-09, "rotation_d": 4.943732894520017e-05, "width_d": 0.00282049201817544}