{"numgrasp": 200, "translation_d": 4.774325392871725e-09, "rotation_d": 4.8770087971739555e-05, "width_d": 0.0029934778670007755}