{"numgrasp": 127, "translation_d": 4.23717972013693e-09, "rotation_d": 4.761594179658447e-05, "width_d": 0.004151508223918513}