{"numgrasp": 128, "translation_d": 4.595614257480158e-09, "rotation_d": 4.9434774354595014e-05, "width_d": 0.004378617722733534}