{"numgrasp": 123, "translation_d": 3.996908140523044e-09, "rotation_d": 4.822026772564488e-05, "width_d": 0.004565809403796418}