{"numgrasp": 133, "translation_d": 4.205111942054817e-09, "rotation_d": 4.6512507374951756e-05, "width_d": 0.004396568604828073}