{"numgrasp": 189, "translation_d": 8.949571859930416e-09, "rotation_d": 4.824387300096031e-05, "width_d": 0.0034118369403849575}