{"numgrasp": 112, "translation_d": 4.009769959254869e-09, "rotation_d": 4.989151231157404e-05, "width_d": 0.004616747579352527}