{"numgrasp": 118, "translation_d": 4.779737467109914e-09, "rotation_d": 4.98132475827563e-05, "width_d": 0.0029816128406139025}