{"numgrasp": 66, "translation_d": 4.254138826491768e-09, "rotation_d": 4.716675760069251e-05, "width_d": 0.002537802132101153}