{"numgrasp": 177, "translation_d": 8.64506876174934e-09, "rotation_d": 4.6299922440794727e-05, "width_d": 0.003203869292954107}