{"numgrasp": 78, "translation_d": 4.540397716955984e-09, "rotation_d": 5.000865487582438e-05, "width_d": 0.00619265108117175}