{"numgrasp": 47, "translation_d": 4.024532620162154e-09, "rotation_d": 5.134890152712434e-05, "width_d": 0.0044465017542563365}