{"numgrasp": 206, "translation_d": 9.071688049986266e-09, "rotation_d": 4.7544132687060216e-05, "width_d": 0.003048041383038967}