{"numgrasp": 170, "translation_d": 8.177376329920456e-09, "rotation_d": 5.005527458789078e-05, "width_d": 0.002495030483309371}