{"numgrasp": 48, "translation_d": 4.192543392957771e-09, "rotation_d": 4.7604295235652976e-05, "width_d": 0.004094595023125621}