{"numgrasp": 44, "translation_d": 3.3780697135923456e-09, "rotation_d": 4.641122700226963e-05, "width_d": 0.0029573257498320712}