{"numgrasp": 36, "translation_d": 4.545768742773087e-09, "rotation_d": 4.3845312043183405e-05, "width_d": 0.0027972728167779902}