{"numgrasp": 34, "translation_d": 4.549276843077395e-09, "rotation_d": 4.0427268018929984e-05, "width_d": 0.003447195520089497}