{"numgrasp": 31, "translation_d": 4.362207510464946e-09, "rotation_d": 3.963526440148686e-05, "width_d": 0.0034166627633713783}