{"numgrasp": 35, "translation_d": 4.344162520112525e-09, "rotation_d": 4.372575351332989e-05, "width_d": 0.005264197387558847}