{"numgrasp": 40, "translation_d": 4.54736636978256e-09, "rotation_d": 4.547488307666202e-05, "width_d": 0.0056315381138952545}