{"numgrasp": 42, "translation_d": 3.882034415495905e-09, "rotation_d": 4.806331088765698e-05, "width_d": 0.006419589127277099}