{"numgrasp": 217, "translation_d": 9.162087073671355e-09, "rotation_d": 4.863717248715945e-05, "width_d": 0.0029530811853787343}