{"numgrasp": 20, "translation_d": 4.174717313729697e-09, "rotation_d": 3.988745681201056e-05, "width_d": 0.0036807804289054114}