{"numgrasp": 18, "translation_d": 4.956612533057498e-09, "rotation_d": 3.8535235010731805e-05, "width_d": 0.0031148475222411137}