{"numgrasp": 15, "translation_d": 5.113132770740322e-09, "rotation_d": 4.363125768576039e-05, "width_d": 0.0027633851618903875}