{"numgrasp": 18, "translation_d": 5.8468790220452985e-09, "rotation_d": 4.8861155454136324e-05, "width_d": 0.0030038955490930804}