{"numgrasp": 26, "translation_d": 5.500867339484439e-09, "rotation_d": 4.78704340549351e-05, "width_d": 0.005119168707773513}