{"numgrasp": 20, "translation_d": 5.334079604053363e-09, "rotation_d": 4.568053416330792e-05, "width_d": 0.005378544797860805}