{"numgrasp": 17, "translation_d": 5.050376595806748e-09, "rotation_d": 4.7699873969296075e-05, "width_d": 0.005040756447344065}