{"numgrasp": 228, "translation_d": 8.20575320068093e-09, "rotation_d": 4.790294066387023e-05, "width_d": 0.0027243980992119284}