{"numgrasp": 15, "translation_d": 4.39839879711106e-09, "rotation_d": 5.20551427757292e-05, "width_d": 0.005392358167733371}