{"numgrasp": 32, "translation_d": 3.8317210195357044e-09, "rotation_d": 5.167785086755985e-05, "width_d": 0.006332361985990732}