{"numgrasp": 31, "translation_d": 4.133253685957697e-09, "rotation_d": 5.662271389090671e-05, "width_d": 0.008221273770809712}