{"numgrasp": 151, "translation_d": 8.077276259378656e-09, "rotation_d": 4.4105838781438714e-05, "width_d": 0.002690928337561687}