{"numgrasp": 165, "translation_d": 8.185321511487023e-09, "rotation_d": 4.7599590719473394e-05, "width_d": 0.002600693943435156}