{"numgrasp": 132, "translation_d": 7.819320148339259e-09, "rotation_d": 4.505149259143936e-05, "width_d": 0.002549993932793665}