{"numgrasp": 119, "translation_d": 7.81152420824988e-09, "rotation_d": 4.491298721971115e-05, "width_d": 0.0026536006060017174}