{"numgrasp": 219, "translation_d": 8.229238189227839e-09, "rotation_d": 4.7047204985275274e-05, "width_d": 0.002863517736237078}