{"numgrasp": 207, "translation_d": 8.587469966130202e-09, "rotation_d": 4.595759888424521e-05, "width_d": 0.003247843113934705}