{"numgrasp": 168, "translation_d": 8.75906773606042e-09, "rotation_d": 4.7770511905466846e-05, "width_d": 0.003791195200892023}