{"numgrasp": 166, "translation_d": 7.496817206629928e-09, "rotation_d": 5.2398351087169023e-05, "width_d": 0.0030872766744787544}