{"numgrasp": 117, "translation_d": 7.070996462323041e-09, "rotation_d": 4.6635838652990766e-05, "width_d": 0.0025408464614627966}