{"numgrasp": 116, "translation_d": 7.034864539698231e-09, "rotation_d": 4.60588188636986e-05, "width_d": 0.0024983939145705276}