{"numgrasp": 111, "translation_d": 6.797417530430046e-09, "rotation_d": 5.0795959529599165e-05, "width_d": 0.0025329479469339035}