{"numgrasp": 141, "translation_d": 6.524228951758367e-09, "rotation_d": 5.269115272396398e-05, "width_d": 0.0025180014529739615}