{"numgrasp": 151, "translation_d": 6.531540686558897e-09, "rotation_d": 5.310449341242857e-05, "width_d": 0.0025717865394225986}