{"numgrasp": 176, "translation_d": 6.692256876651704e-09, "rotation_d": 5.405576329860337e-05, "width_d": 0.0029185830039779575}