{"numgrasp": 167, "translation_d": 6.911745080579984e-09, "rotation_d": 5.3830254745784734e-05, "width_d": 0.0031237932161812393}