{"numgrasp": 208, "translation_d": 7.415104875682765e-09, "rotation_d": 5.110229164580109e-05, "width_d": 0.0031232396206555633}