{"numgrasp": 216, "translation_d": 8.761346180896604e-09, "rotation_d": 5.032220705895229e-05, "width_d": 0.0027569395319522526}