{"numgrasp": 197, "translation_d": 7.5254007570292e-09, "rotation_d": 5.1067792666863704e-05, "width_d": 0.003572220279502298}