{"numgrasp": 181, "translation_d": 7.401250691984819e-09, "rotation_d": 5.1673904522723586e-05, "width_d": 0.003489841568717597}