{"numgrasp": 181, "translation_d": 7.3638481011424996e-09, "rotation_d": 5.191135212722712e-05, "width_d": 0.003947922965301914}