{"numgrasp": 165, "translation_d": 6.924664518517967e-09, "rotation_d": 5.5368744911670585e-05, "width_d": 0.0038475288416359265}