{"numgrasp": 174, "translation_d": 6.753353023644512e-09, "rotation_d": 5.338364140434968e-05, "width_d": 0.003660718773096805}