{"numgrasp": 201, "translation_d": 6.570316641436109e-09, "rotation_d": 5.3120177589225545e-05, "width_d": 0.0038573801675372867}