{"numgrasp": 189, "translation_d": 6.692657172741658e-09, "rotation_d": 5.383016257479072e-05, "width_d": 0.003225671993095584}