{"numgrasp": 178, "translation_d": 6.351931352746549e-09, "rotation_d": 5.456974466846708e-05, "width_d": 0.0028152984022881008}