{"numgrasp": 174, "translation_d": 6.640161638615747e-09, "rotation_d": 5.5604316501867715e-05, "width_d": 0.002912180183338216}