{"numgrasp": 168, "translation_d": 6.08114003553579e-09, "rotation_d": 5.5046143044364454e-05, "width_d": 0.0029075292279215673}