{"numgrasp": 120, "translation_d": 5.929573090033221e-09, "rotation_d": 5.469601962324269e-05, "width_d": 0.002553541294999224}