{"numgrasp": 162, "translation_d": 5.388830562797876e-09, "rotation_d": 5.77189797592122e-05, "width_d": 0.0031088179471089406}