{"numgrasp": 173, "translation_d": 5.576641849472773e-09, "rotation_d": 0.00019060377481183946, "width_d": 0.003004798058515811}