{"numgrasp": 194, "translation_d": 5.9993354525478055e-09, "rotation_d": 5.581341314534051e-05, "width_d": 0.0028976950642769124}