{"numgrasp": 200, "translation_d": 5.963164387909965e-09, "rotation_d": 5.445061130805379e-05, "width_d": 0.0032271491067769973}