{"numgrasp": 205, "translation_d": 9.294849719797706e-09, "rotation_d": 5.007674843965898e-05, "width_d": 0.0029507226959383}