{"numgrasp": 185, "translation_d": 6.044974671350573e-09, "rotation_d": 3.8076006772843516e-05, "width_d": 0.0027163742107211794}