{"numgrasp": 36, "translation_d": 5.009466997442197e-09, "rotation_d": 5.512182805646472e-05, "width_d": 0.003598074023813932}