{"numgrasp": 13, "translation_d": 5.127141011673234e-09, "rotation_d": 6.335986078253159e-05, "width_d": 0.004259630829956134}