{"numgrasp": 57, "translation_d": 4.976470490602719e-09, "rotation_d": 4.4725448887489574e-05, "width_d": 0.0030890736996054737}