{"numgrasp": 73, "translation_d": 5.147242476633293e-09, "rotation_d": 4.830380000555584e-05, "width_d": 0.003146004816907814}