{"numgrasp": 75, "translation_d": 4.714962783406688e-09, "rotation_d": 4.8683628092445e-05, "width_d": 0.0030143812220983913}