{"numgrasp": 78, "translation_d": 5.0017525288362064e-09, "rotation_d": 5.666426062081012e-05, "width_d": 0.0031535915692562865}