{"numgrasp": 202, "translation_d": 5.838261174334932e-09, "rotation_d": 3.9956036894540254e-05, "width_d": 0.0066926548325988286}