{"numgrasp": 62, "translation_d": 5.166541392540411e-09, "rotation_d": 3.2219261877970465e-05, "width_d": 0.003196628798522026}