{"numgrasp": 52, "translation_d": 5.503280803213546e-09, "rotation_d": 2.9196923002948963e-05, "width_d": 0.0030950861397878006}