{"numgrasp": 35, "translation_d": 5.789911376990438e-09, "rotation_d": 2.4106606945534074e-05, "width_d": 0.002814295848404244}