{"numgrasp": 207, "translation_d": 5.659540115479384e-09, "rotation_d": 3.956360394448585e-05, "width_d": 0.00702000227773021}