{"numgrasp": 16, "translation_d": 4.8673036840693045e-09, "rotation_d": 2.8560182228302693e-05, "width_d": 0.001887057907851471}