{"numgrasp": 11, "translation_d": 5.828335021279199e-09, "rotation_d": 1.8748390993996542e-05, "width_d": 0.0014159645450459396}