{"numgrasp": 21, "translation_d": 6.230069247120518e-09, "rotation_d": 3.49543797392695e-05, "width_d": 0.003382386725258129}