{"numgrasp": 50, "translation_d": 5.612614106013634e-09, "rotation_d": 2.8467887656912747e-05, "width_d": 0.002456262150439464}