{"numgrasp": 75, "translation_d": 5.950815880200186e-09, "rotation_d": 3.2413859901672535e-05, "width_d": 0.002612873262876906}