{"numgrasp": 72, "translation_d": 5.6181061808568885e-09, "rotation_d": 5.330597231845877e-05, "width_d": 0.0028717290500718563}