{"numgrasp": 69, "translation_d": 5.612950152487303e-09, "rotation_d": 5.043467117292348e-05, "width_d": 0.0030291719960100424}