{"numgrasp": 54, "translation_d": 5.286034985721784e-09, "rotation_d": 4.5461538573683105e-05, "width_d": 0.002953327381190619}