{"numgrasp": 50, "translation_d": 5.770335743976833e-09, "rotation_d": 4.358735059232112e-05, "width_d": 0.002890318104118232}