{"numgrasp": 39, "translation_d": 7.081970295021813e-09, "rotation_d": 3.9600392545257185e-05, "width_d": 0.001942194314815684}