{"numgrasp": 47, "translation_d": 6.2519579774530295e-09, "rotation_d": 5.1703146365449826e-05, "width_d": 0.0024463379981888036}