{"numgrasp": 57, "translation_d": 6.123809298203356e-09, "rotation_d": 5.042573480187472e-05, "width_d": 0.0028678554001352265}