{"numgrasp": 48, "translation_d": 5.8912485316680905e-09, "rotation_d": 5.3755039655984764e-05, "width_d": 0.00268099051710502}