{"numgrasp": 35, "translation_d": 5.98155173359556e-09, "rotation_d": 5.505199250828373e-05, "width_d": 0.00202083209047824}