{"numgrasp": 47, "translation_d": 5.159128513678695e-09, "rotation_d": 6.117118417925205e-05, "width_d": 0.0026042074563542785}