{"numgrasp": 60, "translation_d": 5.548054811870938e-09, "rotation_d": 6.0971632871277956e-05, "width_d": 0.003244652003187981}