{"numgrasp": 81, "translation_d": 5.1845008885659936e-09, "rotation_d": 5.8533624535934826e-05, "width_d": 0.0032041415526033305}