{"numgrasp": 34, "translation_d": 5.978092752378985e-09, "rotation_d": 6.440772499886782e-05, "width_d": 0.0026977248037824437}