{"numgrasp": 41, "translation_d": 6.700431655372988e-09, "rotation_d": 6.542357093811394e-05, "width_d": 0.002813932641683745}