{"numgrasp": 41, "translation_d": 6.637315162593009e-09, "rotation_d": 6.469686638910143e-05, "width_d": 0.0035095116042766976}