{"numgrasp": 210, "translation_d": 6.049112804751074e-09, "rotation_d": 3.568357503524158e-05, "width_d": 0.00723148294444925}