{"numgrasp": 47, "translation_d": 6.84064606970394e-09, "rotation_d": 6.450329400240661e-05, "width_d": 0.0038164715987704678}