{"numgrasp": 14, "translation_d": 3.890064256349879e-09, "rotation_d": 4.976257726338744e-05, "width_d": 0.004275102660394524}