{"numgrasp": 38, "translation_d": 6.621118703432207e-09, "rotation_d": 6.177473420040411e-05, "width_d": 0.003922915177586645}