{"numgrasp": 45, "translation_d": 6.50119715781006e-09, "rotation_d": 6.0929806162326855e-05, "width_d": 0.003707221934101637}