{"numgrasp": 49, "translation_d": 5.796097185906457e-09, "rotation_d": 4.939352783095446e-05, "width_d": 0.00397910330203062}