{"numgrasp": 40, "translation_d": 6.012393456475172e-09, "rotation_d": 5.71882307539962e-05, "width_d": 0.0041006898783610074}