{"numgrasp": 217, "translation_d": 5.69653781424962e-09, "rotation_d": 3.496464555237494e-05, "width_d": 0.006051219991244741}