{"numgrasp": 201, "translation_d": 6.103599614971067e-09, "rotation_d": 6.069741941760104e-05, "width_d": 0.004994442503462787}