{"numgrasp": 186, "translation_d": 5.832246681245506e-09, "rotation_d": 5.990413012721581e-05, "width_d": 0.005013015883167351}