{"numgrasp": 189, "translation_d": 5.738636513823613e-09, "rotation_d": 5.265745604341317e-05, "width_d": 0.005015035075244389}