{"numgrasp": 189, "translation_d": 5.828502661672675e-09, "rotation_d": 5.0103947081058e-05, "width_d": 0.004533681157885099}