{"numgrasp": 194, "translation_d": 5.96959789380814e-09, "rotation_d": 5.0007982216162493e-05, "width_d": 0.004384224865785525}