{"numgrasp": 204, "translation_d": 5.8471748911797935e-09, "rotation_d": 4.7125757557421315e-05, "width_d": 0.004099700254936475}