{"numgrasp": 205, "translation_d": 6.1781465853616944e-09, "rotation_d": 4.6946097797006524e-05, "width_d": 0.003986250673800209}