{"numgrasp": 207, "translation_d": 6.088565297576248e-09, "rotation_d": 4.5099889752011166e-05, "width_d": 0.0037835641267771236}