{"numgrasp": 207, "translation_d": 6.271929876146512e-09, "rotation_d": 3.408042018808869e-05, "width_d": 0.003480939424109378}