{"numgrasp": 202, "translation_d": 6.230671456004917e-09, "rotation_d": 3.6987353449380485e-05, "width_d": 0.004012003035920493}