{"numgrasp": 202, "translation_d": 5.708035443439762e-09, "rotation_d": 3.78854600525646e-05, "width_d": 0.004382048127747389}