{"numgrasp": 188, "translation_d": 5.9030506378993125e-09, "rotation_d": 4.0810248264469906e-05, "width_d": 0.004973746092355041}