{"numgrasp": 179, "translation_d": 5.688059233211844e-09, "rotation_d": 4.309098813873592e-05, "width_d": 0.005280947600388725}