{"numgrasp": 225, "translation_d": 6.224842137426216e-09, "rotation_d": 3.59643333951031e-05, "width_d": 0.004220963192492961}