{"numgrasp": 222, "translation_d": 6.177380455777793e-09, "rotation_d": 3.735151194004509e-05, "width_d": 0.005126574639228979}