{"numgrasp": 222, "translation_d": 6.207695644785536e-09, "rotation_d": 3.980344158053384e-05, "width_d": 0.005761463270545863}