{"numgrasp": 210, "translation_d": 5.77068253100269e-09, "rotation_d": 4.151657452071642e-05, "width_d": 0.005872266700322617}