{"numgrasp": 203, "translation_d": 5.720895822588981e-09, "rotation_d": 4.156738349854459e-05, "width_d": 0.006049219063447471}