{"numgrasp": 203, "translation_d": 5.8010537826740725e-09, "rotation_d": 4.311546123304494e-05, "width_d": 0.00679624586973445}