{"numgrasp": 200, "translation_d": 5.3752378398184546e-09, "rotation_d": 4.838588018196452e-05, "width_d": 0.007559767579471616}