{"numgrasp": 196, "translation_d": 6.129415741557916e-09, "rotation_d": 5.166649222851904e-05, "width_d": 0.004275725864007226}