{"numgrasp": 204, "translation_d": 5.997206352824548e-09, "rotation_d": 5.1727383073372415e-05, "width_d": 0.005523911287590344}