{"numgrasp": 200, "translation_d": 5.944393968687352e-09, "rotation_d": 5.0316383458766466e-05, "width_d": 0.0052600185346733525}