{"numgrasp": 202, "translation_d": 6.340178664749794e-09, "rotation_d": 4.879227630888322e-05, "width_d": 0.005145032591552106}