{"numgrasp": 212, "translation_d": 5.913011315923459e-09, "rotation_d": 4.2870311523363164e-05, "width_d": 0.004767883683980564}