{"numgrasp": 59, "translation_d": 5.771109154921096e-09, "rotation_d": 5.566461153567157e-05, "width_d": 0.004477941205696662}