{"numgrasp": 151, "translation_d": 5.592765807561946e-09, "rotation_d": 6.038747149504861e-05, "width_d": 0.003465408590869031}