{"numgrasp": 118, "translation_d": 5.4558937599108945e-09, "rotation_d": 6.410118647373453e-05, "width_d": 0.00298045933004179}