{"numgrasp": 120, "translation_d": 5.326376161694383e-09, "rotation_d": 6.114843570878984e-05, "width_d": 0.0030017110586178907}