{"numgrasp": 112, "translation_d": 5.310162687288097e-09, "rotation_d": 5.9720839684864464e-05, "width_d": 0.0031364976030328804}