{"numgrasp": 98, "translation_d": 5.081648510464338e-09, "rotation_d": 5.984183023325201e-05, "width_d": 0.0033698168432073606}