{"numgrasp": 63, "translation_d": 5.5759822224219455e-09, "rotation_d": 5.842209287737622e-05, "width_d": 0.0032621217156272413}