{"numgrasp": 292, "translation_d": 5.2370243822926426e-09, "rotation_d": 4.4582869814152e-05, "width_d": 0.005108138077692714}