{"numgrasp": 305, "translation_d": 5.204201200235536e-09, "rotation_d": 4.563616536000084e-05, "width_d": 0.005348415824250258}