{"numgrasp": 327, "translation_d": 5.581688714728727e-09, "rotation_d": 4.480875049566974e-05, "width_d": 0.005155970581788893}