{"numgrasp": 326, "translation_d": 5.4348231432239195e-09, "rotation_d": 4.470684301132985e-05, "width_d": 0.004932062351604065}