{"numgrasp": 319, "translation_d": 5.303005211949132e-09, "rotation_d": 4.471122095091989e-05, "width_d": 0.0046588290621086955}