{"numgrasp": 336, "translation_d": 5.4522993299101736e-09, "rotation_d": 4.3486982301454645e-05, "width_d": 0.0048041518641895285}