{"numgrasp": 338, "translation_d": 5.454720328683308e-09, "rotation_d": 4.405940307542149e-05, "width_d": 0.004484912601567838}