{"numgrasp": 287, "translation_d": 6.78324219545197e-09, "rotation_d": 4.303558374569749e-05, "width_d": 0.004184488335231994}