{"numgrasp": 323, "translation_d": 5.455984333328379e-09, "rotation_d": 3.395947847557217e-05, "width_d": 0.0038146423874635678}