{"numgrasp": 299, "translation_d": 5.462412803500062e-09, "rotation_d": 3.2229493493894227e-05, "width_d": 0.004705424417339112}