{"numgrasp": 341, "translation_d": 5.3581059257535245e-09, "rotation_d": 3.523908151590713e-05, "width_d": 0.004894661510077246}