{"numgrasp": 326, "translation_d": 5.3317730116928785e-09, "rotation_d": 3.479486670910456e-05, "width_d": 0.0053246483096067}