{"numgrasp": 326, "translation_d": 5.289613796502221e-09, "rotation_d": 3.6309851381315275e-05, "width_d": 0.005103295921350066}