{"numgrasp": 333, "translation_d": 5.51633830170505e-09, "rotation_d": 3.5927498222286435e-05, "width_d": 0.005279110759719472}