{"numgrasp": 320, "translation_d": 4.8678270210883795e-09, "rotation_d": 3.6283607600140636e-05, "width_d": 0.005406943988778766}