{"numgrasp": 304, "translation_d": 4.648918528894211e-09, "rotation_d": 3.87151363370647e-05, "width_d": 0.00582790135698805}