{"numgrasp": 313, "translation_d": 5.140849261918784e-09, "rotation_d": 3.923763911785941e-05, "width_d": 0.005746394524729731}