{"numgrasp": 320, "translation_d": 4.914218100285645e-09, "rotation_d": 3.843652755964548e-05, "width_d": 0.005053421328389083}