{"numgrasp": 313, "translation_d": 5.111095763624366e-09, "rotation_d": 3.790089524085453e-05, "width_d": 0.004864393908529829}