{"numgrasp": 315, "translation_d": 5.069433877395796e-09, "rotation_d": 3.952753000036494e-05, "width_d": 0.004437268543610718}