{"numgrasp": 312, "translation_d": 4.804602051656638e-09, "rotation_d": 3.969313046144222e-05, "width_d": 0.004108140382206528}