{"numgrasp": 316, "translation_d": 5.225715564637079e-09, "rotation_d": 5.5294336683439e-05, "width_d": 0.004297117066167585}