{"numgrasp": 307, "translation_d": 5.223051435689074e-09, "rotation_d": 5.222314598906894e-05, "width_d": 0.004551622684784701}