{"numgrasp": 315, "translation_d": 5.048278599621754e-09, "rotation_d": 5.137666424749346e-05, "width_d": 0.004792560946708185}