{"numgrasp": 282, "translation_d": 5.1318763991586675e-09, "rotation_d": 4.831157992723872e-05, "width_d": 0.00567486662370526}