{"numgrasp": 285, "translation_d": 4.936050355814808e-09, "rotation_d": 5.190989468038047e-05, "width_d": 0.0058530391850542375}