{"numgrasp": 295, "translation_d": 5.230364760110131e-09, "rotation_d": 5.480626019739378e-05, "width_d": 0.0057119674565440795}