{"numgrasp": 305, "translation_d": 5.060922526262211e-09, "rotation_d": 6.189208319921787e-05, "width_d": 0.004554643332573505}