{"numgrasp": 300, "translation_d": 5.126895578245096e-09, "rotation_d": 6.235324707384588e-05, "width_d": 0.004344106852087391}