{"numgrasp": 293, "translation_d": 6.8472294602900635e-09, "rotation_d": 4.491113331295352e-05, "width_d": 0.004685279651065874}