{"numgrasp": 314, "translation_d": 5.08191116377489e-09, "rotation_d": 6.539654893598969e-05, "width_d": 0.004639572823572746}