{"numgrasp": 292, "translation_d": 5.428508725044687e-09, "rotation_d": 6.019963157682566e-05, "width_d": 0.005471868028005679}