{"numgrasp": 263, "translation_d": 5.401441789920731e-09, "rotation_d": 5.4463519732821223e-05, "width_d": 0.006116034741674841}