{"numgrasp": 293, "translation_d": 4.847466478146224e-09, "rotation_d": 5.4382341515824865e-05, "width_d": 0.006174903934255304}