{"numgrasp": 259, "translation_d": 5.20353953415882e-09, "rotation_d": 5.3811547724614304e-05, "width_d": 0.005793264446348611}