{"numgrasp": 242, "translation_d": 5.001246311137233e-09, "rotation_d": 5.644203330029522e-05, "width_d": 0.005969957533112137}