{"numgrasp": 255, "translation_d": 4.74304899660454e-09, "rotation_d": 5.5722314586521884e-05, "width_d": 0.005630157699854642}