{"numgrasp": 287, "translation_d": 5.260961425334478e-09, "rotation_d": 5.695341537221894e-05, "width_d": 0.00567457037739743}