{"numgrasp": 255, "translation_d": 5.5673067062309394e-09, "rotation_d": 3.995726171669234e-05, "width_d": 0.005007281975248365}