{"numgrasp": 287, "translation_d": 5.30083838839819e-09, "rotation_d": 4.8386634500859894e-05, "width_d": 0.004812759673519375}