{"numgrasp": 277, "translation_d": 5.234830409787709e-09, "rotation_d": 5.052884846052388e-05, "width_d": 0.005129050762075711}