{"numgrasp": 303, "translation_d": 6.7920895570433885e-09, "rotation_d": 4.3844373095609965e-05, "width_d": 0.004377854404067171}