{"numgrasp": 257, "translation_d": 5.074053739199399e-09, "rotation_d": 5.2365466907043076e-05, "width_d": 0.005632737171916103}