{"numgrasp": 247, "translation_d": 5.159748502106606e-09, "rotation_d": 5.277804381874516e-05, "width_d": 0.005706298603584987}