{"numgrasp": 256, "translation_d": 5.1202323750402636e-09, "rotation_d": 4.890344262857377e-05, "width_d": 0.00536374700292704}