{"numgrasp": 262, "translation_d": 4.947798535540387e-09, "rotation_d": 4.897167862706336e-05, "width_d": 0.0051512356998597315}