{"numgrasp": 243, "translation_d": 5.124467563349663e-09, "rotation_d": 4.7623037182231606e-05, "width_d": 0.004891359406626985}