{"numgrasp": 255, "translation_d": 5.4158423309588976e-09, "rotation_d": 4.63115083598557e-05, "width_d": 0.005410142467713182}