{"numgrasp": 251, "translation_d": 5.439917837876413e-09, "rotation_d": 4.198201100178366e-05, "width_d": 0.005080158891293599}