{"numgrasp": 241, "translation_d": 5.8505680708034305e-09, "rotation_d": 3.791968688776752e-05, "width_d": 0.005049234219585525}