{"numgrasp": 303, "translation_d": 6.844181606485979e-09, "rotation_d": 4.258231204015531e-05, "width_d": 0.004070918017357171}