{"numgrasp": 233, "translation_d": 6.0242260092204234e-09, "rotation_d": 3.808086616427126e-05, "width_d": 0.004874143440670031}