{"numgrasp": 234, "translation_d": 5.665742934272473e-09, "rotation_d": 4.14043018176027e-05, "width_d": 0.005200116459540795}