{"numgrasp": 241, "translation_d": 5.998118600688185e-09, "rotation_d": 4.316245769048287e-05, "width_d": 0.004992625046130156}