{"numgrasp": 233, "translation_d": 5.860542140313827e-09, "rotation_d": 4.509346299365788e-05, "width_d": 0.005036691883736156}