{"numgrasp": 307, "translation_d": 6.514679631072867e-09, "rotation_d": 4.0017106096820274e-05, "width_d": 0.003974531063902544}