{"numgrasp": 297, "translation_d": 6.4061353445664356e-09, "rotation_d": 4.470842746357428e-05, "width_d": 0.003679923211701012}