{"numgrasp": 296, "translation_d": 5.939267911250191e-09, "rotation_d": 4.305236765257551e-05, "width_d": 0.0036579242821804803}