{"numgrasp": 303, "translation_d": 6.683478235621658e-09, "rotation_d": 4.6541292081990674e-05, "width_d": 0.004314320999135428}