{"numgrasp": 304, "translation_d": 6.5696798989969426e-09, "rotation_d": 4.7687327668935583e-05, "width_d": 0.004361419987001862}