{"numgrasp": 295, "translation_d": 6.770215201736538e-09, "rotation_d": 4.7380036593374907e-05, "width_d": 0.004412037989248434}