{"numgrasp": 311, "translation_d": 6.469896857230108e-09, "rotation_d": 5.218372490533927e-05, "width_d": 0.004379088045229433}