{"numgrasp": 302, "translation_d": 6.469135499584202e-09, "rotation_d": 5.296041948960245e-05, "width_d": 0.004296342659643779}