{"numgrasp": 297, "translation_d": 6.3034313271854575e-09, "rotation_d": 4.7996701467566195e-05, "width_d": 0.003986508159157978}