{"numgrasp": 287, "translation_d": 6.235267346609059e-09, "rotation_d": 4.603798656130404e-05, "width_d": 0.003943472715039502}