{"numgrasp": 318, "translation_d": 6.59620540294465e-09, "rotation_d": 5.6648613833687524e-05, "width_d": 0.004472406006720829}