{"numgrasp": 312, "translation_d": 6.499227478797656e-09, "rotation_d": 5.626681848568179e-05, "width_d": 0.004477232081226355}