{"numgrasp": 320, "translation_d": 6.645385838116388e-09, "rotation_d": 5.4816044982513027e-05, "width_d": 0.004645204123701901}