{"numgrasp": 302, "translation_d": 6.29780445543879e-09, "rotation_d": 5.379597932477409e-05, "width_d": 0.004551154241659099}