{"numgrasp": 304, "translation_d": 6.358315242709375e-09, "rotation_d": 5.5661027059117535e-05, "width_d": 0.0043917263493814225}