{"numgrasp": 312, "translation_d": 6.303731589121198e-09, "rotation_d": 5.723916379183002e-05, "width_d": 0.004159117593069288}