{"numgrasp": 324, "translation_d": 6.229959603731635e-09, "rotation_d": 5.837229366221194e-05, "width_d": 0.0043904790110224695}