{"numgrasp": 298, "translation_d": 6.554920911246274e-09, "rotation_d": 6.185772416405522e-05, "width_d": 0.0039725099336086695}