{"numgrasp": 275, "translation_d": 6.141530180374632e-09, "rotation_d": 6.155813985364315e-05, "width_d": 0.00409183707989091}