{"numgrasp": 313, "translation_d": 5.829188168459538e-09, "rotation_d": 5.657987254885918e-05, "width_d": 0.003883946765498543}