{"numgrasp": 331, "translation_d": 5.966909818156543e-09, "rotation_d": 5.49270085205288e-05, "width_d": 0.004489994244550919}