{"numgrasp": 339, "translation_d": 5.652895427282679e-09, "rotation_d": 5.505902108716487e-05, "width_d": 0.004659557646397615}