{"numgrasp": 328, "translation_d": 5.602653784678831e-09, "rotation_d": 5.3001465080878705e-05, "width_d": 0.004864963724220419}