{"numgrasp": 158, "translation_d": 5.645244252204836e-09, "rotation_d": 5.6426828320705535e-05, "width_d": 0.004971930232764055}