{"numgrasp": 160, "translation_d": 5.1315717445089485e-09, "rotation_d": 5.0745901578875504e-05, "width_d": 0.005548748719496081}