{"numgrasp": 160, "translation_d": 5.561077615029827e-09, "rotation_d": 5.1587582309564336e-05, "width_d": 0.004250259241096218}