{"numgrasp": 164, "translation_d": 5.9543858730037444e-09, "rotation_d": 4.965542138192558e-05, "width_d": 0.004273072796901642}