{"numgrasp": 175, "translation_d": 5.971482078390143e-09, "rotation_d": 4.8082589109396246e-05, "width_d": 0.0028953062870962975}