{"numgrasp": 174, "translation_d": 5.352367778093297e-09, "rotation_d": 4.928917053426505e-05, "width_d": 0.0030231026016949735}