{"numgrasp": 166, "translation_d": 5.867264447302074e-09, "rotation_d": 5.015568853681382e-05, "width_d": 0.0026556434569473693}