{"numgrasp": 166, "translation_d": 5.677862158280654e-09, "rotation_d": 5.020289009756773e-05, "width_d": 0.0019586760749047017}