{"numgrasp": 160, "translation_d": 5.220843574432825e-09, "rotation_d": 3.898491438993187e-05, "width_d": 0.0018443173964425102}