{"numgrasp": 167, "translation_d": 5.262662571020154e-09, "rotation_d": 4.120913167744881e-05, "width_d": 0.0027501900276218675}