{"numgrasp": 179, "translation_d": 5.520259108887989e-09, "rotation_d": 4.020544255732539e-05, "width_d": 0.003034429732891451}