{"numgrasp": 173, "translation_d": 5.042467400240663e-09, "rotation_d": 4.152648708115173e-05, "width_d": 0.004127684109849813}