{"numgrasp": 157, "translation_d": 5.0577368246932225e-09, "rotation_d": 4.1492898242590024e-05, "width_d": 0.004937343820016318}