{"numgrasp": 163, "translation_d": 4.991943016371727e-09, "rotation_d": 4.204085411190708e-05, "width_d": 0.005027617357867587}