{"numgrasp": 159, "translation_d": 4.605283226814582e-09, "rotation_d": 4.3120630265075224e-05, "width_d": 0.005817177602993234}