{"numgrasp": 133, "translation_d": 6.583575464383614e-09, "rotation_d": 4.218871452033516e-05, "width_d": 0.004695165602247535}