{"numgrasp": 174, "translation_d": 5.1279914465935266e-09, "rotation_d": 4.339726693737626e-05, "width_d": 0.004058686802161798}