{"numgrasp": 176, "translation_d": 5.222913894100282e-09, "rotation_d": 4.125002179483483e-05, "width_d": 0.003307024316177521}