{"numgrasp": 133, "translation_d": 6.341672537251704e-09, "rotation_d": 4.240637244050182e-05, "width_d": 0.004651647466244531}