{"numgrasp": 162, "translation_d": 5.349463189538896e-09, "rotation_d": 5.504910615333079e-05, "width_d": 0.0016349459848453488}