{"numgrasp": 148, "translation_d": 5.147194559421397e-09, "rotation_d": 5.170292813566852e-05, "width_d": 0.0019368952674828055}