{"numgrasp": 154, "translation_d": 4.9559265552672525e-09, "rotation_d": 4.965770532165329e-05, "width_d": 0.002512438928816461}