{"numgrasp": 169, "translation_d": 5.0158910858879506e-09, "rotation_d": 4.972285491704226e-05, "width_d": 0.003056184548281976}