{"numgrasp": 171, "translation_d": 4.128800613492626e-09, "rotation_d": 5.331700477528887e-05, "width_d": 0.004447171316817227}