{"numgrasp": 160, "translation_d": 5.333601491529778e-09, "rotation_d": 5.612124708647521e-05, "width_d": 0.0033309650569788777}