{"numgrasp": 152, "translation_d": 5.056168651225017e-09, "rotation_d": 5.530247508794945e-05, "width_d": 0.002720092992096495}