{"numgrasp": 139, "translation_d": 5.428133391764736e-09, "rotation_d": 5.858081717061523e-05, "width_d": 0.0022656666406241123}