{"numgrasp": 143, "translation_d": 5.29848871698503e-09, "rotation_d": 5.946722243934895e-05, "width_d": 0.0017597909795323001}