{"numgrasp": 135, "translation_d": 6.644413581992321e-09, "rotation_d": 3.953634544119202e-05, "width_d": 0.004628750891975159}