{"numgrasp": 129, "translation_d": 5.388007702144113e-09, "rotation_d": 5.954263812358894e-05, "width_d": 0.0017860539970222602}