{"numgrasp": 136, "translation_d": 5.537214074468998e-09, "rotation_d": 6.014206025373403e-05, "width_d": 0.0019280205481395079}