{"numgrasp": 132, "translation_d": 6.340775487691907e-09, "rotation_d": 3.902400131612042e-05, "width_d": 0.004435789496883266}