{"numgrasp": 165, "translation_d": 4.787302668832694e-09, "rotation_d": 5.3319345618805516e-05, "width_d": 0.004823389864206287}