{"numgrasp": 163, "translation_d": 4.612110347683998e-09, "rotation_d": 5.090084384929667e-05, "width_d": 0.00543214274358922}