{"numgrasp": 162, "translation_d": 4.777462892587512e-09, "rotation_d": 5.08901713782721e-05, "width_d": 0.004545417426830103}