{"numgrasp": 163, "translation_d": 4.7843759329013495e-09, "rotation_d": 5.202011566203396e-05, "width_d": 0.0038140169107370673}