{"numgrasp": 141, "translation_d": 7.1779914163121295e-09, "rotation_d": 4.809057167560291e-05, "width_d": 0.0024585451037390208}