{"numgrasp": 160, "translation_d": 4.893851885476363e-09, "rotation_d": 5.310933613237176e-05, "width_d": 0.0035236599358978117}