{"numgrasp": 156, "translation_d": 5.1027970024934475e-09, "rotation_d": 5.318220672152704e-05, "width_d": 0.0036287346224031574}