{"numgrasp": 139, "translation_d": 5.253634937240334e-09, "rotation_d": 5.498852280561694e-05, "width_d": 0.0031516983022604837}