{"numgrasp": 134, "translation_d": 5.314991711989529e-09, "rotation_d": 5.4925087405984394e-05, "width_d": 0.002875455913802391}