{"numgrasp": 133, "translation_d": 4.951287721685025e-09, "rotation_d": 5.533748591143004e-05, "width_d": 0.002139163566014105}