{"numgrasp": 121, "translation_d": 5.079390217778489e-09, "rotation_d": 3.948658820167236e-05, "width_d": 0.0017939131225372857}