{"numgrasp": 128, "translation_d": 5.332847123973673e-09, "rotation_d": 4.7459466893563796e-05, "width_d": 0.002122690484367961}