{"numgrasp": 125, "translation_d": 5.703562281802758e-09, "rotation_d": 4.884938659810748e-05, "width_d": 0.002348272642900484}