{"numgrasp": 118, "translation_d": 5.851472930534059e-09, "rotation_d": 5.0643138953661026e-05, "width_d": 0.0024985994648307345}