{"numgrasp": 125, "translation_d": 5.432882977808423e-09, "rotation_d": 5.0593833544702596e-05, "width_d": 0.0026981016011412913}