{"numgrasp": 143, "translation_d": 5.014802396824388e-09, "rotation_d": 5.1663944723784096e-05, "width_d": 0.0033186175710173383}