{"numgrasp": 162, "translation_d": 4.9235515968217125e-09, "rotation_d": 4.9690302605435386e-05, "width_d": 0.0039134558416259015}