{"numgrasp": 149, "translation_d": 5.093898369141015e-09, "rotation_d": 4.700949888044788e-05, "width_d": 0.003908710883159893}