{"numgrasp": 145, "translation_d": 5.4204542250395e-09, "rotation_d": 4.625907788685812e-05, "width_d": 0.003246155341949413}