{"numgrasp": 128, "translation_d": 5.11333241993481e-09, "rotation_d": 4.3277582716751316e-05, "width_d": 0.0028963598992484242}