{"numgrasp": 122, "translation_d": 4.886630566377185e-09, "rotation_d": 4.0895349659320196e-05, "width_d": 0.002416322308214172}