{"numgrasp": 131, "translation_d": 5.297043556873104e-09, "rotation_d": 4.3623695023150725e-05, "width_d": 0.002347760758585644}