{"numgrasp": 122, "translation_d": 5.133033804129247e-09, "rotation_d": 3.927926398139764e-05, "width_d": 0.002190444220933838}