{"numgrasp": 117, "translation_d": 4.96309076398101e-09, "rotation_d": 3.9613415393265705e-05, "width_d": 0.002009377293025488}