{"numgrasp": 119, "translation_d": 5.461262480988326e-09, "rotation_d": 3.852627238534105e-05, "width_d": 0.0019585634777791947}