{"numgrasp": 122, "translation_d": 5.663979959881943e-09, "rotation_d": 4.337378954397557e-05, "width_d": 0.0020234396853715964}