{"numgrasp": 120, "translation_d": 5.3598039140718585e-09, "rotation_d": 4.0388414403876144e-05, "width_d": 0.0024914205093623967}