{"numgrasp": 123, "translation_d": 4.877321385340351e-09, "rotation_d": 4.009575485419274e-05, "width_d": 0.002744474576178182}