{"numgrasp": 125, "translation_d": 5.370209119170423e-09, "rotation_d": 4.1389866916875254e-05, "width_d": 0.00309811636223761}