{"numgrasp": 124, "translation_d": 5.055158254573077e-09, "rotation_d": 4.0872601034834015e-05, "width_d": 0.003217330289703089}