{"numgrasp": 135, "translation_d": 5.221661691522422e-09, "rotation_d": 4.292686263400665e-05, "width_d": 0.0034326185040543756}