{"numgrasp": 148, "translation_d": 4.93785473194998e-09, "rotation_d": 4.707946323680992e-05, "width_d": 0.0050192130608048835}