{"numgrasp": 152, "translation_d": 6.6077811774439205e-09, "rotation_d": 4.2184520510841664e-05, "width_d": 0.003097004767247769}