{"numgrasp": 150, "translation_d": 6.93577989092294e-09, "rotation_d": 4.6801072986794696e-05, "width_d": 0.0025884446500495954}