{"numgrasp": 163, "translation_d": 6.283328591696866e-09, "rotation_d": 4.131262023208246e-05, "width_d": 0.002323032119766569}