{"numgrasp": 164, "translation_d": 6.3423293238532325e-09, "rotation_d": 4.208127563520776e-05, "width_d": 0.002669354437176644}