{"numgrasp": 141, "translation_d": 6.509983285257093e-09, "rotation_d": 4.5637685857533395e-05, "width_d": 0.003851963542864442}