{"numgrasp": 137, "translation_d": 6.8199041950438035e-09, "rotation_d": 5.0206199827902225e-05, "width_d": 0.0049619107721380765}