{"numgrasp": 144, "translation_d": 6.367377493263357e-09, "rotation_d": 5.068581794634404e-05, "width_d": 0.004110245362046958}