{"numgrasp": 141, "translation_d": 6.985718838781474e-09, "rotation_d": 5.150772970031347e-05, "width_d": 0.004278369427454906}