{"numgrasp": 160, "translation_d": 6.5449826387519834e-09, "rotation_d": 5.0073276078242596e-05, "width_d": 0.004102406170864157}