{"numgrasp": 156, "translation_d": 6.477849481369849e-09, "rotation_d": 5.0640882137613495e-05, "width_d": 0.0035192396729527846}