{"numgrasp": 173, "translation_d": 6.843864234249631e-09, "rotation_d": 4.850358827346985e-05, "width_d": 0.003040508773073849}