{"numgrasp": 178, "translation_d": 6.570399472251385e-09, "rotation_d": 4.7292820436021774e-05, "width_d": 0.002538693513993854}