{"numgrasp": 180, "translation_d": 6.8094691508048705e-09, "rotation_d": 4.541642626108866e-05, "width_d": 0.002562054798703415}