{"numgrasp": 167, "translation_d": 6.1744096214391974e-09, "rotation_d": 5.476426697289618e-05, "width_d": 0.0028030864896476555}