{"numgrasp": 173, "translation_d": 6.262125883405048e-09, "rotation_d": 5.517571656104519e-05, "width_d": 0.0031280630336111073}