{"numgrasp": 153, "translation_d": 6.645341543731199e-09, "rotation_d": 5.5005851719609946e-05, "width_d": 0.004504556831318304}