{"numgrasp": 158, "translation_d": 6.145571053130505e-09, "rotation_d": 5.4567977155575416e-05, "width_d": 0.00491380080549279}