{"numgrasp": 171, "translation_d": 6.0337026306346315e-09, "rotation_d": 5.798789167092283e-05, "width_d": 0.003662204748304627}