{"numgrasp": 162, "translation_d": 6.173271828142729e-09, "rotation_d": 5.8345899209693845e-05, "width_d": 0.0021172862004328803}