{"numgrasp": 170, "translation_d": 6.2689519541063174e-09, "rotation_d": 5.771131964848372e-05, "width_d": 0.0023772601851171893}