{"numgrasp": 169, "translation_d": 6.049665487185699e-09, "rotation_d": 5.662869555604221e-05, "width_d": 0.003682770747643906}