{"numgrasp": 335, "translation_d": 6.255757306569897e-09, "rotation_d": 5.164672994640868e-05, "width_d": 0.004053105049158242}