{"numgrasp": 364, "translation_d": 6.156761191368816e-09, "rotation_d": 5.088674946337127e-05, "width_d": 0.00443574698598949}