{"numgrasp": 322, "translation_d": 5.9434991477811006e-09, "rotation_d": 5.376967266803111e-05, "width_d": 0.004262444681445888}