{"numgrasp": 312, "translation_d": 5.77108903468438e-09, "rotation_d": 5.4045061081706596e-05, "width_d": 0.003880260842656394}