{"numgrasp": 308, "translation_d": 5.961029049917709e-09, "rotation_d": 5.463077349444345e-05, "width_d": 0.003351545955418516}