{"numgrasp": 392, "translation_d": 6.261765826017159e-09, "rotation_d": 5.261616805898352e-05, "width_d": 0.005187785240931982}