{"numgrasp": 331, "translation_d": 5.53468666004961e-09, "rotation_d": 5.302558831536709e-05, "width_d": 0.0035449748063010296}