{"numgrasp": 305, "translation_d": 5.708075668920551e-09, "rotation_d": 5.2761130670726266e-05, "width_d": 0.003772449994341536}