{"numgrasp": 329, "translation_d": 5.832983691658214e-09, "rotation_d": 5.3094688483282074e-05, "width_d": 0.003655076196399578}