{"numgrasp": 333, "translation_d": 5.9563643643268625e-09, "rotation_d": 5.2626827215388684e-05, "width_d": 0.003994812909806889}