{"numgrasp": 398, "translation_d": 5.492558465932639e-09, "rotation_d": 5.2154470714179124e-05, "width_d": 0.005148847444673719}