{"numgrasp": 326, "translation_d": 5.5695064485039755e-09, "rotation_d": 5.047017322939152e-05, "width_d": 0.003893121014583375}