{"numgrasp": 362, "translation_d": 4.794375824296281e-09, "rotation_d": 4.814581102149142e-05, "width_d": 0.0034330885629621395}