{"numgrasp": 350, "translation_d": 4.650758313974597e-09, "rotation_d": 4.83122998075691e-05, "width_d": 0.0037649689382335053}