{"numgrasp": 329, "translation_d": 4.795699969100703e-09, "rotation_d": 4.7162827535869386e-05, "width_d": 0.003929150391372063}