{"numgrasp": 398, "translation_d": 4.8663586696455095e-09, "rotation_d": 4.861981057232376e-05, "width_d": 0.004450374792413556}