{"numgrasp": 370, "translation_d": 4.678526721914232e-09, "rotation_d": 4.993601620455875e-05, "width_d": 0.004769494272273719}