{"numgrasp": 388, "translation_d": 4.915745314030934e-09, "rotation_d": 4.933179056734475e-05, "width_d": 0.004806513188530684}