{"numgrasp": 386, "translation_d": 6.3606840778675685e-09, "rotation_d": 5.1417471353600505e-05, "width_d": 0.005536460042594208}