{"numgrasp": 353, "translation_d": 4.847759315166791e-09, "rotation_d": 5.01312364550829e-05, "width_d": 0.005720829932459831}