{"numgrasp": 337, "translation_d": 4.533964439365548e-09, "rotation_d": 4.9181911857500093e-05, "width_d": 0.006000278266288485}