{"numgrasp": 368, "translation_d": 6.302247788994081e-09, "rotation_d": 4.9003855028093336e-05, "width_d": 0.005364860703499957}