{"numgrasp": 364, "translation_d": 4.698294007921371e-09, "rotation_d": 4.9170624716017556e-05, "width_d": 0.005344282123712345}