{"numgrasp": 374, "translation_d": 4.4576101246506886e-09, "rotation_d": 4.786379710265518e-05, "width_d": 0.005179817229790277}