{"numgrasp": 413, "translation_d": 4.526014885224656e-09, "rotation_d": 4.918667576362863e-05, "width_d": 0.004696981439385663}