{"numgrasp": 411, "translation_d": 4.441703831678816e-09, "rotation_d": 4.6648510123474066e-05, "width_d": 0.003942487146804691}