{"numgrasp": 359, "translation_d": 6.0636440153946456e-09, "rotation_d": 5.0314316740807234e-05, "width_d": 0.0053284338127026305}