{"numgrasp": 410, "translation_d": 4.467029821941055e-09, "rotation_d": 5.0240431264737646e-05, "width_d": 0.004450537137412123}