{"numgrasp": 379, "translation_d": 4.455493725889136e-09, "rotation_d": 4.998703550353137e-05, "width_d": 0.005031909353984096}