{"numgrasp": 382, "translation_d": 4.2925061555114016e-09, "rotation_d": 5.603608644912786e-05, "width_d": 0.00565788919029953}