{"numgrasp": 365, "translation_d": 4.450813057604967e-09, "rotation_d": 4.83601595506827e-05, "width_d": 0.005616574285317125}