{"numgrasp": 360, "translation_d": 4.5037360943014175e-09, "rotation_d": 4.9015895539172045e-05, "width_d": 0.005864405857369838}