{"numgrasp": 393, "translation_d": 4.085779568065851e-09, "rotation_d": 5.044181683453427e-05, "width_d": 0.006875967297229205}