{"numgrasp": 411, "translation_d": 4.161260257810144e-09, "rotation_d": 5.195036168352544e-05, "width_d": 0.0062816665449662735}