{"numgrasp": 388, "translation_d": 4.1789043201673175e-09, "rotation_d": 5.2293242975729837e-05, "width_d": 0.005956141316112627}