{"numgrasp": 378, "translation_d": 6.35969052837398e-09, "rotation_d": 5.022491882178844e-05, "width_d": 0.004818230890010004}