{"numgrasp": 383, "translation_d": 4.262574109448733e-09, "rotation_d": 5.2232856275753255e-05, "width_d": 0.004283215807410925}