{"numgrasp": 348, "translation_d": 4.350352113950277e-09, "rotation_d": 5.328221571338467e-05, "width_d": 0.0037957174730142763}