{"numgrasp": 359, "translation_d": 4.5378546134117615e-09, "rotation_d": 5.450281969656704e-05, "width_d": 0.0037582432087810845}