{"numgrasp": 376, "translation_d": 6.1997885573145295e-09, "rotation_d": 5.1118010637967125e-05, "width_d": 0.004856066638034897}