{"numgrasp": 351, "translation_d": 4.34055575671208e-09, "rotation_d": 5.3875921114723194e-05, "width_d": 0.004841369169508003}