{"numgrasp": 379, "translation_d": 4.038740204819744e-09, "rotation_d": 5.3827466244314774e-05, "width_d": 0.005206539499587555}