{"numgrasp": 353, "translation_d": 4.180013585824927e-09, "rotation_d": 5.2040484495284254e-05, "width_d": 0.005513927029136246}