{"numgrasp": 385, "translation_d": 6.249629217776058e-09, "rotation_d": 5.115858483650169e-05, "width_d": 0.004939816037097736}