{"numgrasp": 410, "translation_d": 4.215862939315086e-09, "rotation_d": 5.270332562568792e-05, "width_d": 0.007078608454228387}