{"numgrasp": 424, "translation_d": 4.041987943969966e-09, "rotation_d": 5.1521630043090355e-05, "width_d": 0.007456074749707073}