{"numgrasp": 405, "translation_d": 3.8189469776238485e-09, "rotation_d": 5.9702704559468715e-05, "width_d": 0.007504908549695284}