{"numgrasp": 389, "translation_d": 4.058614191187848e-09, "rotation_d": 5.321088683485395e-05, "width_d": 0.007380192087595914}