{"numgrasp": 389, "translation_d": 4.014024666664647e-09, "rotation_d": 5.287541151313587e-05, "width_d": 0.006377271388057604}