{"numgrasp": 367, "translation_d": 3.8512064847803115e-09, "rotation_d": 5.2497304903520945e-05, "width_d": 0.006206704547646898}