{"numgrasp": 389, "translation_d": 4.086290718157779e-09, "rotation_d": 5.229500465890248e-05, "width_d": 0.004937925100097329}