{"numgrasp": 353, "translation_d": 4.247719631740885e-09, "rotation_d": 5.196126269906576e-05, "width_d": 0.004120711076426771}