{"numgrasp": 356, "translation_d": 4.000364557461401e-09, "rotation_d": 5.336964355916475e-05, "width_d": 0.005921555988696584}