{"numgrasp": 396, "translation_d": 4.155725275291236e-09, "rotation_d": 5.144072336890821e-05, "width_d": 0.006659783488087362}