{"numgrasp": 381, "translation_d": 3.947570688988871e-09, "rotation_d": 5.17562883588204e-05, "width_d": 0.006851481281431329}