{"numgrasp": 391, "translation_d": 6.48508367099387e-09, "rotation_d": 5.434367327535147e-05, "width_d": 0.003598297468446724}