{"numgrasp": 388, "translation_d": 6.526383839720032e-09, "rotation_d": 5.3246540202263453e-05, "width_d": 0.0033458308975181077}