{"numgrasp": 379, "translation_d": 6.1635803969273235e-09, "rotation_d": 5.3419510322573856e-05, "width_d": 0.0035315242813026516}