{"numgrasp": 365, "translation_d": 6.229191686649465e-09, "rotation_d": 4.711892714168048e-05, "width_d": 0.004768456310552889}