{"numgrasp": 365, "translation_d": 6.423177207348533e-09, "rotation_d": 4.770097453734799e-05, "width_d": 0.004680253547911615}