{"numgrasp": 376, "translation_d": 6.489051892514098e-09, "rotation_d": 4.7844171461341386e-05, "width_d": 0.004544720806716854}