{"numgrasp": 372, "translation_d": 6.191586104404996e-09, "rotation_d": 4.83168495890679e-05, "width_d": 0.0039610671714577885}