{"numgrasp": 375, "translation_d": 6.320369895928562e-09, "rotation_d": 4.885212210078622e-05, "width_d": 0.003978287338544874}