{"numgrasp": 344, "translation_d": 6.374758628530188e-09, "rotation_d": 4.913880288438344e-05, "width_d": 0.003382539931895537}