{"numgrasp": 383, "translation_d": 6.202601891590886e-09, "rotation_d": 4.854134217977782e-05, "width_d": 0.003104623231180625}