{"numgrasp": 400, "translation_d": 6.469357498288102e-09, "rotation_d": 5.357752278860837e-05, "width_d": 0.004084203954382732}