{"numgrasp": 371, "translation_d": 6.2473468857787215e-09, "rotation_d": 4.985591817075375e-05, "width_d": 0.003209409651212293}