{"numgrasp": 375, "translation_d": 6.143871334446138e-09, "rotation_d": 4.8592260171971164e-05, "width_d": 0.00322106403648592}