{"numgrasp": 342, "translation_d": 6.662298173176941e-09, "rotation_d": 4.939816361372745e-05, "width_d": 0.003418185755558451}