{"numgrasp": 390, "translation_d": 6.43497265143233e-09, "rotation_d": 5.3375858614765526e-05, "width_d": 0.004144674900741194}