{"numgrasp": 368, "translation_d": 6.442224811880238e-09, "rotation_d": 4.795656155039392e-05, "width_d": 0.004425856108165162}