{"numgrasp": 338, "translation_d": 6.204312224732999e-09, "rotation_d": 4.752667274484755e-05, "width_d": 0.0047513040357886815}