{"numgrasp": 372, "translation_d": 6.478654359665559e-09, "rotation_d": 4.86992751339575e-05, "width_d": 0.004774659810658923}