{"numgrasp": 355, "translation_d": 6.604025706662403e-09, "rotation_d": 5.020068870519664e-05, "width_d": 0.00451230912589954}