{"numgrasp": 369, "translation_d": 6.174291358186244e-09, "rotation_d": 4.9369119406568964e-05, "width_d": 0.004289088117404197}