{"numgrasp": 357, "translation_d": 6.450072457224395e-09, "rotation_d": 4.8010587422996296e-05, "width_d": 0.0037688488200856166}