{"numgrasp": 334, "translation_d": 6.351969314974355e-09, "rotation_d": 4.8255091251594806e-05, "width_d": 0.0033208188732287637}