{"numgrasp": 352, "translation_d": 6.387762206445328e-09, "rotation_d": 4.764037779664744e-05, "width_d": 0.0031195985717306445}