{"numgrasp": 335, "translation_d": 6.210033550340087e-09, "rotation_d": 5.030162268735996e-05, "width_d": 0.003222295930424598}