{"numgrasp": 317, "translation_d": 6.210613668444361e-09, "rotation_d": 4.999220969498723e-05, "width_d": 0.0035842804739134307}