{"numgrasp": 314, "translation_d": 6.5799839702342166e-09, "rotation_d": 5.2252130518705456e-05, "width_d": 0.00357334009075145}