{"numgrasp": 334, "translation_d": 6.4533264573099355e-09, "rotation_d": 5.101757945413203e-05, "width_d": 0.003663402270201439}