{"numgrasp": 313, "translation_d": 6.048964314007408e-09, "rotation_d": 5.2351067011437734e-05, "width_d": 0.003990119229860015}