{"numgrasp": 297, "translation_d": 6.286775665056533e-09, "rotation_d": 6.561375037286666e-05, "width_d": 0.0031654378584636943}