{"numgrasp": 299, "translation_d": 5.310995605455763e-09, "rotation_d": 5.0567139114527405e-05, "width_d": 0.0057455609743654575}