{"numgrasp": 315, "translation_d": 5.511320981126346e-09, "rotation_d": 5.0619244115273634e-05, "width_d": 0.005999485755980024}