{"numgrasp": 295, "translation_d": 5.737350342847642e-09, "rotation_d": 4.9291377555684504e-05, "width_d": 0.005548318313069856}