{"numgrasp": 332, "translation_d": 5.581881005709076e-09, "rotation_d": 5.141364379676914e-05, "width_d": 0.004607869560067276}