{"numgrasp": 313, "translation_d": 5.7757581442533535e-09, "rotation_d": 4.993799263154257e-05, "width_d": 0.00468287496603138}