{"numgrasp": 311, "translation_d": 5.926150689936189e-09, "rotation_d": 5.03885158723639e-05, "width_d": 0.0042280425134449415}