{"numgrasp": 321, "translation_d": 5.727439272112984e-09, "rotation_d": 4.972730103728083e-05, "width_d": 0.003998998253618965}