{"numgrasp": 324, "translation_d": 5.660304186861861e-09, "rotation_d": 4.9466945737129455e-05, "width_d": 0.0037432519476893462}