{"numgrasp": 314, "translation_d": 5.863767967053802e-09, "rotation_d": 4.850884414303477e-05, "width_d": 0.0033276640837425746}