{"numgrasp": 320, "translation_d": 5.735666021077377e-09, "rotation_d": 6.264129400679954e-05, "width_d": 0.0032820220655971908}