{"numgrasp": 312, "translation_d": 5.573051150322125e-09, "rotation_d": 5.0755224098068015e-05, "width_d": 0.0030174712514723936}