{"numgrasp": 322, "translation_d": 5.679691485807745e-09, "rotation_d": 5.1091032270462665e-05, "width_d": 0.00337969398340002}