{"numgrasp": 320, "translation_d": 5.6136761412440476e-09, "rotation_d": 5.000290586663017e-05, "width_d": 0.004435716130007242}