{"numgrasp": 301, "translation_d": 5.971974870622015e-09, "rotation_d": 4.9379983616283275e-05, "width_d": 0.005163634057256835}