{"numgrasp": 302, "translation_d": 5.503199185980204e-09, "rotation_d": 5.063637902849447e-05, "width_d": 0.005229994633325069}