{"numgrasp": 298, "translation_d": 5.497875251039748e-09, "rotation_d": 5.027081560992706e-05, "width_d": 0.005355754253812288}