{"numgrasp": 285, "translation_d": 4.910314114752524e-09, "rotation_d": 4.9786474942064715e-05, "width_d": 0.005581097621250517}