{"numgrasp": 295, "translation_d": 5.167892304269685e-09, "rotation_d": 4.9144644579093215e-05, "width_d": 0.005537560449481729}