{"numgrasp": 286, "translation_d": 5.298007619731755e-09, "rotation_d": 5.1250624551914606e-05, "width_d": 0.005075104963924332}