{"numgrasp": 308, "translation_d": 5.594727152229452e-09, "rotation_d": 5.146910131309199e-05, "width_d": 0.004097418153466246}