{"numgrasp": 323, "translation_d": 5.151520528806958e-09, "rotation_d": 5.1528198847003735e-05, "width_d": 0.003587799024896646}