{"numgrasp": 301, "translation_d": 5.368137718594327e-09, "rotation_d": 5.1964732256596896e-05, "width_d": 0.003306974353896778}