{"numgrasp": 295, "translation_d": 6.006834131315461e-09, "rotation_d": 4.945365843456747e-05, "width_d": 0.005657071009905646}