{"numgrasp": 302, "translation_d": 5.709963581014603e-09, "rotation_d": 5.158052350321577e-05, "width_d": 0.003085274633726977}