{"numgrasp": 296, "translation_d": 5.5110313518657015e-09, "rotation_d": 5.2232432152504195e-05, "width_d": 0.004291270000774707}