{"numgrasp": 267, "translation_d": 4.658645490281771e-09, "rotation_d": 5.156794199234415e-05, "width_d": 0.005708617936307581}