{"numgrasp": 292, "translation_d": 5.3311646850500425e-09, "rotation_d": 5.254574689658591e-05, "width_d": 0.004740544814037088}