{"numgrasp": 304, "translation_d": 5.181377634223128e-09, "rotation_d": 5.256243779005865e-05, "width_d": 0.00466583865123639}