{"numgrasp": 307, "translation_d": 5.54434768392266e-09, "rotation_d": 6.115713817737255e-05, "width_d": 0.003902185384414974}