{"numgrasp": 303, "translation_d": 5.2423945453578185e-09, "rotation_d": 5.0996743907983544e-05, "width_d": 0.0033620933234578213}