{"numgrasp": 308, "translation_d": 5.528737217860572e-09, "rotation_d": 5.023881160126213e-05, "width_d": 0.0030950849088584916}