{"numgrasp": 301, "translation_d": 5.4259906541751135e-09, "rotation_d": 5.1663453573517256e-05, "width_d": 0.0032449895778526115}