{"numgrasp": 296, "translation_d": 5.363605125537762e-09, "rotation_d": 5.167331201057284e-05, "width_d": 0.0036818104989614097}