{"numgrasp": 308, "translation_d": 5.282404768259286e-09, "rotation_d": 5.232823152217007e-05, "width_d": 0.004010693335502869}