{"numgrasp": 295, "translation_d": 5.381680596307468e-09, "rotation_d": 5.2863636654882356e-05, "width_d": 0.00444619757702778}