{"numgrasp": 298, "translation_d": 5.066687399043608e-09, "rotation_d": 5.172948708850614e-05, "width_d": 0.004421111247557209}