{"numgrasp": 293, "translation_d": 5.355877088611688e-09, "rotation_d": 5.091735118937679e-05, "width_d": 0.003996586048672976}