{"numgrasp": 282, "translation_d": 5.412488427861262e-09, "rotation_d": 5.0994244979407115e-05, "width_d": 0.0031799715200023343}