{"numgrasp": 291, "translation_d": 5.065592379226919e-09, "rotation_d": 5.0701570875405685e-05, "width_d": 0.0031718156402229963}