{"numgrasp": 283, "translation_d": 5.217719916693515e-09, "rotation_d": 5.0123203617449095e-05, "width_d": 0.00327748144320157}