{"numgrasp": 279, "translation_d": 5.423787212709191e-09, "rotation_d": 5.000808189155984e-05, "width_d": 0.003546412079624394}