{"numgrasp": 282, "translation_d": 5.307965326996644e-09, "rotation_d": 5.0754097298133515e-05, "width_d": 0.003423901722327492}