{"numgrasp": 276, "translation_d": 5.322059023295406e-09, "rotation_d": 4.9498800876313725e-05, "width_d": 0.0038958251839172845}