{"numgrasp": 291, "translation_d": 5.351097105024261e-09, "rotation_d": 4.9874683966757286e-05, "width_d": 0.00437675043078753}