{"numgrasp": 285, "translation_d": 5.04977656823446e-09, "rotation_d": 5.0576784155421435e-05, "width_d": 0.004644773007774202}