{"numgrasp": 261, "translation_d": 4.882087086610955e-09, "rotation_d": 5.099089768753792e-05, "width_d": 0.00521787400080414}