{"numgrasp": 255, "translation_d": 4.655601106270807e-09, "rotation_d": 5.041586912660093e-05, "width_d": 0.005695669987949468}