{"numgrasp": 263, "translation_d": 4.764999152111189e-09, "rotation_d": 4.976185864419044e-05, "width_d": 0.006345736752491874}