{"numgrasp": 228, "translation_d": 4.636959223456535e-09, "rotation_d": 4.84742846309997e-05, "width_d": 0.005601748711875975}