{"numgrasp": 237, "translation_d": 4.561822782572086e-09, "rotation_d": 4.876555011270816e-05, "width_d": 0.0054171838041984525}