{"numgrasp": 268, "translation_d": 4.942721972633295e-09, "rotation_d": 5.001488420288107e-05, "width_d": 0.0044205026447530936}