{"numgrasp": 277, "translation_d": 5.045513911540621e-09, "rotation_d": 5.072942503637654e-05, "width_d": 0.0041112555897416525}