{"numgrasp": 270, "translation_d": 4.7862460173390685e-09, "rotation_d": 5.0661165708641905e-05, "width_d": 0.0036317090700472444}