{"numgrasp": 277, "translation_d": 4.8264536888114446e-09, "rotation_d": 5.132773069874582e-05, "width_d": 0.003282793996153919}