{"numgrasp": 278, "translation_d": 4.962633343742763e-09, "rotation_d": 5.165795141685883e-05, "width_d": 0.0032760517263765304}