{"numgrasp": 270, "translation_d": 4.8588473997634975e-09, "rotation_d": 5.118186528055648e-05, "width_d": 0.004461524511098288}