{"numgrasp": 263, "translation_d": 4.585699678725988e-09, "rotation_d": 5.034997708905606e-05, "width_d": 0.004379693684272649}