{"numgrasp": 230, "translation_d": 4.302700432504189e-09, "rotation_d": 4.99844453464864e-05, "width_d": 0.005122970429924577}