{"numgrasp": 232, "translation_d": 4.914467081717178e-09, "rotation_d": 4.9374458055435506e-05, "width_d": 0.005167470678724503}