{"numgrasp": 211, "translation_d": 4.711178655120881e-09, "rotation_d": 4.959573912791205e-05, "width_d": 0.0057005773782189805}