{"numgrasp": 303, "translation_d": 5.91003478898615e-09, "rotation_d": 5.058480887469622e-05, "width_d": 0.0035349270929563607}