{"numgrasp": 298, "translation_d": 6.041914145657377e-09, "rotation_d": 5.025516432517653e-05, "width_d": 0.0037044652619965543}