{"numgrasp": 302, "translation_d": 6.2703118998086585e-09, "rotation_d": 5.143379287911459e-05, "width_d": 0.0035416566934763135}