{"numgrasp": 310, "translation_d": 5.842246819239277e-09, "rotation_d": 5.3222837411601806e-05, "width_d": 0.003713367307029453}