{"numgrasp": 298, "translation_d": 5.831246457956881e-09, "rotation_d": 5.450783504275488e-05, "width_d": 0.003900553245977354}