{"numgrasp": 312, "translation_d": 6.1422753500324956e-09, "rotation_d": 5.454193502150188e-05, "width_d": 0.004128304583641932}