{"numgrasp": 315, "translation_d": 5.937908476467505e-09, "rotation_d": 5.2808252078572534e-05, "width_d": 0.004714460584970527}