{"numgrasp": 315, "translation_d": 6.113304349445764e-09, "rotation_d": 5.150402124373161e-05, "width_d": 0.004865150498842717}