{"numgrasp": 275, "translation_d": 5.511603537298701e-09, "rotation_d": 4.914665380389358e-05, "width_d": 0.003990352099428758}