{"numgrasp": 327, "translation_d": 6.1067475022739595e-09, "rotation_d": 5.0879735657581204e-05, "width_d": 0.004992538442673424}