{"numgrasp": 335, "translation_d": 6.266765509235024e-09, "rotation_d": 5.140178977800946e-05, "width_d": 0.00451900172563883}