{"numgrasp": 309, "translation_d": 6.07193730352731e-09, "rotation_d": 5.4317399657282334e-05, "width_d": 0.0036074353577428137}