{"numgrasp": 278, "translation_d": 6.120171404600245e-09, "rotation_d": 4.9014571307321264e-05, "width_d": 0.004157174056085965}