{"numgrasp": 281, "translation_d": 5.8160071343900335e-09, "rotation_d": 5.346881799695877e-05, "width_d": 0.0033954275346051925}