{"numgrasp": 300, "translation_d": 6.145093549790284e-09, "rotation_d": 5.310922701175809e-05, "width_d": 0.0033007307489539423}