{"numgrasp": 283, "translation_d": 6.097623305154503e-09, "rotation_d": 5.445180083265671e-05, "width_d": 0.003529833225699377}