{"numgrasp": 308, "translation_d": 6.488467047043132e-09, "rotation_d": 5.301675665512903e-05, "width_d": 0.0039185080238497315}