{"numgrasp": 325, "translation_d": 6.106831683041608e-09, "rotation_d": 5.2702556734131416e-05, "width_d": 0.004477593071071273}