{"numgrasp": 334, "translation_d": 6.074224821393364e-09, "rotation_d": 5.121834766919755e-05, "width_d": 0.004860666267933974}