{"numgrasp": 315, "translation_d": 6.458721158225606e-09, "rotation_d": 5.029345965022082e-05, "width_d": 0.005261281799546581}