{"numgrasp": 323, "translation_d": 6.307705690369944e-09, "rotation_d": 4.9869343333153784e-05, "width_d": 0.005523778579858658}