{"numgrasp": 313, "translation_d": 5.842322352619715e-09, "rotation_d": 5.0050854394372055e-05, "width_d": 0.005945182847065641}