{"numgrasp": 314, "translation_d": 6.306821316312446e-09, "rotation_d": 4.905521303278019e-05, "width_d": 0.005487821107582528}