{"numgrasp": 323, "translation_d": 6.115501125054638e-09, "rotation_d": 4.9551145511919646e-05, "width_d": 0.005401587387611323}