{"numgrasp": 311, "translation_d": 5.9364120124087605e-09, "rotation_d": 5.077730100414212e-05, "width_d": 0.004664946575703244}