{"numgrasp": 326, "translation_d": 6.069319109818267e-09, "rotation_d": 5.0553681648719635e-05, "width_d": 0.004580146978030245}