{"numgrasp": 321, "translation_d": 6.113882763776535e-09, "rotation_d": 4.989562752864753e-05, "width_d": 0.0039629147376113}