{"numgrasp": 319, "translation_d": 5.803865718311154e-09, "rotation_d": 5.032109594560915e-05, "width_d": 0.0033434158946917124}