{"numgrasp": 320, "translation_d": 5.770130514580305e-09, "rotation_d": 4.804718580401816e-05, "width_d": 0.0037051651147982857}