{"numgrasp": 314, "translation_d": 5.835524510446217e-09, "rotation_d": 4.971643230290176e-05, "width_d": 0.004221467354398555}