{"numgrasp": 296, "translation_d": 5.9590772433024125e-09, "rotation_d": 5.072699859592229e-05, "width_d": 0.004658681093220748}