{"numgrasp": 208, "translation_d": 5.5075505985858275e-09, "rotation_d": 4.851058272822812e-05, "width_d": 0.003657693346881431}