{"numgrasp": 254, "translation_d": 5.50791635764477e-09, "rotation_d": 4.735237480357123e-05, "width_d": 0.0038385442988327573}