{"numgrasp": 198, "translation_d": 6.843986118280095e-09, "rotation_d": 5.519558353162256e-05, "width_d": 0.0038967113510725094}