{"numgrasp": 204, "translation_d": 5.203777256661517e-09, "rotation_d": 5.288848462554598e-05, "width_d": 0.0032999296914875812}