{"numgrasp": 192, "translation_d": 5.2015849797739005e-09, "rotation_d": 5.04696085563933e-05, "width_d": 0.003270522402597234}