{"numgrasp": 204, "translation_d": 5.868484845053001e-09, "rotation_d": 5.2141321165558396e-05, "width_d": 0.003260918306800014}