{"numgrasp": 222, "translation_d": 4.9171951200609724e-09, "rotation_d": 5.49480520596613e-05, "width_d": 0.0035162949664705252}