{"numgrasp": 204, "translation_d": 4.7974954095788985e-09, "rotation_d": 5.878277356493604e-05, "width_d": 0.005049870146649117}