{"numgrasp": 226, "translation_d": 4.999743437498311e-09, "rotation_d": 5.76745524145193e-05, "width_d": 0.00473978709106423}