{"numgrasp": 233, "translation_d": 4.777025402792648e-09, "rotation_d": 5.851198762644554e-05, "width_d": 0.004464040461730855}