{"numgrasp": 224, "translation_d": 5.007748926922831e-09, "rotation_d": 5.8794646874444906e-05, "width_d": 0.00340879350235231}