{"numgrasp": 236, "translation_d": 5.1715857308472105e-09, "rotation_d": 6.0360387980193455e-05, "width_d": 0.003011986920786817}