{"numgrasp": 234, "translation_d": 4.875956048419136e-09, "rotation_d": 5.962255636387902e-05, "width_d": 0.0029903928246567545}