{"numgrasp": 239, "translation_d": 5.19702897136871e-09, "rotation_d": 5.9647368733140606e-05, "width_d": 0.0029868859604821403}