{"numgrasp": 209, "translation_d": 5.050894620689024e-09, "rotation_d": 5.935547979491872e-05, "width_d": 0.002711803440012578}