{"numgrasp": 121, "translation_d": 6.348174975236733e-09, "rotation_d": 5.589792302976911e-05, "width_d": 0.004463053253421415}