{"numgrasp": 225, "translation_d": 5.136493120294479e-09, "rotation_d": 5.909156109585348e-05, "width_d": 0.002588817614453263}