{"numgrasp": 199, "translation_d": 5.502174045715706e-09, "rotation_d": 5.7168999264628277e-05, "width_d": 0.0025687846009948448}