{"numgrasp": 217, "translation_d": 5.076249084768768e-09, "rotation_d": 5.868937919177242e-05, "width_d": 0.0032354590579224043}