{"numgrasp": 234, "translation_d": 5.362521730165104e-09, "rotation_d": 5.7380006503603716e-05, "width_d": 0.004018761582826481}