{"numgrasp": 110, "translation_d": 5.723696776031697e-09, "rotation_d": 5.624418975742337e-05, "width_d": 0.004915911217781991}