{"numgrasp": 243, "translation_d": 4.968837951151467e-09, "rotation_d": 5.807090385553885e-05, "width_d": 0.0045279862076695035}