{"numgrasp": 237, "translation_d": 4.631949847119436e-09, "rotation_d": 5.642134829018212e-05, "width_d": 0.0049976428470197174}