{"numgrasp": 191, "translation_d": 4.547874724834517e-09, "rotation_d": 5.1529331413143545e-05, "width_d": 0.005469485790600664}