{"numgrasp": 220, "translation_d": 4.666505525526027e-09, "rotation_d": 4.857027671292468e-05, "width_d": 0.005170927709451562}