{"numgrasp": 225, "translation_d": 5.043838555950528e-09, "rotation_d": 5.0717106448070955e-05, "width_d": 0.004881419663596213}