{"numgrasp": 122, "translation_d": 5.399657755606918e-09, "rotation_d": 5.407745887001593e-05, "width_d": 0.004864414606965124}