{"numgrasp": 234, "translation_d": 4.922432644668338e-09, "rotation_d": 5.096013142439145e-05, "width_d": 0.0046223015806819995}