{"numgrasp": 247, "translation_d": 5.279504495415132e-09, "rotation_d": 4.897146245655968e-05, "width_d": 0.0038901162657174965}