{"numgrasp": 228, "translation_d": 5.638063923377662e-09, "rotation_d": 4.711006004096864e-05, "width_d": 0.0029879330148893588}