{"numgrasp": 234, "translation_d": 5.594182544220643e-09, "rotation_d": 4.572899745436163e-05, "width_d": 0.002818358191180427}