{"numgrasp": 257, "translation_d": 5.2398750034672375e-09, "rotation_d": 3.9870092601147185e-05, "width_d": 0.0034303811642647387}