{"numgrasp": 243, "translation_d": 5.033796441998184e-09, "rotation_d": 4.238696013560034e-05, "width_d": 0.0038973637240055617}