{"numgrasp": 263, "translation_d": 5.0833532289679395e-09, "rotation_d": 4.1239757543623455e-05, "width_d": 0.00442338606888802}