{"numgrasp": 133, "translation_d": 5.355604199138928e-09, "rotation_d": 5.5631832591567864e-05, "width_d": 0.00412865471155699}