{"numgrasp": 248, "translation_d": 5.204234991143488e-09, "rotation_d": 4.301958912397183e-05, "width_d": 0.004700923037794802}