{"numgrasp": 227, "translation_d": 4.738321097533276e-09, "rotation_d": 4.52624114609649e-05, "width_d": 0.004973805113685216}