{"numgrasp": 248, "translation_d": 4.6895566161864665e-09, "rotation_d": 4.4799210499976725e-05, "width_d": 0.005377264540146578}