{"numgrasp": 265, "translation_d": 5.023850822572154e-09, "rotation_d": 4.32531012333867e-05, "width_d": 0.004977416447774109}