{"numgrasp": 267, "translation_d": 5.387288345973947e-09, "rotation_d": 4.241878397180523e-05, "width_d": 0.0037912891099029927}