{"numgrasp": 249, "translation_d": 5.701475942445878e-09, "rotation_d": 4.397237844241911e-05, "width_d": 0.003448320224324205}