{"numgrasp": 269, "translation_d": 5.595666398962953e-09, "rotation_d": 4.377776389153219e-05, "width_d": 0.0032393246394908266}