{"numgrasp": 241, "translation_d": 5.685165299252042e-09, "rotation_d": 4.49793031825765e-05, "width_d": 0.002966823220402528}