{"numgrasp": 224, "translation_d": 6.018359440738894e-09, "rotation_d": 4.9657136973695436e-05, "width_d": 0.002673609833023613}