{"numgrasp": 246, "translation_d": 5.729462497427878e-09, "rotation_d": 4.61627578579753e-05, "width_d": 0.003439673925627925}