{"numgrasp": 251, "translation_d": 5.5605979876359074e-09, "rotation_d": 4.685374358896462e-05, "width_d": 0.0035088134794195825}