{"numgrasp": 239, "translation_d": 5.6752920540233205e-09, "rotation_d": 4.6875647529208944e-05, "width_d": 0.0038969272701978495}