{"numgrasp": 231, "translation_d": 5.4978407568461044e-09, "rotation_d": 4.6078482142715335e-05, "width_d": 0.004416840328340646}