{"numgrasp": 232, "translation_d": 5.352832461876415e-09, "rotation_d": 4.499343779282312e-05, "width_d": 0.004793466893198943}