{"numgrasp": 233, "translation_d": 4.88913101781206e-09, "rotation_d": 4.489446747021606e-05, "width_d": 0.005374270193483374}