{"numgrasp": 210, "translation_d": 4.562944301929289e-09, "rotation_d": 4.1749297626251216e-05, "width_d": 0.005542152674314344}