{"numgrasp": 205, "translation_d": 4.825960452273355e-09, "rotation_d": 4.689417899934175e-05, "width_d": 0.00561870196201553}