{"numgrasp": 231, "translation_d": 4.8355052199078895e-09, "rotation_d": 5.041406471351251e-05, "width_d": 0.004503025434575982}