{"numgrasp": 217, "translation_d": 5.520487685369665e-09, "rotation_d": 4.9054746491759264e-05, "width_d": 0.004064523310581964}