{"numgrasp": 224, "translation_d": 5.490343317292264e-09, "rotation_d": 5.1638633754309e-05, "width_d": 0.0035117578285726995}