{"numgrasp": 216, "translation_d": 5.683126440277748e-09, "rotation_d": 5.1037980861043116e-05, "width_d": 0.003138928185813686}