{"numgrasp": 221, "translation_d": 5.674574555681242e-09, "rotation_d": 5.071877557922023e-05, "width_d": 0.00307933955483082}