{"numgrasp": 239, "translation_d": 5.743200014338493e-09, "rotation_d": 5.7545102806825775e-05, "width_d": 0.002509544321287771}