{"numgrasp": 217, "translation_d": 5.453292364748861e-09, "rotation_d": 5.338224394791323e-05, "width_d": 0.003124484758739369}