{"numgrasp": 214, "translation_d": 5.794491209565569e-09, "rotation_d": 5.4157761886207264e-05, "width_d": 0.003213370206831645}