{"numgrasp": 211, "translation_d": 5.6019149254946665e-09, "rotation_d": 5.325480164458271e-05, "width_d": 0.003340885968406268}