{"numgrasp": 204, "translation_d": 5.631918811223941e-09, "rotation_d": 5.132848587922377e-05, "width_d": 0.003861668676710168}