{"numgrasp": 195, "translation_d": 5.110313633829994e-09, "rotation_d": 5.074849497738326e-05, "width_d": 0.00408895270552519}