{"numgrasp": 219, "translation_d": 6.945293408647407e-09, "rotation_d": 5.701834396603796e-05, "width_d": 0.0036050324419550114}