{"numgrasp": 211, "translation_d": 6.776568703183594e-09, "rotation_d": 5.6810644127049035e-05, "width_d": 0.003707896075652223}