{"numgrasp": 249, "translation_d": 6.542536290271427e-09, "rotation_d": 5.479621605122915e-05, "width_d": 0.002951540522371149}