{"numgrasp": 232, "translation_d": 6.502958771813574e-09, "rotation_d": 5.8126879846453485e-05, "width_d": 0.0033017484813168277}