{"numgrasp": 214, "translation_d": 6.325231873277972e-09, "rotation_d": 5.4457471010347957e-05, "width_d": 0.003465561962221993}