{"numgrasp": 202, "translation_d": 6.049604564339603e-09, "rotation_d": 5.324184547159889e-05, "width_d": 0.0036445939450696734}