{"numgrasp": 184, "translation_d": 6.656656461636188e-09, "rotation_d": 5.2710353154860304e-05, "width_d": 0.003424843202950192}