{"numgrasp": 133, "translation_d": 5.354841020234996e-09, "rotation_d": 4.951762328782555e-05, "width_d": 0.004281219694923769}