{"numgrasp": 215, "translation_d": 6.447494891192988e-09, "rotation_d": 4.8807783915939515e-05, "width_d": 0.003376979817934968}