{"numgrasp": 210, "translation_d": 5.82442602660028e-09, "rotation_d": 5.478905543017618e-05, "width_d": 0.0032858559603285184}