{"numgrasp": 225, "translation_d": 5.951063110463079e-09, "rotation_d": 5.401656320178059e-05, "width_d": 0.0028339229988137917}