{"numgrasp": 204, "translation_d": 5.4995091356571575e-09, "rotation_d": 4.809647723851475e-05, "width_d": 0.0033095564603599385}