{"numgrasp": 236, "translation_d": 6.0297603664768494e-09, "rotation_d": 4.598419715334037e-05, "width_d": 0.00312812958733943}