{"numgrasp": 240, "translation_d": 5.3823867427867334e-09, "rotation_d": 4.5342279793306126e-05, "width_d": 0.004557230001677511}