{"numgrasp": 254, "translation_d": 5.439388600453134e-09, "rotation_d": 4.562232300912105e-05, "width_d": 0.0046612912261574015}