{"numgrasp": 252, "translation_d": 5.729005435419647e-09, "rotation_d": 4.527546027303405e-05, "width_d": 0.004082294261192462}