{"numgrasp": 241, "translation_d": 7.367363849358937e-09, "rotation_d": 5.4848615252553034e-05, "width_d": 0.0034041901671493678}