{"numgrasp": 235, "translation_d": 5.360326449810079e-09, "rotation_d": 4.3757238952777034e-05, "width_d": 0.002970901699211435}