{"numgrasp": 236, "translation_d": 5.497360193296928e-09, "rotation_d": 4.648369880807468e-05, "width_d": 0.0030005250655997834}