{"numgrasp": 227, "translation_d": 5.2412381768589245e-09, "rotation_d": 4.1750362963639984e-05, "width_d": 0.0028519063678292926}