{"numgrasp": 228, "translation_d": 5.205579113792953e-09, "rotation_d": 4.294173162155463e-05, "width_d": 0.0033268236052537113}