{"numgrasp": 249, "translation_d": 5.476876371523363e-09, "rotation_d": 4.550770963087157e-05, "width_d": 0.0034340876871064786}