{"numgrasp": 267, "translation_d": 5.942977417323046e-09, "rotation_d": 5.121058840059884e-05, "width_d": 0.003757483194598531}