{"numgrasp": 270, "translation_d": 5.733464955547053e-09, "rotation_d": 5.088510088863611e-05, "width_d": 0.00432601479823318}