{"numgrasp": 258, "translation_d": 5.385634457528947e-09, "rotation_d": 4.577491577677496e-05, "width_d": 0.004257840751906557}