{"numgrasp": 286, "translation_d": 6.50550816746971e-09, "rotation_d": 4.1142536079659295e-05, "width_d": 0.0040379201952456915}