{"numgrasp": 291, "translation_d": 6.077928504705655e-09, "rotation_d": 4.4095229037842895e-05, "width_d": 0.003027054299749292}