{"numgrasp": 285, "translation_d": 6.08005383958757e-09, "rotation_d": 4.361140768657804e-05, "width_d": 0.002842888740687109}