{"numgrasp": 297, "translation_d": 6.0652616369032145e-09, "rotation_d": 4.318244331040821e-05, "width_d": 0.0026724514206787602}