{"numgrasp": 300, "translation_d": 5.729263578134727e-09, "rotation_d": 4.30978154401639e-05, "width_d": 0.0033888985377972997}