{"numgrasp": 281, "translation_d": 5.485866102094156e-09, "rotation_d": 4.298935950328714e-05, "width_d": 0.0035206863491687194}