{"numgrasp": 276, "translation_d": 5.615926752436258e-09, "rotation_d": 4.361531075200126e-05, "width_d": 0.0038179113665921566}