{"numgrasp": 257, "translation_d": 5.730413515713315e-09, "rotation_d": 4.3715124592652165e-05, "width_d": 0.004308438269445886}