{"numgrasp": 265, "translation_d": 5.347454943591259e-09, "rotation_d": 4.442856170297395e-05, "width_d": 0.004610953255284739}