{"numgrasp": 248, "translation_d": 5.013624794900868e-09, "rotation_d": 4.752364026689217e-05, "width_d": 0.00481833366890275}