{"numgrasp": 264, "translation_d": 5.534367110010567e-09, "rotation_d": 4.784528983615274e-05, "width_d": 0.004340297492999542}