{"numgrasp": 278, "translation_d": 6.731932275841169e-09, "rotation_d": 4.324115333432866e-05, "width_d": 0.004787748300147071}