{"numgrasp": 292, "translation_d": 5.722955012174096e-09, "rotation_d": 4.870213304185891e-05, "width_d": 0.004195871822180308}