{"numgrasp": 273, "translation_d": 5.867528162404579e-09, "rotation_d": 4.80663678611995e-05, "width_d": 0.004148292414188615}