{"numgrasp": 305, "translation_d": 5.788650262893194e-09, "rotation_d": 5.017002615696645e-05, "width_d": 0.002595370110776091}