{"numgrasp": 315, "translation_d": 5.476719562858351e-09, "rotation_d": 5.835405523834871e-05, "width_d": 0.0024611457345345257}