{"numgrasp": 319, "translation_d": 5.613208627649653e-09, "rotation_d": 5.623854629034298e-05, "width_d": 0.0028977147838490603}