{"numgrasp": 302, "translation_d": 5.600237197408583e-09, "rotation_d": 5.632477109771398e-05, "width_d": 0.0037172873634447887}