{"numgrasp": 284, "translation_d": 5.518525861529792e-09, "rotation_d": 5.493738625263777e-05, "width_d": 0.004185987689576981}