{"numgrasp": 276, "translation_d": 5.391555535639376e-09, "rotation_d": 5.453902173047143e-05, "width_d": 0.00444728712983558}