{"numgrasp": 281, "translation_d": 5.3861957263689584e-09, "rotation_d": 5.400672254936277e-05, "width_d": 0.00480087993928039}