{"numgrasp": 272, "translation_d": 5.0301410801102715e-09, "rotation_d": 5.363798223010323e-05, "width_d": 0.004849688799934313}