{"numgrasp": 297, "translation_d": 4.6311260609209495e-09, "rotation_d": 5.690450894878678e-05, "width_d": 0.004932434149677966}