{"numgrasp": 252, "translation_d": 6.7145234119035305e-09, "rotation_d": 4.962366867132032e-05, "width_d": 0.005061217705691285}