{"numgrasp": 315, "translation_d": 5.020683962062961e-09, "rotation_d": 5.839473037880693e-05, "width_d": 0.0033159713768808855}