{"numgrasp": 323, "translation_d": 5.140408475778388e-09, "rotation_d": 5.7337838224908006e-05, "width_d": 0.002617804142308181}