{"numgrasp": 307, "translation_d": 4.796457235529403e-09, "rotation_d": 5.256616187503762e-05, "width_d": 0.0028557673157557023}