{"numgrasp": 296, "translation_d": 5.079972782147997e-09, "rotation_d": 5.345342760344102e-05, "width_d": 0.0029314724737375558}