{"numgrasp": 272, "translation_d": 4.596036559882731e-09, "rotation_d": 5.250097915299994e-05, "width_d": 0.0056434405610579575}