{"numgrasp": 271, "translation_d": 4.8338321710897124e-09, "rotation_d": 5.287820275994411e-05, "width_d": 0.005863189790702892}