{"numgrasp": 272, "translation_d": 6.616820945733057e-09, "rotation_d": 4.907685302965706e-05, "width_d": 0.004690312510547456}