{"numgrasp": 280, "translation_d": 4.567438420931518e-09, "rotation_d": 5.2820602703516055e-05, "width_d": 0.004969929798370001}