{"numgrasp": 272, "translation_d": 4.735506913318734e-09, "rotation_d": 5.250182551799688e-05, "width_d": 0.004752959283392257}