{"numgrasp": 297, "translation_d": 4.63895676142232e-09, "rotation_d": 5.146889638909563e-05, "width_d": 0.004242277509616398}