{"numgrasp": 288, "translation_d": 4.919351780436809e-09, "rotation_d": 5.082100013675973e-05, "width_d": 0.004117681214295367}