{"numgrasp": 293, "translation_d": 4.9955145738350394e-09, "rotation_d": 4.944054406222629e-05, "width_d": 0.003921669486915427}