{"numgrasp": 286, "translation_d": 4.927709423644973e-09, "rotation_d": 4.640335529190303e-05, "width_d": 0.0031851146130659337}