{"numgrasp": 265, "translation_d": 4.860583783924698e-09, "rotation_d": 3.812851126244217e-05, "width_d": 0.0030573167161754423}