{"numgrasp": 271, "translation_d": 4.991844894643909e-09, "rotation_d": 3.9691322259137646e-05, "width_d": 0.0037606619414943592}