{"numgrasp": 269, "translation_d": 5.011957467357348e-09, "rotation_d": 4.421171644780145e-05, "width_d": 0.0047184239546780755}