{"numgrasp": 248, "translation_d": 5.10483161836196e-09, "rotation_d": 4.613956346399257e-05, "width_d": 0.005735442945808463}