{"numgrasp": 252, "translation_d": 4.56294512478578e-09, "rotation_d": 3.708178820030596e-05, "width_d": 0.005653380303932402}