{"numgrasp": 311, "translation_d": 6.485802355871613e-09, "rotation_d": 4.698189960444677e-05, "width_d": 0.003866789663586628}