{"numgrasp": 262, "translation_d": 4.858107201758734e-09, "rotation_d": 3.781212485883271e-05, "width_d": 0.005053957373985205}