{"numgrasp": 275, "translation_d": 4.755382396868586e-09, "rotation_d": 3.69135785267197e-05, "width_d": 0.0037841802876226738}