{"numgrasp": 256, "translation_d": 5.3128575191487665e-09, "rotation_d": 3.559008887939434e-05, "width_d": 0.003126567242480536}