{"numgrasp": 268, "translation_d": 5.323157152435295e-09, "rotation_d": 3.8807257471580456e-05, "width_d": 0.0030783338410109973}