{"numgrasp": 253, "translation_d": 5.303198860280406e-09, "rotation_d": 4.568430713231131e-05, "width_d": 0.0031346033240633574}