{"numgrasp": 270, "translation_d": 4.9732573613254015e-09, "rotation_d": 4.38696297989656e-05, "width_d": 0.003285786184741418}