{"numgrasp": 250, "translation_d": 5.110345193370545e-09, "rotation_d": 3.7560307249079755e-05, "width_d": 0.0051866006664962995}