{"numgrasp": 312, "translation_d": 6.9274270258014005e-09, "rotation_d": 4.441097696643803e-05, "width_d": 0.0030045707020993346}