{"numgrasp": 318, "translation_d": 6.4999679554433365e-09, "rotation_d": 4.2228864660262216e-05, "width_d": 0.0029545784800026594}