{"numgrasp": 305, "translation_d": 6.863360958230554e-09, "rotation_d": 4.074211096767546e-05, "width_d": 0.0028876878832168923}