{"numgrasp": 297, "translation_d": 6.648904583745447e-09, "rotation_d": 4.709610224455836e-05, "width_d": 0.002602090054103795}