{"numgrasp": 322, "translation_d": 6.839721684668716e-09, "rotation_d": 5.068978184135019e-05, "width_d": 0.0029806370814218506}