{"numgrasp": 275, "translation_d": 6.266855733326149e-09, "rotation_d": 5.4748921479184385e-05, "width_d": 0.004080237387086524}