{"numgrasp": 254, "translation_d": 6.361367132705854e-09, "rotation_d": 5.49792702011756e-05, "width_d": 0.00435902260287964}