{"numgrasp": 250, "translation_d": 6.573648933002744e-09, "rotation_d": 5.6210957889276964e-05, "width_d": 0.0045426810582484605}