{"numgrasp": 259, "translation_d": 6.788170068662349e-09, "rotation_d": 5.5876585153799925e-05, "width_d": 0.004632292080341006}