{"numgrasp": 289, "translation_d": 6.320629508115472e-09, "rotation_d": 5.660927231617456e-05, "width_d": 0.004088447384070435}