{"numgrasp": 294, "translation_d": 6.567998973634365e-09, "rotation_d": 5.689964221218969e-05, "width_d": 0.003961256773375525}