{"numgrasp": 311, "translation_d": 6.229294108496215e-09, "rotation_d": 5.7325628723481315e-05, "width_d": 0.0035551295894260056}