{"numgrasp": 298, "translation_d": 6.545978208301271e-09, "rotation_d": 5.6573495424846765e-05, "width_d": 0.0032626139845845516}