{"numgrasp": 306, "translation_d": 6.558186020312779e-09, "rotation_d": 5.435897396358169e-05, "width_d": 0.0027856011537800724}