{"numgrasp": 318, "translation_d": 6.253615184111123e-09, "rotation_d": 3.988749274550695e-05, "width_d": 0.003331171353716467}