{"numgrasp": 271, "translation_d": 6.410607669821639e-09, "rotation_d": 5.673276376758513e-05, "width_d": 0.002337802647861211}