{"numgrasp": 305, "translation_d": 6.485098994141142e-09, "rotation_d": 5.8166209075781656e-05, "width_d": 0.0029885876149235717}