{"numgrasp": 295, "translation_d": 6.410429148144346e-09, "rotation_d": 5.826656681282971e-05, "width_d": 0.002929814532157682}