{"numgrasp": 315, "translation_d": 6.562603184392519e-09, "rotation_d": 5.6985219532837334e-05, "width_d": 0.0033405036160206914}