{"numgrasp": 301, "translation_d": 6.53205904458901e-09, "rotation_d": 5.673749409093481e-05, "width_d": 0.0035364245399778635}