{"numgrasp": 295, "translation_d": 6.343658562275916e-09, "rotation_d": 5.629613923726689e-05, "width_d": 0.0037471171643652314}