{"numgrasp": 292, "translation_d": 6.310438253543839e-09, "rotation_d": 5.4587075845545316e-05, "width_d": 0.004226717128857403}