{"numgrasp": 266, "translation_d": 6.1971348378175974e-09, "rotation_d": 5.412748610687133e-05, "width_d": 0.00447875886522008}