{"numgrasp": 259, "translation_d": 6.161518347151631e-09, "rotation_d": 5.3566447459408395e-05, "width_d": 0.004679298586305848}