{"numgrasp": 261, "translation_d": 5.981851807363444e-09, "rotation_d": 5.2319744574062154e-05, "width_d": 0.004589126579812537}