{"numgrasp": 273, "translation_d": 6.15488843428867e-09, "rotation_d": 5.43780700797683e-05, "width_d": 0.0036413686096794093}