{"numgrasp": 273, "translation_d": 6.434106752592621e-09, "rotation_d": 5.3849298239047274e-05, "width_d": 0.003622628581734868}