{"numgrasp": 296, "translation_d": 6.501154217581043e-09, "rotation_d": 5.6655540180892095e-05, "width_d": 0.0031534509211852938}