{"numgrasp": 312, "translation_d": 6.229330644732226e-09, "rotation_d": 5.6949868041509115e-05, "width_d": 0.0029713307411776387}