{"numgrasp": 288, "translation_d": 6.268772348441645e-09, "rotation_d": 5.205760564958509e-05, "width_d": 0.002743980962260689}