{"numgrasp": 280, "translation_d": 6.171133263465262e-09, "rotation_d": 5.0703348484549417e-05, "width_d": 0.0032835272084961098}