{"numgrasp": 297, "translation_d": 6.811955285607184e-09, "rotation_d": 4.033395681295361e-05, "width_d": 0.0039967387938286405}